ISO-10303-21;
HEADER;
/* Generated by software containing ST-Developer
 * from STEP Tools, Inc. (www.steptools.com) 
 */
/* OPTION: strings as raw bytes, not using required /X/ escapes */

FILE_DESCRIPTION(
/* description */ ('Unknown'),
/* implementation_level */ '2;1');

FILE_NAME(
/* name */ 'P2_Frame_V2.0',
/* time_stamp */ '2024-11-25T16:00:24+01:00',
/* author */ ('cgoblin'),
/* organization */ ('Unknown'),
/* preprocessor_version */ 'ST-DEVELOPER v18.102',
/* originating_system */ 'Solid Edge',
/* authorisation */ 'Unknown');

FILE_SCHEMA (('AUTOMOTIVE_DESIGN {1 0 10303 214 3 1 1}'));
ENDSEC;

DATA;
#10=PROPERTY_DEFINITION_REPRESENTATION(#14,#12);
#11=PROPERTY_DEFINITION_REPRESENTATION(#15,#13);
#12=REPRESENTATION('',(#16),#7561);
#13=REPRESENTATION('',(#17),#7561);
#14=PROPERTY_DEFINITION('pmi validation property','',#7566);
#15=PROPERTY_DEFINITION('pmi validation property','',#7566);
#16=VALUE_REPRESENTATION_ITEM('number of annotations',COUNT_MEASURE(0.));
#17=VALUE_REPRESENTATION_ITEM('number of views',COUNT_MEASURE(0.));
#18=SHAPE_REPRESENTATION_RELATIONSHIP('','',#2905,#19);
#19=ADVANCED_BREP_SHAPE_REPRESENTATION('',(#2903),#7561);
#20=(
BOUNDED_SURFACE()
B_SPLINE_SURFACE(3,2,((#5013,#5014,#5015),(#5016,#5017,#5018),(#5019,#5020,
#5021),(#5022,#5023,#5024),(#5025,#5026,#5027),(#5028,#5029,#5030),(#5031,
#5032,#5033),(#5034,#5035,#5036),(#5037,#5038,#5039),(#5040,#5041,#5042),
(#5043,#5044,#5045),(#5046,#5047,#5048),(#5049,#5050,#5051)),
 .UNSPECIFIED.,.F.,.F.,.F.)
B_SPLINE_SURFACE_WITH_KNOTS((4,1,1,1,1,1,1,1,1,1,4),(3,3),(0.0068064262972415,
0.00730252438166814,0.00779862246609479,0.00829472055052143,0.00854276959273476,
0.00879081863494808,0.0090388676771614,0.00928691671937473,0.00978301480380137,
0.010279112888228,0.0107752109726547),(0.,1.),.UNSPECIFIED.)
GEOMETRIC_REPRESENTATION_ITEM()
RATIONAL_B_SPLINE_SURFACE(((1.,0.574058751559008,1.),(1.,0.563313969802741,
1.),(1.,0.538874545923184,1.),(1.,0.489013499217324,1.),(1.,0.437098619919677,
1.),(1.,0.406105943001055,1.),(1.,0.396972124465004,1.),(1.,0.406020618060677,
1.),(1.,0.437095900638667,1.),(1.,0.488865504819559,1.),(1.,0.538602037515728,
1.),(1.,0.563410355342995,1.),(1.,0.57405875155901,1.)))
REPRESENTATION_ITEM('')
SURFACE()
);
#21=(
BOUNDED_SURFACE()
B_SPLINE_SURFACE(3,2,((#5054,#5055,#5056),(#5057,#5058,#5059),(#5060,#5061,
#5062),(#5063,#5064,#5065),(#5066,#5067,#5068),(#5069,#5070,#5071),(#5072,
#5073,#5074),(#5075,#5076,#5077),(#5078,#5079,#5080),(#5081,#5082,#5083),
(#5084,#5085,#5086)),.UNSPECIFIED.,.F.,.F.,.F.)
B_SPLINE_SURFACE_WITH_KNOTS((4,1,1,1,1,1,1,1,4),(3,3),(0.,0.00114823934706412,
0.00229647869412825,0.00344471804119237,0.0045929573882565,0.00574119673532062,
0.00688943608238475,0.00803767542944888,0.009185914776513),(0.,1.),
 .UNSPECIFIED.)
GEOMETRIC_REPRESENTATION_ITEM()
RATIONAL_B_SPLINE_SURFACE(((1.,0.574058751559008,1.),(1.,0.629824818142021,
1.),(1.,0.699488300572028,1.),(1.,0.748407863045385,1.),(1.,0.770370301775895,
1.),(1.,0.776675482665474,1.),(1.,0.770509194375719,1.),(1.,0.748721065533999,
1.),(1.,0.700035907239791,1.),(1.,0.629388163866082,1.),(1.,0.574058751559014,
1.)))
REPRESENTATION_ITEM('')
SURFACE()
);
#22=(
BOUNDED_SURFACE()
B_SPLINE_SURFACE(3,2,((#5460,#5461,#5462),(#5463,#5464,#5465),(#5466,#5467,
#5468),(#5469,#5470,#5471),(#5472,#5473,#5474),(#5475,#5476,#5477),(#5478,
#5479,#5480),(#5481,#5482,#5483),(#5484,#5485,#5486),(#5487,#5488,#5489),
(#5490,#5491,#5492)),.UNSPECIFIED.,.F.,.F.,.F.)
B_SPLINE_SURFACE_WITH_KNOTS((4,1,1,1,1,1,1,1,4),(3,3),(0.00215080369935298,
0.00330624224977992,0.00446168080020685,0.00561711935063378,0.00677255790106071,
0.00792799645148765,0.00908343500191458,0.0102388735523415,0.0113943121027684),
(0.,1.),.UNSPECIFIED.)
GEOMETRIC_REPRESENTATION_ITEM()
RATIONAL_B_SPLINE_SURFACE(((1.,0.574056226134321,1.),(1.,0.629600987798554,
1.),(1.,0.699628171895574,1.),(1.,0.748434842619735,1.),(1.,0.770365331975071,
1.),(1.,0.776681336143598,1.),(1.,0.770484813021276,1.),(1.,0.748754788510897,
1.),(1.,0.69994818530357,1.),(1.,0.629735307420659,1.),(1.,0.574056226134167,
1.)))
REPRESENTATION_ITEM('')
SURFACE()
);
#23=(
BOUNDED_SURFACE()
B_SPLINE_SURFACE(3,2,((#5495,#5496,#5497),(#5498,#5499,#5500),(#5501,#5502,
#5503),(#5504,#5505,#5506),(#5507,#5508,#5509),(#5510,#5511,#5512),(#5513,
#5514,#5515),(#5516,#5517,#5518),(#5519,#5520,#5521),(#5522,#5523,#5524),
(#5525,#5526,#5527),(#5528,#5529,#5530),(#5531,#5532,#5533)),
 .UNSPECIFIED.,.F.,.F.,.F.)
B_SPLINE_SURFACE_WITH_KNOTS((4,1,1,1,1,1,1,1,1,1,4),(3,3),(0.0032724716651687,
0.00376874950284812,0.00426502734052754,0.00476130517820696,0.00500944409704667,
0.00525758301588638,0.00550572193472609,0.0057538608535658,0.00625013869124522,
0.00674641652892464,0.00724269436660406),(0.,1.),.UNSPECIFIED.)
GEOMETRIC_REPRESENTATION_ITEM()
RATIONAL_B_SPLINE_SURFACE(((1.,0.574056226134163,1.),(1.,0.563443603462205,
1.),(1.,0.538541401109958,1.),(1.,0.489444628862182,1.),(1.,0.4375984071728,
1.),(1.,0.406414146357698,1.),(1.,0.396989865373633,1.),(1.,0.405736304122462,
1.),(1.,0.436503453648381,1.),(1.,0.488350617465396,1.),(1.,0.538636335012617,
1.),(1.,0.563301878795338,1.),(1.,0.574056226134252,1.)))
REPRESENTATION_ITEM('')
SURFACE()
);
#24=(
BOUNDED_SURFACE()
B_SPLINE_SURFACE(3,2,((#5777,#5778,#5779),(#5780,#5781,#5782),(#5783,#5784,
#5785),(#5786,#5787,#5788),(#5789,#5790,#5791),(#5792,#5793,#5794),(#5795,
#5796,#5797),(#5798,#5799,#5800),(#5801,#5802,#5803),(#5804,#5805,#5806),
(#5807,#5808,#5809),(#5810,#5811,#5812),(#5813,#5814,#5815),(#5816,#5817,
#5818),(#5819,#5820,#5821),(#5822,#5823,#5824),(#5825,#5826,#5827),(#5828,
#5829,#5830),(#5831,#5832,#5833)),.UNSPECIFIED.,.T.,.F.,.F.)
B_SPLINE_SURFACE_WITH_KNOTS((1,3,1,1,1,1,1,1,1,1,1,1,1,1,1,1,1,3,1),(3,
3),(-0.000378274423709016,0.,0.000378274423709016,0.000756548847418033,
0.00113482327112705,0.00151309769483607,0.00189137211854508,0.0022696465422541,
0.00264792096596311,0.00302619538967213,0.00340446981338115,0.00378274423709016,
0.00416101866079918,0.0045392930845082,0.00491756750821721,0.00529584193192623,
0.00567411635563524,0.00605239077934426,0.00643066520305328),(0.,1.),
 .UNSPECIFIED.)
GEOMETRIC_REPRESENTATION_ITEM()
RATIONAL_B_SPLINE_SURFACE(((1.,0.711612523030646,1.),(1.,0.725695228596648,
1.),(1.,0.763991549058817,1.),(1.,0.797435513025173,1.),(1.,0.783363281984407,
1.),(1.,0.731242583722494,1.),(1.,0.68319059548901,1.),(1.,0.697772006485497,
1.),(1.,0.773780582292613,1.),(1.,0.860438540159473,1.),(1.,0.931618069885148,
1.),(1.,0.977754113929484,1.),(1.,0.9570141516685,1.),(1.,0.894415417573191,
1.),(1.,0.812456245060986,1.),(1.,0.72671899045898,1.),(1.,0.67949531566281,
1.),(1.,0.697529817464645,1.),(1.,0.711612523030646,1.)))
REPRESENTATION_ITEM('')
SURFACE()
);
#25=(
BOUNDED_SURFACE()
B_SPLINE_SURFACE(3,2,((#5834,#5835,#5836),(#5837,#5838,#5839),(#5840,#5841,
#5842),(#5843,#5844,#5845),(#5846,#5847,#5848),(#5849,#5850,#5851),(#5852,
#5853,#5854),(#5855,#5856,#5857),(#5858,#5859,#5860),(#5861,#5862,#5863),
(#5864,#5865,#5866),(#5867,#5868,#5869),(#5870,#5871,#5872),(#5873,#5874,
#5875),(#5876,#5877,#5878),(#5879,#5880,#5881),(#5882,#5883,#5884),(#5885,
#5886,#5887),(#5888,#5889,#5890)),.UNSPECIFIED.,.T.,.F.,.F.)
B_SPLINE_SURFACE_WITH_KNOTS((1,3,1,1,1,1,1,1,1,1,1,1,1,1,1,1,1,3,1),(3,
3),(-0.000377943959219507,0.,0.000377943959219507,0.000755887918439013,
0.00113383187765852,0.00151177583687803,0.00188971979609753,0.00226766375531704,
0.00264560771453655,0.00302355167375605,0.00340149563297556,0.00377943959219507,
0.00415738355141457,0.00453532751063408,0.00491327146985359,0.00529121542907309,
0.0056691593882926,0.0060471033475121,0.00642504730673161),(0.,1.),
 .UNSPECIFIED.)
GEOMETRIC_REPRESENTATION_ITEM()
RATIONAL_B_SPLINE_SURFACE(((1.,0.774766300851734,1.),(1.,0.786568222373304,
1.),(1.,0.798097698522924,1.),(1.,0.767077760675631,1.),(1.,0.709909619746351,
1.),(1.,0.67909467551485,1.),(1.,0.721850406089973,1.),(1.,0.806770877326702,
1.),(1.,0.88969646470061,1.),(1.,0.95369350304202,1.),(1.,0.97877338032009,
1.),(1.,0.935648993041912,1.),(1.,0.865573769550723,1.),(1.,0.779683812606266,
1.),(1.,0.701577945034547,1.),(1.,0.681638217530985,1.),(1.,0.727286169393503,
1.),(1.,0.762964379330164,1.),(1.,0.774766300851734,1.)))
REPRESENTATION_ITEM('')
SURFACE()
);
#26=(
BOUNDED_SURFACE()
B_SPLINE_SURFACE(3,2,((#5891,#5892,#5893),(#5894,#5895,#5896),(#5897,#5898,
#5899),(#5900,#5901,#5902),(#5903,#5904,#5905),(#5906,#5907,#5908),(#5909,
#5910,#5911),(#5912,#5913,#5914),(#5915,#5916,#5917),(#5918,#5919,#5920),
(#5921,#5922,#5923),(#5924,#5925,#5926),(#5927,#5928,#5929),(#5930,#5931,
#5932),(#5933,#5934,#5935),(#5936,#5937,#5938),(#5939,#5940,#5941),(#5942,
#5943,#5944),(#5945,#5946,#5947)),.UNSPECIFIED.,.T.,.F.,.F.)
B_SPLINE_SURFACE_WITH_KNOTS((1,3,1,1,1,1,1,1,1,1,1,1,1,1,1,1,1,3,1),(3,
3),(-0.000377569156485605,0.,0.000377569156485605,0.00075513831297121,0.00113270746945682,
0.00151027662594242,0.00188784578242803,0.00226541493891363,0.00264298409539924,
0.00302055325188484,0.00339812240837045,0.00377569156485605,0.00415326072134166,
0.00453082987782726,0.00490839903431287,0.00528596819079847,0.00566353734728408,
0.00604110650376968,0.00641867566025529),(0.,1.),.UNSPECIFIED.)
GEOMETRIC_REPRESENTATION_ITEM()
RATIONAL_B_SPLINE_SURFACE(((1.,0.698468256717438,1.),(1.,0.688302094136613,
1.),(1.,0.691238883896069,1.),(1.,0.746186963009,1.),(1.,0.791491921651993,
1.),(1.,0.793043175792685,1.),(1.,0.749842917630853,1.),(1.,0.694009557106885,
1.),(1.,0.684593536999904,1.),(1.,0.747248976230575,1.),(1.,0.834444727253446,
1.),(1.,0.911935919816938,1.),(1.,0.968524523395959,1.),(1.,0.970614556069366,
1.),(1.,0.916077323895832,1.),(1.,0.839751709559324,1.),(1.,0.752235859381016,
1.),(1.,0.708634419298262,1.),(1.,0.698468256717438,1.)))
REPRESENTATION_ITEM('')
SURFACE()
);
#27=(
BOUNDED_SURFACE()
B_SPLINE_SURFACE(3,2,((#5948,#5949,#5950),(#5951,#5952,#5953),(#5954,#5955,
#5956),(#5957,#5958,#5959),(#5960,#5961,#5962),(#5963,#5964,#5965),(#5966,
#5967,#5968),(#5969,#5970,#5971),(#5972,#5973,#5974),(#5975,#5976,#5977),
(#5978,#5979,#5980),(#5981,#5982,#5983),(#5984,#5985,#5986),(#5987,#5988,
#5989),(#5990,#5991,#5992),(#5993,#5994,#5995),(#5996,#5997,#5998),(#5999,
#6000,#6001),(#6002,#6003,#6004)),.UNSPECIFIED.,.T.,.F.,.F.)
B_SPLINE_SURFACE_WITH_KNOTS((1,3,1,1,1,1,1,1,1,1,1,1,1,1,1,1,1,3,1),(3,
3),(-0.000378730197232561,0.,0.000378730197232561,0.000757460394465122,
0.00113619059169768,0.00151492078893024,0.0018936509861628,0.00227238118339537,
0.00265111138062793,0.00302984157786049,0.00340857177509305,0.00378730197232561,
0.00416603216955817,0.00454476236679073,0.00492349256402329,0.00530222276125585,
0.00568095295848841,0.00605968315572097,0.00643841335295354),(0.,1.),
 .UNSPECIFIED.)
GEOMETRIC_REPRESENTATION_ITEM()
RATIONAL_B_SPLINE_SURFACE(((1.,0.790209301485484,1.),(1.,0.788288233802742,
1.),(1.,0.768248497049721,1.),(1.,0.711149317294516,1.),(1.,0.678999303711014,
1.),(1.,0.720294931984022,1.),(1.,0.805180619212099,1.),(1.,0.888340242955265,
1.),(1.,0.952754744610934,1.),(1.,0.978987462451772,1.),(1.,0.936887695733528,
1.),(1.,0.867434621113512,1.),(1.,0.781353689195246,1.),(1.,0.702977970458299,
1.),(1.,0.681176367238187,1.),(1.,0.726041092533026,1.),(1.,0.779774903146174,
1.),(1.,0.792130369168226,1.),(1.,0.790209301485484,1.)))
REPRESENTATION_ITEM('')
SURFACE()
);
#28=(
BOUNDED_SURFACE()
B_SPLINE_SURFACE(3,2,((#6005,#6006,#6007),(#6008,#6009,#6010),(#6011,#6012,
#6013),(#6014,#6015,#6016),(#6017,#6018,#6019),(#6020,#6021,#6022),(#6023,
#6024,#6025),(#6026,#6027,#6028),(#6029,#6030,#6031),(#6032,#6033,#6034),
(#6035,#6036,#6037),(#6038,#6039,#6040),(#6041,#6042,#6043),(#6044,#6045,
#6046),(#6047,#6048,#6049),(#6050,#6051,#6052),(#6053,#6054,#6055),(#6056,
#6057,#6058),(#6059,#6060,#6061)),.UNSPECIFIED.,.T.,.F.,.F.)
B_SPLINE_SURFACE_WITH_KNOTS((1,3,1,1,1,1,1,1,1,1,1,1,1,1,1,1,1,3,1),(3,
3),(-0.000378614881600919,0.,0.000378614881600919,0.000757229763201838,
0.00113584464480276,0.00151445952640368,0.0018930744080046,0.00227168928960551,
0.00265030417120643,0.00302891905280735,0.00340753393440827,0.00378614881600919,
0.00416476369761011,0.00454337857921103,0.00492199346081195,0.00530060834241287,
0.00567922322401379,0.00605783810561471,0.00643645298721562),(0.,1.),
 .UNSPECIFIED.)
GEOMETRIC_REPRESENTATION_ITEM()
RATIONAL_B_SPLINE_SURFACE(((1.,0.702115103254315,1.),(1.,0.71315051360584,
1.),(1.,0.750638497601942,1.),(1.,0.793268728278781,1.),(1.,0.791234814092009,
1.),(1.,0.745570191801339,1.),(1.,0.691001700555956,1.),(1.,0.686992076338954,
1.),(1.,0.752921768102549,1.),(1.,0.840871115593428,1.),(1.,0.917057096612963,
1.),(1.,0.971357723235671,1.),(1.,0.96764891579948,1.),(1.,0.910798298461565,
1.),(1.,0.833068211523336,1.),(1.,0.745556435408949,1.),(1.,0.684426035492789,
1.),(1.,0.691079692902789,1.),(1.,0.702115103254315,1.)))
REPRESENTATION_ITEM('')
SURFACE()
);
#29=(
BOUNDED_SURFACE()
B_SPLINE_SURFACE(3,2,((#6062,#6063,#6064),(#6065,#6066,#6067),(#6068,#6069,
#6070),(#6071,#6072,#6073),(#6074,#6075,#6076),(#6077,#6078,#6079),(#6080,
#6081,#6082),(#6083,#6084,#6085),(#6086,#6087,#6088),(#6089,#6090,#6091),
(#6092,#6093,#6094),(#6095,#6096,#6097),(#6098,#6099,#6100),(#6101,#6102,
#6103),(#6104,#6105,#6106),(#6107,#6108,#6109),(#6110,#6111,#6112),(#6113,
#6114,#6115),(#6116,#6117,#6118)),.UNSPECIFIED.,.T.,.F.,.F.)
B_SPLINE_SURFACE_WITH_KNOTS((1,3,1,1,1,1,1,1,1,1,1,1,1,1,1,1,1,3,1),(3,
3),(-0.000377578092827391,0.,0.000377578092827391,0.000755156185654781,
0.00113273427848217,0.00151031237130956,0.00188789046413695,0.00226546855696434,
0.00264304664979173,0.00302062474261912,0.00339820283544651,0.00377578092827391,
0.0041533590211013,0.00453093711392869,0.00490851520675608,0.00528609329958347,
0.00566367139241086,0.00604124948523825,0.00641882757806564),(0.,1.),
 .UNSPECIFIED.)
GEOMETRIC_REPRESENTATION_ITEM()
RATIONAL_B_SPLINE_SURFACE(((1.,0.701187935881782,1.),(1.,0.689318568741401,
1.),(1.,0.688198774501762,1.),(1.,0.741473623626772,1.),(1.,0.789230956475601,
1.),(1.,0.794780929025969,1.),(1.,0.754331585644251,1.),(1.,0.697594974698973,
1.),(1.,0.682402600062119,1.),(1.,0.740865427142943,1.),(1.,0.827447675672578,
1.),(1.,0.906537891078886,1.),(1.,0.965216384542128,1.),(1.,0.973359419155598,
1.),(1.,0.920946263344235,1.),(1.,0.84630021935681,1.),(1.,0.75941497734405,
1.),(1.,0.713057303022164,1.),(1.,0.701187935881782,1.)))
REPRESENTATION_ITEM('')
SURFACE()
);
#30=(
BOUNDED_SURFACE()
B_SPLINE_SURFACE(3,2,((#6119,#6120,#6121),(#6122,#6123,#6124),(#6125,#6126,
#6127),(#6128,#6129,#6130),(#6131,#6132,#6133),(#6134,#6135,#6136),(#6137,
#6138,#6139),(#6140,#6141,#6142),(#6143,#6144,#6145),(#6146,#6147,#6148),
(#6149,#6150,#6151),(#6152,#6153,#6154),(#6155,#6156,#6157),(#6158,#6159,
#6160),(#6161,#6162,#6163),(#6164,#6165,#6166),(#6167,#6168,#6169),(#6170,
#6171,#6172),(#6173,#6174,#6175)),.UNSPECIFIED.,.T.,.F.,.F.)
B_SPLINE_SURFACE_WITH_KNOTS((1,3,1,1,1,1,1,1,1,1,1,1,1,1,1,1,1,3,1),(3,
3),(-0.000378420664310469,0.,0.000378420664310469,0.000756841328620937,
0.00113526199293141,0.00151368265724187,0.00189210332155234,0.00227052398586281,
0.00264894465017328,0.00302736531448375,0.00340578597879422,0.00378420664310468,
0.00416262730741515,0.00454104797172562,0.00491946863603609,0.00529788930034656,
0.00567630996465703,0.0060547306289675,0.00643315129327797),(0.,1.),
 .UNSPECIFIED.)
GEOMETRIC_REPRESENTATION_ITEM()
RATIONAL_B_SPLINE_SURFACE(((1.,0.734370110922602,1.),(1.,0.751183746248303,
1.),(1.,0.785166500835904,1.),(1.,0.796849773608658,1.),(1.,0.761277228410742,
1.),(1.,0.703758522232875,1.),(1.,0.680173918711665,1.),(1.,0.730117469686406,
1.),(1.,0.816829791956822,1.),(1.,0.89797948861736,1.),(1.,0.959602897065406,
1.),(1.,0.976677277341305,1.),(1.,0.928826730271108,1.),(1.,0.856452154932426,
1.),(1.,0.769364973263817,1.),(1.,0.695519855215234,1.),(1.,0.684284688881698,
1.),(1.,0.717556475596901,1.),(1.,0.734370110922602,1.)))
REPRESENTATION_ITEM('')
SURFACE()
);
#31=(
BOUNDED_SURFACE()
B_SPLINE_SURFACE(3,2,((#6176,#6177,#6178),(#6179,#6180,#6181),(#6182,#6183,
#6184),(#6185,#6186,#6187),(#6188,#6189,#6190),(#6191,#6192,#6193),(#6194,
#6195,#6196),(#6197,#6198,#6199),(#6200,#6201,#6202),(#6203,#6204,#6205),
(#6206,#6207,#6208),(#6209,#6210,#6211),(#6212,#6213,#6214),(#6215,#6216,
#6217),(#6218,#6219,#6220),(#6221,#6222,#6223),(#6224,#6225,#6226),(#6227,
#6228,#6229),(#6230,#6231,#6232)),.UNSPECIFIED.,.T.,.F.,.F.)
B_SPLINE_SURFACE_WITH_KNOTS((1,3,1,1,1,1,1,1,1,1,1,1,1,1,1,1,1,3,1),(3,
3),(-0.000378244089363745,0.,0.000378244089363745,0.000756488178727491,
0.00113473226809124,0.00151297635745498,0.00189122044681873,0.00226946453618247,
0.00264770862554622,0.00302595271490996,0.00340419680427371,0.00378244089363745,
0.0041606849830012,0.00453892907236495,0.00491717316172869,0.00529541725109244,
0.00567366134045618,0.00605190542981993,0.00643014951918367),(0.,1.),
 .UNSPECIFIED.)
GEOMETRIC_REPRESENTATION_ITEM()
RATIONAL_B_SPLINE_SURFACE(((1.,0.753745886018614,1.),(1.,0.769752971215317,
1.),(1.,0.795624260439842,1.),(1.,0.787846700084978,1.),(1.,0.739029765906751,
1.),(1.,0.686759979925916,1.),(1.,0.69170407256055,1.),(1.,0.762876247314453,
1.),(1.,0.85038289705814,1.),(1.,0.924212288314733,1.),(1.,0.974930617752076,
1.),(1.,0.962902571574379,1.),(1.,0.902996752663062,1.),(1.,0.823768571308199,
1.),(1.,0.736669475793377,1.),(1.,0.681559140588204,1.),(1.,0.699581749259625,
1.),(1.,0.737738800821911,1.),(1.,0.753745886018614,1.)))
REPRESENTATION_ITEM('')
SURFACE()
);
#32=(
BOUNDED_SURFACE()
B_SPLINE_SURFACE(3,2,((#6233,#6234,#6235),(#6236,#6237,#6238),(#6239,#6240,
#6241),(#6242,#6243,#6244),(#6245,#6246,#6247),(#6248,#6249,#6250),(#6251,
#6252,#6253),(#6254,#6255,#6256),(#6257,#6258,#6259),(#6260,#6261,#6262),
(#6263,#6264,#6265),(#6266,#6267,#6268),(#6269,#6270,#6271),(#6272,#6273,
#6274),(#6275,#6276,#6277),(#6278,#6279,#6280),(#6281,#6282,#6283),(#6284,
#6285,#6286),(#6287,#6288,#6289)),.UNSPECIFIED.,.T.,.F.,.F.)
B_SPLINE_SURFACE_WITH_KNOTS((1,3,1,1,1,1,1,1,1,1,1,1,1,1,1,1,1,3,1),(3,
3),(-0.000376601804640189,0.,0.000376601804640188,0.000753203609280376,
0.00112980541392056,0.00150640721856075,0.00188300902320094,0.00225961082784113,
0.00263621263248132,0.00301281443712151,0.00338941624176169,0.00376601804640188,
0.00414261985104207,0.00451922165568226,0.00489582346032245,0.00527242526496264,
0.00564902706960282,0.00602562887424301,0.0064022306788832),(0.,1.),
 .UNSPECIFIED.)
GEOMETRIC_REPRESENTATION_ITEM()
RATIONAL_B_SPLINE_SURFACE(((1.,0.713326399928065,1.),(1.,0.696264145125149,
1.),(1.,0.680893193673893,1.),(1.,0.724980580854227,1.),(1.,0.779210361092569,
1.),(1.,0.798362694266865,1.),(1.,0.769025219745583,1.),(1.,0.712165050908688,
1.),(1.,0.67898960988859,1.),(1.,0.718914569097364,1.),(1.,0.803078118458557,
1.),(1.,0.886602478378104,1.),(1.,0.951476881091804,1.),(1.,0.979277843461106,
1.),(1.,0.938163738959641,1.),(1.,0.868888398597952,1.),(1.,0.783266722491392,
1.),(1.,0.730388654730982,1.),(1.,0.713326399928065,1.)))
REPRESENTATION_ITEM('')
SURFACE()
);
#33=(
BOUNDED_SURFACE()
B_SPLINE_SURFACE(3,2,((#6470,#6471,#6472),(#6473,#6474,#6475),(#6476,#6477,
#6478),(#6479,#6480,#6481),(#6482,#6483,#6484),(#6485,#6486,#6487),(#6488,
#6489,#6490),(#6491,#6492,#6493),(#6494,#6495,#6496),(#6497,#6498,#6499),
(#6500,#6501,#6502),(#6503,#6504,#6505),(#6506,#6507,#6508),(#6509,#6510,
#6511),(#6512,#6513,#6514),(#6515,#6516,#6517),(#6518,#6519,#6520),(#6521,
#6522,#6523),(#6524,#6525,#6526)),.UNSPECIFIED.,.T.,.F.,.F.)
B_SPLINE_SURFACE_WITH_KNOTS((1,3,1,1,1,1,1,1,1,1,1,1,1,1,1,1,1,3,1),(3,
3),(-0.000376825499857864,0.,0.000376825499857865,0.000753650999715729,
0.00113047649957359,0.00150730199943146,0.00188412749928932,0.00226095299914719,
0.00263777849900505,0.00301460399886292,0.00339142949872078,0.00376825499857865,
0.00414508049843651,0.00452190599829437,0.00489873149815224,0.0052755569980101,
0.00565238249786797,0.00602920799772583,0.0064060334975837),(0.,1.),
 .UNSPECIFIED.)
GEOMETRIC_REPRESENTATION_ITEM()
RATIONAL_B_SPLINE_SURFACE(((1.,0.782440301757446,1.),(1.,0.809909347886313,
1.),(1.,0.867165082783315,1.),(1.,0.936767789287581,1.),(1.,0.979009088288236,
1.),(1.,0.952764669212751,1.),(1.,0.888642214097355,1.),(1.,0.8058155090594,
1.),(1.,0.721128877491237,1.),(1.,0.679102879276339,1.),(1.,0.710369550072788,
1.),(1.,0.767667184167392,1.),(1.,0.798155252365028,1.),(1.,0.780419658032669,
1.),(1.,0.726628896568635,1.),(1.,0.681368158832211,1.),(1.,0.702350806010115,
1.),(1.,0.75497125562858,1.),(1.,0.782440301757446,1.)))
REPRESENTATION_ITEM('')
SURFACE()
);
#34=(
BOUNDED_SURFACE()
B_SPLINE_SURFACE(3,2,((#6527,#6528,#6529),(#6530,#6531,#6532),(#6533,#6534,
#6535),(#6536,#6537,#6538),(#6539,#6540,#6541),(#6542,#6543,#6544),(#6545,
#6546,#6547),(#6548,#6549,#6550),(#6551,#6552,#6553),(#6554,#6555,#6556),
(#6557,#6558,#6559),(#6560,#6561,#6562),(#6563,#6564,#6565),(#6566,#6567,
#6568),(#6569,#6570,#6571),(#6572,#6573,#6574),(#6575,#6576,#6577),(#6578,
#6579,#6580),(#6581,#6582,#6583)),.UNSPECIFIED.,.T.,.F.,.F.)
B_SPLINE_SURFACE_WITH_KNOTS((1,3,1,1,1,1,1,1,1,1,1,1,1,1,1,1,1,3,1),(3,
3),(-0.000377483738618633,0.,0.000377483738618632,0.000754967477237265,
0.0011324512158559,0.00150993495447453,0.00188741869309316,0.00226490243171179,
0.00264238617033043,0.00301986990894906,0.00339735364756769,0.00377483738618632,
0.00415232112480496,0.00452980486342359,0.00490728860204222,0.00528477234066085,
0.00566225607927949,0.00603973981789812,0.00641722355651675),(0.,1.),
 .UNSPECIFIED.)
GEOMETRIC_REPRESENTATION_ITEM()
RATIONAL_B_SPLINE_SURFACE(((1.,0.700614940055856,1.),(1.,0.689118301903968,
1.),(1.,0.688752320849494,1.),(1.,0.742406006055119,1.),(1.,0.789688926578627,
1.),(1.,0.794468019279642,1.),(1.,0.753475593334831,1.),(1.,0.696882999531728,
1.),(1.,0.682804042224917,1.),(1.,0.741979042324895,1.),(1.,0.828920428853795,
1.),(1.,0.907600002280536,1.),(1.,0.96588255818684,1.),(1.,0.972822748168633,
1.),(1.,0.920302426644071,1.),(1.,0.845183322312389,1.),(1.,0.757732149760821,
1.),(1.,0.712111578207744,1.),(1.,0.700614940055856,1.)))
REPRESENTATION_ITEM('')
SURFACE()
);
#35=(
BOUNDED_SURFACE()
B_SPLINE_SURFACE(3,2,((#6584,#6585,#6586),(#6587,#6588,#6589),(#6590,#6591,
#6592),(#6593,#6594,#6595),(#6596,#6597,#6598),(#6599,#6600,#6601),(#6602,
#6603,#6604),(#6605,#6606,#6607),(#6608,#6609,#6610),(#6611,#6612,#6613),
(#6614,#6615,#6616),(#6617,#6618,#6619),(#6620,#6621,#6622),(#6623,#6624,
#6625),(#6626,#6627,#6628),(#6629,#6630,#6631),(#6632,#6633,#6634),(#6635,
#6636,#6637),(#6638,#6639,#6640)),.UNSPECIFIED.,.T.,.F.,.F.)
B_SPLINE_SURFACE_WITH_KNOTS((1,3,1,1,1,1,1,1,1,1,1,1,1,1,1,1,1,3,1),(3,
3),(-0.000377825578105619,0.,0.000377825578105619,0.000755651156211239,
0.00113347673431686,0.00151130231242248,0.0018891278905281,0.00226695346863372,
0.00264477904673933,0.00302260462484495,0.00340043020295057,0.00377825578105619,
0.00415608135916181,0.00453390693726743,0.00491173251537305,0.00528955809347867,
0.00566738367158429,0.00604520924968991,0.00642303482779553),(0.,1.),
 .UNSPECIFIED.)
GEOMETRIC_REPRESENTATION_ITEM()
RATIONAL_B_SPLINE_SURFACE(((1.,0.77920493287517,1.),(1.,0.789420377422839,
1.),(1.,0.796580827376741,1.),(1.,0.760115078049894,1.),(1.,0.702787965914004,
1.),(1.,0.680400766493711,1.),(1.,0.731992211880763,1.),(1.,0.818543132663278,
1.),(1.,0.89931472831947,1.),(1.,0.960368444441576,1.),(1.,0.976252263847714,
1.),(1.,0.927483819897157,1.),(1.,0.854820794898562,1.),(1.,0.768208538033085,
1.),(1.,0.694527254014618,1.),(1.,0.684872766132696,1.),(1.,0.735288160090731,
1.),(1.,0.768989488327502,1.),(1.,0.77920493287517,1.)))
REPRESENTATION_ITEM('')
SURFACE()
);
#36=(
BOUNDED_SURFACE()
B_SPLINE_SURFACE(3,2,((#6641,#6642,#6643),(#6644,#6645,#6646),(#6647,#6648,
#6649),(#6650,#6651,#6652),(#6653,#6654,#6655),(#6656,#6657,#6658),(#6659,
#6660,#6661),(#6662,#6663,#6664),(#6665,#6666,#6667),(#6668,#6669,#6670),
(#6671,#6672,#6673),(#6674,#6675,#6676),(#6677,#6678,#6679),(#6680,#6681,
#6682),(#6683,#6684,#6685),(#6686,#6687,#6688),(#6689,#6690,#6691),(#6692,
#6693,#6694),(#6695,#6696,#6697)),.UNSPECIFIED.,.T.,.F.,.F.)
B_SPLINE_SURFACE_WITH_KNOTS((1,3,1,1,1,1,1,1,1,1,1,1,1,1,1,1,1,3,1),(3,
3),(-0.000378335465125646,0.,0.000378335465125645,0.000756670930251291,
0.00113500639537694,0.00151334186050258,0.00189167732562823,0.00227001279075387,
0.00264834825587952,0.00302668372100516,0.00340501918613081,0.00378335465125645,
0.0041616901163821,0.00454002558150774,0.00491836104663339,0.00529669651175903,
0.00567503197688468,0.00605336744201033,0.00643170290713597),(0.,1.),
 .UNSPECIFIED.)
GEOMETRIC_REPRESENTATION_ITEM()
RATIONAL_B_SPLINE_SURFACE(((1.,0.781937970341195,1.),(1.,0.77293087573508,
1.),(1.,0.740906837494151,1.),(1.,0.688006322546261,1.),(1.,0.690126952529992,
1.),(1.,0.759906517113469,1.),(1.,0.847780294184298,1.),(1.,0.922368295818596,
1.),(1.,0.974116019450852,1.),(1.,0.964001312018595,1.),(1.,0.905271087053936,
1.),(1.,0.826140510614924,1.),(1.,0.739027108925784,1.),(1.,0.682340280685069,
1.),(1.,0.698063524910114,1.),(1.,0.755060946013972,1.),(1.,0.794949405130843,
1.),(1.,0.79094506494731,1.),(1.,0.781937970341195,1.)))
REPRESENTATION_ITEM('')
SURFACE()
);
#37=(
BOUNDED_SURFACE()
B_SPLINE_SURFACE(3,2,((#6698,#6699,#6700),(#6701,#6702,#6703),(#6704,#6705,
#6706),(#6707,#6708,#6709),(#6710,#6711,#6712),(#6713,#6714,#6715),(#6716,
#6717,#6718),(#6719,#6720,#6721),(#6722,#6723,#6724),(#6725,#6726,#6727),
(#6728,#6729,#6730),(#6731,#6732,#6733),(#6734,#6735,#6736),(#6737,#6738,
#6739),(#6740,#6741,#6742),(#6743,#6744,#6745),(#6746,#6747,#6748),(#6749,
#6750,#6751),(#6752,#6753,#6754)),.UNSPECIFIED.,.T.,.F.,.F.)
B_SPLINE_SURFACE_WITH_KNOTS((1,3,1,1,1,1,1,1,1,1,1,1,1,1,1,1,1,3,1),(3,
3),(-0.000376767120173216,0.,0.000376767120173216,0.000753534240346433,
0.00113030136051965,0.00150706848069287,0.00188383560086608,0.0022606027210393,
0.00263736984121251,0.00301413696138573,0.00339090408155895,0.00376767120173216,
0.00414443832190538,0.0045212054420786,0.00489797256225181,0.00527473968242503,
0.00565150680259824,0.00602827392277146,0.00640504104294468),(0.,1.),
 .UNSPECIFIED.)
GEOMETRIC_REPRESENTATION_ITEM()
RATIONAL_B_SPLINE_SURFACE(((1.,0.710368467029807,1.),(1.,0.694352659375625,
1.),(1.,0.6820124312721,1.),(1.,0.72849701295238,1.),(1.,0.781602027283909,
1.),(1.,0.79792760154103,1.),(1.,0.766078989681326,1.),(1.,0.708888835007627,
1.),(1.,0.679176165391948,1.),(1.,0.723241608056305,1.),(1.,0.808336478465879,
1.),(1.,0.890980842113547,1.),(1.,0.954653796387742,1.),(1.,0.978517634386912,
1.),(1.,0.934599258325414,1.),(1.,0.864162964593416,1.),(1.,0.778107277197192,
1.),(1.,0.726384274683989,1.),(1.,0.710368467029807,1.)))
REPRESENTATION_ITEM('')
SURFACE()
);
#38=(
BOUNDED_SURFACE()
B_SPLINE_SURFACE(3,2,((#6755,#6756,#6757),(#6758,#6759,#6760),(#6761,#6762,
#6763),(#6764,#6765,#6766),(#6767,#6768,#6769),(#6770,#6771,#6772),(#6773,
#6774,#6775),(#6776,#6777,#6778),(#6779,#6780,#6781),(#6782,#6783,#6784),
(#6785,#6786,#6787),(#6788,#6789,#6790),(#6791,#6792,#6793),(#6794,#6795,
#6796),(#6797,#6798,#6799),(#6800,#6801,#6802),(#6803,#6804,#6805),(#6806,
#6807,#6808),(#6809,#6810,#6811)),.UNSPECIFIED.,.T.,.F.,.F.)
B_SPLINE_SURFACE_WITH_KNOTS((1,3,1,1,1,1,1,1,1,1,1,1,1,1,1,1,1,3,1),(3,
3),(-0.000378110806549895,0.,0.000378110806549895,0.000756221613099791,
0.00113433241964969,0.00151244322619958,0.00189055403274948,0.00226866483929937,
0.00264677564584927,0.00302488645239916,0.00340299725894906,0.00378110806549895,
0.00415921887204885,0.00453732967859874,0.00491544048514864,0.00529355129169854,
0.00567166209824843,0.00604977290479833,0.00642788371134822),(0.,1.),
 .UNSPECIFIED.)
GEOMETRIC_REPRESENTATION_ITEM()
RATIONAL_B_SPLINE_SURFACE(((1.,0.772648828144428,1.),(1.,0.760211613817158,
1.),(1.,0.723833939514281,1.),(1.,0.680634014829286,1.),(1.,0.705025097043587,
1.),(1.,0.785115649105659,1.),(1.,0.870762607340719,1.),(1.,0.939654631821677,
1.),(1.,0.979469455626691,1.),(1.,0.950270820617897,1.),(1.,0.885044500559958,
1.),(1.,0.801479045231259,1.),(1.,0.71762008653656,1.),(1.,0.679032396119219,
1.),(1.,0.713063383108914,1.),(1.,0.769987186144152,1.),(1.,0.798457225477899,
1.),(1.,0.785086042471698,1.),(1.,0.772648828144428,1.)))
REPRESENTATION_ITEM('')
SURFACE()
);
#39=(
BOUNDED_SURFACE()
B_SPLINE_SURFACE(3,2,((#6812,#6813,#6814),(#6815,#6816,#6817),(#6818,#6819,
#6820),(#6821,#6822,#6823),(#6824,#6825,#6826),(#6827,#6828,#6829),(#6830,
#6831,#6832),(#6833,#6834,#6835),(#6836,#6837,#6838),(#6839,#6840,#6841),
(#6842,#6843,#6844),(#6845,#6846,#6847),(#6848,#6849,#6850),(#6851,#6852,
#6853),(#6854,#6855,#6856),(#6857,#6858,#6859),(#6860,#6861,#6862),(#6863,
#6864,#6865),(#6866,#6867,#6868)),.UNSPECIFIED.,.T.,.F.,.F.)
B_SPLINE_SURFACE_WITH_KNOTS((1,3,1,1,1,1,1,1,1,1,1,1,1,1,1,1,1,3,1),(3,
3),(-0.000377918567832129,0.,0.00037791856783213,0.00075583713566426,0.00113375570349639,
0.00151167427132852,0.00188959283916065,0.00226751140699278,0.00264542997482491,
0.00302334854265704,0.00340126711048917,0.0037791856783213,0.00415710424615343,
0.00453502281398556,0.00491294138181769,0.00529085994964982,0.00566877851748195,
0.00604669708531408,0.00642461565314621),(0.,1.),.UNSPECIFIED.)
GEOMETRIC_REPRESENTATION_ITEM()
RATIONAL_B_SPLINE_SURFACE(((1.,0.691518519838032,1.),(1.,0.689267220071466,
1.),(1.,0.707883107661923,1.),(1.,0.788774511118608,1.),(1.,0.874383754182674,
1.),(1.,0.94235176474148,1.),(1.,0.979809827142931,1.),(1.,0.947489231891244,
1.),(1.,0.881431828934416,1.),(1.,0.797224736654846,1.),(1.,0.714153129617161,
1.),(1.,0.679224654041499,1.),(1.,0.71560009254651,1.),(1.,0.772119391138079,
1.),(1.,0.798624467872897,1.),(1.,0.776485720410092,1.),(1.,0.721390906261315,
1.),(1.,0.693769819604597,1.),(1.,0.691518519838032,1.)))
REPRESENTATION_ITEM('')
SURFACE()
);
#40=(
BOUNDED_SURFACE()
B_SPLINE_SURFACE(3,2,((#6869,#6870,#6871),(#6872,#6873,#6874),(#6875,#6876,
#6877),(#6878,#6879,#6880),(#6881,#6882,#6883),(#6884,#6885,#6886),(#6887,
#6888,#6889),(#6890,#6891,#6892),(#6893,#6894,#6895),(#6896,#6897,#6898),
(#6899,#6900,#6901),(#6902,#6903,#6904),(#6905,#6906,#6907),(#6908,#6909,
#6910),(#6911,#6912,#6913),(#6914,#6915,#6916),(#6917,#6918,#6919),(#6920,
#6921,#6922),(#6923,#6924,#6925)),.UNSPECIFIED.,.T.,.F.,.F.)
B_SPLINE_SURFACE_WITH_KNOTS((1,3,1,1,1,1,1,1,1,1,1,1,1,1,1,1,1,3,1),(3,
3),(-0.000377898295556508,0.,0.000377898295556508,0.000755796591113016,
0.00113369488666952,0.00151159318222603,0.00188949147778254,0.00226738977333905,
0.00264528806889556,0.00302318636445206,0.00340108466000857,0.00377898295556508,
0.00415688125112159,0.00453477954667809,0.0049126778422346,0.00529057613779111,
0.00566847443334762,0.00604637272890413,0.00642427102446063),(0.,1.),
 .UNSPECIFIED.)
GEOMETRIC_REPRESENTATION_ITEM()
RATIONAL_B_SPLINE_SURFACE(((1.,0.789978134195738,1.),(1.,0.792403840502351,
1.),(1.,0.781160011458278,1.),(1.,0.727989792745343,1.),(1.,0.681828600049694,
1.),(1.,0.701115127269881,1.),(1.,0.778974402133442,1.),(1.,0.865656202875573,
1.),(1.,0.935914602980218,1.),(1.,0.978870862615995,1.),(1.,0.953418673626887,
1.),(1.,0.889629684963532,1.),(1.,0.807048113509331,1.),(1.,0.722155559305778,
1.),(1.,0.679232086378239,1.),(1.,0.709364436019995,1.),(1.,0.766605773618602,
1.),(1.,0.787552427889125,1.),(1.,0.789978134195738,1.)))
REPRESENTATION_ITEM('')
SURFACE()
);
#41=(
BOUNDED_SURFACE()
B_SPLINE_SURFACE(3,2,((#7039,#7040,#7041),(#7042,#7043,#7044),(#7045,#7046,
#7047),(#7048,#7049,#7050),(#7051,#7052,#7053),(#7054,#7055,#7056),(#7057,
#7058,#7059),(#7060,#7061,#7062),(#7063,#7064,#7065),(#7066,#7067,#7068),
(#7069,#7070,#7071),(#7072,#7073,#7074),(#7075,#7076,#7077),(#7078,#7079,
#7080),(#7081,#7082,#7083),(#7084,#7085,#7086),(#7087,#7088,#7089),(#7090,
#7091,#7092),(#7093,#7094,#7095)),.UNSPECIFIED.,.T.,.F.,.F.)
B_SPLINE_SURFACE_WITH_KNOTS((1,3,1,1,1,1,1,1,1,1,1,1,1,1,1,1,1,3,1),(3,
3),(-0.000376877198659351,0.,0.000376877198659352,0.000753754397318704,
0.00113063159597806,0.00150750879463741,0.00188438599329676,0.00226126319195611,
0.00263814039061547,0.00301501758927482,0.00339189478793417,0.00376877198659352,
0.00414564918525287,0.00452252638391223,0.00489940358257158,0.00527628078123093,
0.00565315797989028,0.00603003517854963,0.00640691237720899),(0.,1.),
 .UNSPECIFIED.)
GEOMETRIC_REPRESENTATION_ITEM()
RATIONAL_B_SPLINE_SURFACE(((1.,0.871135528112946,1.),(1.,0.896441159834001,
1.),(1.,0.941464126673469,1.),(1.,0.979648251078991,1.),(1.,0.948648169488623,
1.),(1.,0.883447347932354,1.),(1.,0.800523795604556,1.),(1.,0.718541762831998,
1.),(1.,0.682825736378902,1.),(1.,0.716562493463583,1.),(1.,0.771923922858826,
1.),(1.,0.798338397814228,1.),(1.,0.777584186477933,1.),(1.,0.724007274003654,
1.),(1.,0.683757325749834,1.),(1.,0.710140380955282,1.),(1.,0.789630336347141,
1.),(1.,0.845829896391891,1.),(1.,0.871135528112946,1.)))
REPRESENTATION_ITEM('')
SURFACE()
);
#42=(
BOUNDED_SURFACE()
B_SPLINE_SURFACE(3,2,((#7096,#7097,#7098),(#7099,#7100,#7101),(#7102,#7103,
#7104),(#7105,#7106,#7107),(#7108,#7109,#7110),(#7111,#7112,#7113),(#7114,
#7115,#7116),(#7117,#7118,#7119),(#7120,#7121,#7122),(#7123,#7124,#7125),
(#7126,#7127,#7128),(#7129,#7130,#7131),(#7132,#7133,#7134),(#7135,#7136,
#7137),(#7138,#7139,#7140),(#7141,#7142,#7143),(#7144,#7145,#7146),(#7147,
#7148,#7149),(#7150,#7151,#7152)),.UNSPECIFIED.,.T.,.F.,.F.)
B_SPLINE_SURFACE_WITH_KNOTS((1,3,1,1,1,1,1,1,1,1,1,1,1,1,1,1,1,3,1),(3,
3),(-0.000376877198660621,0.,0.000376877198660621,0.000753754397321242,
0.00113063159598186,0.00150750879464248,0.00188438599330311,0.00226126319196373,
0.00263814039062435,0.00301501758928497,0.00339189478794559,0.00376877198660621,
0.00414564918526683,0.00452252638392745,0.00489940358258808,0.0052762807812487,
0.00565315797990932,0.00603003517856994,0.00640691237723056),(0.,1.),
 .UNSPECIFIED.)
GEOMETRIC_REPRESENTATION_ITEM()
RATIONAL_B_SPLINE_SURFACE(((1.,0.87113552811479,1.),(1.,0.896441159835844,
1.),(1.,0.941464126675199,1.),(1.,0.97964825108113,1.),(1.,0.948648169490705,
1.),(1.,0.883447347934731,1.),(1.,0.80052379560685,1.),(1.,0.718541762833403,
1.),(1.,0.682825736378086,1.),(1.,0.716562493461129,1.),(1.,0.771923922856156,
1.),(1.,0.798338397811682,1.),(1.,0.777584186475505,1.),(1.,0.724007274001417,
1.),(1.,0.683757325748606,1.),(1.,0.710140380955979,1.),(1.,0.789630336348873,
1.),(1.,0.845829896393735,1.),(1.,0.87113552811479,1.)))
REPRESENTATION_ITEM('')
SURFACE()
);
#43=(
BOUNDED_SURFACE()
B_SPLINE_SURFACE(3,2,((#7153,#7154,#7155),(#7156,#7157,#7158),(#7159,#7160,
#7161),(#7162,#7163,#7164),(#7165,#7166,#7167),(#7168,#7169,#7170),(#7171,
#7172,#7173),(#7174,#7175,#7176),(#7177,#7178,#7179),(#7180,#7181,#7182),
(#7183,#7184,#7185),(#7186,#7187,#7188),(#7189,#7190,#7191),(#7192,#7193,
#7194),(#7195,#7196,#7197),(#7198,#7199,#7200),(#7201,#7202,#7203),(#7204,
#7205,#7206),(#7207,#7208,#7209)),.UNSPECIFIED.,.T.,.F.,.F.)
B_SPLINE_SURFACE_WITH_KNOTS((1,3,1,1,1,1,1,1,1,1,1,1,1,1,1,1,1,3,1),(3,
3),(-0.000376800049948101,0.,0.000376800049948101,0.000753600099896201,
0.0011304001498443,0.0015072001997924,0.0018840002497405,0.0022608002996886,
0.0026376003496367,0.00301440039958481,0.00339120044953291,0.00376800049948101,
0.00414480054942911,0.00452160059937721,0.00489840064932531,0.00527520069927341,
0.00565200074922151,0.00602880079916961,0.00640560084911771),(0.,1.),
 .UNSPECIFIED.)
GEOMETRIC_REPRESENTATION_ITEM()
RATIONAL_B_SPLINE_SURFACE(((1.,0.79958726518383,1.),(1.,0.82708282246478,
1.),(1.,0.882341219395634,1.),(1.,0.947972839059766,1.),(1.,0.979681654468125,
1.),(1.,0.94226035316023,1.),(1.,0.874859443493897,1.),(1.,0.790834014784444,
1.),(1.,0.71127252236088,1.),(1.,0.683483224875827,1.),(1.,0.723127936082211,
1.),(1.,0.776844082237075,1.),(1.,0.798406110921725,1.),(1.,0.772649124621778,
1.),(1.,0.717741203154268,1.),(1.,0.682833073375773,1.),(1.,0.717367875709937,
1.),(1.,0.772091707902881,1.),(1.,0.79958726518383,1.)))
REPRESENTATION_ITEM('')
SURFACE()
);
#44=(
BOUNDED_SURFACE()
B_SPLINE_SURFACE(3,2,((#7210,#7211,#7212),(#7213,#7214,#7215),(#7216,#7217,
#7218),(#7219,#7220,#7221),(#7222,#7223,#7224),(#7225,#7226,#7227),(#7228,
#7229,#7230),(#7231,#7232,#7233),(#7234,#7235,#7236),(#7237,#7238,#7239),
(#7240,#7241,#7242),(#7243,#7244,#7245),(#7246,#7247,#7248),(#7249,#7250,
#7251),(#7252,#7253,#7254),(#7255,#7256,#7257),(#7258,#7259,#7260),(#7261,
#7262,#7263),(#7264,#7265,#7266)),.UNSPECIFIED.,.T.,.F.,.F.)
B_SPLINE_SURFACE_WITH_KNOTS((1,3,1,1,1,1,1,1,1,1,1,1,1,1,1,1,1,3,1),(3,
3),(-0.000378074647292924,0.,0.000378074647292924,0.000756149294585849,
0.00113422394187877,0.0015122985891717,0.00189037323646462,0.00226844788375755,
0.00264652253105047,0.0030245971783434,0.00340267182563632,0.00378074647292924,
0.00415882112022217,0.00453689576751509,0.00491497041480802,0.00529304506210094,
0.00567111970939387,0.00604919435668679,0.00642726900397972),(0.,1.),
 .UNSPECIFIED.)
GEOMETRIC_REPRESENTATION_ITEM()
RATIONAL_B_SPLINE_SURFACE(((1.,0.892181092155057,1.),(1.,0.916008137301764,
1.),(1.,0.957291129513794,1.),(1.,0.977587996253214,1.),(1.,0.931850750959709,
1.),(1.,0.861037304260401,1.),(1.,0.775554368940256,1.),(1.,0.701280698837265,
1.),(1.,0.686511858892637,1.),(1.,0.732949489941485,1.),(1.,0.783736895908502,
1.),(1.,0.79722881045221,1.),(1.,0.764289529158115,1.),(1.,0.70853015823597,
1.),(1.,0.683370703025954,1.),(1.,0.729620795782477,1.),(1.,0.814328858633551,
1.),(1.,0.86835404700835,1.),(1.,0.892181092155057,1.)))
REPRESENTATION_ITEM('')
SURFACE()
);
#45=(
BOUNDED_SURFACE()
B_SPLINE_SURFACE(3,2,((#7267,#7268,#7269),(#7270,#7271,#7272),(#7273,#7274,
#7275),(#7276,#7277,#7278),(#7279,#7280,#7281),(#7282,#7283,#7284),(#7285,
#7286,#7287),(#7288,#7289,#7290),(#7291,#7292,#7293),(#7294,#7295,#7296),
(#7297,#7298,#7299),(#7300,#7301,#7302),(#7303,#7304,#7305),(#7306,#7307,
#7308),(#7309,#7310,#7311),(#7312,#7313,#7314),(#7315,#7316,#7317),(#7318,
#7319,#7320),(#7321,#7322,#7323)),.UNSPECIFIED.,.T.,.F.,.F.)
B_SPLINE_SURFACE_WITH_KNOTS((1,3,1,1,1,1,1,1,1,1,1,1,1,1,1,1,1,3,1),(3,
3),(-0.000377472203374018,0.,0.000377472203374018,0.000754944406748036,
0.00113241661012205,0.00150988881349607,0.00188736101687009,0.00226483322024411,
0.00264230542361812,0.00301977762699214,0.00339724983036616,0.00377472203374018,
0.0041521942371142,0.00452966644048821,0.00490713864386223,0.00528461084723625,
0.00566208305061027,0.00603955525398428,0.0064170274573583),(0.,1.),
 .UNSPECIFIED.)
GEOMETRIC_REPRESENTATION_ITEM()
RATIONAL_B_SPLINE_SURFACE(((1.,0.88547637933563,1.),(1.,0.861153965156887,
1.),(1.,0.806373690284131,1.),(1.,0.723213886233433,1.),(1.,0.68279730435846,
1.),(1.,0.713133050513531,1.),(1.,0.768748282874441,1.),(1.,0.79803110393714,
1.),(1.,0.780269405181127,1.),(1.,0.727982852821698,1.),(1.,0.684633009765053,
1.),(1.,0.70626814365074,1.),(1.,0.783839346367349,1.),(1.,0.868697969694584,
1.),(1.,0.937583072590705,1.),(1.,0.979074745328643,1.),(1.,0.952308175356587,
1.),(1.,0.909798793514372,1.),(1.,0.88547637933563,1.)))
REPRESENTATION_ITEM('')
SURFACE()
);
#46=(
BOUNDED_SURFACE()
B_SPLINE_SURFACE(3,2,((#7324,#7325,#7326),(#7327,#7328,#7329),(#7330,#7331,
#7332),(#7333,#7334,#7335),(#7336,#7337,#7338),(#7339,#7340,#7341),(#7342,
#7343,#7344),(#7345,#7346,#7347),(#7348,#7349,#7350),(#7351,#7352,#7353),
(#7354,#7355,#7356),(#7357,#7358,#7359),(#7360,#7361,#7362),(#7363,#7364,
#7365),(#7366,#7367,#7368),(#7369,#7370,#7371),(#7372,#7373,#7374),(#7375,
#7376,#7377),(#7378,#7379,#7380)),.UNSPECIFIED.,.T.,.F.,.F.)
B_SPLINE_SURFACE_WITH_KNOTS((1,3,1,1,1,1,1,1,1,1,1,1,1,1,1,1,1,3,1),(3,
3),(-0.000376983064023379,0.,0.00037698306402338,0.000753966128046759,0.00113094919207014,
0.00150793225609352,0.0018849153201169,0.00226189838414028,0.00263888144816366,
0.00301586451218704,0.00339284757621042,0.0037698306402338,0.00414681370425718,
0.00452379676828055,0.00490077983230393,0.00527776289632731,0.00565474596035069,
0.00603172902437407,0.00640871208839745),(0.,1.),.UNSPECIFIED.)
GEOMETRIC_REPRESENTATION_ITEM()
RATIONAL_B_SPLINE_SURFACE(((1.,0.766635875512857,1.),(1.,0.792544299852188,
1.),(1.,0.849973041149356,1.),(1.,0.923479755241858,1.),(1.,0.974364061133184,
1.),(1.,0.963647304063944,1.),(1.,0.904838945001731,1.),(1.,0.826273705275908,
1.),(1.,0.741317437825234,1.),(1.,0.685616605497106,1.),(1.,0.7013903235765,
1.),(1.,0.756731464254418,1.),(1.,0.795141697836413,1.),(1.,0.788522854878431,
1.),(1.,0.741282921332249,1.),(1.,0.690521986721828,1.),(1.,0.694522495113367,
1.),(1.,0.740727451173525,1.),(1.,0.766635875512857,1.)))
REPRESENTATION_ITEM('')
SURFACE()
);
#47=(
BOUNDED_SURFACE()
B_SPLINE_SURFACE(3,2,((#7381,#7382,#7383),(#7384,#7385,#7386),(#7387,#7388,
#7389),(#7390,#7391,#7392),(#7393,#7394,#7395),(#7396,#7397,#7398),(#7399,
#7400,#7401),(#7402,#7403,#7404),(#7405,#7406,#7407),(#7408,#7409,#7410),
(#7411,#7412,#7413),(#7414,#7415,#7416),(#7417,#7418,#7419),(#7420,#7421,
#7422),(#7423,#7424,#7425),(#7426,#7427,#7428),(#7429,#7430,#7431),(#7432,
#7433,#7434),(#7435,#7436,#7437)),.UNSPECIFIED.,.T.,.F.,.F.)
B_SPLINE_SURFACE_WITH_KNOTS((1,3,1,1,1,1,1,1,1,1,1,1,1,1,1,1,1,3,1),(3,
3),(-0.00037747220337366,0.,0.00037747220337366,0.00075494440674732,0.00113241661012098,
0.00150988881349464,0.0018873610168683,0.00226483322024196,0.00264230542361562,
0.00301977762698928,0.00339724983036294,0.0037747220337366,0.00415219423711026,
0.00452966644048392,0.00490713864385758,0.00528461084723124,0.0056620830506049,
0.00603955525397856,0.00641702745735222),(0.,1.),.UNSPECIFIED.)
GEOMETRIC_REPRESENTATION_ITEM()
RATIONAL_B_SPLINE_SURFACE(((1.,0.885476379334098,1.),(1.,0.861153965155271,
1.),(1.,0.806373690282405,1.),(1.,0.723213886232087,1.),(1.,0.682797304358537,
1.),(1.,0.713133050514755,1.),(1.,0.768748282875702,1.),(1.,0.798031103937869,
1.),(1.,0.780269405181288,1.),(1.,0.727982852821622,1.),(1.,0.684633009765225,
1.),(1.,0.706268143651394,1.),(1.,0.783839346368045,1.),(1.,0.868697969695117,
1.),(1.,0.93758307259102,1.),(1.,0.979074745328244,1.),(1.,0.952308175355363,
1.),(1.,0.909798793512924,1.),(1.,0.885476379334098,1.)))
REPRESENTATION_ITEM('')
SURFACE()
);
#48=(
BOUNDED_SURFACE()
B_SPLINE_SURFACE(3,2,((#7438,#7439,#7440),(#7441,#7442,#7443),(#7444,#7445,
#7446),(#7447,#7448,#7449),(#7450,#7451,#7452),(#7453,#7454,#7455),(#7456,
#7457,#7458),(#7459,#7460,#7461),(#7462,#7463,#7464),(#7465,#7466,#7467),
(#7468,#7469,#7470),(#7471,#7472,#7473),(#7474,#7475,#7476),(#7477,#7478,
#7479),(#7480,#7481,#7482),(#7483,#7484,#7485),(#7486,#7487,#7488),(#7489,
#7490,#7491),(#7492,#7493,#7494)),.UNSPECIFIED.,.T.,.F.,.F.)
B_SPLINE_SURFACE_WITH_KNOTS((1,3,1,1,1,1,1,1,1,1,1,1,1,1,1,1,1,3,1),(3,
3),(-0.000378074647292249,0.,0.000378074647292249,0.000756149294584499,
0.00113422394187675,0.001512298589169,0.00189037323646125,0.0022684478837535,
0.00264652253104575,0.00302459717833799,0.00340267182563024,0.00378074647292249,
0.00415882112021474,0.00453689576750699,0.00491497041479924,0.00529304506209149,
0.00567111970938374,0.00604919435667599,0.00642726900396824),(0.,1.),
 .UNSPECIFIED.)
GEOMETRIC_REPRESENTATION_ITEM()
RATIONAL_B_SPLINE_SURFACE(((1.,0.892181092154121,1.),(1.,0.916008137300832,
1.),(1.,0.957291129512884,1.),(1.,0.977587996252095,1.),(1.,0.931850750958615,
1.),(1.,0.861037304259141,1.),(1.,0.775554368939166,1.),(1.,0.70128069883678,
1.),(1.,0.68651185889335,1.),(1.,0.732949489942751,1.),(1.,0.783736895909847,
1.),(1.,0.797228810453489,1.),(1.,0.764289529159365,1.),(1.,0.708530158237083,
1.),(1.,0.683370703026331,1.),(1.,0.729620795781942,1.),(1.,0.81432885863262,
1.),(1.,0.868354047007411,1.),(1.,0.892181092154121,1.)))
REPRESENTATION_ITEM('')
SURFACE()
);
#49=(
BOUNDED_SURFACE()
B_SPLINE_SURFACE(3,2,((#7495,#7496,#7497),(#7498,#7499,#7500),(#7501,#7502,
#7503),(#7504,#7505,#7506),(#7507,#7508,#7509),(#7510,#7511,#7512),(#7513,
#7514,#7515),(#7516,#7517,#7518),(#7519,#7520,#7521),(#7522,#7523,#7524),
(#7525,#7526,#7527),(#7528,#7529,#7530),(#7531,#7532,#7533),(#7534,#7535,
#7536),(#7537,#7538,#7539),(#7540,#7541,#7542),(#7543,#7544,#7545),(#7546,
#7547,#7548),(#7549,#7550,#7551)),.UNSPECIFIED.,.T.,.F.,.F.)
B_SPLINE_SURFACE_WITH_KNOTS((1,3,1,1,1,1,1,1,1,1,1,1,1,1,1,1,1,3,1),(3,
3),(-0.000376800049947136,0.,0.000376800049947136,0.000753600099894272,
0.00113040014984141,0.00150720019978854,0.00188400024973568,0.00226080029968282,
0.00263760034962995,0.00301440039957709,0.00339120044952423,0.00376800049947136,
0.0041448005494185,0.00452160059936563,0.00489840064931277,0.00527520069925991,
0.00565200074920704,0.00602880079915418,0.00640560084910131),(0.,1.),
 .UNSPECIFIED.)
GEOMETRIC_REPRESENTATION_ITEM()
RATIONAL_B_SPLINE_SURFACE(((1.,0.799587265183329,1.),(1.,0.82708282246416,
1.),(1.,0.882341219394869,1.),(1.,0.947972839058931,1.),(1.,0.979681654466434,
1.),(1.,0.942260353158133,1.),(1.,0.874859443491404,1.),(1.,0.790834014781952,
1.),(1.,0.711272522359422,1.),(1.,0.683483224876733,1.),(1.,0.723127936084584,
1.),(1.,0.776844082239464,1.),(1.,0.79840611092361,1.),(1.,0.772649124623252,
1.),(1.,0.717741203155468,1.),(1.,0.682833073376538,1.),(1.,0.717367875709885,
1.),(1.,0.772091707902498,1.),(1.,0.799587265183329,1.)))
REPRESENTATION_ITEM('')
SURFACE()
);
#50=SPHERICAL_SURFACE('',#3156,1.);
#51=SPHERICAL_SURFACE('',#3224,1.);
#52=CONICAL_SURFACE('',#3039,605.439230484538,0.523598775598283);
#53=CONICAL_SURFACE('',#3050,601.78349364905,0.523598775598282);
#54=CONICAL_SURFACE('',#3058,5.43923048453535,0.523598775598296);
#55=CONICAL_SURFACE('',#3067,1.78349364904801,0.52359877559829);
#56=CONICAL_SURFACE('',#3084,5.43923048454113,0.523598775598297);
#57=CONICAL_SURFACE('',#3093,1.78349364905379,0.523598775598289);
#58=CONICAL_SURFACE('',#3100,104.560769515464,0.523598775598305);
#59=CONICAL_SURFACE('',#3109,108.216506350951,0.523598775598297);
#60=CONICAL_SURFACE('',#3116,5.43923048453724,0.523598775598297);
#61=CONICAL_SURFACE('',#3125,1.78349364904988,0.52359877559829);
#62=CONICAL_SURFACE('',#3141,5.43923048452606,0.523598775598287);
#63=CONICAL_SURFACE('',#3149,1.7834936490387,0.523598775598286);
#64=TOROIDAL_SURFACE('',#3035,604.833012701889,0.249999999999992);
#65=TOROIDAL_SURFACE('',#3041,605.092820323024,0.4);
#66=TOROIDAL_SURFACE('',#3045,601.307179676969,0.4);
#67=TOROIDAL_SURFACE('',#3052,601.566987298104,0.25);
#68=TOROIDAL_SURFACE('',#3055,4.83301270188628,0.249999999999992);
#69=TOROIDAL_SURFACE('',#3060,5.09282032302158,0.4);
#70=TOROIDAL_SURFACE('',#3063,1.30717967696658,0.4);
#71=TOROIDAL_SURFACE('',#3069,1.56698729810189,0.25);
#72=TOROIDAL_SURFACE('',#3081,4.83301270189207,0.249999999999992);
#73=TOROIDAL_SURFACE('',#3086,5.09282032302737,0.4);
#74=TOROIDAL_SURFACE('',#3089,1.30717967697236,0.4);
#75=TOROIDAL_SURFACE('',#3095,1.56698729810768,0.25);
#76=TOROIDAL_SURFACE('',#3097,105.166987298113,0.249999999999992);
#77=TOROIDAL_SURFACE('',#3102,104.907179676977,0.4);
#78=TOROIDAL_SURFACE('',#3105,108.692820323032,0.4);
#79=TOROIDAL_SURFACE('',#3111,108.433012701897,0.25);
#80=TOROIDAL_SURFACE('',#3113,4.83301270188816,0.249999999999992);
#81=TOROIDAL_SURFACE('',#3118,5.09282032302346,0.4);
#82=TOROIDAL_SURFACE('',#3121,1.30717967696846,0.4);
#83=TOROIDAL_SURFACE('',#3127,1.56698729810377,0.25);
#84=TOROIDAL_SURFACE('',#3139,4.83301270187698,0.249999999999992);
#85=TOROIDAL_SURFACE('',#3143,5.09282032301222,0.4);
#86=TOROIDAL_SURFACE('',#3147,1.30717967695722,0.4);
#87=TOROIDAL_SURFACE('',#3151,1.56698729809259,0.25);
#88=TOROIDAL_SURFACE('',#3158,103.499999999944,1.);
#89=TOROIDAL_SURFACE('',#3160,3.00000834848163,1.);
#90=TOROIDAL_SURFACE('',#3169,606.499999999999,1.00000000000003);
#91=TOROIDAL_SURFACE('',#3172,3.0000502473284,1.00000000000003);
#92=PLANE('',#2916);
#93=PLANE('',#2961);
#94=PLANE('',#3014);
#95=PLANE('',#3022);
#96=PLANE('',#3023);
#97=PLANE('',#3026);
#98=PLANE('',#3027);
#99=PLANE('',#3028);
#100=PLANE('',#3031);
#101=PLANE('',#3034);
#102=PLANE('',#3073);
#103=PLANE('',#3078);
#104=PLANE('',#3131);
#105=PLANE('',#3136);
#106=PLANE('',#3145);
#107=PLANE('',#3155);
#108=PLANE('',#3163);
#109=PLANE('',#3168);
#110=PLANE('',#3238);
#111=PLANE('',#3240);
#112=LINE('',#4116,#173);
#113=LINE('',#4120,#174);
#114=LINE('',#4336,#175);
#115=LINE('',#4340,#176);
#116=LINE('',#4344,#177);
#117=LINE('',#4348,#178);
#118=LINE('',#4424,#179);
#119=LINE('',#4433,#180);
#120=LINE('',#4443,#181);
#121=LINE('',#4447,#182);
#122=LINE('',#4481,#183);
#123=LINE('',#4482,#184);
#124=LINE('',#4492,#185);
#125=LINE('',#4494,#186);
#126=LINE('',#4495,#187);
#127=LINE('',#4512,#188);
#128=LINE('',#4520,#189);
#129=LINE('',#4525,#190);
#130=LINE('',#4529,#191);
#131=LINE('',#4532,#192);
#132=LINE('',#4534,#193);
#133=LINE('',#4578,#194);
#134=LINE('',#4580,#195);
#135=LINE('',#4583,#196);
#136=LINE('',#4585,#197);
#137=LINE('',#4587,#198);
#138=LINE('',#4589,#199);
#139=LINE('',#4593,#200);
#140=LINE('',#4595,#201);
#141=LINE('',#4609,#202);
#142=LINE('',#4610,#203);
#143=LINE('',#4630,#204);
#144=LINE('',#4631,#205);
#145=LINE('',#4640,#206);
#146=LINE('',#4654,#207);
#147=LINE('',#4662,#208);
#148=LINE('',#4664,#209);
#149=LINE('',#4666,#210);
#150=LINE('',#4670,#211);
#151=LINE('',#4672,#212);
#152=LINE('',#4676,#213);
#153=LINE('',#4678,#214);
#154=LINE('',#4680,#215);
#155=LINE('',#4688,#216);
#156=LINE('',#4702,#217);
#157=LINE('',#4712,#218);
#158=LINE('',#4726,#219);
#159=LINE('',#4736,#220);
#160=LINE('',#4750,#221);
#161=LINE('',#4758,#222);
#162=LINE('',#4760,#223);
#163=LINE('',#4762,#224);
#164=LINE('',#4766,#225);
#165=LINE('',#4768,#226);
#166=LINE('',#4772,#227);
#167=LINE('',#4774,#228);
#168=LINE('',#4776,#229);
#169=LINE('',#7553,#230);
#170=LINE('',#7554,#231);
#171=LINE('',#7556,#232);
#172=LINE('',#7558,#233);
#173=VECTOR('',#3248,1000.);
#174=VECTOR('',#3251,1000.);
#175=VECTOR('',#3342,1000.);
#176=VECTOR('',#3345,1000.);
#177=VECTOR('',#3348,1000.);
#178=VECTOR('',#3351,1000.);
#179=VECTOR('',#3428,1000.);
#180=VECTOR('',#3435,1000.);
#181=VECTOR('',#3444,1000.);
#182=VECTOR('',#3447,1000.);
#183=VECTOR('',#3466,1000.);
#184=VECTOR('',#3467,1000.);
#185=VECTOR('',#3468,1000.);
#186=VECTOR('',#3471,1000.);
#187=VECTOR('',#3472,1000.);
#188=VECTOR('',#3477,1000.);
#189=VECTOR('',#3484,1000.);
#190=VECTOR('',#3489,1000.);
#191=VECTOR('',#3492,1000.);
#192=VECTOR('',#3497,1000.);
#193=VECTOR('',#3498,1000.);
#194=VECTOR('',#3503,1000.);
#195=VECTOR('',#3506,1000.);
#196=VECTOR('',#3511,1000.);
#197=VECTOR('',#3512,1000.);
#198=VECTOR('',#3513,1000.);
#199=VECTOR('',#3516,1000.);
#200=VECTOR('',#3521,1000.);
#201=VECTOR('',#3522,1000.);
#202=VECTOR('',#3541,1000.);
#203=VECTOR('',#3542,1000.);
#204=VECTOR('',#3565,1000.);
#205=VECTOR('',#3566,1000.);
#206=VECTOR('',#3581,1000.);
#207=VECTOR('',#3600,1000.);
#208=VECTOR('',#3611,1000.);
#209=VECTOR('',#3614,1000.);
#210=VECTOR('',#3615,1000.);
#211=VECTOR('',#3620,1000.);
#212=VECTOR('',#3623,1000.);
#213=VECTOR('',#3626,1000.);
#214=VECTOR('',#3629,1000.);
#215=VECTOR('',#3630,1000.);
#216=VECTOR('',#3643,1000.);
#217=VECTOR('',#3662,1000.);
#218=VECTOR('',#3677,1000.);
#219=VECTOR('',#3696,1000.);
#220=VECTOR('',#3711,1000.);
#221=VECTOR('',#3730,1000.);
#222=VECTOR('',#3741,1000.);
#223=VECTOR('',#3744,1000.);
#224=VECTOR('',#3745,1000.);
#225=VECTOR('',#3750,1000.);
#226=VECTOR('',#3753,1000.);
#227=VECTOR('',#3756,1000.);
#228=VECTOR('',#3759,1000.);
#229=VECTOR('',#3760,1000.);
#230=VECTOR('',#3965,1000.);
#231=VECTOR('',#3966,1000.);
#232=VECTOR('',#3969,1000.);
#233=VECTOR('',#3972,1000.);
#234=CIRCLE('',#2908,599.999999999995);
#235=CIRCLE('',#2909,599.999999999995);
#236=CIRCLE('',#2910,599.999999999995);
#237=CIRCLE('',#2911,599.999999999995);
#238=CIRCLE('',#2917,1.74999999999997);
#239=CIRCLE('',#2918,1.75000000000003);
#240=CIRCLE('',#2919,1.75000000000003);
#241=CIRCLE('',#2920,1.74999999999997);
#242=CIRCLE('',#2921,1.75);
#243=CIRCLE('',#2922,1.75000000000776);
#244=CIRCLE('',#2923,1.75);
#245=CIRCLE('',#2924,1.75000000000777);
#246=CIRCLE('',#2925,1.74999999999997);
#247=CIRCLE('',#2926,1.75000000000003);
#248=CIRCLE('',#2927,1.75000000000003);
#249=CIRCLE('',#2928,1.5);
#250=CIRCLE('',#2929,1.5);
#251=CIRCLE('',#2930,1.5);
#252=CIRCLE('',#2931,1.5);
#253=CIRCLE('',#2932,1.5);
#254=CIRCLE('',#2933,1.5);
#255=CIRCLE('',#2934,1.5);
#256=CIRCLE('',#2935,1.5);
#257=CIRCLE('',#2936,1.5);
#258=CIRCLE('',#2937,1.5);
#259=CIRCLE('',#2938,1.5);
#260=CIRCLE('',#2939,1.5);
#261=CIRCLE('',#2940,1.5);
#262=CIRCLE('',#2941,1.5);
#263=CIRCLE('',#2942,1.5);
#264=CIRCLE('',#2943,1.5);
#265=CIRCLE('',#2944,1.5);
#266=CIRCLE('',#2945,1.5);
#267=CIRCLE('',#2946,1.5);
#268=CIRCLE('',#2947,1.5);
#269=CIRCLE('',#2948,1.5);
#270=CIRCLE('',#2949,1.5);
#271=CIRCLE('',#2950,1.5);
#272=CIRCLE('',#2951,1.5);
#273=CIRCLE('',#2952,1.5);
#274=CIRCLE('',#2953,1.5);
#275=CIRCLE('',#2954,107.);
#276=CIRCLE('',#2955,602.999999999995);
#277=CIRCLE('',#2956,615.);
#278=CIRCLE('',#2957,95.0000000000003);
#279=CIRCLE('',#2958,1.75);
#280=CIRCLE('',#2959,1.75);
#281=CIRCLE('',#2960,1.74999999999997);
#282=CIRCLE('',#2962,1.75000000000003);
#283=CIRCLE('',#2963,1.75000000000003);
#284=CIRCLE('',#2964,1.74999999999997);
#285=CIRCLE('',#2965,1.75);
#286=CIRCLE('',#2966,1.75000000000777);
#287=CIRCLE('',#2967,1.74999999999997);
#288=CIRCLE('',#2968,1.75000000000003);
#289=CIRCLE('',#2969,1.75000000000003);
#290=CIRCLE('',#2970,1.5);
#291=CIRCLE('',#2971,1.5);
#292=CIRCLE('',#2972,1.5);
#293=CIRCLE('',#2973,1.5);
#294=CIRCLE('',#2974,1.5);
#295=CIRCLE('',#2975,1.5);
#296=CIRCLE('',#2976,1.5);
#297=CIRCLE('',#2977,1.5);
#298=CIRCLE('',#2978,1.5);
#299=CIRCLE('',#2979,1.5);
#300=CIRCLE('',#2980,1.5);
#301=CIRCLE('',#2981,1.5);
#302=CIRCLE('',#2982,1.5);
#303=CIRCLE('',#2983,1.5);
#304=CIRCLE('',#2984,1.5);
#305=CIRCLE('',#2985,1.5);
#306=CIRCLE('',#2986,1.5);
#307=CIRCLE('',#2987,1.5);
#308=CIRCLE('',#2988,1.5);
#309=CIRCLE('',#2989,1.5);
#310=CIRCLE('',#2990,1.5);
#311=CIRCLE('',#2991,1.5);
#312=CIRCLE('',#2992,1.5);
#313=CIRCLE('',#2993,1.5);
#314=CIRCLE('',#2994,1.5);
#315=CIRCLE('',#2995,1.5);
#316=CIRCLE('',#2996,4.83301270188628);
#317=CIRCLE('',#2997,604.833012701889);
#318=CIRCLE('',#2998,4.83301270187698);
#319=CIRCLE('',#2999,4.83301270188816);
#320=CIRCLE('',#3000,105.166987298113);
#321=CIRCLE('',#3001,4.83301270189207);
#322=CIRCLE('',#3002,615.);
#323=CIRCLE('',#3003,95.0000000000003);
#324=CIRCLE('',#3004,1.75000000000776);
#325=CIRCLE('',#3005,1.75);
#326=CIRCLE('',#3006,1.75);
#327=CIRCLE('',#3007,1.75);
#328=CIRCLE('',#3008,1.74999999999997);
#329=CIRCLE('',#3009,1.74999999999997);
#330=CIRCLE('',#3011,615.);
#331=CIRCLE('',#3012,615.);
#332=CIRCLE('',#3015,1.56698729810189);
#333=CIRCLE('',#3016,1.56698729810768);
#334=CIRCLE('',#3017,108.433012701897);
#335=CIRCLE('',#3018,1.56698729810377);
#336=CIRCLE('',#3019,1.56698729809259);
#337=CIRCLE('',#3020,601.566987298104);
#338=CIRCLE('',#3021,110.);
#339=CIRCLE('',#3025,110.);
#340=CIRCLE('',#3030,107.);
#341=CIRCLE('',#3033,602.999999999995);
#342=CIRCLE('',#3036,604.616506350943);
#343=CIRCLE('',#3037,0.249999999999992);
#344=CIRCLE('',#3038,0.249999999999992);
#345=CIRCLE('',#3040,605.439230484538);
#346=CIRCLE('',#3042,605.092820323024);
#347=CIRCLE('',#3043,0.4);
#348=CIRCLE('',#3044,0.4);
#349=CIRCLE('',#3046,600.960769515455);
#350=CIRCLE('',#3047,0.4);
#351=CIRCLE('',#3048,601.307179676969);
#352=CIRCLE('',#3049,0.4);
#353=CIRCLE('',#3051,601.78349364905);
#354=CIRCLE('',#3053,0.25);
#355=CIRCLE('',#3054,0.25);
#356=CIRCLE('',#3056,0.249999999999992);
#357=CIRCLE('',#3057,4.61650635094017);
#358=CIRCLE('',#3059,5.43923048453535);
#359=CIRCLE('',#3061,0.4);
#360=CIRCLE('',#3062,5.09282032302158);
#361=CIRCLE('',#3064,1.30717967696658);
#362=CIRCLE('',#3065,0.4);
#363=CIRCLE('',#3066,0.960769515452804);
#364=CIRCLE('',#3068,1.78349364904801);
#365=CIRCLE('',#3070,0.25);
#366=CIRCLE('',#3072,0.249999999999992);
#367=CIRCLE('',#3075,0.4);
#368=CIRCLE('',#3077,0.4);
#369=CIRCLE('',#3080,0.25);
#370=CIRCLE('',#3082,0.249999999999992);
#371=CIRCLE('',#3083,4.61650635094596);
#372=CIRCLE('',#3085,5.43923048454113);
#373=CIRCLE('',#3087,0.4);
#374=CIRCLE('',#3088,5.09282032302737);
#375=CIRCLE('',#3090,1.30717967697237);
#376=CIRCLE('',#3091,0.4);
#377=CIRCLE('',#3092,0.960769515458593);
#378=CIRCLE('',#3094,1.78349364905379);
#379=CIRCLE('',#3096,0.25);
#380=CIRCLE('',#3098,0.249999999999992);
#381=CIRCLE('',#3099,105.383493649059);
#382=CIRCLE('',#3101,104.560769515464);
#383=CIRCLE('',#3103,0.4);
#384=CIRCLE('',#3104,104.907179676977);
#385=CIRCLE('',#3106,108.692820323032);
#386=CIRCLE('',#3107,0.4);
#387=CIRCLE('',#3108,109.039230484546);
#388=CIRCLE('',#3110,108.216506350951);
#389=CIRCLE('',#3112,0.25);
#390=CIRCLE('',#3114,0.249999999999992);
#391=CIRCLE('',#3115,4.61650635094205);
#392=CIRCLE('',#3117,5.43923048453723);
#393=CIRCLE('',#3119,0.4);
#394=CIRCLE('',#3120,5.09282032302346);
#395=CIRCLE('',#3122,1.30717967696846);
#396=CIRCLE('',#3123,0.4);
#397=CIRCLE('',#3124,0.960769515454682);
#398=CIRCLE('',#3126,1.78349364904988);
#399=CIRCLE('',#3128,0.25);
#400=CIRCLE('',#3130,0.249999999999992);
#401=CIRCLE('',#3133,0.4);
#402=CIRCLE('',#3135,0.4);
#403=CIRCLE('',#3138,0.25);
#404=CIRCLE('',#3140,4.61650635093086);
#405=CIRCLE('',#3142,5.43923048452606);
#406=CIRCLE('',#3144,5.09282032301222);
#407=CIRCLE('',#3146,1.30717967695722);
#408=CIRCLE('',#3148,0.960769515443505);
#409=CIRCLE('',#3150,1.7834936490387);
#410=CIRCLE('',#3153,2.2);
#411=CIRCLE('',#3154,2.2);
#412=CIRCLE('',#3157,1.);
#413=CIRCLE('',#3159,1.);
#414=CIRCLE('',#3161,1.);
#415=CIRCLE('',#3162,1.);
#416=CIRCLE('',#3164,2.19999999999997);
#417=CIRCLE('',#3166,2.19999999999997);
#418=CIRCLE('',#3167,2.19999999999997);
#419=CIRCLE('',#3170,1.00000000000003);
#420=CIRCLE('',#3171,1.00000000000003);
#421=CIRCLE('',#3173,1.);
#422=CIRCLE('',#3174,1.);
#423=ORIENTED_EDGE('',*,*,#1103,.F.);
#424=ORIENTED_EDGE('',*,*,#1104,.F.);
#425=ORIENTED_EDGE('',*,*,#1105,.F.);
#426=ORIENTED_EDGE('',*,*,#1106,.F.);
#427=ORIENTED_EDGE('',*,*,#1107,.F.);
#428=ORIENTED_EDGE('',*,*,#1108,.F.);
#429=ORIENTED_EDGE('',*,*,#1109,.F.);
#430=ORIENTED_EDGE('',*,*,#1110,.F.);
#431=ORIENTED_EDGE('',*,*,#1111,.F.);
#432=ORIENTED_EDGE('',*,*,#1112,.F.);
#433=ORIENTED_EDGE('',*,*,#1113,.F.);
#434=ORIENTED_EDGE('',*,*,#1114,.F.);
#435=ORIENTED_EDGE('',*,*,#1115,.F.);
#436=ORIENTED_EDGE('',*,*,#1116,.F.);
#437=ORIENTED_EDGE('',*,*,#1117,.F.);
#438=ORIENTED_EDGE('',*,*,#1118,.F.);
#439=ORIENTED_EDGE('',*,*,#1119,.F.);
#440=ORIENTED_EDGE('',*,*,#1120,.F.);
#441=ORIENTED_EDGE('',*,*,#1121,.T.);
#442=ORIENTED_EDGE('',*,*,#1122,.F.);
#443=ORIENTED_EDGE('',*,*,#1123,.F.);
#444=ORIENTED_EDGE('',*,*,#1124,.T.);
#445=ORIENTED_EDGE('',*,*,#1125,.T.);
#446=ORIENTED_EDGE('',*,*,#1126,.T.);
#447=ORIENTED_EDGE('',*,*,#1127,.T.);
#448=ORIENTED_EDGE('',*,*,#1128,.T.);
#449=ORIENTED_EDGE('',*,*,#1129,.F.);
#450=ORIENTED_EDGE('',*,*,#1130,.T.);
#451=ORIENTED_EDGE('',*,*,#1131,.F.);
#452=ORIENTED_EDGE('',*,*,#1132,.T.);
#453=ORIENTED_EDGE('',*,*,#1133,.F.);
#454=ORIENTED_EDGE('',*,*,#1134,.T.);
#455=ORIENTED_EDGE('',*,*,#1135,.F.);
#456=ORIENTED_EDGE('',*,*,#1136,.F.);
#457=ORIENTED_EDGE('',*,*,#1137,.T.);
#458=ORIENTED_EDGE('',*,*,#1138,.T.);
#459=ORIENTED_EDGE('',*,*,#1139,.T.);
#460=ORIENTED_EDGE('',*,*,#1140,.F.);
#461=ORIENTED_EDGE('',*,*,#1141,.F.);
#462=ORIENTED_EDGE('',*,*,#1142,.T.);
#463=ORIENTED_EDGE('',*,*,#1143,.T.);
#464=ORIENTED_EDGE('',*,*,#1144,.T.);
#465=ORIENTED_EDGE('',*,*,#1145,.T.);
#466=ORIENTED_EDGE('',*,*,#1146,.T.);
#467=ORIENTED_EDGE('',*,*,#1147,.T.);
#468=ORIENTED_EDGE('',*,*,#1148,.T.);
#469=ORIENTED_EDGE('',*,*,#1149,.T.);
#470=ORIENTED_EDGE('',*,*,#1150,.T.);
#471=ORIENTED_EDGE('',*,*,#1151,.T.);
#472=ORIENTED_EDGE('',*,*,#1152,.T.);
#473=ORIENTED_EDGE('',*,*,#1153,.T.);
#474=ORIENTED_EDGE('',*,*,#1154,.T.);
#475=ORIENTED_EDGE('',*,*,#1155,.T.);
#476=ORIENTED_EDGE('',*,*,#1156,.T.);
#477=ORIENTED_EDGE('',*,*,#1157,.T.);
#478=ORIENTED_EDGE('',*,*,#1158,.T.);
#479=ORIENTED_EDGE('',*,*,#1159,.T.);
#480=ORIENTED_EDGE('',*,*,#1160,.T.);
#481=ORIENTED_EDGE('',*,*,#1161,.T.);
#482=ORIENTED_EDGE('',*,*,#1162,.T.);
#483=ORIENTED_EDGE('',*,*,#1163,.T.);
#484=ORIENTED_EDGE('',*,*,#1164,.T.);
#485=ORIENTED_EDGE('',*,*,#1165,.T.);
#486=ORIENTED_EDGE('',*,*,#1166,.T.);
#487=ORIENTED_EDGE('',*,*,#1167,.T.);
#488=ORIENTED_EDGE('',*,*,#1168,.T.);
#489=ORIENTED_EDGE('',*,*,#1169,.T.);
#490=ORIENTED_EDGE('',*,*,#1170,.T.);
#491=ORIENTED_EDGE('',*,*,#1171,.T.);
#492=ORIENTED_EDGE('',*,*,#1172,.T.);
#493=ORIENTED_EDGE('',*,*,#1173,.F.);
#494=ORIENTED_EDGE('',*,*,#1174,.F.);
#495=ORIENTED_EDGE('',*,*,#1175,.F.);
#496=ORIENTED_EDGE('',*,*,#1176,.F.);
#497=ORIENTED_EDGE('',*,*,#1177,.F.);
#498=ORIENTED_EDGE('',*,*,#1178,.F.);
#499=ORIENTED_EDGE('',*,*,#1179,.F.);
#500=ORIENTED_EDGE('',*,*,#1180,.F.);
#501=ORIENTED_EDGE('',*,*,#1181,.F.);
#502=ORIENTED_EDGE('',*,*,#1182,.F.);
#503=ORIENTED_EDGE('',*,*,#1183,.F.);
#504=ORIENTED_EDGE('',*,*,#1184,.T.);
#505=ORIENTED_EDGE('',*,*,#1185,.T.);
#506=ORIENTED_EDGE('',*,*,#1186,.T.);
#507=ORIENTED_EDGE('',*,*,#1187,.T.);
#508=ORIENTED_EDGE('',*,*,#1188,.T.);
#509=ORIENTED_EDGE('',*,*,#1189,.T.);
#510=ORIENTED_EDGE('',*,*,#1190,.T.);
#511=ORIENTED_EDGE('',*,*,#1191,.T.);
#512=ORIENTED_EDGE('',*,*,#1192,.F.);
#513=ORIENTED_EDGE('',*,*,#1193,.F.);
#514=ORIENTED_EDGE('',*,*,#1194,.F.);
#515=ORIENTED_EDGE('',*,*,#1195,.F.);
#516=ORIENTED_EDGE('',*,*,#1196,.F.);
#517=ORIENTED_EDGE('',*,*,#1197,.F.);
#518=ORIENTED_EDGE('',*,*,#1198,.F.);
#519=ORIENTED_EDGE('',*,*,#1199,.F.);
#520=ORIENTED_EDGE('',*,*,#1200,.F.);
#521=ORIENTED_EDGE('',*,*,#1201,.F.);
#522=ORIENTED_EDGE('',*,*,#1202,.F.);
#523=ORIENTED_EDGE('',*,*,#1203,.F.);
#524=ORIENTED_EDGE('',*,*,#1204,.F.);
#525=ORIENTED_EDGE('',*,*,#1205,.F.);
#526=ORIENTED_EDGE('',*,*,#1206,.F.);
#527=ORIENTED_EDGE('',*,*,#1207,.F.);
#528=ORIENTED_EDGE('',*,*,#1208,.F.);
#529=ORIENTED_EDGE('',*,*,#1209,.F.);
#530=ORIENTED_EDGE('',*,*,#1210,.F.);
#531=ORIENTED_EDGE('',*,*,#1211,.F.);
#532=ORIENTED_EDGE('',*,*,#1212,.F.);
#533=ORIENTED_EDGE('',*,*,#1213,.F.);
#534=ORIENTED_EDGE('',*,*,#1214,.F.);
#535=ORIENTED_EDGE('',*,*,#1215,.F.);
#536=ORIENTED_EDGE('',*,*,#1216,.F.);
#537=ORIENTED_EDGE('',*,*,#1217,.F.);
#538=ORIENTED_EDGE('',*,*,#1218,.T.);
#539=ORIENTED_EDGE('',*,*,#1219,.T.);
#540=ORIENTED_EDGE('',*,*,#1220,.T.);
#541=ORIENTED_EDGE('',*,*,#1221,.T.);
#542=ORIENTED_EDGE('',*,*,#1222,.T.);
#543=ORIENTED_EDGE('',*,*,#1223,.T.);
#544=ORIENTED_EDGE('',*,*,#1224,.T.);
#545=ORIENTED_EDGE('',*,*,#1225,.T.);
#546=ORIENTED_EDGE('',*,*,#1226,.T.);
#547=ORIENTED_EDGE('',*,*,#1227,.T.);
#548=ORIENTED_EDGE('',*,*,#1228,.T.);
#549=ORIENTED_EDGE('',*,*,#1229,.T.);
#550=ORIENTED_EDGE('',*,*,#1230,.F.);
#551=ORIENTED_EDGE('',*,*,#1231,.F.);
#552=ORIENTED_EDGE('',*,*,#1232,.F.);
#553=ORIENTED_EDGE('',*,*,#1233,.F.);
#554=ORIENTED_EDGE('',*,*,#1234,.F.);
#555=ORIENTED_EDGE('',*,*,#1235,.F.);
#556=ORIENTED_EDGE('',*,*,#1236,.F.);
#557=ORIENTED_EDGE('',*,*,#1237,.F.);
#558=ORIENTED_EDGE('',*,*,#1238,.F.);
#559=ORIENTED_EDGE('',*,*,#1239,.F.);
#560=ORIENTED_EDGE('',*,*,#1226,.F.);
#561=ORIENTED_EDGE('',*,*,#1240,.F.);
#562=ORIENTED_EDGE('',*,*,#1177,.T.);
#563=ORIENTED_EDGE('',*,*,#1241,.T.);
#564=ORIENTED_EDGE('',*,*,#1242,.T.);
#565=ORIENTED_EDGE('',*,*,#1243,.T.);
#566=ORIENTED_EDGE('',*,*,#1228,.F.);
#567=ORIENTED_EDGE('',*,*,#1244,.F.);
#568=ORIENTED_EDGE('',*,*,#1179,.T.);
#569=ORIENTED_EDGE('',*,*,#1245,.T.);
#570=ORIENTED_EDGE('',*,*,#1246,.T.);
#571=ORIENTED_EDGE('',*,*,#1247,.F.);
#572=ORIENTED_EDGE('',*,*,#1248,.F.);
#573=ORIENTED_EDGE('',*,*,#1249,.F.);
#574=ORIENTED_EDGE('',*,*,#1250,.F.);
#575=ORIENTED_EDGE('',*,*,#1251,.F.);
#576=ORIENTED_EDGE('',*,*,#1252,.F.);
#577=ORIENTED_EDGE('',*,*,#1253,.F.);
#578=ORIENTED_EDGE('',*,*,#1254,.F.);
#579=ORIENTED_EDGE('',*,*,#1122,.T.);
#580=ORIENTED_EDGE('',*,*,#1255,.T.);
#581=ORIENTED_EDGE('',*,*,#1256,.T.);
#582=ORIENTED_EDGE('',*,*,#1257,.T.);
#583=ORIENTED_EDGE('',*,*,#1227,.F.);
#584=ORIENTED_EDGE('',*,*,#1241,.F.);
#585=ORIENTED_EDGE('',*,*,#1180,.T.);
#586=ORIENTED_EDGE('',*,*,#1244,.T.);
#587=ORIENTED_EDGE('',*,*,#1258,.F.);
#588=ORIENTED_EDGE('',*,*,#1259,.T.);
#589=ORIENTED_EDGE('',*,*,#1255,.F.);
#590=ORIENTED_EDGE('',*,*,#1121,.F.);
#591=ORIENTED_EDGE('',*,*,#1135,.T.);
#592=ORIENTED_EDGE('',*,*,#1133,.T.);
#593=ORIENTED_EDGE('',*,*,#1131,.T.);
#594=ORIENTED_EDGE('',*,*,#1129,.T.);
#595=ORIENTED_EDGE('',*,*,#1260,.F.);
#596=ORIENTED_EDGE('',*,*,#1261,.F.);
#597=ORIENTED_EDGE('',*,*,#1262,.F.);
#598=ORIENTED_EDGE('',*,*,#1263,.F.);
#599=ORIENTED_EDGE('',*,*,#1264,.F.);
#600=ORIENTED_EDGE('',*,*,#1265,.F.);
#601=ORIENTED_EDGE('',*,*,#1266,.T.);
#602=ORIENTED_EDGE('',*,*,#1256,.F.);
#603=ORIENTED_EDGE('',*,*,#1259,.F.);
#604=ORIENTED_EDGE('',*,*,#1267,.F.);
#605=ORIENTED_EDGE('',*,*,#1123,.T.);
#606=ORIENTED_EDGE('',*,*,#1257,.F.);
#607=ORIENTED_EDGE('',*,*,#1266,.F.);
#608=ORIENTED_EDGE('',*,*,#1229,.F.);
#609=ORIENTED_EDGE('',*,*,#1245,.F.);
#610=ORIENTED_EDGE('',*,*,#1178,.T.);
#611=ORIENTED_EDGE('',*,*,#1240,.T.);
#612=ORIENTED_EDGE('',*,*,#1174,.T.);
#613=ORIENTED_EDGE('',*,*,#1268,.F.);
#614=ORIENTED_EDGE('',*,*,#1269,.F.);
#615=ORIENTED_EDGE('',*,*,#1270,.T.);
#616=ORIENTED_EDGE('',*,*,#1173,.T.);
#617=ORIENTED_EDGE('',*,*,#1271,.F.);
#618=ORIENTED_EDGE('',*,*,#1272,.F.);
#619=ORIENTED_EDGE('',*,*,#1268,.T.);
#620=ORIENTED_EDGE('',*,*,#1176,.T.);
#621=ORIENTED_EDGE('',*,*,#1273,.F.);
#622=ORIENTED_EDGE('',*,*,#1274,.F.);
#623=ORIENTED_EDGE('',*,*,#1271,.T.);
#624=ORIENTED_EDGE('',*,*,#1175,.T.);
#625=ORIENTED_EDGE('',*,*,#1270,.F.);
#626=ORIENTED_EDGE('',*,*,#1275,.F.);
#627=ORIENTED_EDGE('',*,*,#1273,.T.);
#628=ORIENTED_EDGE('',*,*,#1120,.T.);
#629=ORIENTED_EDGE('',*,*,#1267,.T.);
#630=ORIENTED_EDGE('',*,*,#1265,.T.);
#631=ORIENTED_EDGE('',*,*,#1258,.T.);
#632=ORIENTED_EDGE('',*,*,#1269,.T.);
#633=ORIENTED_EDGE('',*,*,#1272,.T.);
#634=ORIENTED_EDGE('',*,*,#1274,.T.);
#635=ORIENTED_EDGE('',*,*,#1275,.T.);
#636=ORIENTED_EDGE('',*,*,#1276,.T.);
#637=ORIENTED_EDGE('',*,*,#1277,.T.);
#638=ORIENTED_EDGE('',*,*,#1220,.F.);
#639=ORIENTED_EDGE('',*,*,#1278,.F.);
#640=ORIENTED_EDGE('',*,*,#1279,.T.);
#641=ORIENTED_EDGE('',*,*,#1280,.T.);
#642=ORIENTED_EDGE('',*,*,#1276,.F.);
#643=ORIENTED_EDGE('',*,*,#1281,.F.);
#644=ORIENTED_EDGE('',*,*,#1282,.T.);
#645=ORIENTED_EDGE('',*,*,#1283,.T.);
#646=ORIENTED_EDGE('',*,*,#1279,.F.);
#647=ORIENTED_EDGE('',*,*,#1284,.F.);
#648=ORIENTED_EDGE('',*,*,#1285,.T.);
#649=ORIENTED_EDGE('',*,*,#1286,.T.);
#650=ORIENTED_EDGE('',*,*,#1287,.F.);
#651=ORIENTED_EDGE('',*,*,#1288,.F.);
#652=ORIENTED_EDGE('',*,*,#1289,.T.);
#653=ORIENTED_EDGE('',*,*,#1290,.T.);
#654=ORIENTED_EDGE('',*,*,#1285,.F.);
#655=ORIENTED_EDGE('',*,*,#1291,.F.);
#656=ORIENTED_EDGE('',*,*,#1254,.T.);
#657=ORIENTED_EDGE('',*,*,#1292,.T.);
#658=ORIENTED_EDGE('',*,*,#1289,.F.);
#659=ORIENTED_EDGE('',*,*,#1293,.F.);
#660=ORIENTED_EDGE('',*,*,#1278,.T.);
#661=ORIENTED_EDGE('',*,*,#1219,.F.);
#662=ORIENTED_EDGE('',*,*,#1294,.F.);
#663=ORIENTED_EDGE('',*,*,#1295,.T.);
#664=ORIENTED_EDGE('',*,*,#1295,.F.);
#665=ORIENTED_EDGE('',*,*,#1296,.F.);
#666=ORIENTED_EDGE('',*,*,#1297,.T.);
#667=ORIENTED_EDGE('',*,*,#1281,.T.);
#668=ORIENTED_EDGE('',*,*,#1297,.F.);
#669=ORIENTED_EDGE('',*,*,#1298,.F.);
#670=ORIENTED_EDGE('',*,*,#1299,.T.);
#671=ORIENTED_EDGE('',*,*,#1284,.T.);
#672=ORIENTED_EDGE('',*,*,#1300,.F.);
#673=ORIENTED_EDGE('',*,*,#1301,.F.);
#674=ORIENTED_EDGE('',*,*,#1302,.T.);
#675=ORIENTED_EDGE('',*,*,#1288,.T.);
#676=ORIENTED_EDGE('',*,*,#1302,.F.);
#677=ORIENTED_EDGE('',*,*,#1303,.F.);
#678=ORIENTED_EDGE('',*,*,#1304,.T.);
#679=ORIENTED_EDGE('',*,*,#1291,.T.);
#680=ORIENTED_EDGE('',*,*,#1304,.F.);
#681=ORIENTED_EDGE('',*,*,#1305,.F.);
#682=ORIENTED_EDGE('',*,*,#1247,.T.);
#683=ORIENTED_EDGE('',*,*,#1293,.T.);
#684=ORIENTED_EDGE('',*,*,#1294,.T.);
#685=ORIENTED_EDGE('',*,*,#1218,.F.);
#686=ORIENTED_EDGE('',*,*,#1306,.F.);
#687=ORIENTED_EDGE('',*,*,#1307,.T.);
#688=ORIENTED_EDGE('',*,*,#1307,.F.);
#689=ORIENTED_EDGE('',*,*,#1308,.F.);
#690=ORIENTED_EDGE('',*,*,#1309,.T.);
#691=ORIENTED_EDGE('',*,*,#1296,.T.);
#692=ORIENTED_EDGE('',*,*,#1309,.F.);
#693=ORIENTED_EDGE('',*,*,#1310,.F.);
#694=ORIENTED_EDGE('',*,*,#1311,.T.);
#695=ORIENTED_EDGE('',*,*,#1298,.T.);
#696=ORIENTED_EDGE('',*,*,#1312,.F.);
#697=ORIENTED_EDGE('',*,*,#1313,.F.);
#698=ORIENTED_EDGE('',*,*,#1314,.T.);
#699=ORIENTED_EDGE('',*,*,#1301,.T.);
#700=ORIENTED_EDGE('',*,*,#1314,.F.);
#701=ORIENTED_EDGE('',*,*,#1315,.F.);
#702=ORIENTED_EDGE('',*,*,#1316,.T.);
#703=ORIENTED_EDGE('',*,*,#1303,.T.);
#704=ORIENTED_EDGE('',*,*,#1316,.F.);
#705=ORIENTED_EDGE('',*,*,#1317,.F.);
#706=ORIENTED_EDGE('',*,*,#1248,.T.);
#707=ORIENTED_EDGE('',*,*,#1305,.T.);
#708=ORIENTED_EDGE('',*,*,#1306,.T.);
#709=ORIENTED_EDGE('',*,*,#1225,.F.);
#710=ORIENTED_EDGE('',*,*,#1318,.F.);
#711=ORIENTED_EDGE('',*,*,#1319,.T.);
#712=ORIENTED_EDGE('',*,*,#1319,.F.);
#713=ORIENTED_EDGE('',*,*,#1320,.F.);
#714=ORIENTED_EDGE('',*,*,#1321,.T.);
#715=ORIENTED_EDGE('',*,*,#1308,.T.);
#716=ORIENTED_EDGE('',*,*,#1321,.F.);
#717=ORIENTED_EDGE('',*,*,#1322,.F.);
#718=ORIENTED_EDGE('',*,*,#1323,.T.);
#719=ORIENTED_EDGE('',*,*,#1310,.T.);
#720=ORIENTED_EDGE('',*,*,#1324,.F.);
#721=ORIENTED_EDGE('',*,*,#1325,.F.);
#722=ORIENTED_EDGE('',*,*,#1326,.T.);
#723=ORIENTED_EDGE('',*,*,#1313,.T.);
#724=ORIENTED_EDGE('',*,*,#1326,.F.);
#725=ORIENTED_EDGE('',*,*,#1327,.F.);
#726=ORIENTED_EDGE('',*,*,#1328,.T.);
#727=ORIENTED_EDGE('',*,*,#1315,.T.);
#728=ORIENTED_EDGE('',*,*,#1328,.F.);
#729=ORIENTED_EDGE('',*,*,#1329,.F.);
#730=ORIENTED_EDGE('',*,*,#1249,.T.);
#731=ORIENTED_EDGE('',*,*,#1317,.T.);
#732=ORIENTED_EDGE('',*,*,#1318,.T.);
#733=ORIENTED_EDGE('',*,*,#1224,.F.);
#734=ORIENTED_EDGE('',*,*,#1330,.F.);
#735=ORIENTED_EDGE('',*,*,#1331,.T.);
#736=ORIENTED_EDGE('',*,*,#1331,.F.);
#737=ORIENTED_EDGE('',*,*,#1332,.F.);
#738=ORIENTED_EDGE('',*,*,#1333,.T.);
#739=ORIENTED_EDGE('',*,*,#1320,.T.);
#740=ORIENTED_EDGE('',*,*,#1333,.F.);
#741=ORIENTED_EDGE('',*,*,#1334,.F.);
#742=ORIENTED_EDGE('',*,*,#1335,.T.);
#743=ORIENTED_EDGE('',*,*,#1322,.T.);
#744=ORIENTED_EDGE('',*,*,#1336,.F.);
#745=ORIENTED_EDGE('',*,*,#1337,.F.);
#746=ORIENTED_EDGE('',*,*,#1338,.T.);
#747=ORIENTED_EDGE('',*,*,#1325,.T.);
#748=ORIENTED_EDGE('',*,*,#1338,.F.);
#749=ORIENTED_EDGE('',*,*,#1339,.F.);
#750=ORIENTED_EDGE('',*,*,#1340,.T.);
#751=ORIENTED_EDGE('',*,*,#1327,.T.);
#752=ORIENTED_EDGE('',*,*,#1340,.F.);
#753=ORIENTED_EDGE('',*,*,#1341,.F.);
#754=ORIENTED_EDGE('',*,*,#1250,.T.);
#755=ORIENTED_EDGE('',*,*,#1329,.T.);
#756=ORIENTED_EDGE('',*,*,#1330,.T.);
#757=ORIENTED_EDGE('',*,*,#1223,.F.);
#758=ORIENTED_EDGE('',*,*,#1342,.F.);
#759=ORIENTED_EDGE('',*,*,#1343,.T.);
#760=ORIENTED_EDGE('',*,*,#1343,.F.);
#761=ORIENTED_EDGE('',*,*,#1344,.F.);
#762=ORIENTED_EDGE('',*,*,#1345,.T.);
#763=ORIENTED_EDGE('',*,*,#1332,.T.);
#764=ORIENTED_EDGE('',*,*,#1345,.F.);
#765=ORIENTED_EDGE('',*,*,#1346,.F.);
#766=ORIENTED_EDGE('',*,*,#1347,.T.);
#767=ORIENTED_EDGE('',*,*,#1334,.T.);
#768=ORIENTED_EDGE('',*,*,#1348,.F.);
#769=ORIENTED_EDGE('',*,*,#1349,.F.);
#770=ORIENTED_EDGE('',*,*,#1350,.T.);
#771=ORIENTED_EDGE('',*,*,#1337,.T.);
#772=ORIENTED_EDGE('',*,*,#1350,.F.);
#773=ORIENTED_EDGE('',*,*,#1351,.F.);
#774=ORIENTED_EDGE('',*,*,#1352,.T.);
#775=ORIENTED_EDGE('',*,*,#1339,.T.);
#776=ORIENTED_EDGE('',*,*,#1352,.F.);
#777=ORIENTED_EDGE('',*,*,#1353,.F.);
#778=ORIENTED_EDGE('',*,*,#1251,.T.);
#779=ORIENTED_EDGE('',*,*,#1341,.T.);
#780=ORIENTED_EDGE('',*,*,#1342,.T.);
#781=ORIENTED_EDGE('',*,*,#1222,.F.);
#782=ORIENTED_EDGE('',*,*,#1354,.F.);
#783=ORIENTED_EDGE('',*,*,#1355,.T.);
#784=ORIENTED_EDGE('',*,*,#1355,.F.);
#785=ORIENTED_EDGE('',*,*,#1356,.F.);
#786=ORIENTED_EDGE('',*,*,#1357,.T.);
#787=ORIENTED_EDGE('',*,*,#1344,.T.);
#788=ORIENTED_EDGE('',*,*,#1357,.F.);
#789=ORIENTED_EDGE('',*,*,#1358,.F.);
#790=ORIENTED_EDGE('',*,*,#1359,.T.);
#791=ORIENTED_EDGE('',*,*,#1346,.T.);
#792=ORIENTED_EDGE('',*,*,#1360,.F.);
#793=ORIENTED_EDGE('',*,*,#1361,.F.);
#794=ORIENTED_EDGE('',*,*,#1362,.T.);
#795=ORIENTED_EDGE('',*,*,#1349,.T.);
#796=ORIENTED_EDGE('',*,*,#1362,.F.);
#797=ORIENTED_EDGE('',*,*,#1363,.F.);
#798=ORIENTED_EDGE('',*,*,#1364,.T.);
#799=ORIENTED_EDGE('',*,*,#1351,.T.);
#800=ORIENTED_EDGE('',*,*,#1364,.F.);
#801=ORIENTED_EDGE('',*,*,#1365,.F.);
#802=ORIENTED_EDGE('',*,*,#1252,.T.);
#803=ORIENTED_EDGE('',*,*,#1353,.T.);
#804=ORIENTED_EDGE('',*,*,#1354,.T.);
#805=ORIENTED_EDGE('',*,*,#1221,.F.);
#806=ORIENTED_EDGE('',*,*,#1277,.F.);
#807=ORIENTED_EDGE('',*,*,#1366,.T.);
#808=ORIENTED_EDGE('',*,*,#1366,.F.);
#809=ORIENTED_EDGE('',*,*,#1280,.F.);
#810=ORIENTED_EDGE('',*,*,#1367,.T.);
#811=ORIENTED_EDGE('',*,*,#1356,.T.);
#812=ORIENTED_EDGE('',*,*,#1367,.F.);
#813=ORIENTED_EDGE('',*,*,#1283,.F.);
#814=ORIENTED_EDGE('',*,*,#1368,.T.);
#815=ORIENTED_EDGE('',*,*,#1358,.T.);
#816=ORIENTED_EDGE('',*,*,#1282,.F.);
#817=ORIENTED_EDGE('',*,*,#1299,.F.);
#818=ORIENTED_EDGE('',*,*,#1311,.F.);
#819=ORIENTED_EDGE('',*,*,#1323,.F.);
#820=ORIENTED_EDGE('',*,*,#1335,.F.);
#821=ORIENTED_EDGE('',*,*,#1347,.F.);
#822=ORIENTED_EDGE('',*,*,#1359,.F.);
#823=ORIENTED_EDGE('',*,*,#1368,.F.);
#824=ORIENTED_EDGE('',*,*,#1369,.T.);
#825=ORIENTED_EDGE('',*,*,#1360,.T.);
#826=ORIENTED_EDGE('',*,*,#1348,.T.);
#827=ORIENTED_EDGE('',*,*,#1336,.T.);
#828=ORIENTED_EDGE('',*,*,#1324,.T.);
#829=ORIENTED_EDGE('',*,*,#1312,.T.);
#830=ORIENTED_EDGE('',*,*,#1300,.T.);
#831=ORIENTED_EDGE('',*,*,#1287,.T.);
#832=ORIENTED_EDGE('',*,*,#1369,.F.);
#833=ORIENTED_EDGE('',*,*,#1286,.F.);
#834=ORIENTED_EDGE('',*,*,#1370,.T.);
#835=ORIENTED_EDGE('',*,*,#1361,.T.);
#836=ORIENTED_EDGE('',*,*,#1370,.F.);
#837=ORIENTED_EDGE('',*,*,#1290,.F.);
#838=ORIENTED_EDGE('',*,*,#1371,.T.);
#839=ORIENTED_EDGE('',*,*,#1363,.T.);
#840=ORIENTED_EDGE('',*,*,#1371,.F.);
#841=ORIENTED_EDGE('',*,*,#1292,.F.);
#842=ORIENTED_EDGE('',*,*,#1253,.T.);
#843=ORIENTED_EDGE('',*,*,#1365,.T.);
#844=ORIENTED_EDGE('',*,*,#1246,.F.);
#845=ORIENTED_EDGE('',*,*,#1372,.F.);
#846=ORIENTED_EDGE('',*,*,#1373,.F.);
#847=ORIENTED_EDGE('',*,*,#1372,.T.);
#848=ORIENTED_EDGE('',*,*,#1374,.T.);
#849=ORIENTED_EDGE('',*,*,#1375,.F.);
#850=ORIENTED_EDGE('',*,*,#1376,.T.);
#851=ORIENTED_EDGE('',*,*,#1377,.T.);
#852=ORIENTED_EDGE('',*,*,#1378,.T.);
#853=ORIENTED_EDGE('',*,*,#1379,.T.);
#854=ORIENTED_EDGE('',*,*,#1380,.T.);
#855=ORIENTED_EDGE('',*,*,#1381,.T.);
#856=ORIENTED_EDGE('',*,*,#1382,.T.);
#857=ORIENTED_EDGE('',*,*,#1383,.T.);
#858=ORIENTED_EDGE('',*,*,#1384,.T.);
#859=ORIENTED_EDGE('',*,*,#1375,.T.);
#860=ORIENTED_EDGE('',*,*,#1385,.F.);
#861=ORIENTED_EDGE('',*,*,#1386,.T.);
#862=ORIENTED_EDGE('',*,*,#1387,.T.);
#863=ORIENTED_EDGE('',*,*,#1385,.T.);
#864=ORIENTED_EDGE('',*,*,#1388,.F.);
#865=ORIENTED_EDGE('',*,*,#1387,.F.);
#866=ORIENTED_EDGE('',*,*,#1389,.F.);
#867=ORIENTED_EDGE('',*,*,#1373,.T.);
#868=ORIENTED_EDGE('',*,*,#1389,.T.);
#869=ORIENTED_EDGE('',*,*,#1386,.F.);
#870=ORIENTED_EDGE('',*,*,#1388,.T.);
#871=ORIENTED_EDGE('',*,*,#1374,.F.);
#872=ORIENTED_EDGE('',*,*,#1243,.F.);
#873=ORIENTED_EDGE('',*,*,#1390,.T.);
#874=ORIENTED_EDGE('',*,*,#1391,.T.);
#875=ORIENTED_EDGE('',*,*,#1392,.T.);
#876=ORIENTED_EDGE('',*,*,#1390,.F.);
#877=ORIENTED_EDGE('',*,*,#1242,.F.);
#878=ORIENTED_EDGE('',*,*,#1392,.F.);
#879=ORIENTED_EDGE('',*,*,#1393,.T.);
#880=ORIENTED_EDGE('',*,*,#1394,.T.);
#881=ORIENTED_EDGE('',*,*,#1395,.T.);
#882=ORIENTED_EDGE('',*,*,#1396,.T.);
#883=ORIENTED_EDGE('',*,*,#1397,.T.);
#884=ORIENTED_EDGE('',*,*,#1398,.T.);
#885=ORIENTED_EDGE('',*,*,#1399,.T.);
#886=ORIENTED_EDGE('',*,*,#1400,.T.);
#887=ORIENTED_EDGE('',*,*,#1401,.T.);
#888=ORIENTED_EDGE('',*,*,#1402,.T.);
#889=ORIENTED_EDGE('',*,*,#1403,.T.);
#890=ORIENTED_EDGE('',*,*,#1404,.T.);
#891=ORIENTED_EDGE('',*,*,#1405,.T.);
#892=ORIENTED_EDGE('',*,*,#1406,.T.);
#893=ORIENTED_EDGE('',*,*,#1407,.T.);
#894=ORIENTED_EDGE('',*,*,#1408,.T.);
#895=ORIENTED_EDGE('',*,*,#1409,.T.);
#896=ORIENTED_EDGE('',*,*,#1410,.T.);
#897=ORIENTED_EDGE('',*,*,#1411,.T.);
#898=ORIENTED_EDGE('',*,*,#1412,.T.);
#899=ORIENTED_EDGE('',*,*,#1413,.T.);
#900=ORIENTED_EDGE('',*,*,#1414,.T.);
#901=ORIENTED_EDGE('',*,*,#1412,.F.);
#902=ORIENTED_EDGE('',*,*,#1415,.F.);
#903=ORIENTED_EDGE('',*,*,#1414,.F.);
#904=ORIENTED_EDGE('',*,*,#1416,.F.);
#905=ORIENTED_EDGE('',*,*,#1393,.F.);
#906=ORIENTED_EDGE('',*,*,#1416,.T.);
#907=ORIENTED_EDGE('',*,*,#1413,.F.);
#908=ORIENTED_EDGE('',*,*,#1415,.T.);
#909=ORIENTED_EDGE('',*,*,#1391,.F.);
#910=ORIENTED_EDGE('',*,*,#1217,.T.);
#911=ORIENTED_EDGE('',*,*,#1172,.F.);
#912=ORIENTED_EDGE('',*,*,#1216,.T.);
#913=ORIENTED_EDGE('',*,*,#1171,.F.);
#914=ORIENTED_EDGE('',*,*,#1215,.T.);
#915=ORIENTED_EDGE('',*,*,#1170,.F.);
#916=ORIENTED_EDGE('',*,*,#1214,.T.);
#917=ORIENTED_EDGE('',*,*,#1169,.F.);
#918=ORIENTED_EDGE('',*,*,#1213,.T.);
#919=ORIENTED_EDGE('',*,*,#1168,.F.);
#920=ORIENTED_EDGE('',*,*,#1212,.T.);
#921=ORIENTED_EDGE('',*,*,#1167,.F.);
#922=ORIENTED_EDGE('',*,*,#1211,.T.);
#923=ORIENTED_EDGE('',*,*,#1166,.F.);
#924=ORIENTED_EDGE('',*,*,#1210,.T.);
#925=ORIENTED_EDGE('',*,*,#1165,.F.);
#926=ORIENTED_EDGE('',*,*,#1209,.T.);
#927=ORIENTED_EDGE('',*,*,#1164,.F.);
#928=ORIENTED_EDGE('',*,*,#1208,.T.);
#929=ORIENTED_EDGE('',*,*,#1163,.F.);
#930=ORIENTED_EDGE('',*,*,#1207,.T.);
#931=ORIENTED_EDGE('',*,*,#1162,.F.);
#932=ORIENTED_EDGE('',*,*,#1206,.T.);
#933=ORIENTED_EDGE('',*,*,#1161,.F.);
#934=ORIENTED_EDGE('',*,*,#1205,.T.);
#935=ORIENTED_EDGE('',*,*,#1160,.F.);
#936=ORIENTED_EDGE('',*,*,#1204,.T.);
#937=ORIENTED_EDGE('',*,*,#1159,.F.);
#938=ORIENTED_EDGE('',*,*,#1203,.T.);
#939=ORIENTED_EDGE('',*,*,#1158,.F.);
#940=ORIENTED_EDGE('',*,*,#1202,.T.);
#941=ORIENTED_EDGE('',*,*,#1157,.F.);
#942=ORIENTED_EDGE('',*,*,#1201,.T.);
#943=ORIENTED_EDGE('',*,*,#1156,.F.);
#944=ORIENTED_EDGE('',*,*,#1200,.T.);
#945=ORIENTED_EDGE('',*,*,#1155,.F.);
#946=ORIENTED_EDGE('',*,*,#1199,.T.);
#947=ORIENTED_EDGE('',*,*,#1154,.F.);
#948=ORIENTED_EDGE('',*,*,#1198,.T.);
#949=ORIENTED_EDGE('',*,*,#1153,.F.);
#950=ORIENTED_EDGE('',*,*,#1197,.T.);
#951=ORIENTED_EDGE('',*,*,#1152,.F.);
#952=ORIENTED_EDGE('',*,*,#1196,.T.);
#953=ORIENTED_EDGE('',*,*,#1151,.F.);
#954=ORIENTED_EDGE('',*,*,#1195,.T.);
#955=ORIENTED_EDGE('',*,*,#1150,.F.);
#956=ORIENTED_EDGE('',*,*,#1194,.T.);
#957=ORIENTED_EDGE('',*,*,#1149,.F.);
#958=ORIENTED_EDGE('',*,*,#1193,.T.);
#959=ORIENTED_EDGE('',*,*,#1148,.F.);
#960=ORIENTED_EDGE('',*,*,#1192,.T.);
#961=ORIENTED_EDGE('',*,*,#1147,.F.);
#962=ORIENTED_EDGE('',*,*,#1191,.F.);
#963=ORIENTED_EDGE('',*,*,#1146,.F.);
#964=ORIENTED_EDGE('',*,*,#1190,.F.);
#965=ORIENTED_EDGE('',*,*,#1145,.F.);
#966=ORIENTED_EDGE('',*,*,#1189,.F.);
#967=ORIENTED_EDGE('',*,*,#1144,.F.);
#968=ORIENTED_EDGE('',*,*,#1188,.F.);
#969=ORIENTED_EDGE('',*,*,#1143,.F.);
#970=ORIENTED_EDGE('',*,*,#1187,.F.);
#971=ORIENTED_EDGE('',*,*,#1142,.F.);
#972=ORIENTED_EDGE('',*,*,#1230,.T.);
#973=ORIENTED_EDGE('',*,*,#1141,.T.);
#974=ORIENTED_EDGE('',*,*,#1231,.T.);
#975=ORIENTED_EDGE('',*,*,#1181,.T.);
#976=ORIENTED_EDGE('',*,*,#1232,.T.);
#977=ORIENTED_EDGE('',*,*,#1140,.T.);
#978=ORIENTED_EDGE('',*,*,#1233,.T.);
#979=ORIENTED_EDGE('',*,*,#1182,.T.);
#980=ORIENTED_EDGE('',*,*,#1186,.F.);
#981=ORIENTED_EDGE('',*,*,#1139,.F.);
#982=ORIENTED_EDGE('',*,*,#1185,.F.);
#983=ORIENTED_EDGE('',*,*,#1138,.F.);
#984=ORIENTED_EDGE('',*,*,#1184,.F.);
#985=ORIENTED_EDGE('',*,*,#1137,.F.);
#986=ORIENTED_EDGE('',*,*,#1234,.T.);
#987=ORIENTED_EDGE('',*,*,#1136,.T.);
#988=ORIENTED_EDGE('',*,*,#1235,.T.);
#989=ORIENTED_EDGE('',*,*,#1183,.T.);
#990=ORIENTED_EDGE('',*,*,#1417,.T.);
#991=ORIENTED_EDGE('',*,*,#1119,.T.);
#992=ORIENTED_EDGE('',*,*,#1418,.T.);
#993=ORIENTED_EDGE('',*,*,#1118,.T.);
#994=ORIENTED_EDGE('',*,*,#1419,.T.);
#995=ORIENTED_EDGE('',*,*,#1117,.T.);
#996=ORIENTED_EDGE('',*,*,#1420,.T.);
#997=ORIENTED_EDGE('',*,*,#1116,.T.);
#998=ORIENTED_EDGE('',*,*,#1421,.T.);
#999=ORIENTED_EDGE('',*,*,#1115,.T.);
#1000=ORIENTED_EDGE('',*,*,#1422,.T.);
#1001=ORIENTED_EDGE('',*,*,#1114,.T.);
#1002=ORIENTED_EDGE('',*,*,#1423,.T.);
#1003=ORIENTED_EDGE('',*,*,#1113,.T.);
#1004=ORIENTED_EDGE('',*,*,#1424,.T.);
#1005=ORIENTED_EDGE('',*,*,#1112,.T.);
#1006=ORIENTED_EDGE('',*,*,#1425,.T.);
#1007=ORIENTED_EDGE('',*,*,#1111,.T.);
#1008=ORIENTED_EDGE('',*,*,#1411,.F.);
#1009=ORIENTED_EDGE('',*,*,#1410,.F.);
#1010=ORIENTED_EDGE('',*,*,#1417,.F.);
#1011=ORIENTED_EDGE('',*,*,#1409,.F.);
#1012=ORIENTED_EDGE('',*,*,#1425,.F.);
#1013=ORIENTED_EDGE('',*,*,#1408,.F.);
#1014=ORIENTED_EDGE('',*,*,#1424,.F.);
#1015=ORIENTED_EDGE('',*,*,#1407,.F.);
#1016=ORIENTED_EDGE('',*,*,#1423,.F.);
#1017=ORIENTED_EDGE('',*,*,#1406,.F.);
#1018=ORIENTED_EDGE('',*,*,#1422,.F.);
#1019=ORIENTED_EDGE('',*,*,#1405,.F.);
#1020=ORIENTED_EDGE('',*,*,#1421,.F.);
#1021=ORIENTED_EDGE('',*,*,#1404,.F.);
#1022=ORIENTED_EDGE('',*,*,#1420,.F.);
#1023=ORIENTED_EDGE('',*,*,#1403,.F.);
#1024=ORIENTED_EDGE('',*,*,#1419,.F.);
#1025=ORIENTED_EDGE('',*,*,#1402,.F.);
#1026=ORIENTED_EDGE('',*,*,#1418,.F.);
#1027=ORIENTED_EDGE('',*,*,#1426,.T.);
#1028=ORIENTED_EDGE('',*,*,#1110,.T.);
#1029=ORIENTED_EDGE('',*,*,#1427,.T.);
#1030=ORIENTED_EDGE('',*,*,#1109,.T.);
#1031=ORIENTED_EDGE('',*,*,#1428,.T.);
#1032=ORIENTED_EDGE('',*,*,#1108,.T.);
#1033=ORIENTED_EDGE('',*,*,#1429,.T.);
#1034=ORIENTED_EDGE('',*,*,#1107,.T.);
#1035=ORIENTED_EDGE('',*,*,#1430,.T.);
#1036=ORIENTED_EDGE('',*,*,#1106,.T.);
#1037=ORIENTED_EDGE('',*,*,#1431,.T.);
#1038=ORIENTED_EDGE('',*,*,#1105,.T.);
#1039=ORIENTED_EDGE('',*,*,#1432,.T.);
#1040=ORIENTED_EDGE('',*,*,#1104,.T.);
#1041=ORIENTED_EDGE('',*,*,#1433,.T.);
#1042=ORIENTED_EDGE('',*,*,#1103,.T.);
#1043=ORIENTED_EDGE('',*,*,#1401,.F.);
#1044=ORIENTED_EDGE('',*,*,#1433,.F.);
#1045=ORIENTED_EDGE('',*,*,#1400,.F.);
#1046=ORIENTED_EDGE('',*,*,#1426,.F.);
#1047=ORIENTED_EDGE('',*,*,#1399,.F.);
#1048=ORIENTED_EDGE('',*,*,#1427,.F.);
#1049=ORIENTED_EDGE('',*,*,#1398,.F.);
#1050=ORIENTED_EDGE('',*,*,#1428,.F.);
#1051=ORIENTED_EDGE('',*,*,#1397,.F.);
#1052=ORIENTED_EDGE('',*,*,#1429,.F.);
#1053=ORIENTED_EDGE('',*,*,#1396,.F.);
#1054=ORIENTED_EDGE('',*,*,#1430,.F.);
#1055=ORIENTED_EDGE('',*,*,#1395,.F.);
#1056=ORIENTED_EDGE('',*,*,#1431,.F.);
#1057=ORIENTED_EDGE('',*,*,#1394,.F.);
#1058=ORIENTED_EDGE('',*,*,#1432,.F.);
#1059=ORIENTED_EDGE('',*,*,#1434,.T.);
#1060=ORIENTED_EDGE('',*,*,#1264,.T.);
#1061=ORIENTED_EDGE('',*,*,#1435,.T.);
#1062=ORIENTED_EDGE('',*,*,#1263,.T.);
#1063=ORIENTED_EDGE('',*,*,#1436,.T.);
#1064=ORIENTED_EDGE('',*,*,#1262,.T.);
#1065=ORIENTED_EDGE('',*,*,#1437,.T.);
#1066=ORIENTED_EDGE('',*,*,#1261,.T.);
#1067=ORIENTED_EDGE('',*,*,#1438,.T.);
#1068=ORIENTED_EDGE('',*,*,#1260,.T.);
#1069=ORIENTED_EDGE('',*,*,#1434,.F.);
#1070=ORIENTED_EDGE('',*,*,#1384,.F.);
#1071=ORIENTED_EDGE('',*,*,#1383,.F.);
#1072=ORIENTED_EDGE('',*,*,#1134,.F.);
#1073=ORIENTED_EDGE('',*,*,#1382,.F.);
#1074=ORIENTED_EDGE('',*,*,#1132,.F.);
#1075=ORIENTED_EDGE('',*,*,#1381,.F.);
#1076=ORIENTED_EDGE('',*,*,#1130,.F.);
#1077=ORIENTED_EDGE('',*,*,#1380,.F.);
#1078=ORIENTED_EDGE('',*,*,#1128,.F.);
#1079=ORIENTED_EDGE('',*,*,#1438,.F.);
#1080=ORIENTED_EDGE('',*,*,#1379,.F.);
#1081=ORIENTED_EDGE('',*,*,#1437,.F.);
#1082=ORIENTED_EDGE('',*,*,#1378,.F.);
#1083=ORIENTED_EDGE('',*,*,#1436,.F.);
#1084=ORIENTED_EDGE('',*,*,#1377,.F.);
#1085=ORIENTED_EDGE('',*,*,#1435,.F.);
#1086=ORIENTED_EDGE('',*,*,#1376,.F.);
#1087=ORIENTED_EDGE('',*,*,#1236,.T.);
#1088=ORIENTED_EDGE('',*,*,#1439,.T.);
#1089=ORIENTED_EDGE('',*,*,#1125,.F.);
#1090=ORIENTED_EDGE('',*,*,#1440,.F.);
#1091=ORIENTED_EDGE('',*,*,#1237,.T.);
#1092=ORIENTED_EDGE('',*,*,#1440,.T.);
#1093=ORIENTED_EDGE('',*,*,#1124,.F.);
#1094=ORIENTED_EDGE('',*,*,#1441,.F.);
#1095=ORIENTED_EDGE('',*,*,#1238,.T.);
#1096=ORIENTED_EDGE('',*,*,#1441,.T.);
#1097=ORIENTED_EDGE('',*,*,#1127,.F.);
#1098=ORIENTED_EDGE('',*,*,#1442,.F.);
#1099=ORIENTED_EDGE('',*,*,#1239,.T.);
#1100=ORIENTED_EDGE('',*,*,#1442,.T.);
#1101=ORIENTED_EDGE('',*,*,#1126,.F.);
#1102=ORIENTED_EDGE('',*,*,#1439,.F.);
#1103=EDGE_CURVE('',#1443,#1443,#1712,.T.);
#1104=EDGE_CURVE('',#1444,#1444,#1713,.T.);
#1105=EDGE_CURVE('',#1445,#1445,#1714,.T.);
#1106=EDGE_CURVE('',#1446,#1446,#1715,.T.);
#1107=EDGE_CURVE('',#1447,#1447,#1716,.T.);
#1108=EDGE_CURVE('',#1448,#1448,#1717,.T.);
#1109=EDGE_CURVE('',#1449,#1449,#1718,.T.);
#1110=EDGE_CURVE('',#1450,#1450,#1719,.T.);
#1111=EDGE_CURVE('',#1451,#1451,#1720,.T.);
#1112=EDGE_CURVE('',#1452,#1452,#1721,.T.);
#1113=EDGE_CURVE('',#1453,#1453,#1722,.T.);
#1114=EDGE_CURVE('',#1454,#1454,#1723,.T.);
#1115=EDGE_CURVE('',#1455,#1455,#1724,.T.);
#1116=EDGE_CURVE('',#1456,#1456,#1725,.T.);
#1117=EDGE_CURVE('',#1457,#1457,#1726,.T.);
#1118=EDGE_CURVE('',#1458,#1458,#1727,.T.);
#1119=EDGE_CURVE('',#1459,#1459,#1728,.T.);
#1120=EDGE_CURVE('',#1460,#1461,#234,.T.);
#1121=EDGE_CURVE('',#1460,#1462,#112,.T.);
#1122=EDGE_CURVE('',#1463,#1462,#235,.T.);
#1123=EDGE_CURVE('',#1461,#1463,#113,.T.);
#1124=EDGE_CURVE('',#1464,#1465,#1729,.T.);
#1125=EDGE_CURVE('',#1465,#1466,#236,.T.);
#1126=EDGE_CURVE('',#1466,#1467,#1730,.T.);
#1127=EDGE_CURVE('',#1467,#1464,#237,.T.);
#1128=EDGE_CURVE('',#1468,#1468,#1731,.T.);
#1129=EDGE_CURVE('',#1469,#1469,#1732,.T.);
#1130=EDGE_CURVE('',#1470,#1470,#1733,.T.);
#1131=EDGE_CURVE('',#1471,#1471,#1734,.T.);
#1132=EDGE_CURVE('',#1472,#1472,#1735,.T.);
#1133=EDGE_CURVE('',#1473,#1473,#1736,.T.);
#1134=EDGE_CURVE('',#1474,#1474,#1737,.T.);
#1135=EDGE_CURVE('',#1475,#1475,#1738,.T.);
#1136=EDGE_CURVE('',#1476,#1476,#238,.T.);
#1137=EDGE_CURVE('',#1477,#1477,#239,.T.);
#1138=EDGE_CURVE('',#1478,#1478,#240,.T.);
#1139=EDGE_CURVE('',#1479,#1479,#241,.T.);
#1140=EDGE_CURVE('',#1480,#1480,#242,.T.);
#1141=EDGE_CURVE('',#1481,#1481,#243,.T.);
#1142=EDGE_CURVE('',#1482,#1482,#244,.T.);
#1143=EDGE_CURVE('',#1483,#1483,#245,.T.);
#1144=EDGE_CURVE('',#1484,#1484,#246,.T.);
#1145=EDGE_CURVE('',#1485,#1485,#247,.T.);
#1146=EDGE_CURVE('',#1486,#1486,#248,.T.);
#1147=EDGE_CURVE('',#1487,#1487,#249,.T.);
#1148=EDGE_CURVE('',#1488,#1488,#250,.T.);
#1149=EDGE_CURVE('',#1489,#1489,#251,.T.);
#1150=EDGE_CURVE('',#1490,#1490,#252,.T.);
#1151=EDGE_CURVE('',#1491,#1491,#253,.T.);
#1152=EDGE_CURVE('',#1492,#1492,#254,.T.);
#1153=EDGE_CURVE('',#1493,#1493,#255,.T.);
#1154=EDGE_CURVE('',#1494,#1494,#256,.T.);
#1155=EDGE_CURVE('',#1495,#1495,#257,.T.);
#1156=EDGE_CURVE('',#1496,#1496,#258,.T.);
#1157=EDGE_CURVE('',#1497,#1497,#259,.T.);
#1158=EDGE_CURVE('',#1498,#1498,#260,.T.);
#1159=EDGE_CURVE('',#1499,#1499,#261,.T.);
#1160=EDGE_CURVE('',#1500,#1500,#262,.T.);
#1161=EDGE_CURVE('',#1501,#1501,#263,.T.);
#1162=EDGE_CURVE('',#1502,#1502,#264,.T.);
#1163=EDGE_CURVE('',#1503,#1503,#265,.T.);
#1164=EDGE_CURVE('',#1504,#1504,#266,.T.);
#1165=EDGE_CURVE('',#1505,#1505,#267,.T.);
#1166=EDGE_CURVE('',#1506,#1506,#268,.T.);
#1167=EDGE_CURVE('',#1507,#1507,#269,.T.);
#1168=EDGE_CURVE('',#1508,#1508,#270,.T.);
#1169=EDGE_CURVE('',#1509,#1509,#271,.T.);
#1170=EDGE_CURVE('',#1510,#1510,#272,.T.);
#1171=EDGE_CURVE('',#1511,#1511,#273,.T.);
#1172=EDGE_CURVE('',#1512,#1512,#274,.T.);
#1173=EDGE_CURVE('',#1513,#1514,#275,.T.);
#1174=EDGE_CURVE('',#1515,#1513,#114,.T.);
#1175=EDGE_CURVE('',#1516,#1515,#276,.T.);
#1176=EDGE_CURVE('',#1514,#1516,#115,.T.);
#1177=EDGE_CURVE('',#1517,#1518,#277,.T.);
#1178=EDGE_CURVE('',#1519,#1517,#116,.T.);
#1179=EDGE_CURVE('',#1520,#1519,#278,.T.);
#1180=EDGE_CURVE('',#1518,#1520,#117,.T.);
#1181=EDGE_CURVE('',#1521,#1521,#279,.T.);
#1182=EDGE_CURVE('',#1522,#1522,#280,.T.);
#1183=EDGE_CURVE('',#1523,#1523,#281,.T.);
#1184=EDGE_CURVE('',#1524,#1524,#282,.F.);
#1185=EDGE_CURVE('',#1525,#1525,#283,.F.);
#1186=EDGE_CURVE('',#1526,#1526,#284,.F.);
#1187=EDGE_CURVE('',#1527,#1527,#285,.F.);
#1188=EDGE_CURVE('',#1528,#1528,#286,.F.);
#1189=EDGE_CURVE('',#1529,#1529,#287,.F.);
#1190=EDGE_CURVE('',#1530,#1530,#288,.F.);
#1191=EDGE_CURVE('',#1531,#1531,#289,.F.);
#1192=EDGE_CURVE('',#1532,#1532,#290,.T.);
#1193=EDGE_CURVE('',#1533,#1533,#291,.T.);
#1194=EDGE_CURVE('',#1534,#1534,#292,.T.);
#1195=EDGE_CURVE('',#1535,#1535,#293,.T.);
#1196=EDGE_CURVE('',#1536,#1536,#294,.T.);
#1197=EDGE_CURVE('',#1537,#1537,#295,.T.);
#1198=EDGE_CURVE('',#1538,#1538,#296,.T.);
#1199=EDGE_CURVE('',#1539,#1539,#297,.T.);
#1200=EDGE_CURVE('',#1540,#1540,#298,.T.);
#1201=EDGE_CURVE('',#1541,#1541,#299,.T.);
#1202=EDGE_CURVE('',#1542,#1542,#300,.T.);
#1203=EDGE_CURVE('',#1543,#1543,#301,.T.);
#1204=EDGE_CURVE('',#1544,#1544,#302,.T.);
#1205=EDGE_CURVE('',#1545,#1545,#303,.T.);
#1206=EDGE_CURVE('',#1546,#1546,#304,.T.);
#1207=EDGE_CURVE('',#1547,#1547,#305,.T.);
#1208=EDGE_CURVE('',#1548,#1548,#306,.T.);
#1209=EDGE_CURVE('',#1549,#1549,#307,.T.);
#1210=EDGE_CURVE('',#1550,#1550,#308,.T.);
#1211=EDGE_CURVE('',#1551,#1551,#309,.T.);
#1212=EDGE_CURVE('',#1552,#1552,#310,.T.);
#1213=EDGE_CURVE('',#1553,#1553,#311,.T.);
#1214=EDGE_CURVE('',#1554,#1554,#312,.T.);
#1215=EDGE_CURVE('',#1555,#1555,#313,.T.);
#1216=EDGE_CURVE('',#1556,#1556,#314,.T.);
#1217=EDGE_CURVE('',#1557,#1557,#315,.T.);
#1218=EDGE_CURVE('',#1558,#1559,#118,.T.);
#1219=EDGE_CURVE('',#1559,#1560,#316,.T.);
#1220=EDGE_CURVE('',#1560,#1561,#317,.T.);
#1221=EDGE_CURVE('',#1561,#1562,#318,.T.);
#1222=EDGE_CURVE('',#1562,#1563,#119,.T.);
#1223=EDGE_CURVE('',#1563,#1564,#319,.T.);
#1224=EDGE_CURVE('',#1564,#1565,#320,.T.);
#1225=EDGE_CURVE('',#1565,#1558,#321,.T.);
#1226=EDGE_CURVE('',#1566,#1567,#322,.T.);
#1227=EDGE_CURVE('',#1567,#1568,#120,.T.);
#1228=EDGE_CURVE('',#1568,#1569,#323,.T.);
#1229=EDGE_CURVE('',#1569,#1566,#121,.T.);
#1230=EDGE_CURVE('',#1570,#1570,#324,.T.);
#1231=EDGE_CURVE('',#1571,#1571,#325,.T.);
#1232=EDGE_CURVE('',#1572,#1572,#326,.T.);
#1233=EDGE_CURVE('',#1573,#1573,#327,.T.);
#1234=EDGE_CURVE('',#1574,#1574,#328,.T.);
#1235=EDGE_CURVE('',#1575,#1575,#329,.T.);
#1236=EDGE_CURVE('',#1576,#1577,#330,.F.);
#1237=EDGE_CURVE('',#1578,#1576,#1739,.T.);
#1238=EDGE_CURVE('',#1579,#1578,#331,.F.);
#1239=EDGE_CURVE('',#1577,#1579,#1740,.T.);
#1240=EDGE_CURVE('',#1517,#1566,#122,.T.);
#1241=EDGE_CURVE('',#1518,#1567,#123,.T.);
#1242=EDGE_CURVE('',#1580,#1581,#1741,.T.);
#1243=EDGE_CURVE('',#1581,#1580,#124,.F.);
#1244=EDGE_CURVE('',#1520,#1568,#125,.T.);
#1245=EDGE_CURVE('',#1519,#1569,#126,.T.);
#1246=EDGE_CURVE('',#1582,#1582,#1742,.T.);
#1247=EDGE_CURVE('',#1583,#1584,#332,.T.);
#1248=EDGE_CURVE('',#1585,#1583,#127,.T.);
#1249=EDGE_CURVE('',#1586,#1585,#333,.T.);
#1250=EDGE_CURVE('',#1587,#1586,#334,.T.);
#1251=EDGE_CURVE('',#1588,#1587,#335,.T.);
#1252=EDGE_CURVE('',#1589,#1588,#128,.T.);
#1253=EDGE_CURVE('',#1590,#1589,#336,.T.);
#1254=EDGE_CURVE('',#1584,#1590,#337,.T.);
#1255=EDGE_CURVE('',#1462,#1591,#129,.T.);
#1256=EDGE_CURVE('',#1591,#1592,#338,.T.);
#1257=EDGE_CURVE('',#1592,#1463,#130,.T.);
#1258=EDGE_CURVE('',#1593,#1460,#131,.T.);
#1259=EDGE_CURVE('',#1593,#1591,#132,.T.);
#1260=EDGE_CURVE('',#1594,#1594,#1743,.T.);
#1261=EDGE_CURVE('',#1595,#1595,#1744,.T.);
#1262=EDGE_CURVE('',#1596,#1596,#1745,.T.);
#1263=EDGE_CURVE('',#1597,#1597,#1746,.T.);
#1264=EDGE_CURVE('',#1598,#1598,#1747,.T.);
#1265=EDGE_CURVE('',#1599,#1593,#339,.F.);
#1266=EDGE_CURVE('',#1599,#1592,#133,.T.);
#1267=EDGE_CURVE('',#1461,#1599,#134,.T.);
#1268=EDGE_CURVE('',#1600,#1513,#135,.T.);
#1269=EDGE_CURVE('',#1601,#1600,#136,.T.);
#1270=EDGE_CURVE('',#1601,#1515,#137,.T.);
#1271=EDGE_CURVE('',#1602,#1514,#138,.T.);
#1272=EDGE_CURVE('',#1600,#1602,#340,.T.);
#1273=EDGE_CURVE('',#1603,#1516,#139,.T.);
#1274=EDGE_CURVE('',#1602,#1603,#140,.T.);
#1275=EDGE_CURVE('',#1603,#1601,#341,.T.);
#1276=EDGE_CURVE('',#1604,#1605,#342,.T.);
#1277=EDGE_CURVE('',#1605,#1561,#343,.F.);
#1278=EDGE_CURVE('',#1604,#1560,#344,.F.);
#1279=EDGE_CURVE('',#1606,#1607,#345,.T.);
#1280=EDGE_CURVE('',#1607,#1605,#141,.F.);
#1281=EDGE_CURVE('',#1606,#1604,#142,.F.);
#1282=EDGE_CURVE('',#1608,#1609,#346,.T.);
#1283=EDGE_CURVE('',#1609,#1607,#347,.F.);
#1284=EDGE_CURVE('',#1608,#1606,#348,.F.);
#1285=EDGE_CURVE('',#1610,#1611,#349,.T.);
#1286=EDGE_CURVE('',#1611,#1612,#350,.F.);
#1287=EDGE_CURVE('',#1613,#1612,#351,.T.);
#1288=EDGE_CURVE('',#1610,#1613,#352,.F.);
#1289=EDGE_CURVE('',#1614,#1615,#353,.T.);
#1290=EDGE_CURVE('',#1615,#1611,#143,.F.);
#1291=EDGE_CURVE('',#1614,#1610,#144,.F.);
#1292=EDGE_CURVE('',#1590,#1615,#354,.F.);
#1293=EDGE_CURVE('',#1584,#1614,#355,.F.);
#1294=EDGE_CURVE('',#1616,#1559,#356,.F.);
#1295=EDGE_CURVE('',#1616,#1604,#357,.T.);
#1296=EDGE_CURVE('',#1617,#1616,#145,.F.);
#1297=EDGE_CURVE('',#1617,#1606,#358,.T.);
#1298=EDGE_CURVE('',#1618,#1617,#359,.F.);
#1299=EDGE_CURVE('',#1618,#1608,#360,.T.);
#1300=EDGE_CURVE('',#1619,#1613,#361,.T.);
#1301=EDGE_CURVE('',#1620,#1619,#362,.F.);
#1302=EDGE_CURVE('',#1620,#1610,#363,.T.);
#1303=EDGE_CURVE('',#1621,#1620,#146,.F.);
#1304=EDGE_CURVE('',#1621,#1614,#364,.T.);
#1305=EDGE_CURVE('',#1583,#1621,#365,.F.);
#1306=EDGE_CURVE('',#1622,#1558,#366,.F.);
#1307=EDGE_CURVE('',#1622,#1616,#147,.T.);
#1308=EDGE_CURVE('',#1623,#1622,#148,.F.);
#1309=EDGE_CURVE('',#1623,#1617,#149,.T.);
#1310=EDGE_CURVE('',#1624,#1623,#367,.F.);
#1311=EDGE_CURVE('',#1624,#1618,#150,.T.);
#1312=EDGE_CURVE('',#1625,#1619,#151,.T.);
#1313=EDGE_CURVE('',#1626,#1625,#368,.F.);
#1314=EDGE_CURVE('',#1626,#1620,#152,.T.);
#1315=EDGE_CURVE('',#1627,#1626,#153,.F.);
#1316=EDGE_CURVE('',#1627,#1621,#154,.T.);
#1317=EDGE_CURVE('',#1585,#1627,#369,.F.);
#1318=EDGE_CURVE('',#1628,#1565,#370,.F.);
#1319=EDGE_CURVE('',#1628,#1622,#371,.T.);
#1320=EDGE_CURVE('',#1629,#1628,#155,.F.);
#1321=EDGE_CURVE('',#1629,#1623,#372,.T.);
#1322=EDGE_CURVE('',#1630,#1629,#373,.F.);
#1323=EDGE_CURVE('',#1630,#1624,#374,.T.);
#1324=EDGE_CURVE('',#1631,#1625,#375,.T.);
#1325=EDGE_CURVE('',#1632,#1631,#376,.F.);
#1326=EDGE_CURVE('',#1632,#1626,#377,.T.);
#1327=EDGE_CURVE('',#1633,#1632,#156,.F.);
#1328=EDGE_CURVE('',#1633,#1627,#378,.T.);
#1329=EDGE_CURVE('',#1586,#1633,#379,.F.);
#1330=EDGE_CURVE('',#1634,#1564,#380,.F.);
#1331=EDGE_CURVE('',#1634,#1628,#381,.T.);
#1332=EDGE_CURVE('',#1635,#1634,#157,.F.);
#1333=EDGE_CURVE('',#1635,#1629,#382,.T.);
#1334=EDGE_CURVE('',#1636,#1635,#383,.F.);
#1335=EDGE_CURVE('',#1636,#1630,#384,.T.);
#1336=EDGE_CURVE('',#1637,#1631,#385,.T.);
#1337=EDGE_CURVE('',#1638,#1637,#386,.F.);
#1338=EDGE_CURVE('',#1638,#1632,#387,.T.);
#1339=EDGE_CURVE('',#1639,#1638,#158,.F.);
#1340=EDGE_CURVE('',#1639,#1633,#388,.T.);
#1341=EDGE_CURVE('',#1587,#1639,#389,.F.);
#1342=EDGE_CURVE('',#1640,#1563,#390,.F.);
#1343=EDGE_CURVE('',#1640,#1634,#391,.T.);
#1344=EDGE_CURVE('',#1641,#1640,#159,.F.);
#1345=EDGE_CURVE('',#1641,#1635,#392,.T.);
#1346=EDGE_CURVE('',#1642,#1641,#393,.F.);
#1347=EDGE_CURVE('',#1642,#1636,#394,.T.);
#1348=EDGE_CURVE('',#1643,#1637,#395,.T.);
#1349=EDGE_CURVE('',#1644,#1643,#396,.F.);
#1350=EDGE_CURVE('',#1644,#1638,#397,.T.);
#1351=EDGE_CURVE('',#1645,#1644,#160,.F.);
#1352=EDGE_CURVE('',#1645,#1639,#398,.T.);
#1353=EDGE_CURVE('',#1588,#1645,#399,.F.);
#1354=EDGE_CURVE('',#1646,#1562,#400,.F.);
#1355=EDGE_CURVE('',#1646,#1640,#161,.T.);
#1356=EDGE_CURVE('',#1647,#1646,#162,.F.);
#1357=EDGE_CURVE('',#1647,#1641,#163,.T.);
#1358=EDGE_CURVE('',#1648,#1647,#401,.F.);
#1359=EDGE_CURVE('',#1648,#1642,#164,.T.);
#1360=EDGE_CURVE('',#1649,#1643,#165,.T.);
#1361=EDGE_CURVE('',#1650,#1649,#402,.F.);
#1362=EDGE_CURVE('',#1650,#1644,#166,.T.);
#1363=EDGE_CURVE('',#1651,#1650,#167,.F.);
#1364=EDGE_CURVE('',#1651,#1645,#168,.T.);
#1365=EDGE_CURVE('',#1589,#1651,#403,.F.);
#1366=EDGE_CURVE('',#1605,#1646,#404,.T.);
#1367=EDGE_CURVE('',#1607,#1647,#405,.T.);
#1368=EDGE_CURVE('',#1609,#1648,#406,.T.);
#1369=EDGE_CURVE('',#1612,#1649,#407,.T.);
#1370=EDGE_CURVE('',#1611,#1650,#408,.T.);
#1371=EDGE_CURVE('',#1615,#1651,#409,.T.);
#1372=EDGE_CURVE('',#1652,#1653,#410,.T.);
#1373=EDGE_CURVE('',#1653,#1652,#411,.T.);
#1374=EDGE_CURVE('',#1653,#1652,#1748,.T.);
#1375=EDGE_CURVE('',#1654,#1654,#412,.T.);
#1376=EDGE_CURVE('',#1655,#1655,#1749,.T.);
#1377=EDGE_CURVE('',#1656,#1656,#1750,.T.);
#1378=EDGE_CURVE('',#1657,#1657,#1751,.T.);
#1379=EDGE_CURVE('',#1658,#1658,#1752,.T.);
#1380=EDGE_CURVE('',#1659,#1659,#1753,.T.);
#1381=EDGE_CURVE('',#1660,#1660,#1754,.T.);
#1382=EDGE_CURVE('',#1661,#1661,#1755,.T.);
#1383=EDGE_CURVE('',#1662,#1662,#1756,.T.);
#1384=EDGE_CURVE('',#1663,#1663,#1757,.T.);
#1385=EDGE_CURVE('',#1664,#1664,#413,.F.);
#1386=EDGE_CURVE('',#1665,#1666,#1758,.T.);
#1387=EDGE_CURVE('',#1666,#1665,#1759,.T.);
#1388=EDGE_CURVE('',#1665,#1652,#414,.T.);
#1389=EDGE_CURVE('',#1653,#1666,#415,.T.);
#1390=EDGE_CURVE('',#1581,#1580,#416,.T.);
#1391=EDGE_CURVE('',#1667,#1668,#417,.T.);
#1392=EDGE_CURVE('',#1668,#1667,#418,.T.);
#1393=EDGE_CURVE('',#1668,#1667,#1760,.T.);
#1394=EDGE_CURVE('',#1669,#1669,#1761,.T.);
#1395=EDGE_CURVE('',#1670,#1670,#1762,.T.);
#1396=EDGE_CURVE('',#1671,#1671,#1763,.T.);
#1397=EDGE_CURVE('',#1672,#1672,#1764,.T.);
#1398=EDGE_CURVE('',#1673,#1673,#1765,.T.);
#1399=EDGE_CURVE('',#1674,#1674,#1766,.T.);
#1400=EDGE_CURVE('',#1675,#1675,#1767,.T.);
#1401=EDGE_CURVE('',#1676,#1676,#1768,.T.);
#1402=EDGE_CURVE('',#1677,#1677,#1769,.T.);
#1403=EDGE_CURVE('',#1678,#1678,#1770,.T.);
#1404=EDGE_CURVE('',#1679,#1679,#1771,.T.);
#1405=EDGE_CURVE('',#1680,#1680,#1772,.T.);
#1406=EDGE_CURVE('',#1681,#1681,#1773,.T.);
#1407=EDGE_CURVE('',#1682,#1682,#1774,.T.);
#1408=EDGE_CURVE('',#1683,#1683,#1775,.T.);
#1409=EDGE_CURVE('',#1684,#1684,#1776,.T.);
#1410=EDGE_CURVE('',#1685,#1685,#1777,.T.);
#1411=EDGE_CURVE('',#1686,#1686,#419,.T.);
#1412=EDGE_CURVE('',#1687,#1687,#420,.F.);
#1413=EDGE_CURVE('',#1688,#1689,#1778,.T.);
#1414=EDGE_CURVE('',#1689,#1688,#1779,.T.);
#1415=EDGE_CURVE('',#1688,#1668,#421,.T.);
#1416=EDGE_CURVE('',#1667,#1689,#422,.T.);
#1417=EDGE_CURVE('',#1690,#1690,#1780,.T.);
#1418=EDGE_CURVE('',#1691,#1691,#1781,.T.);
#1419=EDGE_CURVE('',#1692,#1692,#1782,.T.);
#1420=EDGE_CURVE('',#1693,#1693,#1783,.T.);
#1421=EDGE_CURVE('',#1694,#1694,#1784,.T.);
#1422=EDGE_CURVE('',#1695,#1695,#1785,.T.);
#1423=EDGE_CURVE('',#1696,#1696,#1786,.T.);
#1424=EDGE_CURVE('',#1697,#1697,#1787,.T.);
#1425=EDGE_CURVE('',#1698,#1698,#1788,.T.);
#1426=EDGE_CURVE('',#1699,#1699,#1789,.T.);
#1427=EDGE_CURVE('',#1700,#1700,#1790,.T.);
#1428=EDGE_CURVE('',#1701,#1701,#1791,.T.);
#1429=EDGE_CURVE('',#1702,#1702,#1792,.T.);
#1430=EDGE_CURVE('',#1703,#1703,#1793,.T.);
#1431=EDGE_CURVE('',#1704,#1704,#1794,.T.);
#1432=EDGE_CURVE('',#1705,#1705,#1795,.T.);
#1433=EDGE_CURVE('',#1706,#1706,#1796,.T.);
#1434=EDGE_CURVE('',#1707,#1707,#1797,.T.);
#1435=EDGE_CURVE('',#1708,#1708,#1798,.T.);
#1436=EDGE_CURVE('',#1709,#1709,#1799,.T.);
#1437=EDGE_CURVE('',#1710,#1710,#1800,.T.);
#1438=EDGE_CURVE('',#1711,#1711,#1801,.T.);
#1439=EDGE_CURVE('',#1577,#1466,#169,.T.);
#1440=EDGE_CURVE('',#1576,#1465,#170,.T.);
#1441=EDGE_CURVE('',#1578,#1464,#171,.T.);
#1442=EDGE_CURVE('',#1579,#1467,#172,.T.);
#1443=VERTEX_POINT('',#3984);
#1444=VERTEX_POINT('',#3992);
#1445=VERTEX_POINT('',#4000);
#1446=VERTEX_POINT('',#4008);
#1447=VERTEX_POINT('',#4016);
#1448=VERTEX_POINT('',#4024);
#1449=VERTEX_POINT('',#4032);
#1450=VERTEX_POINT('',#4040);
#1451=VERTEX_POINT('',#4048);
#1452=VERTEX_POINT('',#4056);
#1453=VERTEX_POINT('',#4064);
#1454=VERTEX_POINT('',#4072);
#1455=VERTEX_POINT('',#4080);
#1456=VERTEX_POINT('',#4088);
#1457=VERTEX_POINT('',#4096);
#1458=VERTEX_POINT('',#4104);
#1459=VERTEX_POINT('',#4112);
#1460=VERTEX_POINT('',#4114);
#1461=VERTEX_POINT('',#4115);
#1462=VERTEX_POINT('',#4117);
#1463=VERTEX_POINT('',#4119);
#1464=VERTEX_POINT('',#4128);
#1465=VERTEX_POINT('',#4129);
#1466=VERTEX_POINT('',#4131);
#1467=VERTEX_POINT('',#4139);
#1468=VERTEX_POINT('',#4161);
#1469=VERTEX_POINT('',#4169);
#1470=VERTEX_POINT('',#4190);
#1471=VERTEX_POINT('',#4198);
#1472=VERTEX_POINT('',#4220);
#1473=VERTEX_POINT('',#4228);
#1474=VERTEX_POINT('',#4249);
#1475=VERTEX_POINT('',#4257);
#1476=VERTEX_POINT('',#4260);
#1477=VERTEX_POINT('',#4262);
#1478=VERTEX_POINT('',#4264);
#1479=VERTEX_POINT('',#4266);
#1480=VERTEX_POINT('',#4268);
#1481=VERTEX_POINT('',#4270);
#1482=VERTEX_POINT('',#4272);
#1483=VERTEX_POINT('',#4274);
#1484=VERTEX_POINT('',#4276);
#1485=VERTEX_POINT('',#4278);
#1486=VERTEX_POINT('',#4280);
#1487=VERTEX_POINT('',#4282);
#1488=VERTEX_POINT('',#4284);
#1489=VERTEX_POINT('',#4286);
#1490=VERTEX_POINT('',#4288);
#1491=VERTEX_POINT('',#4290);
#1492=VERTEX_POINT('',#4292);
#1493=VERTEX_POINT('',#4294);
#1494=VERTEX_POINT('',#4296);
#1495=VERTEX_POINT('',#4298);
#1496=VERTEX_POINT('',#4300);
#1497=VERTEX_POINT('',#4302);
#1498=VERTEX_POINT('',#4304);
#1499=VERTEX_POINT('',#4306);
#1500=VERTEX_POINT('',#4308);
#1501=VERTEX_POINT('',#4310);
#1502=VERTEX_POINT('',#4312);
#1503=VERTEX_POINT('',#4314);
#1504=VERTEX_POINT('',#4316);
#1505=VERTEX_POINT('',#4318);
#1506=VERTEX_POINT('',#4320);
#1507=VERTEX_POINT('',#4322);
#1508=VERTEX_POINT('',#4324);
#1509=VERTEX_POINT('',#4326);
#1510=VERTEX_POINT('',#4328);
#1511=VERTEX_POINT('',#4330);
#1512=VERTEX_POINT('',#4332);
#1513=VERTEX_POINT('',#4334);
#1514=VERTEX_POINT('',#4335);
#1515=VERTEX_POINT('',#4337);
#1516=VERTEX_POINT('',#4339);
#1517=VERTEX_POINT('',#4342);
#1518=VERTEX_POINT('',#4343);
#1519=VERTEX_POINT('',#4345);
#1520=VERTEX_POINT('',#4347);
#1521=VERTEX_POINT('',#4350);
#1522=VERTEX_POINT('',#4352);
#1523=VERTEX_POINT('',#4354);
#1524=VERTEX_POINT('',#4357);
#1525=VERTEX_POINT('',#4359);
#1526=VERTEX_POINT('',#4361);
#1527=VERTEX_POINT('',#4363);
#1528=VERTEX_POINT('',#4365);
#1529=VERTEX_POINT('',#4367);
#1530=VERTEX_POINT('',#4369);
#1531=VERTEX_POINT('',#4371);
#1532=VERTEX_POINT('',#4373);
#1533=VERTEX_POINT('',#4375);
#1534=VERTEX_POINT('',#4377);
#1535=VERTEX_POINT('',#4379);
#1536=VERTEX_POINT('',#4381);
#1537=VERTEX_POINT('',#4383);
#1538=VERTEX_POINT('',#4385);
#1539=VERTEX_POINT('',#4387);
#1540=VERTEX_POINT('',#4389);
#1541=VERTEX_POINT('',#4391);
#1542=VERTEX_POINT('',#4393);
#1543=VERTEX_POINT('',#4395);
#1544=VERTEX_POINT('',#4397);
#1545=VERTEX_POINT('',#4399);
#1546=VERTEX_POINT('',#4401);
#1547=VERTEX_POINT('',#4403);
#1548=VERTEX_POINT('',#4405);
#1549=VERTEX_POINT('',#4407);
#1550=VERTEX_POINT('',#4409);
#1551=VERTEX_POINT('',#4411);
#1552=VERTEX_POINT('',#4413);
#1553=VERTEX_POINT('',#4415);
#1554=VERTEX_POINT('',#4417);
#1555=VERTEX_POINT('',#4419);
#1556=VERTEX_POINT('',#4421);
#1557=VERTEX_POINT('',#4423);
#1558=VERTEX_POINT('',#4425);
#1559=VERTEX_POINT('',#4426);
#1560=VERTEX_POINT('',#4428);
#1561=VERTEX_POINT('',#4430);
#1562=VERTEX_POINT('',#4432);
#1563=VERTEX_POINT('',#4434);
#1564=VERTEX_POINT('',#4436);
#1565=VERTEX_POINT('',#4438);
#1566=VERTEX_POINT('',#4441);
#1567=VERTEX_POINT('',#4442);
#1568=VERTEX_POINT('',#4444);
#1569=VERTEX_POINT('',#4446);
#1570=VERTEX_POINT('',#4449);
#1571=VERTEX_POINT('',#4451);
#1572=VERTEX_POINT('',#4453);
#1573=VERTEX_POINT('',#4455);
#1574=VERTEX_POINT('',#4457);
#1575=VERTEX_POINT('',#4459);
#1576=VERTEX_POINT('',#4462);
#1577=VERTEX_POINT('',#4463);
#1578=VERTEX_POINT('',#4471);
#1579=VERTEX_POINT('',#4473);
#1580=VERTEX_POINT('',#4490);
#1581=VERTEX_POINT('',#4491);
#1582=VERTEX_POINT('',#4507);
#1583=VERTEX_POINT('',#4510);
#1584=VERTEX_POINT('',#4511);
#1585=VERTEX_POINT('',#4513);
#1586=VERTEX_POINT('',#4515);
#1587=VERTEX_POINT('',#4517);
#1588=VERTEX_POINT('',#4519);
#1589=VERTEX_POINT('',#4521);
#1590=VERTEX_POINT('',#4523);
#1591=VERTEX_POINT('',#4526);
#1592=VERTEX_POINT('',#4528);
#1593=VERTEX_POINT('',#4533);
#1594=VERTEX_POINT('',#4543);
#1595=VERTEX_POINT('',#4551);
#1596=VERTEX_POINT('',#4559);
#1597=VERTEX_POINT('',#4567);
#1598=VERTEX_POINT('',#4575);
#1599=VERTEX_POINT('',#4577);
#1600=VERTEX_POINT('',#4584);
#1601=VERTEX_POINT('',#4586);
#1602=VERTEX_POINT('',#4590);
#1603=VERTEX_POINT('',#4594);
#1604=VERTEX_POINT('',#4601);
#1605=VERTEX_POINT('',#4602);
#1606=VERTEX_POINT('',#4607);
#1607=VERTEX_POINT('',#4608);
#1608=VERTEX_POINT('',#4613);
#1609=VERTEX_POINT('',#4614);
#1610=VERTEX_POINT('',#4619);
#1611=VERTEX_POINT('',#4620);
#1612=VERTEX_POINT('',#4622);
#1613=VERTEX_POINT('',#4624);
#1614=VERTEX_POINT('',#4628);
#1615=VERTEX_POINT('',#4629);
#1616=VERTEX_POINT('',#4637);
#1617=VERTEX_POINT('',#4641);
#1618=VERTEX_POINT('',#4645);
#1619=VERTEX_POINT('',#4649);
#1620=VERTEX_POINT('',#4651);
#1621=VERTEX_POINT('',#4655);
#1622=VERTEX_POINT('',#4661);
#1623=VERTEX_POINT('',#4665);
#1624=VERTEX_POINT('',#4669);
#1625=VERTEX_POINT('',#4673);
#1626=VERTEX_POINT('',#4675);
#1627=VERTEX_POINT('',#4679);
#1628=VERTEX_POINT('',#4685);
#1629=VERTEX_POINT('',#4689);
#1630=VERTEX_POINT('',#4693);
#1631=VERTEX_POINT('',#4697);
#1632=VERTEX_POINT('',#4699);
#1633=VERTEX_POINT('',#4703);
#1634=VERTEX_POINT('',#4709);
#1635=VERTEX_POINT('',#4713);
#1636=VERTEX_POINT('',#4717);
#1637=VERTEX_POINT('',#4721);
#1638=VERTEX_POINT('',#4723);
#1639=VERTEX_POINT('',#4727);
#1640=VERTEX_POINT('',#4733);
#1641=VERTEX_POINT('',#4737);
#1642=VERTEX_POINT('',#4741);
#1643=VERTEX_POINT('',#4745);
#1644=VERTEX_POINT('',#4747);
#1645=VERTEX_POINT('',#4751);
#1646=VERTEX_POINT('',#4757);
#1647=VERTEX_POINT('',#4761);
#1648=VERTEX_POINT('',#4765);
#1649=VERTEX_POINT('',#4769);
#1650=VERTEX_POINT('',#4771);
#1651=VERTEX_POINT('',#4775);
#1652=VERTEX_POINT('',#4794);
#1653=VERTEX_POINT('',#4795);
#1654=VERTEX_POINT('',#4811);
#1655=VERTEX_POINT('',#4831);
#1656=VERTEX_POINT('',#4850);
#1657=VERTEX_POINT('',#4869);
#1658=VERTEX_POINT('',#4888);
#1659=VERTEX_POINT('',#4907);
#1660=VERTEX_POINT('',#4926);
#1661=VERTEX_POINT('',#4945);
#1662=VERTEX_POINT('',#4964);
#1663=VERTEX_POINT('',#4983);
#1664=VERTEX_POINT('',#4985);
#1665=VERTEX_POINT('',#4998);
#1666=VERTEX_POINT('',#4999);
#1667=VERTEX_POINT('',#5091);
#1668=VERTEX_POINT('',#5092);
#1669=VERTEX_POINT('',#5125);
#1670=VERTEX_POINT('',#5144);
#1671=VERTEX_POINT('',#5163);
#1672=VERTEX_POINT('',#5182);
#1673=VERTEX_POINT('',#5201);
#1674=VERTEX_POINT('',#5220);
#1675=VERTEX_POINT('',#5239);
#1676=VERTEX_POINT('',#5258);
#1677=VERTEX_POINT('',#5277);
#1678=VERTEX_POINT('',#5296);
#1679=VERTEX_POINT('',#5315);
#1680=VERTEX_POINT('',#5334);
#1681=VERTEX_POINT('',#5353);
#1682=VERTEX_POINT('',#5371);
#1683=VERTEX_POINT('',#5390);
#1684=VERTEX_POINT('',#5409);
#1685=VERTEX_POINT('',#5428);
#1686=VERTEX_POINT('',#5430);
#1687=VERTEX_POINT('',#5432);
#1688=VERTEX_POINT('',#5447);
#1689=VERTEX_POINT('',#5448);
#1690=VERTEX_POINT('',#5595);
#1691=VERTEX_POINT('',#5618);
#1692=VERTEX_POINT('',#5640);
#1693=VERTEX_POINT('',#5661);
#1694=VERTEX_POINT('',#5684);
#1695=VERTEX_POINT('',#5706);
#1696=VERTEX_POINT('',#5729);
#1697=VERTEX_POINT('',#5752);
#1698=VERTEX_POINT('',#5775);
#1699=VERTEX_POINT('',#6312);
#1700=VERTEX_POINT('',#6335);
#1701=VERTEX_POINT('',#6356);
#1702=VERTEX_POINT('',#6379);
#1703=VERTEX_POINT('',#6401);
#1704=VERTEX_POINT('',#6424);
#1705=VERTEX_POINT('',#6447);
#1706=VERTEX_POINT('',#6469);
#1707=VERTEX_POINT('',#6948);
#1708=VERTEX_POINT('',#6971);
#1709=VERTEX_POINT('',#6992);
#1710=VERTEX_POINT('',#7015);
#1711=VERTEX_POINT('',#7038);
#1712=B_SPLINE_CURVE_WITH_KNOTS('',3,(#3977,#3978,#3979,#3980,#3981,#3982,
#3983),.UNSPECIFIED.,.T.,.F.,(1,1,1,1,1,1,1,1,1,1,1),(-0.00140674706098801,
-0.000937831373991902,-0.000468915686995799,3.03492338602344E-16,0.000468915686996406,
0.000937831373992509,0.00140674706098861,0.00187566274798472,0.00234457843498082,
0.00281349412197692,0.00328240980897302),.UNSPECIFIED.);
#1713=B_SPLINE_CURVE_WITH_KNOTS('',3,(#3985,#3986,#3987,#3988,#3989,#3990,
#3991),.UNSPECIFIED.,.T.,.F.,(1,1,1,1,1,1,1,1,1,1,1),(-0.00140674706098829,
-0.000937831373992097,-0.000468915686995908,2.81773777980428E-16,0.000468915686996471,
0.000937831373992661,0.00140674706098885,0.00187566274798504,0.00234457843498123,
0.00281349412197742,0.00328240980897361),.UNSPECIFIED.);
#1714=B_SPLINE_CURVE_WITH_KNOTS('',3,(#3993,#3994,#3995,#3996,#3997,#3998,
#3999),.UNSPECIFIED.,.T.,.F.,(1,1,1,1,1,1,1,1,1,1,1),(-0.00140674706098818,
-0.000937831373992025,-0.000468915686995868,2.88444402957535E-16,0.000468915686996445,
0.000937831373992602,0.00140674706098876,0.00187566274798491,0.00234457843498107,
0.00281349412197723,0.00328240980897338),.UNSPECIFIED.);
#1715=B_SPLINE_CURVE_WITH_KNOTS('',3,(#4001,#4002,#4003,#4004,#4005,#4006,
#4007),.UNSPECIFIED.,.T.,.F.,(1,1,1,1,1,1,1,1,1,1,1),(-0.0014067470609883,
-0.000937831373992109,-0.000468915686995919,2.70962751896034E-16,0.000468915686996461,
0.000937831373992651,0.00140674706098884,0.00187566274798503,0.00234457843498122,
0.00281349412197741,0.0032824098089736),.UNSPECIFIED.);
#1716=B_SPLINE_CURVE_WITH_KNOTS('',3,(#4009,#4010,#4011,#4012,#4013,#4014,
#4015),.UNSPECIFIED.,.T.,.F.,(1,1,1,1,1,1,1,1,1,1,1),(-0.00140674706098826,
-0.000937831373992073,-0.00046891568699589,2.9429137687511E-16,0.000468915686996478,
0.000937831373992662,0.00140674706098885,0.00187566274798503,0.00234457843498121,
0.0028134941219774,0.00328240980897358),.UNSPECIFIED.);
#1717=B_SPLINE_CURVE_WITH_KNOTS('',3,(#4017,#4018,#4019,#4020,#4021,#4022,
#4023),.UNSPECIFIED.,.T.,.F.,(1,1,1,1,1,1,1,1,1,1,1),(-0.00140674706098827,
-0.00093783137399209,-0.000468915686995906,2.78443382617973E-16,0.000468915686996463,
0.000937831373992647,0.00140674706098883,0.00187566274798502,0.0023445784349812,
0.00281349412197738,0.00328240980897357),.UNSPECIFIED.);
#1718=B_SPLINE_CURVE_WITH_KNOTS('',3,(#4025,#4026,#4027,#4028,#4029,#4030,
#4031),.UNSPECIFIED.,.T.,.F.,(1,1,1,1,1,1,1,1,1,1,1),(-0.00140674706098819,
-0.00093783137399203,-0.000468915686995869,2.92619879600867E-16,0.000468915686996454,
0.000937831373992615,0.00140674706098878,0.00187566274798494,0.0023445784349811,
0.00281349412197726,0.00328240980897342),.UNSPECIFIED.);
#1719=B_SPLINE_CURVE_WITH_KNOTS('',3,(#4033,#4034,#4035,#4036,#4037,#4038,
#4039),.UNSPECIFIED.,.T.,.F.,(1,1,1,1,1,1,1,1,1,1,1),(-0.00140674706098824,
-0.00093783137399207,-0.000468915686995901,2.67760623403354E-16,0.000468915686996437,
0.000937831373992606,0.00140674706098877,0.00187566274798494,0.00234457843498111,
0.00281349412197728,0.00328240980897345),.UNSPECIFIED.);
#1720=B_SPLINE_CURVE_WITH_KNOTS('',3,(#4041,#4042,#4043,#4044,#4045,#4046,
#4047),.UNSPECIFIED.,.T.,.F.,(1,1,1,1,1,1,1,1,1,1,1),(-0.00140674706099197,
-0.000937831373994555,-0.000468915686997141,2.74127821397038E-16,0.000468915686997689,
0.000937831373995104,0.00140674706099252,0.00187566274798993,0.00234457843498735,
0.00281349412198476,0.00328240980898218),.UNSPECIFIED.);
#1721=B_SPLINE_CURVE_WITH_KNOTS('',3,(#4049,#4050,#4051,#4052,#4053,#4054,
#4055),.UNSPECIFIED.,.T.,.F.,(1,1,1,1,1,1,1,1,1,1,1),(-0.00140674706098821,
-0.00093783137399205,-0.000468915686995891,2.68609200992802E-16,0.000468915686996428,
0.000937831373992587,0.00140674706098875,0.00187566274798491,0.00234457843498107,
0.00281349412197722,0.00328240980897338),.UNSPECIFIED.);
#1722=B_SPLINE_CURVE_WITH_KNOTS('',3,(#4057,#4058,#4059,#4060,#4061,#4062,
#4063),.UNSPECIFIED.,.T.,.F.,(1,1,1,1,1,1,1,1,1,1,1),(-0.00140674706098835,
-0.000937831373992139,-0.000468915686995931,2.75826828668765E-16,0.000468915686996483,
0.00093783137399269,0.0014067470609889,0.0018756627479851,0.00234457843498131,
0.00281349412197752,0.00328240980897373),.UNSPECIFIED.);
#1723=B_SPLINE_CURVE_WITH_KNOTS('',3,(#4065,#4066,#4067,#4068,#4069,#4070,
#4071),.UNSPECIFIED.,.T.,.F.,(1,1,1,1,1,1,1,1,1,1,1),(-0.00140674706098817,
-0.00093783137399202,-0.000468915686995869,2.81776781636154E-16,0.000468915686996432,
0.000937831373992583,0.00140674706098873,0.00187566274798488,0.00234457843498104,
0.00281349412197719,0.00328240980897334),.UNSPECIFIED.);
#1724=B_SPLINE_CURVE_WITH_KNOTS('',3,(#4073,#4074,#4075,#4076,#4077,#4078,
#4079),.UNSPECIFIED.,.T.,.F.,(1,1,1,1,1,1,1,1,1,1,1),(-0.00140674706098835,
-0.000937831373992148,-0.000468915686995942,2.6436753227749E-16,0.000468915686996471,
0.000937831373992677,0.00140674706098888,0.00187566274798509,0.0023445784349813,
0.0028134941219775,0.00328240980897371),.UNSPECIFIED.);
#1725=B_SPLINE_CURVE_WITH_KNOTS('',3,(#4081,#4082,#4083,#4084,#4085,#4086,
#4087),.UNSPECIFIED.,.T.,.F.,(1,1,1,1,1,1,1,1,1,1,1),(-0.00140674706098834,
-0.000937831373992135,-0.000468915686995934,2.66912166574481E-16,0.000468915686996468,
0.000937831373992669,0.00140674706098887,0.00187566274798507,0.00234457843498127,
0.00281349412197747,0.00328240980897367),.UNSPECIFIED.);
#1726=B_SPLINE_CURVE_WITH_KNOTS('',3,(#4089,#4090,#4091,#4092,#4093,#4094,
#4095),.UNSPECIFIED.,.T.,.F.,(1,1,1,1,1,1,1,1,1,1,1),(-0.00140674706098832,
-0.000937831373992126,-0.000468915686995927,2.71229160786411E-16,0.00046891568699647,
0.000937831373992669,0.00140674706098887,0.00187566274798507,0.00234457843498126,
0.00281349412197746,0.00328240980897366),.UNSPECIFIED.);
#1727=B_SPLINE_CURVE_WITH_KNOTS('',3,(#4097,#4098,#4099,#4100,#4101,#4102,
#4103),.UNSPECIFIED.,.T.,.F.,(1,1,1,1,1,1,1,1,1,1,1),(-0.00140674706098826,
-0.000937831373992079,-0.000468915686995902,2.74514509059763E-16,0.000468915686996451,
0.000937831373992628,0.0014067470609888,0.00187566274798498,0.00234457843498116,
0.00281349412197734,0.00328240980897351),.UNSPECIFIED.);
#1728=B_SPLINE_CURVE_WITH_KNOTS('',3,(#4105,#4106,#4107,#4108,#4109,#4110,
#4111),.UNSPECIFIED.,.T.,.F.,(1,1,1,1,1,1,1,1,1,1,1),(-0.0014067470609883,
-0.000937831373992112,-0.000468915686995922,2.67935116690833E-16,0.000468915686996458,
0.000937831373992648,0.00140674706098884,0.00187566274798503,0.00234457843498122,
0.00281349412197741,0.0032824098089736),.UNSPECIFIED.);
#1729=B_SPLINE_CURVE_WITH_KNOTS('',3,(#4121,#4122,#4123,#4124,#4125,#4126,
#4127),.UNSPECIFIED.,.F.,.F.,(4,1,1,1,4),(1.30104260698261E-18,0.00046887456128712,
0.000937749122574239,0.00140662368386136,0.00187549824514848),
 .UNSPECIFIED.);
#1730=B_SPLINE_CURVE_WITH_KNOTS('',3,(#4132,#4133,#4134,#4135,#4136,#4137,
#4138),.UNSPECIFIED.,.F.,.F.,(4,1,1,1,4),(8.67361737988403E-19,0.000468878367785284,
0.000937756735570568,0.00140663510335585,0.00187551347114113),
 .UNSPECIFIED.);
#1731=B_SPLINE_CURVE_WITH_KNOTS('',3,(#4142,#4143,#4144,#4145,#4146,#4147,
#4148,#4149,#4150,#4151,#4152,#4153,#4154,#4155,#4156,#4157,#4158,#4159,
#4160),.UNSPECIFIED.,.T.,.F.,(1,1,1,1,1,1,1,1,1,1,1,1,1,1,1,1,1,1,1,1,1,
1,1),(-0.000345620063809956,-0.000172810031904618,-8.64050159519484E-5,
7.21341664473646E-16,0.00017281003190606,0.000345620063811399,0.000518430095716738,
0.000691240127622077,0.000864050159527415,0.00103686019143275,0.00120967022333809,
0.00138248025524343,0.00155529028714877,0.00172810031905411,0.00190091035095945,
0.00207372038286479,0.00241934044667547,0.0025921504785808,0.00267855549453347,
0.00276496051048614,0.00293777054239148,0.00311058057429682,0.00328339060620216),
 .UNSPECIFIED.);
#1732=B_SPLINE_CURVE_WITH_KNOTS('',3,(#4162,#4163,#4164,#4165,#4166,#4167,
#4168),.UNSPECIFIED.,.T.,.F.,(1,1,1,1,1,1,1,1,1,1,1),(-0.00140674768520461,
-0.000937831790136315,-0.000468915895068022,2.71366772214405E-16,0.000468915895068564,
0.000937831790136858,0.00140674768520515,0.00187566358027344,0.00234457947534174,
0.00281349537041003,0.00328241126547832),.UNSPECIFIED.);
#1733=B_SPLINE_CURVE_WITH_KNOTS('',3,(#4171,#4172,#4173,#4174,#4175,#4176,
#4177,#4178,#4179,#4180,#4181,#4182,#4183,#4184,#4185,#4186,#4187,#4188,
#4189),.UNSPECIFIED.,.T.,.F.,(1,1,1,1,1,1,1,1,1,1,1,1,1,1,1,1,1,1,1,1,1,
1,1),(-0.000348369400690173,-0.000174184700343043,-8.70923501694772E-5,
4.08769378645189E-15,8.7092350177653E-5,0.000174184700351218,0.000348369400698349,
0.00069673880139261,0.000870923501739741,0.00104510820208687,0.001219292902434,
0.00139347760278113,0.00156766230312826,0.00174184700347539,0.00191603170382252,
0.00209021640416966,0.00243858580486392,0.00261277050521105,0.00269986285538461,
0.00278695520555818,0.00287404755573174,0.00296113990590531,0.00313532460625244),
 .UNSPECIFIED.);
#1734=B_SPLINE_CURVE_WITH_KNOTS('',3,(#4191,#4192,#4193,#4194,#4195,#4196,
#4197),.UNSPECIFIED.,.T.,.F.,(1,1,1,1,1,1,1,1,1,1,1),(-0.00140674768520458,
-0.000937831790136296,-0.000468915895068013,2.70444794704464E-16,0.000468915895068554,
0.000937831790136837,0.00140674768520512,0.0018756635802734,0.00234457947534169,
0.00281349537040997,0.00328241126547825),.UNSPECIFIED.);
#1735=B_SPLINE_CURVE_WITH_KNOTS('',3,(#4200,#4201,#4202,#4203,#4204,#4205,
#4206,#4207,#4208,#4209,#4210,#4211,#4212,#4213,#4214,#4215,#4216,#4217,
#4218,#4219),.UNSPECIFIED.,.T.,.F.,(1,1,1,1,1,1,1,1,1,1,1,1,1,1,1,1,1,1,
1,1,1,1,1,1),(-0.000524967669723687,-0.000349978446482449,-0.00017498922324121,
2.80286707594483E-17,8.74946116206473E-5,0.000174989223241267,0.000349978446482505,
0.000524967669723744,0.000699956892964982,0.000874946116206221,0.00104993533944746,
0.0012249245626887,0.00139991378592994,0.00157490300917117,0.00174989223241241,
0.00192488145565365,0.00209987067889489,0.00227485990213613,0.00244984912537737,
0.00262483834861861,0.00279982757185984,0.00288732218348046,0.00297481679510108,
0.00314980601834232),.UNSPECIFIED.);
#1736=B_SPLINE_CURVE_WITH_KNOTS('',3,(#4221,#4222,#4223,#4224,#4225,#4226,
#4227),.UNSPECIFIED.,.T.,.F.,(1,1,1,1,1,1,1,1,1,1,1),(-0.00140674768520465,
-0.000937831790136342,-0.000468915895068037,2.68299535849414E-16,0.000468915895068574,
0.000937831790136879,0.00140674768520518,0.00187566358027349,0.00234457947534179,
0.0028134953704101,0.00328241126547841),.UNSPECIFIED.);
#1737=B_SPLINE_CURVE_WITH_KNOTS('',3,(#4230,#4231,#4232,#4233,#4234,#4235,
#4236,#4237,#4238,#4239,#4240,#4241,#4242,#4243,#4244,#4245,#4246,#4247,
#4248),.UNSPECIFIED.,.T.,.F.,(1,1,1,1,1,1,1,1,1,1,1,1,1,1,1,1,1,1,1,1,1,
1,1),(-0.000527791683448436,-0.000351861122298957,-0.000175930561149478,
0.,8.79652805747394E-5,0.000175930561149479,0.000351861122298957,0.000703722244597915,
0.000879652805747394,0.00105558336689687,0.00123151392804635,0.00140744448919583,
0.00158337505034531,0.00175930561149479,0.00193523617264427,0.00211116673379374,
0.00228709729494322,0.0024630278560927,0.00263895841724218,0.00281488897839166,
0.0029028542589664,0.00299081953954114,0.00316675010069062),
 .UNSPECIFIED.);
#1738=B_SPLINE_CURVE_WITH_KNOTS('',3,(#4250,#4251,#4252,#4253,#4254,#4255,
#4256),.UNSPECIFIED.,.T.,.F.,(1,1,1,1,1,1,1,1,1,1,1),(-0.00140674768561155,
-0.000937831790407612,-0.00046891589520367,2.71366772214405E-16,0.000468915895204213,
0.000937831790408154,0.0014067476856121,0.00187566358081604,0.00234457947601998,
0.00281349537122392,0.00328241126642786),.UNSPECIFIED.);
#1739=B_SPLINE_CURVE_WITH_KNOTS('',3,(#4464,#4465,#4466,#4467,#4468,#4469,
#4470),.UNSPECIFIED.,.F.,.F.,(4,1,1,1,4),(1.30104260698261E-18,0.000468874452917007,
0.000937748905834012,0.00140662335875102,0.00187549781166802),
 .UNSPECIFIED.);
#1740=B_SPLINE_CURVE_WITH_KNOTS('',3,(#4474,#4475,#4476,#4477,#4478,#4479,
#4480),.UNSPECIFIED.,.F.,.F.,(4,1,1,1,4),(0.,0.000468878075986642,0.000937756151973284,
0.00140663422795993,0.00187551230394657),.UNSPECIFIED.);
#1741=B_SPLINE_CURVE_WITH_KNOTS('',3,(#4483,#4484,#4485,#4486,#4487,#4488,
#4489),.UNSPECIFIED.,.F.,.F.,(4,1,1,1,4),(2.81961255930147E-14,0.00171921600546231,
0.00343843201089642,0.00515764801633053,0.00687686402176465),
 .UNSPECIFIED.);
#1742=B_SPLINE_CURVE_WITH_KNOTS('',3,(#4496,#4497,#4498,#4499,#4500,#4501,
#4502,#4503,#4504,#4505,#4506),.UNSPECIFIED.,.T.,.F.,(1,1,1,1,1,1,1,1,1,
1,1,1,1,1,1),(-0.00515824327735905,-0.0034388288515727,-0.00171941442578635,
4.33680868994202E-19,0.00171941442578635,0.0034388288515727,0.00515824327735905,
0.0068776577031454,0.00859707212893175,0.0103164865547181,0.0120359009805045,
0.0137553154062908,0.0154747298320772,0.0171941442578635,0.0189135586836499),
 .UNSPECIFIED.);
#1743=B_SPLINE_CURVE_WITH_KNOTS('',3,(#4536,#4537,#4538,#4539,#4540,#4541,
#4542),.UNSPECIFIED.,.T.,.F.,(1,1,1,1,1,1,1,1,1,1,1),(-0.00140674768633249,
-0.000937831790888235,-0.000468915895443982,2.7051433012313E-16,0.000468915895444523,
0.000937831790888776,0.00140674768633303,0.00187566358177728,0.00234457947722153,
0.00281349537266579,0.00328241126811004),.UNSPECIFIED.);
#1744=B_SPLINE_CURVE_WITH_KNOTS('',3,(#4544,#4545,#4546,#4547,#4548,#4549,
#4550),.UNSPECIFIED.,.T.,.F.,(1,1,1,1,1,1,1,1,1,1,1),(-0.00140674768520462,
-0.000937831790136321,-0.000468915895068025,2.70300103734255E-16,0.000468915895068566,
0.000937831790136862,0.00140674768520516,0.00187566358027345,0.00234457947534175,
0.00281349537041004,0.00328241126547834),.UNSPECIFIED.);
#1745=B_SPLINE_CURVE_WITH_KNOTS('',3,(#4552,#4553,#4554,#4555,#4556,#4557,
#4558),.UNSPECIFIED.,.T.,.F.,(1,1,1,1,1,1,1,1,1,1,1),(-0.00140674768520462,
-0.000937831790136323,-0.000468915895068027,2.70300103734255E-16,0.000468915895068567,
0.000937831790136864,0.00140674768520516,0.00187566358027346,0.00234457947534175,
0.00281349537041005,0.00328241126547835),.UNSPECIFIED.);
#1746=B_SPLINE_CURVE_WITH_KNOTS('',3,(#4560,#4561,#4562,#4563,#4564,#4565,
#4566),.UNSPECIFIED.,.T.,.F.,(1,1,1,1,1,1,1,1,1,1,1),(-0.00140674768520463,
-0.000937831790136329,-0.00046891589506803,2.68721209004339E-16,0.000468915895068568,
0.000937831790136866,0.00140674768520517,0.00187566358027346,0.00234457947534176,
0.00281349537041006,0.00328241126547836),.UNSPECIFIED.);
#1747=B_SPLINE_CURVE_WITH_KNOTS('',3,(#4568,#4569,#4570,#4571,#4572,#4573,
#4574),.UNSPECIFIED.,.T.,.F.,(1,1,1,1,1,1,1,1,1,1,1),(-0.00140674768561158,
-0.00093783179040763,-0.00046891589520368,2.69645243566471E-16,0.000468915895204219,
0.000937831790408169,0.00140674768561212,0.00187566358081607,0.00234457947602002,
0.00281349537122397,0.00328241126642792),.UNSPECIFIED.);
#1748=B_SPLINE_CURVE_WITH_KNOTS('',3,(#4798,#4799,#4800,#4801,#4802,#4803,
#4804,#4805,#4806,#4807,#4808),.UNSPECIFIED.,.F.,.F.,(4,1,1,1,1,1,1,1,4),
(0.,0.0011636034951935,0.002327206990387,0.0034908104855805,0.004654413980774,
0.0058180174759675,0.00698162097116099,0.00814522446635449,0.00930882796154799),
 .UNSPECIFIED.);
#1749=B_SPLINE_CURVE_WITH_KNOTS('',3,(#4813,#4814,#4815,#4816,#4817,#4818,
#4819,#4820,#4821,#4822,#4823,#4824,#4825,#4826,#4827,#4828,#4829,#4830),
 .UNSPECIFIED.,.T.,.F.,(1,1,1,1,1,1,1,1,1,1,1,1,1,1,1,1,1,1,1,1,1,1),(-0.000912209686430829,
-0.000608139790953885,-0.000304069895476941,3.5762240613455E-18,0.000304069895476948,
0.000608139790953892,0.000912209686430837,0.00121627958190778,0.00152034947738473,
0.00182441937286167,0.00212848926833861,0.00243255916381556,0.00304069895476945,
0.00334476885024639,0.00364883874572334,0.00395290864120028,0.00425697853667722,
0.00456104843215417,0.00486511832763111,0.00516918822310806,0.005473258118585,
0.00577732801406195),.UNSPECIFIED.);
#1750=B_SPLINE_CURVE_WITH_KNOTS('',3,(#4832,#4833,#4834,#4835,#4836,#4837,
#4838,#4839,#4840,#4841,#4842,#4843,#4844,#4845,#4846,#4847,#4848,#4849),
 .UNSPECIFIED.,.T.,.F.,(1,1,1,1,1,1,1,1,1,1,1,1,1,1,1,1,1,1,1,1,1,1),(-0.000913813148595457,
-0.000609208765730303,-0.000304604382865148,6.9928938926747E-18,0.000304604382865162,
0.000609208765730316,0.000913813148595471,0.00121841753146063,0.00152302191432578,
0.00182762629719093,0.00213223068005609,0.00243683506292124,0.00304604382865155,
0.00335064821151671,0.00365525259438186,0.00395985697724702,0.00426446136011217,
0.00456906574297733,0.00487367012584248,0.00517827450870764,0.00548287889157279,
0.00578748327443795),.UNSPECIFIED.);
#1751=B_SPLINE_CURVE_WITH_KNOTS('',3,(#4851,#4852,#4853,#4854,#4855,#4856,
#4857,#4858,#4859,#4860,#4861,#4862,#4863,#4864,#4865,#4866,#4867,#4868),
 .UNSPECIFIED.,.T.,.F.,(1,1,1,1,1,1,1,1,1,1,1,1,1,1,1,1,1,1,1,1,1,1),(-0.000914780998008719,
-0.000609853998672455,-0.000304926999336192,7.06793383695018E-17,0.000304926999336334,
0.000609853998672596,0.000914780998008859,0.00121970799734512,0.00152463499668139,
0.00182956199601765,0.00243941599469017,0.00274434299402644,0.0030492699933627,
0.00335419699269896,0.00365912399203523,0.00396405099137149,0.00426897799070775,
0.00457390499004401,0.00487883198938028,0.00518375898871654,0.0054886859880528,
0.00579361298738907),.UNSPECIFIED.);
#1752=B_SPLINE_CURVE_WITH_KNOTS('',3,(#4870,#4871,#4872,#4873,#4874,#4875,
#4876,#4877,#4878,#4879,#4880,#4881,#4882,#4883,#4884,#4885,#4886,#4887),
 .UNSPECIFIED.,.T.,.F.,(1,1,1,1,1,1,1,1,1,1,1,1,1,1,1,1,1,1,1,1,1,1),(-0.00091206430226006,
-0.000608042868173371,-0.000304021434086682,7.05981306231723E-18,0.000304021434086696,
0.000608042868173385,0.000912064302260074,0.00121608573634676,0.00152010717043345,
0.00182412860452014,0.00212815003860683,0.00243217147269352,0.0030402143408669,
0.00334423577495359,0.00364825720904028,0.00395227864312697,0.00425630007721365,
0.00456032151130034,0.00486434294538703,0.00516836437947372,0.00547238581356041,
0.0057764072476471),.UNSPECIFIED.);
#1753=B_SPLINE_CURVE_WITH_KNOTS('',3,(#4889,#4890,#4891,#4892,#4893,#4894,
#4895,#4896,#4897,#4898,#4899,#4900,#4901,#4902,#4903,#4904,#4905,#4906),
 .UNSPECIFIED.,.T.,.F.,(1,1,1,1,1,1,1,1,1,1,1,1,1,1,1,1,1,1,1,1,1,1),(-0.000911546725773282,
-0.000607697817182188,-0.000303848908591094,0.,0.000303848908591094,0.000607697817182188,
0.000911546725773282,0.00121539563436438,0.00151924454295547,0.00182309345154656,
0.00212694236013766,0.00243079126872875,0.00303848908591094,0.00334233799450203,
0.00364618690309313,0.00395003581168422,0.00425388472027532,0.00455773362886641,
0.0048615825374575,0.0051654314460486,0.00546928035463969,0.00577312926323079),
 .UNSPECIFIED.);
#1754=B_SPLINE_CURVE_WITH_KNOTS('',3,(#4908,#4909,#4910,#4911,#4912,#4913,
#4914,#4915,#4916,#4917,#4918,#4919,#4920,#4921,#4922,#4923,#4924,#4925),
 .UNSPECIFIED.,.T.,.F.,(1,1,1,1,1,1,1,1,1,1,1,1,1,1,1,1,1,1,1,1,1,1),(-0.000916107414683341,
-0.000610738276455251,-0.00030536913822716,9.30802006261877E-16,0.000305369138229021,
0.000610738276457112,0.000916107414685202,0.00122147655291329,0.00152684569114138,
0.00183221482936947,0.00244295310582565,0.00274832224405374,0.00305369138228183,
0.00335906052050993,0.00366442965873802,0.00396979879696611,0.0042751679351942,
0.00458053707342229,0.00488590621165038,0.00519127534987847,0.00549664448810656,
0.00580201362633465),.UNSPECIFIED.);
#1755=B_SPLINE_CURVE_WITH_KNOTS('',3,(#4927,#4928,#4929,#4930,#4931,#4932,
#4933,#4934,#4935,#4936,#4937,#4938,#4939,#4940,#4941,#4942,#4943,#4944),
 .UNSPECIFIED.,.T.,.F.,(1,1,1,1,1,1,1,1,1,1,1,1,1,1,1,1,1,1,1,1,1,1),(-0.000915452394162903,
-0.000610301596108601,-0.0003051507980543,8.67361737988404E-19,0.000305150798054302,
0.000610301596108603,0.000915452394162904,0.00122060319221721,0.00152575399027151,
0.00183090478832581,0.00244120638443441,0.00274635718248871,0.00305150798054301,
0.00335665877859731,0.00366180957665161,0.00396696037470592,0.00427211117276022,
0.00457726197081452,0.00488241276886882,0.00518756356692312,0.00549271436497742,
0.00579786516303172),.UNSPECIFIED.);
#1756=B_SPLINE_CURVE_WITH_KNOTS('',3,(#4946,#4947,#4948,#4949,#4950,#4951,
#4952,#4953,#4954,#4955,#4956,#4957,#4958,#4959,#4960,#4961,#4962,#4963),
 .UNSPECIFIED.,.T.,.F.,(1,1,1,1,1,1,1,1,1,1,1,1,1,1,1,1,1,1,1,1,1,1),(-0.000911258805439102,
-0.000607505870292734,-0.000303752935146367,8.67361737988404E-19,0.000303752935146368,
0.000607505870292736,0.000911258805439104,0.00121501174058547,0.00151876467573184,
0.00182251761087821,0.00243002348117094,0.00273377641631731,0.00303752935146368,
0.00334128228661004,0.00364503522175641,0.00394878815690278,0.00425254109204915,
0.00455629402719551,0.00486004696234188,0.00516379989748825,0.00546755283263462,
0.00577130576778098),.UNSPECIFIED.);
#1757=B_SPLINE_CURVE_WITH_KNOTS('',3,(#4965,#4966,#4967,#4968,#4969,#4970,
#4971,#4972,#4973,#4974,#4975,#4976,#4977,#4978,#4979,#4980,#4981,#4982),
 .UNSPECIFIED.,.T.,.F.,(1,1,1,1,1,1,1,1,1,1,1,1,1,1,1,1,1,1,1,1,1,1),(-0.000912749046130048,
-0.000608499364086685,-0.000304249682043321,4.27412243709267E-17,0.000304249682043406,
0.000608499364086769,0.000912749046130133,0.0012169987281735,0.00152124841021686,
0.00182549809226022,0.00212974777430359,0.00243399745634695,0.00304249682043368,
0.00334674650247704,0.0036509961845204,0.00395524586656377,0.00425949554860713,
0.00456374523065049,0.00486799491269386,0.00517224459473722,0.00547649427678058,
0.00578074395882395),.UNSPECIFIED.);
#1758=B_SPLINE_CURVE_WITH_KNOTS('',3,(#4987,#4988,#4989,#4990,#4991,#4992,
#4993,#4994,#4995,#4996,#4997),.UNSPECIFIED.,.F.,.F.,(4,1,1,1,1,1,1,1,4),
(0.,0.000649440205890763,0.00129888041178153,0.00194832061767229,0.00259776082356305,
0.00324720102945381,0.00389664123534458,0.00454608144123534,0.0051955216471261),
 .UNSPECIFIED.);
#1759=B_SPLINE_CURVE_WITH_KNOTS('',3,(#5000,#5001,#5002,#5003,#5004,#5005,
#5006,#5007,#5008,#5009,#5010,#5011,#5012),.UNSPECIFIED.,.F.,.F.,(4,1,1,
1,1,1,1,1,1,1,4),(0.,0.000390773997360683,0.000781547994721365,0.00117232199208205,
0.00136770899076239,0.00156309598944273,0.00175848298812307,0.00195386998680341,
0.0023446439841641,0.00273541798152478,0.00312619197888546),
 .UNSPECIFIED.);
#1760=B_SPLINE_CURVE_WITH_KNOTS('',3,(#5095,#5096,#5097,#5098,#5099,#5100,
#5101,#5102,#5103,#5104,#5105),.UNSPECIFIED.,.F.,.F.,(4,1,1,1,1,1,1,1,4),
(0.00220725132082084,0.00337539762939811,0.00454354393797537,0.00571169024655264,
0.00687983655512991,0.00804798286370718,0.00921612917228444,0.0103842754808617,
0.011552421789439),.UNSPECIFIED.);
#1761=B_SPLINE_CURVE_WITH_KNOTS('',3,(#5107,#5108,#5109,#5110,#5111,#5112,
#5113,#5114,#5115,#5116,#5117,#5118,#5119,#5120,#5121,#5122,#5123,#5124),
 .UNSPECIFIED.,.T.,.F.,(1,1,1,1,1,1,1,1,1,1,1,1,1,1,1,1,1,1,1,1,1,1),(-0.00122096658815543,
-0.000915724941116575,-0.000610483294077716,4.33680868994202E-19,0.000305241647038859,
0.000610483294077717,0.000915724941116575,0.00122096658815543,0.00152620823519429,
0.00183144988223315,0.00213669152927201,0.00244193317631087,0.00274717482334972,
0.00305241647038858,0.00335765811742744,0.0036628997644663,0.00396814141150516,
0.00427338305854401,0.00488386635262173,0.00518910799966059,0.00549434964669945,
0.00579959129373831),.UNSPECIFIED.);
#1762=B_SPLINE_CURVE_WITH_KNOTS('',3,(#5126,#5127,#5128,#5129,#5130,#5131,
#5132,#5133,#5134,#5135,#5136,#5137,#5138,#5139,#5140,#5141,#5142,#5143),
 .UNSPECIFIED.,.T.,.F.,(1,1,1,1,1,1,1,1,1,1,1,1,1,1,1,1,1,1,1,1,1,1),(-0.000914739119420575,
-0.000609826079613714,-0.000304913039806854,6.50521303491303E-18,0.000304913039806867,
0.000609826079613728,0.000914739119420589,0.00121965215922745,0.00152456519903431,
0.00182947823884117,0.00213439127864803,0.00243930431845489,0.00274421735826175,
0.00304913039806861,0.00365895647768234,0.0039638695174892,0.00426878255729606,
0.00457369559710292,0.00487860863690978,0.00518352167671664,0.0054884347165235,
0.00579334775633036),.UNSPECIFIED.);
#1763=B_SPLINE_CURVE_WITH_KNOTS('',3,(#5145,#5146,#5147,#5148,#5149,#5150,
#5151,#5152,#5153,#5154,#5155,#5156,#5157,#5158,#5159,#5160,#5161,#5162),
 .UNSPECIFIED.,.T.,.F.,(1,1,1,1,1,1,1,1,1,1,1,1,1,1,1,1,1,1,1,1,1,1),(-0.00121786175053552,
-0.000608930875267754,-0.000304465437633871,1.17093834628434E-17,0.000304465437633894,
0.000608930875267776,0.000913396312901658,0.00121786175053554,0.00152232718816942,
0.00182679262580331,0.00213125806343719,0.00243572350107107,0.00274018893870495,
0.00304465437633883,0.00334911981397272,0.0036535852516066,0.00426251612687436,
0.00456698156450825,0.00487144700214213,0.00517591243977601,0.00548037787740989,
0.00578484331504377),.UNSPECIFIED.);
#1764=B_SPLINE_CURVE_WITH_KNOTS('',3,(#5164,#5165,#5166,#5167,#5168,#5169,
#5170,#5171,#5172,#5173,#5174,#5175,#5176,#5177,#5178,#5179,#5180,#5181),
 .UNSPECIFIED.,.T.,.F.,(1,1,1,1,1,1,1,1,1,1,1,1,1,1,1,1,1,1,1,1,1,1),(-0.000909199429148528,
-0.000606132952765665,-0.000303066476382802,6.18706218133111E-17,0.000303066476382925,
0.000606132952765787,0.00090919942914865,0.00121226590553151,0.00181839885829724,
0.0021214653346801,0.00242453181106296,0.00272759828744583,0.00303066476382869,
0.00333373124021155,0.00363679771659442,0.00393986419297728,0.00424293066936014,
0.004545997145743,0.00484906362212587,0.00515213009850873,0.00545519657489159,
0.00575826305127446),.UNSPECIFIED.);
#1765=B_SPLINE_CURVE_WITH_KNOTS('',3,(#5183,#5184,#5185,#5186,#5187,#5188,
#5189,#5190,#5191,#5192,#5193,#5194,#5195,#5196,#5197,#5198,#5199,#5200),
 .UNSPECIFIED.,.T.,.F.,(1,1,1,1,1,1,1,1,1,1,1,1,1,1,1,1,1,1,1,1,1,1),(-0.00121760411871009,
-0.000608802059354996,-0.000304401029677448,9.89790484819749E-17,0.000304401029677646,
0.000608802059355193,0.000913203089032741,0.00121760411871029,0.00152200514838784,
0.00182640617806538,0.00213080720774293,0.00243520823742048,0.00273960926709802,
0.00304401029677557,0.00334841132645312,0.00365281235613067,0.00426161441548576,
0.00456601544516331,0.00487041647484086,0.0051748175045184,0.00547921853419595,
0.0057836195638735),.UNSPECIFIED.);
#1766=B_SPLINE_CURVE_WITH_KNOTS('',3,(#5202,#5203,#5204,#5205,#5206,#5207,
#5208,#5209,#5210,#5211,#5212,#5213,#5214,#5215,#5216,#5217,#5218,#5219),
 .UNSPECIFIED.,.T.,.F.,(1,1,1,1,1,1,1,1,1,1,1,1,1,1,1,1,1,1,1,1,1,1),(-0.00091796636714581,
-0.000611977578097204,-0.000305988789048599,7.37257477290143E-18,0.000611977578097219,
0.000917966367145824,0.00122395515619443,0.00152994394524304,0.00183593273429164,
0.00214192152334025,0.00244791031238885,0.00275389910143746,0.00305988789048606,
0.00336587667953467,0.00367186546858327,0.00397785425763188,0.00428384304668049,
0.00458983183572909,0.0048958206247777,0.00550779820287491,0.00581378699192351,
0.00611977578097212),.UNSPECIFIED.);
#1767=B_SPLINE_CURVE_WITH_KNOTS('',3,(#5221,#5222,#5223,#5224,#5225,#5226,
#5227,#5228,#5229,#5230,#5231,#5232,#5233,#5234,#5235,#5236,#5237,#5238),
 .UNSPECIFIED.,.T.,.F.,(1,1,1,1,1,1,1,1,1,1,1,1,1,1,1,1,1,1,1,1,1,1),(-0.000916916842956503,
-0.000611277895304323,-0.000305638947652143,3.8597597340484E-17,0.000305638947652219,
0.0006112778953044,0.00091691684295658,0.00122255579060876,0.00183383368591312,
0.0021394726335653,0.00244511158121748,0.00275075052886966,0.00305638947652184,
0.00336202842417402,0.00366766737182621,0.00397330631947839,0.00427894526713057,
0.00458458421478275,0.00489022316243493,0.00519586211008711,0.00550150105773929,
0.00580714000539147),.UNSPECIFIED.);
#1768=B_SPLINE_CURVE_WITH_KNOTS('',3,(#5240,#5241,#5242,#5243,#5244,#5245,
#5246,#5247,#5248,#5249,#5250,#5251,#5252,#5253,#5254,#5255,#5256,#5257),
 .UNSPECIFIED.,.T.,.F.,(1,1,1,1,1,1,1,1,1,1,1,1,1,1,1,1,1,1,1,1,1,1),(-0.000914375385067077,
-0.000609583590044699,-0.000304791795022322,5.55721041394E-17,0.000304791795022433,
0.00060958359004481,0.000914375385067188,0.00121916718008957,0.00152395897511194,
0.00182875077013432,0.0021335425651567,0.00243833436017907,0.00304791795022383,
0.00335270974524621,0.00365750154026858,0.00396229333529096,0.00426708513031334,
0.00457187692533572,0.00487666872035809,0.00518146051538047,0.00548625231040285,
0.00579104410542523),.UNSPECIFIED.);
#1769=B_SPLINE_CURVE_WITH_KNOTS('',3,(#5259,#5260,#5261,#5262,#5263,#5264,
#5265,#5266,#5267,#5268,#5269,#5270,#5271,#5272,#5273,#5274,#5275,#5276),
 .UNSPECIFIED.,.T.,.F.,(1,1,1,1,1,1,1,1,1,1,1,1,1,1,1,1,1,1,1,1,1,1),(-0.000904536500585282,
-0.000603024333723519,-0.000301512166861755,8.42055931881015E-18,0.000301512166861772,
0.000603024333723536,0.000904536500585299,0.00120604866744706,0.00180907300117059,
0.00211058516803235,0.00241209733489412,0.00271360950175588,0.00301512166861764,
0.00331663383547941,0.00361814600234117,0.00391965816920293,0.0042211703360647,
0.00452268250292646,0.00482419466978823,0.00512570683664999,0.00542721900351175,
0.00572873117037352),.UNSPECIFIED.);
#1770=B_SPLINE_CURVE_WITH_KNOTS('',3,(#5278,#5279,#5280,#5281,#5282,#5283,
#5284,#5285,#5286,#5287,#5288,#5289,#5290,#5291,#5292,#5293,#5294,#5295),
 .UNSPECIFIED.,.T.,.F.,(1,1,1,1,1,1,1,1,1,1,1,1,1,1,1,1,1,1,1,1,1,1),(-0.000918098913932014,
-0.000612065942621341,-0.000306032971310669,3.46944695195361E-18,0.000306032971310676,
0.000612065942621348,0.00122413188524269,0.00153016485655337,0.00183619782786404,
0.00214223079917471,0.00244826377048538,0.00275429674179606,0.00306032971310673,
0.0033663626844174,0.00367239565572807,0.00397842862703874,0.00428446159834942,
0.00459049456966009,0.00489652754097076,0.00520256051228143,0.00550859348359211,
0.00612065942621345),.UNSPECIFIED.);
#1771=B_SPLINE_CURVE_WITH_KNOTS('',3,(#5297,#5298,#5299,#5300,#5301,#5302,
#5303,#5304,#5305,#5306,#5307,#5308,#5309,#5310,#5311,#5312,#5313,#5314),
 .UNSPECIFIED.,.T.,.F.,(1,1,1,1,1,1,1,1,1,1,1,1,1,1,1,1,1,1,1,1,1,1),(-0.000926411870073409,
-0.000617607913382269,-0.000308803956691129,1.0842021724855E-17,0.00030880395669115,
0.00061760791338229,0.00123521582676457,0.00154401978345571,0.00185282374014685,
0.00216162769683799,0.00247043165352913,0.00277923561022027,0.00308803956691141,
0.00339684352360255,0.00370564748029369,0.00401445143698483,0.00432325539367597,
0.00463205935036711,0.00494086330705825,0.00524966726374939,0.00555847122044052,
0.0061760791338228),.UNSPECIFIED.);
#1772=B_SPLINE_CURVE_WITH_KNOTS('',3,(#5316,#5317,#5318,#5319,#5320,#5321,
#5322,#5323,#5324,#5325,#5326,#5327,#5328,#5329,#5330,#5331,#5332,#5333),
 .UNSPECIFIED.,.T.,.F.,(1,1,1,1,1,1,1,1,1,1,1,1,1,1,1,1,1,1,1,1,1,1),(-0.000919842441589621,
-0.00061322829439307,-0.000306614147196519,3.18452898611616E-17,0.000306614147196583,
0.000613228294393134,0.000919842441589685,0.00122645658878624,0.00183968488317934,
0.00214629903037589,0.00245291317757244,0.00275952732476899,0.00306614147196554,
0.00337275561916209,0.00367936976635865,0.0039859839135552,0.00429259806075175,
0.0045992122079483,0.00490582635514485,0.0052124405023414,0.00551905464953795,
0.0058256687967345),.UNSPECIFIED.);
#1773=B_SPLINE_CURVE_WITH_KNOTS('',3,(#5335,#5336,#5337,#5338,#5339,#5340,
#5341,#5342,#5343,#5344,#5345,#5346,#5347,#5348,#5349,#5350,#5351,#5352),
 .UNSPECIFIED.,.T.,.F.,(1,1,1,1,1,1,1,1,1,1,1,1,1,1,1,1,1,1,1,1,1,1),(-0.000923525115153772,
-0.000615683410102513,-0.000307841705051255,2.60208521396521E-18,0.000307841705051261,
0.000615683410102518,0.000923525115153776,0.00123136682020503,0.00184705023030755,
0.00215489193535881,0.00246273364041007,0.00277057534546132,0.00307841705051258,
0.00338625875556384,0.0036941004606151,0.00400194216566636,0.00430978387071761,
0.00461762557576887,0.00492546728082013,0.00523330898587139,0.00554115069092265,
0.0058489923959739),.UNSPECIFIED.);
#1774=B_SPLINE_CURVE_WITH_KNOTS('',3,(#5354,#5355,#5356,#5357,#5358,#5359,
#5360,#5361,#5362,#5363,#5364,#5365,#5366,#5367,#5368,#5369,#5370),
 .UNSPECIFIED.,.T.,.F.,(1,1,1,1,1,1,1,1,1,1,1,1,1,1,1,1,1,1,1,1,1),(-0.0015348913149587,
-0.00122791305196696,-0.000613956525983463,3.01244359089893E-17,0.000306978262991777,
0.000613956525983523,0.00092093478897527,0.00122791305196702,0.00153489131495876,
0.00184186957795051,0.00214884784094226,0.002455826103934,0.00276280436692575,
0.0030697826299175,0.00337676089290924,0.00368373915590099,0.00429769568188448,
0.00491165220786798,0.00521863047085972,0.00552560873385147,0.00583258699684322),
 .UNSPECIFIED.);
#1775=B_SPLINE_CURVE_WITH_KNOTS('',3,(#5372,#5373,#5374,#5375,#5376,#5377,
#5378,#5379,#5380,#5381,#5382,#5383,#5384,#5385,#5386,#5387,#5388,#5389),
 .UNSPECIFIED.,.T.,.F.,(1,1,1,1,1,1,1,1,1,1,1,1,1,1,1,1,1,1,1,1,1,1),(-0.000919548891661052,
-0.000613032594440699,-0.000306516297220346,6.50521303491303E-18,0.00030651629722036,
0.000613032594440713,0.000919548891661066,0.00122606518888142,0.00183909778332213,
0.00214561408054248,0.00245213037776283,0.00275864667498318,0.00306516297220354,
0.00337167926942389,0.00367819556664424,0.0039847118638646,0.00429122816108495,
0.0045977444583053,0.00490426075552566,0.00521077705274601,0.00551729334996636,
0.00582380964718672),.UNSPECIFIED.);
#1776=B_SPLINE_CURVE_WITH_KNOTS('',3,(#5391,#5392,#5393,#5394,#5395,#5396,
#5397,#5398,#5399,#5400,#5401,#5402,#5403,#5404,#5405,#5406,#5407,#5408),
 .UNSPECIFIED.,.T.,.F.,(1,1,1,1,1,1,1,1,1,1,1,1,1,1,1,1,1,1,1,1,1,1),(-0.000914956391132254,
-0.000609970927421501,-0.000304985463710748,4.33680868994202E-18,0.000609970927421509,
0.000914956391132262,0.00121994185484301,0.00152492731855377,0.00182991278226452,
0.00213489824597527,0.00243988370968602,0.00274486917339678,0.00304985463710753,
0.00335484010081828,0.00365982556452903,0.00396481102823979,0.00426979649195054,
0.00457478195566129,0.00487976741937204,0.00548973834679355,0.0057947238105043,
0.00609970927421505),.UNSPECIFIED.);
#1777=B_SPLINE_CURVE_WITH_KNOTS('',3,(#5410,#5411,#5412,#5413,#5414,#5415,
#5416,#5417,#5418,#5419,#5420,#5421,#5422,#5423,#5424,#5425,#5426,#5427),
 .UNSPECIFIED.,.T.,.F.,(1,1,1,1,1,1,1,1,1,1,1,1,1,1,1,1,1,1,1,1,1,1),(-0.000915093661080535,
-0.000610062440720352,-0.00030503122036017,1.13836065126413E-17,0.000305031220360193,
0.000610062440720375,0.000915093661080557,0.00122012488144074,0.0018301873221611,
0.00213521854252128,0.00244024976288147,0.00274528098324165,0.00305031220360183,
0.00335534342396201,0.00366037464432219,0.00396540586468237,0.00427043708504256,
0.00457546830540274,0.00488049952576292,0.0051855307461231,0.00549056196648328,
0.00579559318684347),.UNSPECIFIED.);
#1778=B_SPLINE_CURVE_WITH_KNOTS('',3,(#5434,#5435,#5436,#5437,#5438,#5439,
#5440,#5441,#5442,#5443,#5444,#5445,#5446),.UNSPECIFIED.,.F.,.F.,(4,1,1,
1,1,1,1,1,1,1,4),(0.,0.000390475525527763,0.000780951051055525,0.00117142657658329,
0.00136666433934717,0.00156190210211105,0.00175713986487493,0.00195237762763881,
0.00234285315316658,0.00273332867869434,0.0031238042042221),
 .UNSPECIFIED.);
#1779=B_SPLINE_CURVE_WITH_KNOTS('',3,(#5449,#5450,#5451,#5452,#5453,#5454,
#5455,#5456,#5457,#5458,#5459),.UNSPECIFIED.,.F.,.F.,(4,1,1,1,1,1,1,1,4),
(0.00226806000599473,0.00292778405930256,0.00358750811261039,0.00424723216591822,
0.00490695621922605,0.00556668027253388,0.00622640432584171,0.00688612837914954,
0.00754585243245737),.UNSPECIFIED.);
#1780=B_SPLINE_CURVE_WITH_KNOTS('',3,(#5575,#5576,#5577,#5578,#5579,#5580,
#5581,#5582,#5583,#5584,#5585,#5586,#5587,#5588,#5589,#5590,#5591,#5592,
#5593,#5594),.UNSPECIFIED.,.T.,.F.,(1,1,1,1,1,1,1,1,1,1,1,1,1,1,1,1,1,1,
1,1,1,1,1,1),(-0.000522212862697903,-0.000348141908465267,-0.00017407095423263,
6.9928938926747E-18,0.000174070954232644,0.00034814190846528,0.000522212862697917,
0.000609248339814235,0.000696283816930554,0.000783319294046872,0.00087035477116319,
0.00104442572539583,0.0013925676338611,0.00156663858809374,0.00174070954232637,
0.00191478049655901,0.00208885145079165,0.00226292240502428,0.00243699335925692,
0.00261106431348956,0.00278513526772219,0.00295920622195483,0.00313327717618747,
0.0033073481304201),.UNSPECIFIED.);
#1781=B_SPLINE_CURVE_WITH_KNOTS('',3,(#5597,#5598,#5599,#5600,#5601,#5602,
#5603,#5604,#5605,#5606,#5607,#5608,#5609,#5610,#5611,#5612,#5613,#5614,
#5615,#5616,#5617),.UNSPECIFIED.,.T.,.F.,(1,1,1,1,1,1,1,1,1,1,1,1,1,1,1,
1,1,1,1,1,1,1,1,1,1),(-0.000525536350901965,-0.000350357567267935,-0.000175178783633905,
1.25360029340971E-16,0.000175178783634155,0.000350357567268186,0.000437946959085201,
0.000525536350902216,0.000613125742719231,0.000700715134536246,0.000875893918170276,
0.00105107270180431,0.00122625148543834,0.00140143026907237,0.0015766090527064,
0.00175178783634043,0.00192696661997446,0.00210214540360849,0.00227732418724252,
0.00245250297087655,0.00262768175451058,0.00280286053814461,0.00297803932177864,
0.00315321810541267,0.00324080749722968),.UNSPECIFIED.);
#1782=B_SPLINE_CURVE_WITH_KNOTS('',3,(#5620,#5621,#5622,#5623,#5624,#5625,
#5626,#5627,#5628,#5629,#5630,#5631,#5632,#5633,#5634,#5635,#5636,#5637,
#5638,#5639),.UNSPECIFIED.,.T.,.F.,(1,1,1,1,1,1,1,1,1,1,1,1,1,1,1,1,1,1,
1,1,1,1,1,1),(-0.00052432583592641,-0.00034955055728426,-0.00017477527864211,
4.06088354287779E-17,0.000174775278642191,0.000349550557284341,0.000524325835926491,
0.000699101114568642,0.000873876393210792,0.000961264032531867,0.00104865167185294,
0.00113603931117402,0.00122342695049509,0.00139820222913724,0.00174775278642154,
0.00192252806506369,0.00209730334370584,0.00227207862234799,0.00244685390099014,
0.00262162917963229,0.00279640445827444,0.00297117973691659,0.00314595501555874,
0.00332073029420089),.UNSPECIFIED.);
#1783=B_SPLINE_CURVE_WITH_KNOTS('',3,(#5642,#5643,#5644,#5645,#5646,#5647,
#5648,#5649,#5650,#5651,#5652,#5653,#5654,#5655,#5656,#5657,#5658,#5659,
#5660),.UNSPECIFIED.,.T.,.F.,(1,1,1,1,1,1,1,1,1,1,1,1,1,1,1,1,1,1,1,1,1,
1,1),(-0.000523317104190347,-0.000348878069460214,-0.000174439034730082,
4.9439619065339E-17,0.000174439034730181,0.000348878069460313,0.000697756138920577,
0.000872195173650709,0.000959414691015775,0.00104663420838084,0.00122107324311097,
0.00139551227784111,0.00156995131257124,0.00174439034730137,0.0019188293820315,
0.00209326841676163,0.00226770745149176,0.0024421464862219,0.00261658552095203,
0.00279102455568216,0.00296546359041229,0.00313990262514242,0.00348878069460269),
 .UNSPECIFIED.);
#1784=B_SPLINE_CURVE_WITH_KNOTS('',3,(#5663,#5664,#5665,#5666,#5667,#5668,
#5669,#5670,#5671,#5672,#5673,#5674,#5675,#5676,#5677,#5678,#5679,#5680,
#5681,#5682,#5683),.UNSPECIFIED.,.T.,.F.,(1,1,1,1,1,1,1,1,1,1,1,1,1,1,1,
1,1,1,1,1,1,1,1,1,1),(-0.000527022039137372,-0.00035134802609157,-0.000175674013045768,
3.36822372752406E-17,0.000175674013045836,0.000351348026091638,0.000439185032614539,
0.00052702203913744,0.000614859045660341,0.000702696052183242,0.000878370065229044,
0.00105404407827485,0.00122971809132065,0.00140539210436645,0.00158106611741225,
0.00175674013045805,0.00193241414350386,0.00210808815654966,0.00228376216959546,
0.00245943618264126,0.00263511019568706,0.00281078420873287,0.00298645822177867,
0.00316213223482447,0.00324996924134737),.UNSPECIFIED.);
#1785=B_SPLINE_CURVE_WITH_KNOTS('',3,(#5686,#5687,#5688,#5689,#5690,#5691,
#5692,#5693,#5694,#5695,#5696,#5697,#5698,#5699,#5700,#5701,#5702,#5703,
#5704,#5705),.UNSPECIFIED.,.T.,.F.,(1,1,1,1,1,1,1,1,1,1,1,1,1,1,1,1,1,1,
1,1,1,1,1,1),(-0.000521674046948555,-0.000347782697965664,-0.000173891348982772,
1.19457629562914E-16,0.000173891348983011,0.000347782697965902,0.000521674046948794,
0.000695565395931685,0.000782511070423131,0.000869456744914576,0.00104334809389747,
0.00121723944288036,0.00139113079186325,0.00156502214084614,0.00173891348982903,
0.00191280483881193,0.00208669618779482,0.00226058753677771,0.0024344788857606,
0.00260837023474349,0.00278226158372638,0.00295615293270927,0.00313004428169217,
0.00330393563067506),.UNSPECIFIED.);
#1786=B_SPLINE_CURVE_WITH_KNOTS('',3,(#5708,#5709,#5710,#5711,#5712,#5713,
#5714,#5715,#5716,#5717,#5718,#5719,#5720,#5721,#5722,#5723,#5724,#5725,
#5726,#5727,#5728),.UNSPECIFIED.,.T.,.F.,(1,1,1,1,1,1,1,1,1,1,1,1,1,1,1,
1,1,1,1,1,1,1,1,1,1),(-0.000523312351097622,-0.000348874900731738,-0.000174437450365854,
3.01244359089893E-17,0.000174437450365914,0.000348874900731798,0.000523312351097683,
0.000697749801463567,0.000872187251829451,0.00104662470219533,0.00122106215256122,
0.0013954996029271,0.00148271832811005,0.00156993705329299,0.00165715577847593,
0.00174437450365887,0.00191881195402476,0.00209324940439064,0.00226768685475652,
0.00244212430512241,0.00261656175548829,0.00279099920585418,0.00296543665622006,
0.00313987410658595,0.00331431155695183),.UNSPECIFIED.);
#1787=B_SPLINE_CURVE_WITH_KNOTS('',3,(#5731,#5732,#5733,#5734,#5735,#5736,
#5737,#5738,#5739,#5740,#5741,#5742,#5743,#5744,#5745,#5746,#5747,#5748,
#5749,#5750,#5751),.UNSPECIFIED.,.T.,.F.,(1,1,1,1,1,1,1,1,1,1,1,1,1,1,1,
1,1,1,1,1,1,1,1,1,1),(-0.000522356280813486,-0.000348237520542305,-0.000174118760271124,
5.70154285920749E-17,0.000174118760271238,0.000348237520542419,0.00043529690067801,
0.0005223562808136,0.000609415660949191,0.000696475041084781,0.000870593801355962,
0.00104471256162714,0.00121883132189832,0.00139295008216951,0.00156706884244069,
0.00174118760271187,0.00191530636298305,0.00208942512325423,0.00226354388352541,
0.00243766264379659,0.00261178140406777,0.00278590016433895,0.00296001892461014,
0.00313413768488132,0.00322119706501691),.UNSPECIFIED.);
#1788=B_SPLINE_CURVE_WITH_KNOTS('',3,(#5754,#5755,#5756,#5757,#5758,#5759,
#5760,#5761,#5762,#5763,#5764,#5765,#5766,#5767,#5768,#5769,#5770,#5771,
#5772,#5773,#5774),.UNSPECIFIED.,.T.,.F.,(1,1,1,1,1,1,1,1,1,1,1,1,1,1,1,
1,1,1,1,1,1,1,1,1,1),(-0.000526841777233063,-0.000351227851488663,-0.000175613925744263,
1.36977949718855E-16,0.000175613925744537,0.000351227851488937,0.000526841777233337,
0.000702455702977737,0.000878069628722137,0.00105368355446654,0.00114149051733874,
0.00122929748021094,0.00131710444308314,0.00140491140595534,0.00158052533169974,
0.00175613925744414,0.00193175318318854,0.00210736710893294,0.00228298103467734,
0.00245859496042174,0.00263420888616614,0.00280982281191054,0.00298543673765494,
0.00316105066339934,0.00333666458914374),.UNSPECIFIED.);
#1789=B_SPLINE_CURVE_WITH_KNOTS('',3,(#6291,#6292,#6293,#6294,#6295,#6296,
#6297,#6298,#6299,#6300,#6301,#6302,#6303,#6304,#6305,#6306,#6307,#6308,
#6309,#6310,#6311),.UNSPECIFIED.,.T.,.F.,(1,1,1,1,1,1,1,1,1,1,1,1,1,1,1,
1,1,1,1,1,1,1,1,1,1),(-0.000523356052972599,-0.000348904035315066,-0.000174452017657533,
4.33680868994202E-19,0.000174452017657534,0.000348904035315067,0.000436130044143834,
0.0005233560529726,0.000610582061801367,0.000697808070630133,0.000872260088287667,
0.0010467121059452,0.00122116412360273,0.00139561614126027,0.0015700681589178,
0.00174452017657533,0.00191897219423287,0.0020934242118904,0.00226787622954793,
0.00244232824720547,0.002616780264863,0.00279123228252053,0.00296568430017807,
0.0031401363178356,0.00322736232666437),.UNSPECIFIED.);
#1790=B_SPLINE_CURVE_WITH_KNOTS('',3,(#6314,#6315,#6316,#6317,#6318,#6319,
#6320,#6321,#6322,#6323,#6324,#6325,#6326,#6327,#6328,#6329,#6330,#6331,
#6332,#6333,#6334),.UNSPECIFIED.,.T.,.F.,(1,1,1,1,1,1,1,1,1,1,1,1,1,1,1,
1,1,1,1,1,1,1,1,1,1),(-0.000521723903547613,-0.000347815935698406,-0.000173907967849198,
8.67361737988404E-18,0.000173907967849216,0.000347815935698423,0.000521723903547631,
0.000695631871396838,0.000869539839246045,0.00104344780709525,0.00113040179101986,
0.00121735577494446,0.00130430975886906,0.00139126374279367,0.00156517171064287,
0.00173907967849208,0.00191298764634129,0.0020868956141905,0.0022608035820397,
0.00243471154988891,0.00260861951773812,0.00278252748558733,0.00295643545343653,
0.00313034342128574,0.00330425138913495),.UNSPECIFIED.);
#1791=B_SPLINE_CURVE_WITH_KNOTS('',3,(#6337,#6338,#6339,#6340,#6341,#6342,
#6343,#6344,#6345,#6346,#6347,#6348,#6349,#6350,#6351,#6352,#6353,#6354,
#6355),.UNSPECIFIED.,.T.,.F.,(1,1,1,1,1,1,1,1,1,1,1,1,1,1,1,1,1,1,1,1,1,
1,1),(-0.000695986325064131,-0.000347993162532056,-0.000173996581266018,
1.86482773667507E-17,0.000173996581266056,0.000347993162532093,0.000521989743798131,
0.000695986325064168,0.000869982906330205,0.00104397948759624,0.00139197265012832,
0.00156596923139435,0.00165296752202737,0.00173996581266039,0.00182696410329341,
0.00191396239392643,0.00208795897519247,0.00243595213772454,0.00260994871899058,
0.00278394530025662,0.00295794188152265,0.00313193846278869,0.00330593504405473),
 .UNSPECIFIED.);
#1792=B_SPLINE_CURVE_WITH_KNOTS('',3,(#6358,#6359,#6360,#6361,#6362,#6363,
#6364,#6365,#6366,#6367,#6368,#6369,#6370,#6371,#6372,#6373,#6374,#6375,
#6376,#6377,#6378),.UNSPECIFIED.,.T.,.F.,(1,1,1,1,1,1,1,1,1,1,1,1,1,1,1,
1,1,1,1,1,1,1,1,1,1),(-0.00052393711132433,-0.000349291407549553,-0.000174645703774776,
1.30104260698261E-18,0.000174645703774778,0.000349291407549556,0.000436614259436944,
0.000523937111324333,0.000611259963211721,0.00069858281509911,0.000873228518873887,
0.00104787422264866,0.00122251992642344,0.00139716563019822,0.001571811333973,
0.00174645703774777,0.00192110274152255,0.00209574844529733,0.0022703941490721,
0.00244503985284688,0.00261968555662166,0.00279433126039644,0.00296897696417121,
0.00314362266794599,0.00323094551983338),.UNSPECIFIED.);
#1793=B_SPLINE_CURVE_WITH_KNOTS('',3,(#6381,#6382,#6383,#6384,#6385,#6386,
#6387,#6388,#6389,#6390,#6391,#6392,#6393,#6394,#6395,#6396,#6397,#6398,
#6399,#6400),.UNSPECIFIED.,.T.,.F.,(1,1,1,1,1,1,1,1,1,1,1,1,1,1,1,1,1,1,
1,1,1,1,1,1),(-0.000522792597945397,-0.000348528398630248,-0.0001742641993151,
4.90059381963448E-17,0.000174264199315198,0.000348528398630347,0.000522792597945495,
0.000697056797260644,0.000871320996575793,0.00104558519589094,0.00121984939520609,
0.00139411359452124,0.00156837779383639,0.00174264199315154,0.00182977409280911,
0.00191690619246669,0.00209117039178183,0.00226543459109698,0.00243969879041213,
0.00261396298972728,0.00278822718904243,0.00296249138835758,0.00313675558767273,
0.00331101978698788),.UNSPECIFIED.);
#1794=B_SPLINE_CURVE_WITH_KNOTS('',3,(#6403,#6404,#6405,#6406,#6407,#6408,
#6409,#6410,#6411,#6412,#6413,#6414,#6415,#6416,#6417,#6418,#6419,#6420,
#6421,#6422,#6423),.UNSPECIFIED.,.T.,.F.,(1,1,1,1,1,1,1,1,1,1,1,1,1,1,1,
1,1,1,1,1,1,1,1,1,1),(-0.000432741242176413,-0.000346192993741131,-0.000173096496870565,
4.33680868994202E-19,0.000173096496870566,0.000346192993741132,0.000519289490611697,
0.000692385987482263,0.000865482484352828,0.00103857898122339,0.00121167547809396,
0.00138477197496452,0.00155786847183509,0.00173096496870566,0.00190406146557622,
0.00207715796244679,0.00216370621088207,0.00225025445931735,0.00233680270775264,
0.00242335095618792,0.00259644745305848,0.00276954394992905,0.00294264044679961,
0.00311573694367018,0.00328883344054075),.UNSPECIFIED.);
#1795=B_SPLINE_CURVE_WITH_KNOTS('',3,(#6426,#6427,#6428,#6429,#6430,#6431,
#6432,#6433,#6434,#6435,#6436,#6437,#6438,#6439,#6440,#6441,#6442,#6443,
#6444,#6445,#6446),.UNSPECIFIED.,.T.,.F.,(1,1,1,1,1,1,1,1,1,1,1,1,1,1,1,
1,1,1,1,1,1,1,1,1,1),(-0.000524303598167932,-0.000349535732111955,-0.000174767866055977,
8.67361737988404E-19,0.000174767866055979,0.000349535732111956,0.000524303598167934,
0.000699071464223912,0.00087383933027989,0.00104860719633587,0.00122337506239185,
0.00139814292844782,0.00148552686147581,0.0015729107945038,0.00166029472753179,
0.00174767866055978,0.00192244652661576,0.00209721439267173,0.00227198225872771,
0.00244675012478369,0.00262151799083967,0.00279628585689565,0.00297105372295162,
0.0031458215890076,0.00332058945506358),.UNSPECIFIED.);
#1796=B_SPLINE_CURVE_WITH_KNOTS('',3,(#6449,#6450,#6451,#6452,#6453,#6454,
#6455,#6456,#6457,#6458,#6459,#6460,#6461,#6462,#6463,#6464,#6465,#6466,
#6467,#6468),.UNSPECIFIED.,.T.,.F.,(1,1,1,1,1,1,1,1,1,1,1,1,1,1,1,1,1,1,
1,1,1,1,1,1),(-0.000347644390720798,-0.000173822195360284,-8.69110976800262E-5,
2.30882831883138E-16,8.69110976804882E-5,0.000173822195360745,0.00034764439072126,
0.000521466586081774,0.000695288781442289,0.000869110976802804,0.00104293317216332,
0.00121675536752383,0.00139057756288435,0.00156439975824486,0.00173822195360538,
0.00191204414896589,0.00208586634432641,0.00243351073504743,0.00260733293040795,
0.00269424402808821,0.00278115512576846,0.00286806622344872,0.00295497732112898,
0.00312879951648949),.UNSPECIFIED.);
#1797=B_SPLINE_CURVE_WITH_KNOTS('',3,(#6927,#6928,#6929,#6930,#6931,#6932,
#6933,#6934,#6935,#6936,#6937,#6938,#6939,#6940,#6941,#6942,#6943,#6944,
#6945,#6946,#6947),.UNSPECIFIED.,.T.,.F.,(1,1,1,1,1,1,1,1,1,1,1,1,1,1,1,
1,1,1,1,1,1,1,1,1,1),(-0.000258232417899336,-0.000172154945266209,-8.60774726330811E-5,
4.60927485609414E-17,0.0001721549452663,0.000344309890532554,0.000516464835798808,
0.000688619781065063,0.000860774726331317,0.00103292967159757,0.00120508461686382,
0.00137723956213008,0.00154939450739633,0.00172154945266259,0.00189370439792884,
0.0020658593431951,0.00223801428846135,0.0024101692337276,0.00249624670636073,
0.00258232417899386,0.00266840165162698,0.00275447912426011,0.00292663406952637,
0.00309878901479262,0.00327094396005887),.UNSPECIFIED.);
#1798=B_SPLINE_CURVE_WITH_KNOTS('',3,(#6950,#6951,#6952,#6953,#6954,#6955,
#6956,#6957,#6958,#6959,#6960,#6961,#6962,#6963,#6964,#6965,#6966,#6967,
#6968,#6969,#6970),.UNSPECIFIED.,.T.,.F.,(1,1,1,1,1,1,1,1,1,1,1,1,1,1,1,
1,1,1,1,1,1,1,1,1,1),(-0.000257936096141899,-0.000171957397427932,-8.59786987139652E-5,
1.73472347597681E-18,0.000171957397427935,0.000343914794855869,0.000515872192283803,
0.000687829589711737,0.00085978698713967,0.0010317443845676,0.00120370178199554,
0.00137565917942347,0.00154761657685141,0.00171957397427934,0.00189153137170727,
0.00206348876913521,0.00223544616656314,0.00240740356399107,0.00249338226270504,
0.00257936096141901,0.00266533966013297,0.00275131835884694,0.00292327575627488,
0.00309523315370281,0.00326719055113074),.UNSPECIFIED.);
#1799=B_SPLINE_CURVE_WITH_KNOTS('',3,(#6973,#6974,#6975,#6976,#6977,#6978,
#6979,#6980,#6981,#6982,#6983,#6984,#6985,#6986,#6987,#6988,#6989,#6990,
#6991),.UNSPECIFIED.,.T.,.F.,(1,1,1,1,1,1,1,1,1,1,1,1,1,1,1,1,1,1,1,1,1,
1,1),(-0.000345620256159349,-0.000172810128079331,-8.64050640393224E-5,
6.86232247743698E-16,0.000172810128080704,0.000345620256160721,0.000518430384240738,
0.000691240512320755,0.000864050640400773,0.00103686076848079,0.00120967089656081,
0.00138248102464082,0.00155529115272084,0.00172810128080086,0.00190091140888088,
0.00207372153696089,0.00241934179312093,0.00259215192120095,0.00267855698524095,
0.00276496204928096,0.00293777217736098,0.003110582305441,0.00328339243352101),
 .UNSPECIFIED.);
#1800=B_SPLINE_CURVE_WITH_KNOTS('',3,(#6994,#6995,#6996,#6997,#6998,#6999,
#7000,#7001,#7002,#7003,#7004,#7005,#7006,#7007,#7008,#7009,#7010,#7011,
#7012,#7013,#7014),.UNSPECIFIED.,.T.,.F.,(1,1,1,1,1,1,1,1,1,1,1,1,1,1,1,
1,1,1,1,1,1,1,1,1,1),(-0.00052141698361533,-0.000347611322410209,-0.000173805661205089,
3.14650339589291E-17,8.69028306025918E-5,0.000173805661205152,0.000260708491807712,
0.000347611322410273,0.000521416983615393,0.000695222644820514,0.000869028306025635,
0.00104283396723076,0.00121663962843588,0.001390445289641,0.00156425095084612,
0.00173805661205124,0.00191186227325636,0.00208566793446148,0.0022594735956666,
0.00243327925687172,0.00260708491807684,0.00278089057928196,0.00286779340988452,
0.00295469624048708,0.00304159907108964),.UNSPECIFIED.);
#1801=B_SPLINE_CURVE_WITH_KNOTS('',3,(#7017,#7018,#7019,#7020,#7021,#7022,
#7023,#7024,#7025,#7026,#7027,#7028,#7029,#7030,#7031,#7032,#7033,#7034,
#7035,#7036,#7037),.UNSPECIFIED.,.T.,.F.,(1,1,1,1,1,1,1,1,1,1,1,1,1,1,1,
1,1,1,1,1,1,1,1,1,1),(-0.000257778799358409,-0.000171852532905537,-8.59262664526647E-5,
2.0753702717081E-16,0.000171852532905952,0.000343705065811697,0.000515557598717441,
0.000687410131623186,0.00085926266452893,0.00103111519743467,0.00120296773034042,
0.00137482026324616,0.00154667279615191,0.00171852532905765,0.0018903778619634,
0.00206223039486914,0.00223408292777489,0.00240593546068063,0.0024918617271335,
0.00257778799358638,0.00266371426003925,0.00274964052649212,0.00292149305939786,
0.00309334559230361,0.00326519812520935),.UNSPECIFIED.);
#1802=EDGE_LOOP('',(#423));
#1803=EDGE_LOOP('',(#424));
#1804=EDGE_LOOP('',(#425));
#1805=EDGE_LOOP('',(#426));
#1806=EDGE_LOOP('',(#427));
#1807=EDGE_LOOP('',(#428));
#1808=EDGE_LOOP('',(#429));
#1809=EDGE_LOOP('',(#430));
#1810=EDGE_LOOP('',(#431));
#1811=EDGE_LOOP('',(#432));
#1812=EDGE_LOOP('',(#433));
#1813=EDGE_LOOP('',(#434));
#1814=EDGE_LOOP('',(#435));
#1815=EDGE_LOOP('',(#436));
#1816=EDGE_LOOP('',(#437));
#1817=EDGE_LOOP('',(#438));
#1818=EDGE_LOOP('',(#439));
#1819=EDGE_LOOP('',(#440,#441,#442,#443));
#1820=EDGE_LOOP('',(#444,#445,#446,#447));
#1821=EDGE_LOOP('',(#448));
#1822=EDGE_LOOP('',(#449));
#1823=EDGE_LOOP('',(#450));
#1824=EDGE_LOOP('',(#451));
#1825=EDGE_LOOP('',(#452));
#1826=EDGE_LOOP('',(#453));
#1827=EDGE_LOOP('',(#454));
#1828=EDGE_LOOP('',(#455));
#1829=EDGE_LOOP('',(#456));
#1830=EDGE_LOOP('',(#457));
#1831=EDGE_LOOP('',(#458));
#1832=EDGE_LOOP('',(#459));
#1833=EDGE_LOOP('',(#460));
#1834=EDGE_LOOP('',(#461));
#1835=EDGE_LOOP('',(#462));
#1836=EDGE_LOOP('',(#463));
#1837=EDGE_LOOP('',(#464));
#1838=EDGE_LOOP('',(#465));
#1839=EDGE_LOOP('',(#466));
#1840=EDGE_LOOP('',(#467));
#1841=EDGE_LOOP('',(#468));
#1842=EDGE_LOOP('',(#469));
#1843=EDGE_LOOP('',(#470));
#1844=EDGE_LOOP('',(#471));
#1845=EDGE_LOOP('',(#472));
#1846=EDGE_LOOP('',(#473));
#1847=EDGE_LOOP('',(#474));
#1848=EDGE_LOOP('',(#475));
#1849=EDGE_LOOP('',(#476));
#1850=EDGE_LOOP('',(#477));
#1851=EDGE_LOOP('',(#478));
#1852=EDGE_LOOP('',(#479));
#1853=EDGE_LOOP('',(#480));
#1854=EDGE_LOOP('',(#481));
#1855=EDGE_LOOP('',(#482));
#1856=EDGE_LOOP('',(#483));
#1857=EDGE_LOOP('',(#484));
#1858=EDGE_LOOP('',(#485));
#1859=EDGE_LOOP('',(#486));
#1860=EDGE_LOOP('',(#487));
#1861=EDGE_LOOP('',(#488));
#1862=EDGE_LOOP('',(#489));
#1863=EDGE_LOOP('',(#490));
#1864=EDGE_LOOP('',(#491));
#1865=EDGE_LOOP('',(#492));
#1866=EDGE_LOOP('',(#493,#494,#495,#496));
#1867=EDGE_LOOP('',(#497,#498,#499,#500));
#1868=EDGE_LOOP('',(#501));
#1869=EDGE_LOOP('',(#502));
#1870=EDGE_LOOP('',(#503));
#1871=EDGE_LOOP('',(#504));
#1872=EDGE_LOOP('',(#505));
#1873=EDGE_LOOP('',(#506));
#1874=EDGE_LOOP('',(#507));
#1875=EDGE_LOOP('',(#508));
#1876=EDGE_LOOP('',(#509));
#1877=EDGE_LOOP('',(#510));
#1878=EDGE_LOOP('',(#511));
#1879=EDGE_LOOP('',(#512));
#1880=EDGE_LOOP('',(#513));
#1881=EDGE_LOOP('',(#514));
#1882=EDGE_LOOP('',(#515));
#1883=EDGE_LOOP('',(#516));
#1884=EDGE_LOOP('',(#517));
#1885=EDGE_LOOP('',(#518));
#1886=EDGE_LOOP('',(#519));
#1887=EDGE_LOOP('',(#520));
#1888=EDGE_LOOP('',(#521));
#1889=EDGE_LOOP('',(#522));
#1890=EDGE_LOOP('',(#523));
#1891=EDGE_LOOP('',(#524));
#1892=EDGE_LOOP('',(#525));
#1893=EDGE_LOOP('',(#526));
#1894=EDGE_LOOP('',(#527));
#1895=EDGE_LOOP('',(#528));
#1896=EDGE_LOOP('',(#529));
#1897=EDGE_LOOP('',(#530));
#1898=EDGE_LOOP('',(#531));
#1899=EDGE_LOOP('',(#532));
#1900=EDGE_LOOP('',(#533));
#1901=EDGE_LOOP('',(#534));
#1902=EDGE_LOOP('',(#535));
#1903=EDGE_LOOP('',(#536));
#1904=EDGE_LOOP('',(#537));
#1905=EDGE_LOOP('',(#538,#539,#540,#541,#542,#543,#544,#545));
#1906=EDGE_LOOP('',(#546,#547,#548,#549));
#1907=EDGE_LOOP('',(#550));
#1908=EDGE_LOOP('',(#551));
#1909=EDGE_LOOP('',(#552));
#1910=EDGE_LOOP('',(#553));
#1911=EDGE_LOOP('',(#554));
#1912=EDGE_LOOP('',(#555));
#1913=EDGE_LOOP('',(#556,#557,#558,#559));
#1914=EDGE_LOOP('',(#560,#561,#562,#563));
#1915=EDGE_LOOP('',(#564,#565));
#1916=EDGE_LOOP('',(#566,#567,#568,#569));
#1917=EDGE_LOOP('',(#570));
#1918=EDGE_LOOP('',(#571,#572,#573,#574,#575,#576,#577,#578));
#1919=EDGE_LOOP('',(#579,#580,#581,#582));
#1920=EDGE_LOOP('',(#583,#584,#585,#586));
#1921=EDGE_LOOP('',(#587,#588,#589,#590));
#1922=EDGE_LOOP('',(#591));
#1923=EDGE_LOOP('',(#592));
#1924=EDGE_LOOP('',(#593));
#1925=EDGE_LOOP('',(#594));
#1926=EDGE_LOOP('',(#595));
#1927=EDGE_LOOP('',(#596));
#1928=EDGE_LOOP('',(#597));
#1929=EDGE_LOOP('',(#598));
#1930=EDGE_LOOP('',(#599));
#1931=EDGE_LOOP('',(#600,#601,#602,#603));
#1932=EDGE_LOOP('',(#604,#605,#606,#607));
#1933=EDGE_LOOP('',(#608,#609,#610,#611));
#1934=EDGE_LOOP('',(#612,#613,#614,#615));
#1935=EDGE_LOOP('',(#616,#617,#618,#619));
#1936=EDGE_LOOP('',(#620,#621,#622,#623));
#1937=EDGE_LOOP('',(#624,#625,#626,#627));
#1938=EDGE_LOOP('',(#628,#629,#630,#631));
#1939=EDGE_LOOP('',(#632,#633,#634,#635));
#1940=EDGE_LOOP('',(#636,#637,#638,#639));
#1941=EDGE_LOOP('',(#640,#641,#642,#643));
#1942=EDGE_LOOP('',(#644,#645,#646,#647));
#1943=EDGE_LOOP('',(#648,#649,#650,#651));
#1944=EDGE_LOOP('',(#652,#653,#654,#655));
#1945=EDGE_LOOP('',(#656,#657,#658,#659));
#1946=EDGE_LOOP('',(#660,#661,#662,#663));
#1947=EDGE_LOOP('',(#664,#665,#666,#667));
#1948=EDGE_LOOP('',(#668,#669,#670,#671));
#1949=EDGE_LOOP('',(#672,#673,#674,#675));
#1950=EDGE_LOOP('',(#676,#677,#678,#679));
#1951=EDGE_LOOP('',(#680,#681,#682,#683));
#1952=EDGE_LOOP('',(#684,#685,#686,#687));
#1953=EDGE_LOOP('',(#688,#689,#690,#691));
#1954=EDGE_LOOP('',(#692,#693,#694,#695));
#1955=EDGE_LOOP('',(#696,#697,#698,#699));
#1956=EDGE_LOOP('',(#700,#701,#702,#703));
#1957=EDGE_LOOP('',(#704,#705,#706,#707));
#1958=EDGE_LOOP('',(#708,#709,#710,#711));
#1959=EDGE_LOOP('',(#712,#713,#714,#715));
#1960=EDGE_LOOP('',(#716,#717,#718,#719));
#1961=EDGE_LOOP('',(#720,#721,#722,#723));
#1962=EDGE_LOOP('',(#724,#725,#726,#727));
#1963=EDGE_LOOP('',(#728,#729,#730,#731));
#1964=EDGE_LOOP('',(#732,#733,#734,#735));
#1965=EDGE_LOOP('',(#736,#737,#738,#739));
#1966=EDGE_LOOP('',(#740,#741,#742,#743));
#1967=EDGE_LOOP('',(#744,#745,#746,#747));
#1968=EDGE_LOOP('',(#748,#749,#750,#751));
#1969=EDGE_LOOP('',(#752,#753,#754,#755));
#1970=EDGE_LOOP('',(#756,#757,#758,#759));
#1971=EDGE_LOOP('',(#760,#761,#762,#763));
#1972=EDGE_LOOP('',(#764,#765,#766,#767));
#1973=EDGE_LOOP('',(#768,#769,#770,#771));
#1974=EDGE_LOOP('',(#772,#773,#774,#775));
#1975=EDGE_LOOP('',(#776,#777,#778,#779));
#1976=EDGE_LOOP('',(#780,#781,#782,#783));
#1977=EDGE_LOOP('',(#784,#785,#786,#787));
#1978=EDGE_LOOP('',(#788,#789,#790,#791));
#1979=EDGE_LOOP('',(#792,#793,#794,#795));
#1980=EDGE_LOOP('',(#796,#797,#798,#799));
#1981=EDGE_LOOP('',(#800,#801,#802,#803));
#1982=EDGE_LOOP('',(#804,#805,#806,#807));
#1983=EDGE_LOOP('',(#808,#809,#810,#811));
#1984=EDGE_LOOP('',(#812,#813,#814,#815));
#1985=EDGE_LOOP('',(#816,#817,#818,#819,#820,#821,#822,#823));
#1986=EDGE_LOOP('',(#824,#825,#826,#827,#828,#829,#830,#831));
#1987=EDGE_LOOP('',(#832,#833,#834,#835));
#1988=EDGE_LOOP('',(#836,#837,#838,#839));
#1989=EDGE_LOOP('',(#840,#841,#842,#843));
#1990=EDGE_LOOP('',(#844));
#1991=EDGE_LOOP('',(#845,#846));
#1992=EDGE_LOOP('',(#847,#848));
#1993=EDGE_LOOP('',(#849));
#1994=EDGE_LOOP('',(#850));
#1995=EDGE_LOOP('',(#851));
#1996=EDGE_LOOP('',(#852));
#1997=EDGE_LOOP('',(#853));
#1998=EDGE_LOOP('',(#854));
#1999=EDGE_LOOP('',(#855));
#2000=EDGE_LOOP('',(#856));
#2001=EDGE_LOOP('',(#857));
#2002=EDGE_LOOP('',(#858));
#2003=EDGE_LOOP('',(#859));
#2004=EDGE_LOOP('',(#860));
#2005=EDGE_LOOP('',(#861,#862));
#2006=EDGE_LOOP('',(#863));
#2007=EDGE_LOOP('',(#864,#865,#866,#867));
#2008=EDGE_LOOP('',(#868,#869,#870,#871));
#2009=EDGE_LOOP('',(#872,#873));
#2010=EDGE_LOOP('',(#874,#875));
#2011=EDGE_LOOP('',(#876,#877));
#2012=EDGE_LOOP('',(#878,#879));
#2013=EDGE_LOOP('',(#880));
#2014=EDGE_LOOP('',(#881));
#2015=EDGE_LOOP('',(#882));
#2016=EDGE_LOOP('',(#883));
#2017=EDGE_LOOP('',(#884));
#2018=EDGE_LOOP('',(#885));
#2019=EDGE_LOOP('',(#886));
#2020=EDGE_LOOP('',(#887));
#2021=EDGE_LOOP('',(#888));
#2022=EDGE_LOOP('',(#889));
#2023=EDGE_LOOP('',(#890));
#2024=EDGE_LOOP('',(#891));
#2025=EDGE_LOOP('',(#892));
#2026=EDGE_LOOP('',(#893));
#2027=EDGE_LOOP('',(#894));
#2028=EDGE_LOOP('',(#895));
#2029=EDGE_LOOP('',(#896));
#2030=EDGE_LOOP('',(#897));
#2031=EDGE_LOOP('',(#898));
#2032=EDGE_LOOP('',(#899,#900));
#2033=EDGE_LOOP('',(#901));
#2034=EDGE_LOOP('',(#902,#903,#904,#905));
#2035=EDGE_LOOP('',(#906,#907,#908,#909));
#2036=EDGE_LOOP('',(#910));
#2037=EDGE_LOOP('',(#911));
#2038=EDGE_LOOP('',(#912));
#2039=EDGE_LOOP('',(#913));
#2040=EDGE_LOOP('',(#914));
#2041=EDGE_LOOP('',(#915));
#2042=EDGE_LOOP('',(#916));
#2043=EDGE_LOOP('',(#917));
#2044=EDGE_LOOP('',(#918));
#2045=EDGE_LOOP('',(#919));
#2046=EDGE_LOOP('',(#920));
#2047=EDGE_LOOP('',(#921));
#2048=EDGE_LOOP('',(#922));
#2049=EDGE_LOOP('',(#923));
#2050=EDGE_LOOP('',(#924));
#2051=EDGE_LOOP('',(#925));
#2052=EDGE_LOOP('',(#926));
#2053=EDGE_LOOP('',(#927));
#2054=EDGE_LOOP('',(#928));
#2055=EDGE_LOOP('',(#929));
#2056=EDGE_LOOP('',(#930));
#2057=EDGE_LOOP('',(#931));
#2058=EDGE_LOOP('',(#932));
#2059=EDGE_LOOP('',(#933));
#2060=EDGE_LOOP('',(#934));
#2061=EDGE_LOOP('',(#935));
#2062=EDGE_LOOP('',(#936));
#2063=EDGE_LOOP('',(#937));
#2064=EDGE_LOOP('',(#938));
#2065=EDGE_LOOP('',(#939));
#2066=EDGE_LOOP('',(#940));
#2067=EDGE_LOOP('',(#941));
#2068=EDGE_LOOP('',(#942));
#2069=EDGE_LOOP('',(#943));
#2070=EDGE_LOOP('',(#944));
#2071=EDGE_LOOP('',(#945));
#2072=EDGE_LOOP('',(#946));
#2073=EDGE_LOOP('',(#947));
#2074=EDGE_LOOP('',(#948));
#2075=EDGE_LOOP('',(#949));
#2076=EDGE_LOOP('',(#950));
#2077=EDGE_LOOP('',(#951));
#2078=EDGE_LOOP('',(#952));
#2079=EDGE_LOOP('',(#953));
#2080=EDGE_LOOP('',(#954));
#2081=EDGE_LOOP('',(#955));
#2082=EDGE_LOOP('',(#956));
#2083=EDGE_LOOP('',(#957));
#2084=EDGE_LOOP('',(#958));
#2085=EDGE_LOOP('',(#959));
#2086=EDGE_LOOP('',(#960));
#2087=EDGE_LOOP('',(#961));
#2088=EDGE_LOOP('',(#962));
#2089=EDGE_LOOP('',(#963));
#2090=EDGE_LOOP('',(#964));
#2091=EDGE_LOOP('',(#965));
#2092=EDGE_LOOP('',(#966));
#2093=EDGE_LOOP('',(#967));
#2094=EDGE_LOOP('',(#968));
#2095=EDGE_LOOP('',(#969));
#2096=EDGE_LOOP('',(#970));
#2097=EDGE_LOOP('',(#971));
#2098=EDGE_LOOP('',(#972));
#2099=EDGE_LOOP('',(#973));
#2100=EDGE_LOOP('',(#974));
#2101=EDGE_LOOP('',(#975));
#2102=EDGE_LOOP('',(#976));
#2103=EDGE_LOOP('',(#977));
#2104=EDGE_LOOP('',(#978));
#2105=EDGE_LOOP('',(#979));
#2106=EDGE_LOOP('',(#980));
#2107=EDGE_LOOP('',(#981));
#2108=EDGE_LOOP('',(#982));
#2109=EDGE_LOOP('',(#983));
#2110=EDGE_LOOP('',(#984));
#2111=EDGE_LOOP('',(#985));
#2112=EDGE_LOOP('',(#986));
#2113=EDGE_LOOP('',(#987));
#2114=EDGE_LOOP('',(#988));
#2115=EDGE_LOOP('',(#989));
#2116=EDGE_LOOP('',(#990));
#2117=EDGE_LOOP('',(#991));
#2118=EDGE_LOOP('',(#992));
#2119=EDGE_LOOP('',(#993));
#2120=EDGE_LOOP('',(#994));
#2121=EDGE_LOOP('',(#995));
#2122=EDGE_LOOP('',(#996));
#2123=EDGE_LOOP('',(#997));
#2124=EDGE_LOOP('',(#998));
#2125=EDGE_LOOP('',(#999));
#2126=EDGE_LOOP('',(#1000));
#2127=EDGE_LOOP('',(#1001));
#2128=EDGE_LOOP('',(#1002));
#2129=EDGE_LOOP('',(#1003));
#2130=EDGE_LOOP('',(#1004));
#2131=EDGE_LOOP('',(#1005));
#2132=EDGE_LOOP('',(#1006));
#2133=EDGE_LOOP('',(#1007));
#2134=EDGE_LOOP('',(#1008));
#2135=EDGE_LOOP('',(#1009));
#2136=EDGE_LOOP('',(#1010));
#2137=EDGE_LOOP('',(#1011));
#2138=EDGE_LOOP('',(#1012));
#2139=EDGE_LOOP('',(#1013));
#2140=EDGE_LOOP('',(#1014));
#2141=EDGE_LOOP('',(#1015));
#2142=EDGE_LOOP('',(#1016));
#2143=EDGE_LOOP('',(#1017));
#2144=EDGE_LOOP('',(#1018));
#2145=EDGE_LOOP('',(#1019));
#2146=EDGE_LOOP('',(#1020));
#2147=EDGE_LOOP('',(#1021));
#2148=EDGE_LOOP('',(#1022));
#2149=EDGE_LOOP('',(#1023));
#2150=EDGE_LOOP('',(#1024));
#2151=EDGE_LOOP('',(#1025));
#2152=EDGE_LOOP('',(#1026));
#2153=EDGE_LOOP('',(#1027));
#2154=EDGE_LOOP('',(#1028));
#2155=EDGE_LOOP('',(#1029));
#2156=EDGE_LOOP('',(#1030));
#2157=EDGE_LOOP('',(#1031));
#2158=EDGE_LOOP('',(#1032));
#2159=EDGE_LOOP('',(#1033));
#2160=EDGE_LOOP('',(#1034));
#2161=EDGE_LOOP('',(#1035));
#2162=EDGE_LOOP('',(#1036));
#2163=EDGE_LOOP('',(#1037));
#2164=EDGE_LOOP('',(#1038));
#2165=EDGE_LOOP('',(#1039));
#2166=EDGE_LOOP('',(#1040));
#2167=EDGE_LOOP('',(#1041));
#2168=EDGE_LOOP('',(#1042));
#2169=EDGE_LOOP('',(#1043));
#2170=EDGE_LOOP('',(#1044));
#2171=EDGE_LOOP('',(#1045));
#2172=EDGE_LOOP('',(#1046));
#2173=EDGE_LOOP('',(#1047));
#2174=EDGE_LOOP('',(#1048));
#2175=EDGE_LOOP('',(#1049));
#2176=EDGE_LOOP('',(#1050));
#2177=EDGE_LOOP('',(#1051));
#2178=EDGE_LOOP('',(#1052));
#2179=EDGE_LOOP('',(#1053));
#2180=EDGE_LOOP('',(#1054));
#2181=EDGE_LOOP('',(#1055));
#2182=EDGE_LOOP('',(#1056));
#2183=EDGE_LOOP('',(#1057));
#2184=EDGE_LOOP('',(#1058));
#2185=EDGE_LOOP('',(#1059));
#2186=EDGE_LOOP('',(#1060));
#2187=EDGE_LOOP('',(#1061));
#2188=EDGE_LOOP('',(#1062));
#2189=EDGE_LOOP('',(#1063));
#2190=EDGE_LOOP('',(#1064));
#2191=EDGE_LOOP('',(#1065));
#2192=EDGE_LOOP('',(#1066));
#2193=EDGE_LOOP('',(#1067));
#2194=EDGE_LOOP('',(#1068));
#2195=EDGE_LOOP('',(#1069));
#2196=EDGE_LOOP('',(#1070));
#2197=EDGE_LOOP('',(#1071));
#2198=EDGE_LOOP('',(#1072));
#2199=EDGE_LOOP('',(#1073));
#2200=EDGE_LOOP('',(#1074));
#2201=EDGE_LOOP('',(#1075));
#2202=EDGE_LOOP('',(#1076));
#2203=EDGE_LOOP('',(#1077));
#2204=EDGE_LOOP('',(#1078));
#2205=EDGE_LOOP('',(#1079));
#2206=EDGE_LOOP('',(#1080));
#2207=EDGE_LOOP('',(#1081));
#2208=EDGE_LOOP('',(#1082));
#2209=EDGE_LOOP('',(#1083));
#2210=EDGE_LOOP('',(#1084));
#2211=EDGE_LOOP('',(#1085));
#2212=EDGE_LOOP('',(#1086));
#2213=EDGE_LOOP('',(#1087,#1088,#1089,#1090));
#2214=EDGE_LOOP('',(#1091,#1092,#1093,#1094));
#2215=EDGE_LOOP('',(#1095,#1096,#1097,#1098));
#2216=EDGE_LOOP('',(#1099,#1100,#1101,#1102));
#2217=FACE_BOUND('',#1802,.T.);
#2218=FACE_BOUND('',#1803,.T.);
#2219=FACE_BOUND('',#1804,.T.);
#2220=FACE_BOUND('',#1805,.T.);
#2221=FACE_BOUND('',#1806,.T.);
#2222=FACE_BOUND('',#1807,.T.);
#2223=FACE_BOUND('',#1808,.T.);
#2224=FACE_BOUND('',#1809,.T.);
#2225=FACE_BOUND('',#1810,.T.);
#2226=FACE_BOUND('',#1811,.T.);
#2227=FACE_BOUND('',#1812,.T.);
#2228=FACE_BOUND('',#1813,.T.);
#2229=FACE_BOUND('',#1814,.T.);
#2230=FACE_BOUND('',#1815,.T.);
#2231=FACE_BOUND('',#1816,.T.);
#2232=FACE_BOUND('',#1817,.T.);
#2233=FACE_BOUND('',#1818,.T.);
#2234=FACE_BOUND('',#1819,.T.);
#2235=FACE_BOUND('',#1820,.T.);
#2236=FACE_BOUND('',#1821,.T.);
#2237=FACE_BOUND('',#1822,.T.);
#2238=FACE_BOUND('',#1823,.T.);
#2239=FACE_BOUND('',#1824,.T.);
#2240=FACE_BOUND('',#1825,.T.);
#2241=FACE_BOUND('',#1826,.T.);
#2242=FACE_BOUND('',#1827,.T.);
#2243=FACE_BOUND('',#1828,.T.);
#2244=FACE_BOUND('',#1829,.T.);
#2245=FACE_BOUND('',#1830,.T.);
#2246=FACE_BOUND('',#1831,.T.);
#2247=FACE_BOUND('',#1832,.T.);
#2248=FACE_BOUND('',#1833,.T.);
#2249=FACE_BOUND('',#1834,.T.);
#2250=FACE_BOUND('',#1835,.T.);
#2251=FACE_BOUND('',#1836,.T.);
#2252=FACE_BOUND('',#1837,.T.);
#2253=FACE_BOUND('',#1838,.T.);
#2254=FACE_BOUND('',#1839,.T.);
#2255=FACE_BOUND('',#1840,.T.);
#2256=FACE_BOUND('',#1841,.T.);
#2257=FACE_BOUND('',#1842,.T.);
#2258=FACE_BOUND('',#1843,.T.);
#2259=FACE_BOUND('',#1844,.T.);
#2260=FACE_BOUND('',#1845,.T.);
#2261=FACE_BOUND('',#1846,.T.);
#2262=FACE_BOUND('',#1847,.T.);
#2263=FACE_BOUND('',#1848,.T.);
#2264=FACE_BOUND('',#1849,.T.);
#2265=FACE_BOUND('',#1850,.T.);
#2266=FACE_BOUND('',#1851,.T.);
#2267=FACE_BOUND('',#1852,.T.);
#2268=FACE_BOUND('',#1853,.T.);
#2269=FACE_BOUND('',#1854,.T.);
#2270=FACE_BOUND('',#1855,.T.);
#2271=FACE_BOUND('',#1856,.T.);
#2272=FACE_BOUND('',#1857,.T.);
#2273=FACE_BOUND('',#1858,.T.);
#2274=FACE_BOUND('',#1859,.T.);
#2275=FACE_BOUND('',#1860,.T.);
#2276=FACE_BOUND('',#1861,.T.);
#2277=FACE_BOUND('',#1862,.T.);
#2278=FACE_BOUND('',#1863,.T.);
#2279=FACE_BOUND('',#1864,.T.);
#2280=FACE_BOUND('',#1865,.T.);
#2281=FACE_BOUND('',#1866,.T.);
#2282=FACE_BOUND('',#1867,.T.);
#2283=FACE_BOUND('',#1868,.T.);
#2284=FACE_BOUND('',#1869,.T.);
#2285=FACE_BOUND('',#1870,.T.);
#2286=FACE_BOUND('',#1871,.T.);
#2287=FACE_BOUND('',#1872,.T.);
#2288=FACE_BOUND('',#1873,.T.);
#2289=FACE_BOUND('',#1874,.T.);
#2290=FACE_BOUND('',#1875,.T.);
#2291=FACE_BOUND('',#1876,.T.);
#2292=FACE_BOUND('',#1877,.T.);
#2293=FACE_BOUND('',#1878,.T.);
#2294=FACE_BOUND('',#1879,.T.);
#2295=FACE_BOUND('',#1880,.T.);
#2296=FACE_BOUND('',#1881,.T.);
#2297=FACE_BOUND('',#1882,.T.);
#2298=FACE_BOUND('',#1883,.T.);
#2299=FACE_BOUND('',#1884,.T.);
#2300=FACE_BOUND('',#1885,.T.);
#2301=FACE_BOUND('',#1886,.T.);
#2302=FACE_BOUND('',#1887,.T.);
#2303=FACE_BOUND('',#1888,.T.);
#2304=FACE_BOUND('',#1889,.T.);
#2305=FACE_BOUND('',#1890,.T.);
#2306=FACE_BOUND('',#1891,.T.);
#2307=FACE_BOUND('',#1892,.T.);
#2308=FACE_BOUND('',#1893,.T.);
#2309=FACE_BOUND('',#1894,.T.);
#2310=FACE_BOUND('',#1895,.T.);
#2311=FACE_BOUND('',#1896,.T.);
#2312=FACE_BOUND('',#1897,.T.);
#2313=FACE_BOUND('',#1898,.T.);
#2314=FACE_BOUND('',#1899,.T.);
#2315=FACE_BOUND('',#1900,.T.);
#2316=FACE_BOUND('',#1901,.T.);
#2317=FACE_BOUND('',#1902,.T.);
#2318=FACE_BOUND('',#1903,.T.);
#2319=FACE_BOUND('',#1904,.T.);
#2320=FACE_BOUND('',#1905,.T.);
#2321=FACE_BOUND('',#1906,.T.);
#2322=FACE_BOUND('',#1907,.T.);
#2323=FACE_BOUND('',#1908,.T.);
#2324=FACE_BOUND('',#1909,.T.);
#2325=FACE_BOUND('',#1910,.T.);
#2326=FACE_BOUND('',#1911,.T.);
#2327=FACE_BOUND('',#1912,.T.);
#2328=FACE_BOUND('',#1913,.T.);
#2329=FACE_BOUND('',#1914,.T.);
#2330=FACE_BOUND('',#1915,.T.);
#2331=FACE_BOUND('',#1916,.T.);
#2332=FACE_BOUND('',#1917,.T.);
#2333=FACE_BOUND('',#1918,.T.);
#2334=FACE_BOUND('',#1919,.T.);
#2335=FACE_BOUND('',#1920,.T.);
#2336=FACE_BOUND('',#1921,.T.);
#2337=FACE_BOUND('',#1922,.T.);
#2338=FACE_BOUND('',#1923,.T.);
#2339=FACE_BOUND('',#1924,.T.);
#2340=FACE_BOUND('',#1925,.T.);
#2341=FACE_BOUND('',#1926,.T.);
#2342=FACE_BOUND('',#1927,.T.);
#2343=FACE_BOUND('',#1928,.T.);
#2344=FACE_BOUND('',#1929,.T.);
#2345=FACE_BOUND('',#1930,.T.);
#2346=FACE_BOUND('',#1931,.T.);
#2347=FACE_BOUND('',#1932,.T.);
#2348=FACE_BOUND('',#1933,.T.);
#2349=FACE_BOUND('',#1934,.T.);
#2350=FACE_BOUND('',#1935,.T.);
#2351=FACE_BOUND('',#1936,.T.);
#2352=FACE_BOUND('',#1937,.T.);
#2353=FACE_BOUND('',#1938,.T.);
#2354=FACE_BOUND('',#1939,.T.);
#2355=FACE_BOUND('',#1940,.T.);
#2356=FACE_BOUND('',#1941,.T.);
#2357=FACE_BOUND('',#1942,.T.);
#2358=FACE_BOUND('',#1943,.T.);
#2359=FACE_BOUND('',#1944,.T.);
#2360=FACE_BOUND('',#1945,.T.);
#2361=FACE_BOUND('',#1946,.T.);
#2362=FACE_BOUND('',#1947,.T.);
#2363=FACE_BOUND('',#1948,.T.);
#2364=FACE_BOUND('',#1949,.T.);
#2365=FACE_BOUND('',#1950,.T.);
#2366=FACE_BOUND('',#1951,.T.);
#2367=FACE_BOUND('',#1952,.T.);
#2368=FACE_BOUND('',#1953,.T.);
#2369=FACE_BOUND('',#1954,.T.);
#2370=FACE_BOUND('',#1955,.T.);
#2371=FACE_BOUND('',#1956,.T.);
#2372=FACE_BOUND('',#1957,.T.);
#2373=FACE_BOUND('',#1958,.T.);
#2374=FACE_BOUND('',#1959,.T.);
#2375=FACE_BOUND('',#1960,.T.);
#2376=FACE_BOUND('',#1961,.T.);
#2377=FACE_BOUND('',#1962,.T.);
#2378=FACE_BOUND('',#1963,.T.);
#2379=FACE_BOUND('',#1964,.T.);
#2380=FACE_BOUND('',#1965,.T.);
#2381=FACE_BOUND('',#1966,.T.);
#2382=FACE_BOUND('',#1967,.T.);
#2383=FACE_BOUND('',#1968,.T.);
#2384=FACE_BOUND('',#1969,.T.);
#2385=FACE_BOUND('',#1970,.T.);
#2386=FACE_BOUND('',#1971,.T.);
#2387=FACE_BOUND('',#1972,.T.);
#2388=FACE_BOUND('',#1973,.T.);
#2389=FACE_BOUND('',#1974,.T.);
#2390=FACE_BOUND('',#1975,.T.);
#2391=FACE_BOUND('',#1976,.T.);
#2392=FACE_BOUND('',#1977,.T.);
#2393=FACE_BOUND('',#1978,.T.);
#2394=FACE_BOUND('',#1979,.T.);
#2395=FACE_BOUND('',#1980,.T.);
#2396=FACE_BOUND('',#1981,.T.);
#2397=FACE_BOUND('',#1982,.T.);
#2398=FACE_BOUND('',#1983,.T.);
#2399=FACE_BOUND('',#1984,.T.);
#2400=FACE_BOUND('',#1985,.T.);
#2401=FACE_BOUND('',#1986,.T.);
#2402=FACE_BOUND('',#1987,.T.);
#2403=FACE_BOUND('',#1988,.T.);
#2404=FACE_BOUND('',#1989,.T.);
#2405=FACE_BOUND('',#1990,.T.);
#2406=FACE_BOUND('',#1991,.T.);
#2407=FACE_BOUND('',#1992,.T.);
#2408=FACE_BOUND('',#1993,.T.);
#2409=FACE_BOUND('',#1994,.T.);
#2410=FACE_BOUND('',#1995,.T.);
#2411=FACE_BOUND('',#1996,.T.);
#2412=FACE_BOUND('',#1997,.T.);
#2413=FACE_BOUND('',#1998,.T.);
#2414=FACE_BOUND('',#1999,.T.);
#2415=FACE_BOUND('',#2000,.T.);
#2416=FACE_BOUND('',#2001,.T.);
#2417=FACE_BOUND('',#2002,.T.);
#2418=FACE_BOUND('',#2003,.T.);
#2419=FACE_BOUND('',#2004,.T.);
#2420=FACE_BOUND('',#2005,.T.);
#2421=FACE_BOUND('',#2006,.T.);
#2422=FACE_BOUND('',#2007,.T.);
#2423=FACE_BOUND('',#2008,.T.);
#2424=FACE_BOUND('',#2009,.T.);
#2425=FACE_BOUND('',#2010,.T.);
#2426=FACE_BOUND('',#2011,.T.);
#2427=FACE_BOUND('',#2012,.T.);
#2428=FACE_BOUND('',#2013,.T.);
#2429=FACE_BOUND('',#2014,.T.);
#2430=FACE_BOUND('',#2015,.T.);
#2431=FACE_BOUND('',#2016,.T.);
#2432=FACE_BOUND('',#2017,.T.);
#2433=FACE_BOUND('',#2018,.T.);
#2434=FACE_BOUND('',#2019,.T.);
#2435=FACE_BOUND('',#2020,.T.);
#2436=FACE_BOUND('',#2021,.T.);
#2437=FACE_BOUND('',#2022,.T.);
#2438=FACE_BOUND('',#2023,.T.);
#2439=FACE_BOUND('',#2024,.T.);
#2440=FACE_BOUND('',#2025,.T.);
#2441=FACE_BOUND('',#2026,.T.);
#2442=FACE_BOUND('',#2027,.T.);
#2443=FACE_BOUND('',#2028,.T.);
#2444=FACE_BOUND('',#2029,.T.);
#2445=FACE_BOUND('',#2030,.T.);
#2446=FACE_BOUND('',#2031,.T.);
#2447=FACE_BOUND('',#2032,.T.);
#2448=FACE_BOUND('',#2033,.T.);
#2449=FACE_BOUND('',#2034,.T.);
#2450=FACE_BOUND('',#2035,.T.);
#2451=FACE_BOUND('',#2036,.T.);
#2452=FACE_BOUND('',#2037,.T.);
#2453=FACE_BOUND('',#2038,.T.);
#2454=FACE_BOUND('',#2039,.T.);
#2455=FACE_BOUND('',#2040,.T.);
#2456=FACE_BOUND('',#2041,.T.);
#2457=FACE_BOUND('',#2042,.T.);
#2458=FACE_BOUND('',#2043,.T.);
#2459=FACE_BOUND('',#2044,.T.);
#2460=FACE_BOUND('',#2045,.T.);
#2461=FACE_BOUND('',#2046,.T.);
#2462=FACE_BOUND('',#2047,.T.);
#2463=FACE_BOUND('',#2048,.T.);
#2464=FACE_BOUND('',#2049,.T.);
#2465=FACE_BOUND('',#2050,.T.);
#2466=FACE_BOUND('',#2051,.T.);
#2467=FACE_BOUND('',#2052,.T.);
#2468=FACE_BOUND('',#2053,.T.);
#2469=FACE_BOUND('',#2054,.T.);
#2470=FACE_BOUND('',#2055,.T.);
#2471=FACE_BOUND('',#2056,.T.);
#2472=FACE_BOUND('',#2057,.T.);
#2473=FACE_BOUND('',#2058,.T.);
#2474=FACE_BOUND('',#2059,.T.);
#2475=FACE_BOUND('',#2060,.T.);
#2476=FACE_BOUND('',#2061,.T.);
#2477=FACE_BOUND('',#2062,.T.);
#2478=FACE_BOUND('',#2063,.T.);
#2479=FACE_BOUND('',#2064,.T.);
#2480=FACE_BOUND('',#2065,.T.);
#2481=FACE_BOUND('',#2066,.T.);
#2482=FACE_BOUND('',#2067,.T.);
#2483=FACE_BOUND('',#2068,.T.);
#2484=FACE_BOUND('',#2069,.T.);
#2485=FACE_BOUND('',#2070,.T.);
#2486=FACE_BOUND('',#2071,.T.);
#2487=FACE_BOUND('',#2072,.T.);
#2488=FACE_BOUND('',#2073,.T.);
#2489=FACE_BOUND('',#2074,.T.);
#2490=FACE_BOUND('',#2075,.T.);
#2491=FACE_BOUND('',#2076,.T.);
#2492=FACE_BOUND('',#2077,.T.);
#2493=FACE_BOUND('',#2078,.T.);
#2494=FACE_BOUND('',#2079,.T.);
#2495=FACE_BOUND('',#2080,.T.);
#2496=FACE_BOUND('',#2081,.T.);
#2497=FACE_BOUND('',#2082,.T.);
#2498=FACE_BOUND('',#2083,.T.);
#2499=FACE_BOUND('',#2084,.T.);
#2500=FACE_BOUND('',#2085,.T.);
#2501=FACE_BOUND('',#2086,.T.);
#2502=FACE_BOUND('',#2087,.T.);
#2503=FACE_BOUND('',#2088,.T.);
#2504=FACE_BOUND('',#2089,.T.);
#2505=FACE_BOUND('',#2090,.T.);
#2506=FACE_BOUND('',#2091,.T.);
#2507=FACE_BOUND('',#2092,.T.);
#2508=FACE_BOUND('',#2093,.T.);
#2509=FACE_BOUND('',#2094,.T.);
#2510=FACE_BOUND('',#2095,.T.);
#2511=FACE_BOUND('',#2096,.T.);
#2512=FACE_BOUND('',#2097,.T.);
#2513=FACE_BOUND('',#2098,.T.);
#2514=FACE_BOUND('',#2099,.T.);
#2515=FACE_BOUND('',#2100,.T.);
#2516=FACE_BOUND('',#2101,.T.);
#2517=FACE_BOUND('',#2102,.T.);
#2518=FACE_BOUND('',#2103,.T.);
#2519=FACE_BOUND('',#2104,.T.);
#2520=FACE_BOUND('',#2105,.T.);
#2521=FACE_BOUND('',#2106,.T.);
#2522=FACE_BOUND('',#2107,.T.);
#2523=FACE_BOUND('',#2108,.T.);
#2524=FACE_BOUND('',#2109,.T.);
#2525=FACE_BOUND('',#2110,.T.);
#2526=FACE_BOUND('',#2111,.T.);
#2527=FACE_BOUND('',#2112,.T.);
#2528=FACE_BOUND('',#2113,.T.);
#2529=FACE_BOUND('',#2114,.T.);
#2530=FACE_BOUND('',#2115,.T.);
#2531=FACE_BOUND('',#2116,.T.);
#2532=FACE_BOUND('',#2117,.T.);
#2533=FACE_BOUND('',#2118,.T.);
#2534=FACE_BOUND('',#2119,.T.);
#2535=FACE_BOUND('',#2120,.T.);
#2536=FACE_BOUND('',#2121,.T.);
#2537=FACE_BOUND('',#2122,.T.);
#2538=FACE_BOUND('',#2123,.T.);
#2539=FACE_BOUND('',#2124,.T.);
#2540=FACE_BOUND('',#2125,.T.);
#2541=FACE_BOUND('',#2126,.T.);
#2542=FACE_BOUND('',#2127,.T.);
#2543=FACE_BOUND('',#2128,.T.);
#2544=FACE_BOUND('',#2129,.T.);
#2545=FACE_BOUND('',#2130,.T.);
#2546=FACE_BOUND('',#2131,.T.);
#2547=FACE_BOUND('',#2132,.T.);
#2548=FACE_BOUND('',#2133,.T.);
#2549=FACE_BOUND('',#2134,.T.);
#2550=FACE_BOUND('',#2135,.T.);
#2551=FACE_BOUND('',#2136,.T.);
#2552=FACE_BOUND('',#2137,.T.);
#2553=FACE_BOUND('',#2138,.T.);
#2554=FACE_BOUND('',#2139,.T.);
#2555=FACE_BOUND('',#2140,.T.);
#2556=FACE_BOUND('',#2141,.T.);
#2557=FACE_BOUND('',#2142,.T.);
#2558=FACE_BOUND('',#2143,.T.);
#2559=FACE_BOUND('',#2144,.T.);
#2560=FACE_BOUND('',#2145,.T.);
#2561=FACE_BOUND('',#2146,.T.);
#2562=FACE_BOUND('',#2147,.T.);
#2563=FACE_BOUND('',#2148,.T.);
#2564=FACE_BOUND('',#2149,.T.);
#2565=FACE_BOUND('',#2150,.T.);
#2566=FACE_BOUND('',#2151,.T.);
#2567=FACE_BOUND('',#2152,.T.);
#2568=FACE_BOUND('',#2153,.T.);
#2569=FACE_BOUND('',#2154,.T.);
#2570=FACE_BOUND('',#2155,.T.);
#2571=FACE_BOUND('',#2156,.T.);
#2572=FACE_BOUND('',#2157,.T.);
#2573=FACE_BOUND('',#2158,.T.);
#2574=FACE_BOUND('',#2159,.T.);
#2575=FACE_BOUND('',#2160,.T.);
#2576=FACE_BOUND('',#2161,.T.);
#2577=FACE_BOUND('',#2162,.T.);
#2578=FACE_BOUND('',#2163,.T.);
#2579=FACE_BOUND('',#2164,.T.);
#2580=FACE_BOUND('',#2165,.T.);
#2581=FACE_BOUND('',#2166,.T.);
#2582=FACE_BOUND('',#2167,.T.);
#2583=FACE_BOUND('',#2168,.T.);
#2584=FACE_BOUND('',#2169,.T.);
#2585=FACE_BOUND('',#2170,.T.);
#2586=FACE_BOUND('',#2171,.T.);
#2587=FACE_BOUND('',#2172,.T.);
#2588=FACE_BOUND('',#2173,.T.);
#2589=FACE_BOUND('',#2174,.T.);
#2590=FACE_BOUND('',#2175,.T.);
#2591=FACE_BOUND('',#2176,.T.);
#2592=FACE_BOUND('',#2177,.T.);
#2593=FACE_BOUND('',#2178,.T.);
#2594=FACE_BOUND('',#2179,.T.);
#2595=FACE_BOUND('',#2180,.T.);
#2596=FACE_BOUND('',#2181,.T.);
#2597=FACE_BOUND('',#2182,.T.);
#2598=FACE_BOUND('',#2183,.T.);
#2599=FACE_BOUND('',#2184,.T.);
#2600=FACE_BOUND('',#2185,.T.);
#2601=FACE_BOUND('',#2186,.T.);
#2602=FACE_BOUND('',#2187,.T.);
#2603=FACE_BOUND('',#2188,.T.);
#2604=FACE_BOUND('',#2189,.T.);
#2605=FACE_BOUND('',#2190,.T.);
#2606=FACE_BOUND('',#2191,.T.);
#2607=FACE_BOUND('',#2192,.T.);
#2608=FACE_BOUND('',#2193,.T.);
#2609=FACE_BOUND('',#2194,.T.);
#2610=FACE_BOUND('',#2195,.T.);
#2611=FACE_BOUND('',#2196,.T.);
#2612=FACE_BOUND('',#2197,.T.);
#2613=FACE_BOUND('',#2198,.T.);
#2614=FACE_BOUND('',#2199,.T.);
#2615=FACE_BOUND('',#2200,.T.);
#2616=FACE_BOUND('',#2201,.T.);
#2617=FACE_BOUND('',#2202,.T.);
#2618=FACE_BOUND('',#2203,.T.);
#2619=FACE_BOUND('',#2204,.T.);
#2620=FACE_BOUND('',#2205,.T.);
#2621=FACE_BOUND('',#2206,.T.);
#2622=FACE_BOUND('',#2207,.T.);
#2623=FACE_BOUND('',#2208,.T.);
#2624=FACE_BOUND('',#2209,.T.);
#2625=FACE_BOUND('',#2210,.T.);
#2626=FACE_BOUND('',#2211,.T.);
#2627=FACE_BOUND('',#2212,.T.);
#2628=FACE_BOUND('',#2213,.T.);
#2629=FACE_BOUND('',#2214,.T.);
#2630=FACE_BOUND('',#2215,.T.);
#2631=FACE_BOUND('',#2216,.T.);
#2632=CYLINDRICAL_SURFACE('',#2907,599.999999999995);
#2633=CYLINDRICAL_SURFACE('',#2912,0.300000000000002);
#2634=CYLINDRICAL_SURFACE('',#2913,0.300000000000002);
#2635=CYLINDRICAL_SURFACE('',#2914,0.300000000000001);
#2636=CYLINDRICAL_SURFACE('',#2915,0.300000000000001);
#2637=CYLINDRICAL_SURFACE('',#3010,615.);
#2638=CYLINDRICAL_SURFACE('',#3013,95.0000000000003);
#2639=CYLINDRICAL_SURFACE('',#3024,110.);
#2640=CYLINDRICAL_SURFACE('',#3029,107.);
#2641=CYLINDRICAL_SURFACE('',#3032,602.999999999995);
#2642=CYLINDRICAL_SURFACE('',#3071,0.249999999999992);
#2643=CYLINDRICAL_SURFACE('',#3074,0.4);
#2644=CYLINDRICAL_SURFACE('',#3076,0.4);
#2645=CYLINDRICAL_SURFACE('',#3079,0.25);
#2646=CYLINDRICAL_SURFACE('',#3129,0.249999999999992);
#2647=CYLINDRICAL_SURFACE('',#3132,0.4);
#2648=CYLINDRICAL_SURFACE('',#3134,0.4);
#2649=CYLINDRICAL_SURFACE('',#3137,0.25);
#2650=CYLINDRICAL_SURFACE('',#3152,2.2);
#2651=CYLINDRICAL_SURFACE('',#3165,2.19999999999997);
#2652=CYLINDRICAL_SURFACE('',#3175,1.5);
#2653=CYLINDRICAL_SURFACE('',#3176,1.5);
#2654=CYLINDRICAL_SURFACE('',#3177,1.5);
#2655=CYLINDRICAL_SURFACE('',#3178,1.5);
#2656=CYLINDRICAL_SURFACE('',#3179,1.5);
#2657=CYLINDRICAL_SURFACE('',#3180,1.5);
#2658=CYLINDRICAL_SURFACE('',#3181,1.5);
#2659=CYLINDRICAL_SURFACE('',#3182,1.5);
#2660=CYLINDRICAL_SURFACE('',#3183,1.5);
#2661=CYLINDRICAL_SURFACE('',#3184,1.5);
#2662=CYLINDRICAL_SURFACE('',#3185,1.5);
#2663=CYLINDRICAL_SURFACE('',#3186,1.5);
#2664=CYLINDRICAL_SURFACE('',#3187,1.5);
#2665=CYLINDRICAL_SURFACE('',#3188,1.5);
#2666=CYLINDRICAL_SURFACE('',#3189,1.5);
#2667=CYLINDRICAL_SURFACE('',#3190,1.5);
#2668=CYLINDRICAL_SURFACE('',#3191,1.5);
#2669=CYLINDRICAL_SURFACE('',#3192,1.5);
#2670=CYLINDRICAL_SURFACE('',#3193,1.5);
#2671=CYLINDRICAL_SURFACE('',#3194,1.5);
#2672=CYLINDRICAL_SURFACE('',#3195,1.5);
#2673=CYLINDRICAL_SURFACE('',#3196,1.5);
#2674=CYLINDRICAL_SURFACE('',#3197,1.5);
#2675=CYLINDRICAL_SURFACE('',#3198,1.5);
#2676=CYLINDRICAL_SURFACE('',#3199,1.5);
#2677=CYLINDRICAL_SURFACE('',#3200,1.5);
#2678=CYLINDRICAL_SURFACE('',#3201,1.75000000000003);
#2679=CYLINDRICAL_SURFACE('',#3202,1.75000000000003);
#2680=CYLINDRICAL_SURFACE('',#3203,1.74999999999997);
#2681=CYLINDRICAL_SURFACE('',#3204,1.75000000000777);
#2682=CYLINDRICAL_SURFACE('',#3205,1.75);
#2683=CYLINDRICAL_SURFACE('',#3206,1.75000000000776);
#2684=CYLINDRICAL_SURFACE('',#3207,1.75);
#2685=CYLINDRICAL_SURFACE('',#3208,1.75);
#2686=CYLINDRICAL_SURFACE('',#3209,1.75);
#2687=CYLINDRICAL_SURFACE('',#3210,1.74999999999997);
#2688=CYLINDRICAL_SURFACE('',#3211,1.75000000000003);
#2689=CYLINDRICAL_SURFACE('',#3212,1.75000000000003);
#2690=CYLINDRICAL_SURFACE('',#3213,1.74999999999997);
#2691=CYLINDRICAL_SURFACE('',#3214,1.74999999999997);
#2692=CYLINDRICAL_SURFACE('',#3215,0.299999999999998);
#2693=CYLINDRICAL_SURFACE('',#3216,0.299999999999997);
#2694=CYLINDRICAL_SURFACE('',#3217,0.300000000000006);
#2695=CYLINDRICAL_SURFACE('',#3218,0.30000000000001);
#2696=CYLINDRICAL_SURFACE('',#3219,0.299999999999996);
#2697=CYLINDRICAL_SURFACE('',#3220,0.299999999999985);
#2698=CYLINDRICAL_SURFACE('',#3221,0.300000000000015);
#2699=CYLINDRICAL_SURFACE('',#3222,0.299999999999988);
#2700=CYLINDRICAL_SURFACE('',#3223,0.299999999999974);
#2701=CYLINDRICAL_SURFACE('',#3225,0.299999999999998);
#2702=CYLINDRICAL_SURFACE('',#3226,0.299999999999997);
#2703=CYLINDRICAL_SURFACE('',#3227,0.300000000000006);
#2704=CYLINDRICAL_SURFACE('',#3228,0.30000000000001);
#2705=CYLINDRICAL_SURFACE('',#3229,0.299999999999996);
#2706=CYLINDRICAL_SURFACE('',#3230,0.299999999999985);
#2707=CYLINDRICAL_SURFACE('',#3231,0.300000000000015);
#2708=CYLINDRICAL_SURFACE('',#3232,0.299999999999988);
#2709=CYLINDRICAL_SURFACE('',#3233,0.300000000000001);
#2710=CYLINDRICAL_SURFACE('',#3234,0.300000000000001);
#2711=CYLINDRICAL_SURFACE('',#3235,0.300000000000002);
#2712=CYLINDRICAL_SURFACE('',#3236,0.300000000000002);
#2713=CYLINDRICAL_SURFACE('',#3237,0.299999999999998);
#2714=CYLINDRICAL_SURFACE('',#3239,0.599999999999994);
#2715=CYLINDRICAL_SURFACE('',#3241,0.599999999999994);
#2716=ADVANCED_FACE('',(#2217,#2218,#2219,#2220,#2221,#2222,#2223,#2224,
#2225,#2226,#2227,#2228,#2229,#2230,#2231,#2232,#2233,#2234,#2235),#2632,
 .F.);
#2717=ADVANCED_FACE('',(#2236,#2237),#2633,.F.);
#2718=ADVANCED_FACE('',(#2238,#2239),#2634,.F.);
#2719=ADVANCED_FACE('',(#2240,#2241),#2635,.F.);
#2720=ADVANCED_FACE('',(#2242,#2243),#2636,.F.);
#2721=ADVANCED_FACE('',(#2244,#2245,#2246,#2247,#2248,#2249,#2250,#2251,
#2252,#2253,#2254,#2255,#2256,#2257,#2258,#2259,#2260,#2261,#2262,#2263,
#2264,#2265,#2266,#2267,#2268,#2269,#2270,#2271,#2272,#2273,#2274,#2275,
#2276,#2277,#2278,#2279,#2280,#2281,#2282,#2283,#2284,#2285),#92,.F.);
#2722=ADVANCED_FACE('',(#2286,#2287,#2288,#2289,#2290,#2291,#2292,#2293,
#2294,#2295,#2296,#2297,#2298,#2299,#2300,#2301,#2302,#2303,#2304,#2305,
#2306,#2307,#2308,#2309,#2310,#2311,#2312,#2313,#2314,#2315,#2316,#2317,
#2318,#2319,#2320,#2321,#2322,#2323,#2324,#2325,#2326,#2327),#93,.T.);
#2723=ADVANCED_FACE('',(#2328,#2329,#2330),#2637,.T.);
#2724=ADVANCED_FACE('',(#2331,#2332),#2638,.F.);
#2725=ADVANCED_FACE('',(#2333,#2334),#94,.T.);
#2726=ADVANCED_FACE('',(#2335),#95,.T.);
#2727=ADVANCED_FACE('',(#2336),#96,.T.);
#2728=ADVANCED_FACE('',(#2337,#2338,#2339,#2340,#2341,#2342,#2343,#2344,
#2345,#2346),#2639,.T.);
#2729=ADVANCED_FACE('',(#2347),#97,.T.);
#2730=ADVANCED_FACE('',(#2348),#98,.T.);
#2731=ADVANCED_FACE('',(#2349),#99,.F.);
#2732=ADVANCED_FACE('',(#2350),#2640,.T.);
#2733=ADVANCED_FACE('',(#2351),#100,.F.);
#2734=ADVANCED_FACE('',(#2352),#2641,.F.);
#2735=ADVANCED_FACE('',(#2353,#2354),#101,.F.);
#2736=ADVANCED_FACE('',(#2355),#64,.T.);
#2737=ADVANCED_FACE('',(#2356),#52,.F.);
#2738=ADVANCED_FACE('',(#2357),#65,.F.);
#2739=ADVANCED_FACE('',(#2358),#66,.F.);
#2740=ADVANCED_FACE('',(#2359),#53,.T.);
#2741=ADVANCED_FACE('',(#2360),#67,.T.);
#2742=ADVANCED_FACE('',(#2361),#68,.T.);
#2743=ADVANCED_FACE('',(#2362),#54,.F.);
#2744=ADVANCED_FACE('',(#2363),#69,.F.);
#2745=ADVANCED_FACE('',(#2364),#70,.F.);
#2746=ADVANCED_FACE('',(#2365),#55,.T.);
#2747=ADVANCED_FACE('',(#2366),#71,.T.);
#2748=ADVANCED_FACE('',(#2367),#2642,.T.);
#2749=ADVANCED_FACE('',(#2368),#102,.F.);
#2750=ADVANCED_FACE('',(#2369),#2643,.F.);
#2751=ADVANCED_FACE('',(#2370),#2644,.F.);
#2752=ADVANCED_FACE('',(#2371),#103,.F.);
#2753=ADVANCED_FACE('',(#2372),#2645,.T.);
#2754=ADVANCED_FACE('',(#2373),#72,.T.);
#2755=ADVANCED_FACE('',(#2374),#56,.F.);
#2756=ADVANCED_FACE('',(#2375),#73,.F.);
#2757=ADVANCED_FACE('',(#2376),#74,.F.);
#2758=ADVANCED_FACE('',(#2377),#57,.T.);
#2759=ADVANCED_FACE('',(#2378),#75,.T.);
#2760=ADVANCED_FACE('',(#2379),#76,.T.);
#2761=ADVANCED_FACE('',(#2380),#58,.T.);
#2762=ADVANCED_FACE('',(#2381),#77,.F.);
#2763=ADVANCED_FACE('',(#2382),#78,.F.);
#2764=ADVANCED_FACE('',(#2383),#59,.F.);
#2765=ADVANCED_FACE('',(#2384),#79,.T.);
#2766=ADVANCED_FACE('',(#2385),#80,.T.);
#2767=ADVANCED_FACE('',(#2386),#60,.F.);
#2768=ADVANCED_FACE('',(#2387),#81,.F.);
#2769=ADVANCED_FACE('',(#2388),#82,.F.);
#2770=ADVANCED_FACE('',(#2389),#61,.T.);
#2771=ADVANCED_FACE('',(#2390),#83,.T.);
#2772=ADVANCED_FACE('',(#2391),#2646,.T.);
#2773=ADVANCED_FACE('',(#2392),#104,.F.);
#2774=ADVANCED_FACE('',(#2393),#2647,.F.);
#2775=ADVANCED_FACE('',(#2394),#2648,.F.);
#2776=ADVANCED_FACE('',(#2395),#105,.F.);
#2777=ADVANCED_FACE('',(#2396),#2649,.T.);
#2778=ADVANCED_FACE('',(#2397),#84,.T.);
#2779=ADVANCED_FACE('',(#2398),#62,.F.);
#2780=ADVANCED_FACE('',(#2399),#85,.F.);
#2781=ADVANCED_FACE('',(#2400,#2401),#106,.F.);
#2782=ADVANCED_FACE('',(#2402),#86,.F.);
#2783=ADVANCED_FACE('',(#2403),#63,.T.);
#2784=ADVANCED_FACE('',(#2404),#87,.T.);
#2785=ADVANCED_FACE('',(#2405,#2406),#2650,.F.);
#2786=ADVANCED_FACE('',(#2407),#107,.T.);
#2787=ADVANCED_FACE('',(#2408),#50,.F.);
#2788=ADVANCED_FACE('',(#2409,#2410,#2411,#2412,#2413,#2414,#2415,#2416,
#2417,#2418,#2419),#88,.F.);
#2789=ADVANCED_FACE('',(#2420,#2421),#89,.F.);
#2790=ADVANCED_FACE('',(#2422),#20,.T.);
#2791=ADVANCED_FACE('',(#2423),#21,.T.);
#2792=ADVANCED_FACE('',(#2424),#108,.T.);
#2793=ADVANCED_FACE('',(#2425,#2426),#2651,.F.);
#2794=ADVANCED_FACE('',(#2427),#109,.F.);
#2795=ADVANCED_FACE('',(#2428,#2429,#2430,#2431,#2432,#2433,#2434,#2435,
#2436,#2437,#2438,#2439,#2440,#2441,#2442,#2443,#2444,#2445,#2446),#90,
 .F.);
#2796=ADVANCED_FACE('',(#2447,#2448),#91,.F.);
#2797=ADVANCED_FACE('',(#2449),#22,.T.);
#2798=ADVANCED_FACE('',(#2450),#23,.T.);
#2799=ADVANCED_FACE('',(#2451,#2452),#2652,.F.);
#2800=ADVANCED_FACE('',(#2453,#2454),#2653,.F.);
#2801=ADVANCED_FACE('',(#2455,#2456),#2654,.F.);
#2802=ADVANCED_FACE('',(#2457,#2458),#2655,.F.);
#2803=ADVANCED_FACE('',(#2459,#2460),#2656,.F.);
#2804=ADVANCED_FACE('',(#2461,#2462),#2657,.F.);
#2805=ADVANCED_FACE('',(#2463,#2464),#2658,.F.);
#2806=ADVANCED_FACE('',(#2465,#2466),#2659,.F.);
#2807=ADVANCED_FACE('',(#2467,#2468),#2660,.F.);
#2808=ADVANCED_FACE('',(#2469,#2470),#2661,.F.);
#2809=ADVANCED_FACE('',(#2471,#2472),#2662,.F.);
#2810=ADVANCED_FACE('',(#2473,#2474),#2663,.F.);
#2811=ADVANCED_FACE('',(#2475,#2476),#2664,.F.);
#2812=ADVANCED_FACE('',(#2477,#2478),#2665,.F.);
#2813=ADVANCED_FACE('',(#2479,#2480),#2666,.F.);
#2814=ADVANCED_FACE('',(#2481,#2482),#2667,.F.);
#2815=ADVANCED_FACE('',(#2483,#2484),#2668,.F.);
#2816=ADVANCED_FACE('',(#2485,#2486),#2669,.F.);
#2817=ADVANCED_FACE('',(#2487,#2488),#2670,.F.);
#2818=ADVANCED_FACE('',(#2489,#2490),#2671,.F.);
#2819=ADVANCED_FACE('',(#2491,#2492),#2672,.F.);
#2820=ADVANCED_FACE('',(#2493,#2494),#2673,.F.);
#2821=ADVANCED_FACE('',(#2495,#2496),#2674,.F.);
#2822=ADVANCED_FACE('',(#2497,#2498),#2675,.F.);
#2823=ADVANCED_FACE('',(#2499,#2500),#2676,.F.);
#2824=ADVANCED_FACE('',(#2501,#2502),#2677,.F.);
#2825=ADVANCED_FACE('',(#2503,#2504),#2678,.F.);
#2826=ADVANCED_FACE('',(#2505,#2506),#2679,.F.);
#2827=ADVANCED_FACE('',(#2507,#2508),#2680,.F.);
#2828=ADVANCED_FACE('',(#2509,#2510),#2681,.F.);
#2829=ADVANCED_FACE('',(#2511,#2512),#2682,.F.);
#2830=ADVANCED_FACE('',(#2513,#2514),#2683,.F.);
#2831=ADVANCED_FACE('',(#2515,#2516),#2684,.F.);
#2832=ADVANCED_FACE('',(#2517,#2518),#2685,.F.);
#2833=ADVANCED_FACE('',(#2519,#2520),#2686,.F.);
#2834=ADVANCED_FACE('',(#2521,#2522),#2687,.F.);
#2835=ADVANCED_FACE('',(#2523,#2524),#2688,.F.);
#2836=ADVANCED_FACE('',(#2525,#2526),#2689,.F.);
#2837=ADVANCED_FACE('',(#2527,#2528),#2690,.F.);
#2838=ADVANCED_FACE('',(#2529,#2530),#2691,.F.);
#2839=ADVANCED_FACE('',(#2531,#2532),#2692,.F.);
#2840=ADVANCED_FACE('',(#2533,#2534),#2693,.F.);
#2841=ADVANCED_FACE('',(#2535,#2536),#2694,.F.);
#2842=ADVANCED_FACE('',(#2537,#2538),#2695,.F.);
#2843=ADVANCED_FACE('',(#2539,#2540),#2696,.F.);
#2844=ADVANCED_FACE('',(#2541,#2542),#2697,.F.);
#2845=ADVANCED_FACE('',(#2543,#2544),#2698,.F.);
#2846=ADVANCED_FACE('',(#2545,#2546),#2699,.F.);
#2847=ADVANCED_FACE('',(#2547,#2548),#2700,.F.);
#2848=ADVANCED_FACE('',(#2549),#51,.F.);
#2849=ADVANCED_FACE('',(#2550,#2551),#24,.T.);
#2850=ADVANCED_FACE('',(#2552,#2553),#25,.T.);
#2851=ADVANCED_FACE('',(#2554,#2555),#26,.T.);
#2852=ADVANCED_FACE('',(#2556,#2557),#27,.T.);
#2853=ADVANCED_FACE('',(#2558,#2559),#28,.T.);
#2854=ADVANCED_FACE('',(#2560,#2561),#29,.T.);
#2855=ADVANCED_FACE('',(#2562,#2563),#30,.T.);
#2856=ADVANCED_FACE('',(#2564,#2565),#31,.T.);
#2857=ADVANCED_FACE('',(#2566,#2567),#32,.T.);
#2858=ADVANCED_FACE('',(#2568,#2569),#2701,.F.);
#2859=ADVANCED_FACE('',(#2570,#2571),#2702,.F.);
#2860=ADVANCED_FACE('',(#2572,#2573),#2703,.F.);
#2861=ADVANCED_FACE('',(#2574,#2575),#2704,.F.);
#2862=ADVANCED_FACE('',(#2576,#2577),#2705,.F.);
#2863=ADVANCED_FACE('',(#2578,#2579),#2706,.F.);
#2864=ADVANCED_FACE('',(#2580,#2581),#2707,.F.);
#2865=ADVANCED_FACE('',(#2582,#2583),#2708,.F.);
#2866=ADVANCED_FACE('',(#2584,#2585),#33,.T.);
#2867=ADVANCED_FACE('',(#2586,#2587),#34,.T.);
#2868=ADVANCED_FACE('',(#2588,#2589),#35,.T.);
#2869=ADVANCED_FACE('',(#2590,#2591),#36,.T.);
#2870=ADVANCED_FACE('',(#2592,#2593),#37,.T.);
#2871=ADVANCED_FACE('',(#2594,#2595),#38,.T.);
#2872=ADVANCED_FACE('',(#2596,#2597),#39,.T.);
#2873=ADVANCED_FACE('',(#2598,#2599),#40,.T.);
#2874=ADVANCED_FACE('',(#2600,#2601),#2709,.F.);
#2875=ADVANCED_FACE('',(#2602,#2603),#2710,.F.);
#2876=ADVANCED_FACE('',(#2604,#2605),#2711,.F.);
#2877=ADVANCED_FACE('',(#2606,#2607),#2712,.F.);
#2878=ADVANCED_FACE('',(#2608,#2609),#2713,.F.);
#2879=ADVANCED_FACE('',(#2610,#2611),#41,.T.);
#2880=ADVANCED_FACE('',(#2612,#2613),#42,.T.);
#2881=ADVANCED_FACE('',(#2614,#2615),#43,.T.);
#2882=ADVANCED_FACE('',(#2616,#2617),#44,.T.);
#2883=ADVANCED_FACE('',(#2618,#2619),#45,.T.);
#2884=ADVANCED_FACE('',(#2620,#2621),#46,.T.);
#2885=ADVANCED_FACE('',(#2622,#2623),#47,.T.);
#2886=ADVANCED_FACE('',(#2624,#2625),#48,.T.);
#2887=ADVANCED_FACE('',(#2626,#2627),#49,.T.);
#2888=ADVANCED_FACE('',(#2628),#110,.F.);
#2889=ADVANCED_FACE('',(#2629),#2714,.F.);
#2890=ADVANCED_FACE('',(#2630),#111,.F.);
#2891=ADVANCED_FACE('',(#2631),#2715,.F.);
#2892=CLOSED_SHELL('',(#2716,#2717,#2718,#2719,#2720,#2721,#2722,#2723,
#2724,#2725,#2726,#2727,#2728,#2729,#2730,#2731,#2732,#2733,#2734,#2735,
#2736,#2737,#2738,#2739,#2740,#2741,#2742,#2743,#2744,#2745,#2746,#2747,
#2748,#2749,#2750,#2751,#2752,#2753,#2754,#2755,#2756,#2757,#2758,#2759,
#2760,#2761,#2762,#2763,#2764,#2765,#2766,#2767,#2768,#2769,#2770,#2771,
#2772,#2773,#2774,#2775,#2776,#2777,#2778,#2779,#2780,#2781,#2782,#2783,
#2784,#2785,#2786,#2787,#2788,#2789,#2790,#2791,#2792,#2793,#2794,#2795,
#2796,#2797,#2798,#2799,#2800,#2801,#2802,#2803,#2804,#2805,#2806,#2807,
#2808,#2809,#2810,#2811,#2812,#2813,#2814,#2815,#2816,#2817,#2818,#2819,
#2820,#2821,#2822,#2823,#2824,#2825,#2826,#2827,#2828,#2829,#2830,#2831,
#2832,#2833,#2834,#2835,#2836,#2837,#2838,#2839,#2840,#2841,#2842,#2843,
#2844,#2845,#2846,#2847,#2848,#2849,#2850,#2851,#2852,#2853,#2854,#2855,
#2856,#2857,#2858,#2859,#2860,#2861,#2862,#2863,#2864,#2865,#2866,#2867,
#2868,#2869,#2870,#2871,#2872,#2873,#2874,#2875,#2876,#2877,#2878,#2879,
#2880,#2881,#2882,#2883,#2884,#2885,#2886,#2887,#2888,#2889,#2890,#2891));
#2893=STYLED_ITEM('',(#2894),#2903);
#2894=PRESENTATION_STYLE_ASSIGNMENT((#2895));
#2895=SURFACE_STYLE_USAGE(.BOTH.,#2896);
#2896=SURFACE_SIDE_STYLE('',(#2899,#2897));
#2897=SURFACE_STYLE_RENDERING_WITH_PROPERTIES(.CONSTANT_SHADING.,#2902,
(#2898));
#2898=SURFACE_STYLE_TRANSPARENT(0.5);
#2899=SURFACE_STYLE_FILL_AREA(#2900);
#2900=FILL_AREA_STYLE('',(#2901));
#2901=FILL_AREA_STYLE_COLOUR('',#2902);
#2902=COLOUR_RGB('',0.100000001490116,0.100000001490116,0.100000001490116);
#2903=MANIFOLD_SOLID_BREP('',#2892);
#2904=SHAPE_DEFINITION_REPRESENTATION(#7566,#2905);
#2905=SHAPE_REPRESENTATION('P2_Frame_V2.0',(#2906),#7561);
#2906=AXIS2_PLACEMENT_3D('',#3975,#3242,#3243);
#2907=AXIS2_PLACEMENT_3D('',#3976,#3244,#3245);
#2908=AXIS2_PLACEMENT_3D('',#4113,#3246,#3247);
#2909=AXIS2_PLACEMENT_3D('',#4118,#3249,#3250);
#2910=AXIS2_PLACEMENT_3D('',#4130,#3252,#3253);
#2911=AXIS2_PLACEMENT_3D('',#4140,#3254,#3255);
#2912=AXIS2_PLACEMENT_3D('',#4141,#3256,#3257);
#2913=AXIS2_PLACEMENT_3D('',#4170,#3258,#3259);
#2914=AXIS2_PLACEMENT_3D('',#4199,#3260,#3261);
#2915=AXIS2_PLACEMENT_3D('',#4229,#3262,#3263);
#2916=AXIS2_PLACEMENT_3D('',#4258,#3264,#3265);
#2917=AXIS2_PLACEMENT_3D('',#4259,#3266,#3267);
#2918=AXIS2_PLACEMENT_3D('',#4261,#3268,#3269);
#2919=AXIS2_PLACEMENT_3D('',#4263,#3270,#3271);
#2920=AXIS2_PLACEMENT_3D('',#4265,#3272,#3273);
#2921=AXIS2_PLACEMENT_3D('',#4267,#3274,#3275);
#2922=AXIS2_PLACEMENT_3D('',#4269,#3276,#3277);
#2923=AXIS2_PLACEMENT_3D('',#4271,#3278,#3279);
#2924=AXIS2_PLACEMENT_3D('',#4273,#3280,#3281);
#2925=AXIS2_PLACEMENT_3D('',#4275,#3282,#3283);
#2926=AXIS2_PLACEMENT_3D('',#4277,#3284,#3285);
#2927=AXIS2_PLACEMENT_3D('',#4279,#3286,#3287);
#2928=AXIS2_PLACEMENT_3D('',#4281,#3288,#3289);
#2929=AXIS2_PLACEMENT_3D('',#4283,#3290,#3291);
#2930=AXIS2_PLACEMENT_3D('',#4285,#3292,#3293);
#2931=AXIS2_PLACEMENT_3D('',#4287,#3294,#3295);
#2932=AXIS2_PLACEMENT_3D('',#4289,#3296,#3297);
#2933=AXIS2_PLACEMENT_3D('',#4291,#3298,#3299);
#2934=AXIS2_PLACEMENT_3D('',#4293,#3300,#3301);
#2935=AXIS2_PLACEMENT_3D('',#4295,#3302,#3303);
#2936=AXIS2_PLACEMENT_3D('',#4297,#3304,#3305);
#2937=AXIS2_PLACEMENT_3D('',#4299,#3306,#3307);
#2938=AXIS2_PLACEMENT_3D('',#4301,#3308,#3309);
#2939=AXIS2_PLACEMENT_3D('',#4303,#3310,#3311);
#2940=AXIS2_PLACEMENT_3D('',#4305,#3312,#3313);
#2941=AXIS2_PLACEMENT_3D('',#4307,#3314,#3315);
#2942=AXIS2_PLACEMENT_3D('',#4309,#3316,#3317);
#2943=AXIS2_PLACEMENT_3D('',#4311,#3318,#3319);
#2944=AXIS2_PLACEMENT_3D('',#4313,#3320,#3321);
#2945=AXIS2_PLACEMENT_3D('',#4315,#3322,#3323);
#2946=AXIS2_PLACEMENT_3D('',#4317,#3324,#3325);
#2947=AXIS2_PLACEMENT_3D('',#4319,#3326,#3327);
#2948=AXIS2_PLACEMENT_3D('',#4321,#3328,#3329);
#2949=AXIS2_PLACEMENT_3D('',#4323,#3330,#3331);
#2950=AXIS2_PLACEMENT_3D('',#4325,#3332,#3333);
#2951=AXIS2_PLACEMENT_3D('',#4327,#3334,#3335);
#2952=AXIS2_PLACEMENT_3D('',#4329,#3336,#3337);
#2953=AXIS2_PLACEMENT_3D('',#4331,#3338,#3339);
#2954=AXIS2_PLACEMENT_3D('',#4333,#3340,#3341);
#2955=AXIS2_PLACEMENT_3D('',#4338,#3343,#3344);
#2956=AXIS2_PLACEMENT_3D('',#4341,#3346,#3347);
#2957=AXIS2_PLACEMENT_3D('',#4346,#3349,#3350);
#2958=AXIS2_PLACEMENT_3D('',#4349,#3352,#3353);
#2959=AXIS2_PLACEMENT_3D('',#4351,#3354,#3355);
#2960=AXIS2_PLACEMENT_3D('',#4353,#3356,#3357);
#2961=AXIS2_PLACEMENT_3D('',#4355,#3358,#3359);
#2962=AXIS2_PLACEMENT_3D('',#4356,#3360,#3361);
#2963=AXIS2_PLACEMENT_3D('',#4358,#3362,#3363);
#2964=AXIS2_PLACEMENT_3D('',#4360,#3364,#3365);
#2965=AXIS2_PLACEMENT_3D('',#4362,#3366,#3367);
#2966=AXIS2_PLACEMENT_3D('',#4364,#3368,#3369);
#2967=AXIS2_PLACEMENT_3D('',#4366,#3370,#3371);
#2968=AXIS2_PLACEMENT_3D('',#4368,#3372,#3373);
#2969=AXIS2_PLACEMENT_3D('',#4370,#3374,#3375);
#2970=AXIS2_PLACEMENT_3D('',#4372,#3376,#3377);
#2971=AXIS2_PLACEMENT_3D('',#4374,#3378,#3379);
#2972=AXIS2_PLACEMENT_3D('',#4376,#3380,#3381);
#2973=AXIS2_PLACEMENT_3D('',#4378,#3382,#3383);
#2974=AXIS2_PLACEMENT_3D('',#4380,#3384,#3385);
#2975=AXIS2_PLACEMENT_3D('',#4382,#3386,#3387);
#2976=AXIS2_PLACEMENT_3D('',#4384,#3388,#3389);
#2977=AXIS2_PLACEMENT_3D('',#4386,#3390,#3391);
#2978=AXIS2_PLACEMENT_3D('',#4388,#3392,#3393);
#2979=AXIS2_PLACEMENT_3D('',#4390,#3394,#3395);
#2980=AXIS2_PLACEMENT_3D('',#4392,#3396,#3397);
#2981=AXIS2_PLACEMENT_3D('',#4394,#3398,#3399);
#2982=AXIS2_PLACEMENT_3D('',#4396,#3400,#3401);
#2983=AXIS2_PLACEMENT_3D('',#4398,#3402,#3403);
#2984=AXIS2_PLACEMENT_3D('',#4400,#3404,#3405);
#2985=AXIS2_PLACEMENT_3D('',#4402,#3406,#3407);
#2986=AXIS2_PLACEMENT_3D('',#4404,#3408,#3409);
#2987=AXIS2_PLACEMENT_3D('',#4406,#3410,#3411);
#2988=AXIS2_PLACEMENT_3D('',#4408,#3412,#3413);
#2989=AXIS2_PLACEMENT_3D('',#4410,#3414,#3415);
#2990=AXIS2_PLACEMENT_3D('',#4412,#3416,#3417);
#2991=AXIS2_PLACEMENT_3D('',#4414,#3418,#3419);
#2992=AXIS2_PLACEMENT_3D('',#4416,#3420,#3421);
#2993=AXIS2_PLACEMENT_3D('',#4418,#3422,#3423);
#2994=AXIS2_PLACEMENT_3D('',#4420,#3424,#3425);
#2995=AXIS2_PLACEMENT_3D('',#4422,#3426,#3427);
#2996=AXIS2_PLACEMENT_3D('',#4427,#3429,#3430);
#2997=AXIS2_PLACEMENT_3D('',#4429,#3431,#3432);
#2998=AXIS2_PLACEMENT_3D('',#4431,#3433,#3434);
#2999=AXIS2_PLACEMENT_3D('',#4435,#3436,#3437);
#3000=AXIS2_PLACEMENT_3D('',#4437,#3438,#3439);
#3001=AXIS2_PLACEMENT_3D('',#4439,#3440,#3441);
#3002=AXIS2_PLACEMENT_3D('',#4440,#3442,#3443);
#3003=AXIS2_PLACEMENT_3D('',#4445,#3445,#3446);
#3004=AXIS2_PLACEMENT_3D('',#4448,#3448,#3449);
#3005=AXIS2_PLACEMENT_3D('',#4450,#3450,#3451);
#3006=AXIS2_PLACEMENT_3D('',#4452,#3452,#3453);
#3007=AXIS2_PLACEMENT_3D('',#4454,#3454,#3455);
#3008=AXIS2_PLACEMENT_3D('',#4456,#3456,#3457);
#3009=AXIS2_PLACEMENT_3D('',#4458,#3458,#3459);
#3010=AXIS2_PLACEMENT_3D('',#4460,#3460,#3461);
#3011=AXIS2_PLACEMENT_3D('',#4461,#3462,#3463);
#3012=AXIS2_PLACEMENT_3D('',#4472,#3464,#3465);
#3013=AXIS2_PLACEMENT_3D('',#4493,#3469,#3470);
#3014=AXIS2_PLACEMENT_3D('',#4508,#3473,#3474);
#3015=AXIS2_PLACEMENT_3D('',#4509,#3475,#3476);
#3016=AXIS2_PLACEMENT_3D('',#4514,#3478,#3479);
#3017=AXIS2_PLACEMENT_3D('',#4516,#3480,#3481);
#3018=AXIS2_PLACEMENT_3D('',#4518,#3482,#3483);
#3019=AXIS2_PLACEMENT_3D('',#4522,#3485,#3486);
#3020=AXIS2_PLACEMENT_3D('',#4524,#3487,#3488);
#3021=AXIS2_PLACEMENT_3D('',#4527,#3490,#3491);
#3022=AXIS2_PLACEMENT_3D('',#4530,#3493,#3494);
#3023=AXIS2_PLACEMENT_3D('',#4531,#3495,#3496);
#3024=AXIS2_PLACEMENT_3D('',#4535,#3499,#3500);
#3025=AXIS2_PLACEMENT_3D('',#4576,#3501,#3502);
#3026=AXIS2_PLACEMENT_3D('',#4579,#3504,#3505);
#3027=AXIS2_PLACEMENT_3D('',#4581,#3507,#3508);
#3028=AXIS2_PLACEMENT_3D('',#4582,#3509,#3510);
#3029=AXIS2_PLACEMENT_3D('',#4588,#3514,#3515);
#3030=AXIS2_PLACEMENT_3D('',#4591,#3517,#3518);
#3031=AXIS2_PLACEMENT_3D('',#4592,#3519,#3520);
#3032=AXIS2_PLACEMENT_3D('',#4596,#3523,#3524);
#3033=AXIS2_PLACEMENT_3D('',#4597,#3525,#3526);
#3034=AXIS2_PLACEMENT_3D('',#4598,#3527,#3528);
#3035=AXIS2_PLACEMENT_3D('',#4599,#3529,#3530);
#3036=AXIS2_PLACEMENT_3D('',#4600,#3531,#3532);
#3037=AXIS2_PLACEMENT_3D('',#4603,#3533,#3534);
#3038=AXIS2_PLACEMENT_3D('',#4604,#3535,#3536);
#3039=AXIS2_PLACEMENT_3D('',#4605,#3537,#3538);
#3040=AXIS2_PLACEMENT_3D('',#4606,#3539,#3540);
#3041=AXIS2_PLACEMENT_3D('',#4611,#3543,#3544);
#3042=AXIS2_PLACEMENT_3D('',#4612,#3545,#3546);
#3043=AXIS2_PLACEMENT_3D('',#4615,#3547,#3548);
#3044=AXIS2_PLACEMENT_3D('',#4616,#3549,#3550);
#3045=AXIS2_PLACEMENT_3D('',#4617,#3551,#3552);
#3046=AXIS2_PLACEMENT_3D('',#4618,#3553,#3554);
#3047=AXIS2_PLACEMENT_3D('',#4621,#3555,#3556);
#3048=AXIS2_PLACEMENT_3D('',#4623,#3557,#3558);
#3049=AXIS2_PLACEMENT_3D('',#4625,#3559,#3560);
#3050=AXIS2_PLACEMENT_3D('',#4626,#3561,#3562);
#3051=AXIS2_PLACEMENT_3D('',#4627,#3563,#3564);
#3052=AXIS2_PLACEMENT_3D('',#4632,#3567,#3568);
#3053=AXIS2_PLACEMENT_3D('',#4633,#3569,#3570);
#3054=AXIS2_PLACEMENT_3D('',#4634,#3571,#3572);
#3055=AXIS2_PLACEMENT_3D('',#4635,#3573,#3574);
#3056=AXIS2_PLACEMENT_3D('',#4636,#3575,#3576);
#3057=AXIS2_PLACEMENT_3D('',#4638,#3577,#3578);
#3058=AXIS2_PLACEMENT_3D('',#4639,#3579,#3580);
#3059=AXIS2_PLACEMENT_3D('',#4642,#3582,#3583);
#3060=AXIS2_PLACEMENT_3D('',#4643,#3584,#3585);
#3061=AXIS2_PLACEMENT_3D('',#4644,#3586,#3587);
#3062=AXIS2_PLACEMENT_3D('',#4646,#3588,#3589);
#3063=AXIS2_PLACEMENT_3D('',#4647,#3590,#3591);
#3064=AXIS2_PLACEMENT_3D('',#4648,#3592,#3593);
#3065=AXIS2_PLACEMENT_3D('',#4650,#3594,#3595);
#3066=AXIS2_PLACEMENT_3D('',#4652,#3596,#3597);
#3067=AXIS2_PLACEMENT_3D('',#4653,#3598,#3599);
#3068=AXIS2_PLACEMENT_3D('',#4656,#3601,#3602);
#3069=AXIS2_PLACEMENT_3D('',#4657,#3603,#3604);
#3070=AXIS2_PLACEMENT_3D('',#4658,#3605,#3606);
#3071=AXIS2_PLACEMENT_3D('',#4659,#3607,#3608);
#3072=AXIS2_PLACEMENT_3D('',#4660,#3609,#3610);
#3073=AXIS2_PLACEMENT_3D('',#4663,#3612,#3613);
#3074=AXIS2_PLACEMENT_3D('',#4667,#3616,#3617);
#3075=AXIS2_PLACEMENT_3D('',#4668,#3618,#3619);
#3076=AXIS2_PLACEMENT_3D('',#4671,#3621,#3622);
#3077=AXIS2_PLACEMENT_3D('',#4674,#3624,#3625);
#3078=AXIS2_PLACEMENT_3D('',#4677,#3627,#3628);
#3079=AXIS2_PLACEMENT_3D('',#4681,#3631,#3632);
#3080=AXIS2_PLACEMENT_3D('',#4682,#3633,#3634);
#3081=AXIS2_PLACEMENT_3D('',#4683,#3635,#3636);
#3082=AXIS2_PLACEMENT_3D('',#4684,#3637,#3638);
#3083=AXIS2_PLACEMENT_3D('',#4686,#3639,#3640);
#3084=AXIS2_PLACEMENT_3D('',#4687,#3641,#3642);
#3085=AXIS2_PLACEMENT_3D('',#4690,#3644,#3645);
#3086=AXIS2_PLACEMENT_3D('',#4691,#3646,#3647);
#3087=AXIS2_PLACEMENT_3D('',#4692,#3648,#3649);
#3088=AXIS2_PLACEMENT_3D('',#4694,#3650,#3651);
#3089=AXIS2_PLACEMENT_3D('',#4695,#3652,#3653);
#3090=AXIS2_PLACEMENT_3D('',#4696,#3654,#3655);
#3091=AXIS2_PLACEMENT_3D('',#4698,#3656,#3657);
#3092=AXIS2_PLACEMENT_3D('',#4700,#3658,#3659);
#3093=AXIS2_PLACEMENT_3D('',#4701,#3660,#3661);
#3094=AXIS2_PLACEMENT_3D('',#4704,#3663,#3664);
#3095=AXIS2_PLACEMENT_3D('',#4705,#3665,#3666);
#3096=AXIS2_PLACEMENT_3D('',#4706,#3667,#3668);
#3097=AXIS2_PLACEMENT_3D('',#4707,#3669,#3670);
#3098=AXIS2_PLACEMENT_3D('',#4708,#3671,#3672);
#3099=AXIS2_PLACEMENT_3D('',#4710,#3673,#3674);
#3100=AXIS2_PLACEMENT_3D('',#4711,#3675,#3676);
#3101=AXIS2_PLACEMENT_3D('',#4714,#3678,#3679);
#3102=AXIS2_PLACEMENT_3D('',#4715,#3680,#3681);
#3103=AXIS2_PLACEMENT_3D('',#4716,#3682,#3683);
#3104=AXIS2_PLACEMENT_3D('',#4718,#3684,#3685);
#3105=AXIS2_PLACEMENT_3D('',#4719,#3686,#3687);
#3106=AXIS2_PLACEMENT_3D('',#4720,#3688,#3689);
#3107=AXIS2_PLACEMENT_3D('',#4722,#3690,#3691);
#3108=AXIS2_PLACEMENT_3D('',#4724,#3692,#3693);
#3109=AXIS2_PLACEMENT_3D('',#4725,#3694,#3695);
#3110=AXIS2_PLACEMENT_3D('',#4728,#3697,#3698);
#3111=AXIS2_PLACEMENT_3D('',#4729,#3699,#3700);
#3112=AXIS2_PLACEMENT_3D('',#4730,#3701,#3702);
#3113=AXIS2_PLACEMENT_3D('',#4731,#3703,#3704);
#3114=AXIS2_PLACEMENT_3D('',#4732,#3705,#3706);
#3115=AXIS2_PLACEMENT_3D('',#4734,#3707,#3708);
#3116=AXIS2_PLACEMENT_3D('',#4735,#3709,#3710);
#3117=AXIS2_PLACEMENT_3D('',#4738,#3712,#3713);
#3118=AXIS2_PLACEMENT_3D('',#4739,#3714,#3715);
#3119=AXIS2_PLACEMENT_3D('',#4740,#3716,#3717);
#3120=AXIS2_PLACEMENT_3D('',#4742,#3718,#3719);
#3121=AXIS2_PLACEMENT_3D('',#4743,#3720,#3721);
#3122=AXIS2_PLACEMENT_3D('',#4744,#3722,#3723);
#3123=AXIS2_PLACEMENT_3D('',#4746,#3724,#3725);
#3124=AXIS2_PLACEMENT_3D('',#4748,#3726,#3727);
#3125=AXIS2_PLACEMENT_3D('',#4749,#3728,#3729);
#3126=AXIS2_PLACEMENT_3D('',#4752,#3731,#3732);
#3127=AXIS2_PLACEMENT_3D('',#4753,#3733,#3734);
#3128=AXIS2_PLACEMENT_3D('',#4754,#3735,#3736);
#3129=AXIS2_PLACEMENT_3D('',#4755,#3737,#3738);
#3130=AXIS2_PLACEMENT_3D('',#4756,#3739,#3740);
#3131=AXIS2_PLACEMENT_3D('',#4759,#3742,#3743);
#3132=AXIS2_PLACEMENT_3D('',#4763,#3746,#3747);
#3133=AXIS2_PLACEMENT_3D('',#4764,#3748,#3749);
#3134=AXIS2_PLACEMENT_3D('',#4767,#3751,#3752);
#3135=AXIS2_PLACEMENT_3D('',#4770,#3754,#3755);
#3136=AXIS2_PLACEMENT_3D('',#4773,#3757,#3758);
#3137=AXIS2_PLACEMENT_3D('',#4777,#3761,#3762);
#3138=AXIS2_PLACEMENT_3D('',#4778,#3763,#3764);
#3139=AXIS2_PLACEMENT_3D('',#4779,#3765,#3766);
#3140=AXIS2_PLACEMENT_3D('',#4780,#3767,#3768);
#3141=AXIS2_PLACEMENT_3D('',#4781,#3769,#3770);
#3142=AXIS2_PLACEMENT_3D('',#4782,#3771,#3772);
#3143=AXIS2_PLACEMENT_3D('',#4783,#3773,#3774);
#3144=AXIS2_PLACEMENT_3D('',#4784,#3775,#3776);
#3145=AXIS2_PLACEMENT_3D('',#4785,#3777,#3778);
#3146=AXIS2_PLACEMENT_3D('',#4786,#3779,#3780);
#3147=AXIS2_PLACEMENT_3D('',#4787,#3781,#3782);
#3148=AXIS2_PLACEMENT_3D('',#4788,#3783,#3784);
#3149=AXIS2_PLACEMENT_3D('',#4789,#3785,#3786);
#3150=AXIS2_PLACEMENT_3D('',#4790,#3787,#3788);
#3151=AXIS2_PLACEMENT_3D('',#4791,#3789,#3790);
#3152=AXIS2_PLACEMENT_3D('',#4792,#3791,#3792);
#3153=AXIS2_PLACEMENT_3D('',#4793,#3793,#3794);
#3154=AXIS2_PLACEMENT_3D('',#4796,#3795,#3796);
#3155=AXIS2_PLACEMENT_3D('',#4797,#3797,#3798);
#3156=AXIS2_PLACEMENT_3D('',#4809,#3799,#3800);
#3157=AXIS2_PLACEMENT_3D('',#4810,#3801,#3802);
#3158=AXIS2_PLACEMENT_3D('',#4812,#3803,#3804);
#3159=AXIS2_PLACEMENT_3D('',#4984,#3805,#3806);
#3160=AXIS2_PLACEMENT_3D('',#4986,#3807,#3808);
#3161=AXIS2_PLACEMENT_3D('',#5052,#3809,#3810);
#3162=AXIS2_PLACEMENT_3D('',#5053,#3811,#3812);
#3163=AXIS2_PLACEMENT_3D('',#5087,#3813,#3814);
#3164=AXIS2_PLACEMENT_3D('',#5088,#3815,#3816);
#3165=AXIS2_PLACEMENT_3D('',#5089,#3817,#3818);
#3166=AXIS2_PLACEMENT_3D('',#5090,#3819,#3820);
#3167=AXIS2_PLACEMENT_3D('',#5093,#3821,#3822);
#3168=AXIS2_PLACEMENT_3D('',#5094,#3823,#3824);
#3169=AXIS2_PLACEMENT_3D('',#5106,#3825,#3826);
#3170=AXIS2_PLACEMENT_3D('',#5429,#3827,#3828);
#3171=AXIS2_PLACEMENT_3D('',#5431,#3829,#3830);
#3172=AXIS2_PLACEMENT_3D('',#5433,#3831,#3832);
#3173=AXIS2_PLACEMENT_3D('',#5493,#3833,#3834);
#3174=AXIS2_PLACEMENT_3D('',#5494,#3835,#3836);
#3175=AXIS2_PLACEMENT_3D('',#5534,#3837,#3838);
#3176=AXIS2_PLACEMENT_3D('',#5535,#3839,#3840);
#3177=AXIS2_PLACEMENT_3D('',#5536,#3841,#3842);
#3178=AXIS2_PLACEMENT_3D('',#5537,#3843,#3844);
#3179=AXIS2_PLACEMENT_3D('',#5538,#3845,#3846);
#3180=AXIS2_PLACEMENT_3D('',#5539,#3847,#3848);
#3181=AXIS2_PLACEMENT_3D('',#5540,#3849,#3850);
#3182=AXIS2_PLACEMENT_3D('',#5541,#3851,#3852);
#3183=AXIS2_PLACEMENT_3D('',#5542,#3853,#3854);
#3184=AXIS2_PLACEMENT_3D('',#5543,#3855,#3856);
#3185=AXIS2_PLACEMENT_3D('',#5544,#3857,#3858);
#3186=AXIS2_PLACEMENT_3D('',#5545,#3859,#3860);
#3187=AXIS2_PLACEMENT_3D('',#5546,#3861,#3862);
#3188=AXIS2_PLACEMENT_3D('',#5547,#3863,#3864);
#3189=AXIS2_PLACEMENT_3D('',#5548,#3865,#3866);
#3190=AXIS2_PLACEMENT_3D('',#5549,#3867,#3868);
#3191=AXIS2_PLACEMENT_3D('',#5550,#3869,#3870);
#3192=AXIS2_PLACEMENT_3D('',#5551,#3871,#3872);
#3193=AXIS2_PLACEMENT_3D('',#5552,#3873,#3874);
#3194=AXIS2_PLACEMENT_3D('',#5553,#3875,#3876);
#3195=AXIS2_PLACEMENT_3D('',#5554,#3877,#3878);
#3196=AXIS2_PLACEMENT_3D('',#5555,#3879,#3880);
#3197=AXIS2_PLACEMENT_3D('',#5556,#3881,#3882);
#3198=AXIS2_PLACEMENT_3D('',#5557,#3883,#3884);
#3199=AXIS2_PLACEMENT_3D('',#5558,#3885,#3886);
#3200=AXIS2_PLACEMENT_3D('',#5559,#3887,#3888);
#3201=AXIS2_PLACEMENT_3D('',#5560,#3889,#3890);
#3202=AXIS2_PLACEMENT_3D('',#5561,#3891,#3892);
#3203=AXIS2_PLACEMENT_3D('',#5562,#3893,#3894);
#3204=AXIS2_PLACEMENT_3D('',#5563,#3895,#3896);
#3205=AXIS2_PLACEMENT_3D('',#5564,#3897,#3898);
#3206=AXIS2_PLACEMENT_3D('',#5565,#3899,#3900);
#3207=AXIS2_PLACEMENT_3D('',#5566,#3901,#3902);
#3208=AXIS2_PLACEMENT_3D('',#5567,#3903,#3904);
#3209=AXIS2_PLACEMENT_3D('',#5568,#3905,#3906);
#3210=AXIS2_PLACEMENT_3D('',#5569,#3907,#3908);
#3211=AXIS2_PLACEMENT_3D('',#5570,#3909,#3910);
#3212=AXIS2_PLACEMENT_3D('',#5571,#3911,#3912);
#3213=AXIS2_PLACEMENT_3D('',#5572,#3913,#3914);
#3214=AXIS2_PLACEMENT_3D('',#5573,#3915,#3916);
#3215=AXIS2_PLACEMENT_3D('',#5574,#3917,#3918);
#3216=AXIS2_PLACEMENT_3D('',#5596,#3919,#3920);
#3217=AXIS2_PLACEMENT_3D('',#5619,#3921,#3922);
#3218=AXIS2_PLACEMENT_3D('',#5641,#3923,#3924);
#3219=AXIS2_PLACEMENT_3D('',#5662,#3925,#3926);
#3220=AXIS2_PLACEMENT_3D('',#5685,#3927,#3928);
#3221=AXIS2_PLACEMENT_3D('',#5707,#3929,#3930);
#3222=AXIS2_PLACEMENT_3D('',#5730,#3931,#3932);
#3223=AXIS2_PLACEMENT_3D('',#5753,#3933,#3934);
#3224=AXIS2_PLACEMENT_3D('',#5776,#3935,#3936);
#3225=AXIS2_PLACEMENT_3D('',#6290,#3937,#3938);
#3226=AXIS2_PLACEMENT_3D('',#6313,#3939,#3940);
#3227=AXIS2_PLACEMENT_3D('',#6336,#3941,#3942);
#3228=AXIS2_PLACEMENT_3D('',#6357,#3943,#3944);
#3229=AXIS2_PLACEMENT_3D('',#6380,#3945,#3946);
#3230=AXIS2_PLACEMENT_3D('',#6402,#3947,#3948);
#3231=AXIS2_PLACEMENT_3D('',#6425,#3949,#3950);
#3232=AXIS2_PLACEMENT_3D('',#6448,#3951,#3952);
#3233=AXIS2_PLACEMENT_3D('',#6926,#3953,#3954);
#3234=AXIS2_PLACEMENT_3D('',#6949,#3955,#3956);
#3235=AXIS2_PLACEMENT_3D('',#6972,#3957,#3958);
#3236=AXIS2_PLACEMENT_3D('',#6993,#3959,#3960);
#3237=AXIS2_PLACEMENT_3D('',#7016,#3961,#3962);
#3238=AXIS2_PLACEMENT_3D('',#7552,#3963,#3964);
#3239=AXIS2_PLACEMENT_3D('',#7555,#3967,#3968);
#3240=AXIS2_PLACEMENT_3D('',#7557,#3970,#3971);
#3241=AXIS2_PLACEMENT_3D('',#7559,#3973,#3974);
#3242=DIRECTION('',(0.,0.,1.));
#3243=DIRECTION('',(1.,0.,0.));
#3244=DIRECTION('',(0.,0.,-1.));
#3245=DIRECTION('',(-1.,0.,0.));
#3246=DIRECTION('',(0.,0.,-1.));
#3247=DIRECTION('',(-1.,0.,0.));
#3248=DIRECTION('',(0.,0.,-1.));
#3249=DIRECTION('',(0.,0.,1.));
#3250=DIRECTION('',(-1.,0.,0.));
#3251=DIRECTION('',(0.,0.,-1.));
#3252=DIRECTION('',(-1.31074974541771E-29,5.39568214908711E-15,1.));
#3253=DIRECTION('',(0.,-1.,5.39568214908711E-15));
#3254=DIRECTION('',(-9.39465108850727E-31,3.86729437502248E-16,-1.));
#3255=DIRECTION('',(0.,1.,3.86729437502248E-16));
#3256=DIRECTION('',(-0.806444604267492,-0.59130964836357,3.19974727531558E-14));
#3257=DIRECTION('',(-0.59130964836357,0.806444604267492,-2.92166838082052E-13));
#3258=DIRECTION('',(-0.737277336810133,-0.675590207615651,6.3614581194744E-14));
#3259=DIRECTION('',(-0.675590207615651,0.737277336810133,-2.86946832352041E-13));
#3260=DIRECTION('',(-0.65934581510008,-0.751839807478968,9.44754825268305E-14));
#3261=DIRECTION('',(-0.751839807478968,0.65934581510008,-2.78315796782675E-13));
#3262=DIRECTION('',(-0.573576436351061,-0.819152044288981,1.24213323230071E-13));
#3263=DIRECTION('',(-0.819152044288981,0.573576436351062,-2.66376331286387E-13));
#3264=DIRECTION('',(0.,0.,-1.));
#3265=DIRECTION('',(-1.,0.,0.));
#3266=DIRECTION('',(0.,0.,1.));
#3267=DIRECTION('',(-1.,0.,0.));
#3268=DIRECTION('',(0.,0.,-1.));
#3269=DIRECTION('',(-1.,0.,0.));
#3270=DIRECTION('',(0.,0.,-1.));
#3271=DIRECTION('',(-1.,0.,0.));
#3272=DIRECTION('',(0.,0.,-1.));
#3273=DIRECTION('',(-0.499999999999999,-0.866025403784439,0.));
#3274=DIRECTION('',(0.,0.,1.));
#3275=DIRECTION('',(1.,0.,0.));
#3276=DIRECTION('',(0.,0.,1.));
#3277=DIRECTION('',(1.,0.,0.));
#3278=DIRECTION('',(0.,0.,-1.));
#3279=DIRECTION('',(1.,0.,0.));
#3280=DIRECTION('',(0.,0.,-1.));
#3281=DIRECTION('',(1.,0.,0.));
#3282=DIRECTION('',(0.,0.,-1.));
#3283=DIRECTION('',(1.,0.,0.));
#3284=DIRECTION('',(0.,0.,-1.));
#3285=DIRECTION('',(1.,0.,0.));
#3286=DIRECTION('',(0.,0.,-1.));
#3287=DIRECTION('',(1.,0.,0.));
#3288=DIRECTION('',(0.,0.,-1.));
#3289=DIRECTION('',(0.,-1.,0.));
#3290=DIRECTION('',(0.,0.,-1.));
#3291=DIRECTION('',(0.,-1.,0.));
#3292=DIRECTION('',(0.,0.,-1.));
#3293=DIRECTION('',(0.,-1.,0.));
#3294=DIRECTION('',(0.,0.,-1.));
#3295=DIRECTION('',(0.,-1.,0.));
#3296=DIRECTION('',(0.,0.,-1.));
#3297=DIRECTION('',(0.,-1.,0.));
#3298=DIRECTION('',(0.,0.,-1.));
#3299=DIRECTION('',(0.,-1.,0.));
#3300=DIRECTION('',(0.,0.,-1.));
#3301=DIRECTION('',(0.,-1.,0.));
#3302=DIRECTION('',(0.,0.,-1.));
#3303=DIRECTION('',(0.,-1.,0.));
#3304=DIRECTION('',(0.,0.,-1.));
#3305=DIRECTION('',(0.,-1.,0.));
#3306=DIRECTION('',(0.,0.,-1.));
#3307=DIRECTION('',(0.,-1.,0.));
#3308=DIRECTION('',(0.,0.,-1.));
#3309=DIRECTION('',(0.,-1.,0.));
#3310=DIRECTION('',(0.,0.,-1.));
#3311=DIRECTION('',(0.,-1.,0.));
#3312=DIRECTION('',(0.,0.,-1.));
#3313=DIRECTION('',(0.,-1.,0.));
#3314=DIRECTION('',(0.,0.,-1.));
#3315=DIRECTION('',(0.,-1.,0.));
#3316=DIRECTION('',(0.,0.,-1.));
#3317=DIRECTION('',(0.,-1.,0.));
#3318=DIRECTION('',(0.,0.,-1.));
#3319=DIRECTION('',(0.,-1.,0.));
#3320=DIRECTION('',(0.,0.,-1.));
#3321=DIRECTION('',(0.,-1.,0.));
#3322=DIRECTION('',(0.,0.,-1.));
#3323=DIRECTION('',(0.,-1.,0.));
#3324=DIRECTION('',(0.,0.,-1.));
#3325=DIRECTION('',(0.,-1.,0.));
#3326=DIRECTION('',(0.,0.,-1.));
#3327=DIRECTION('',(0.,-1.,0.));
#3328=DIRECTION('',(0.,0.,-1.));
#3329=DIRECTION('',(0.,-1.,0.));
#3330=DIRECTION('',(0.,0.,-1.));
#3331=DIRECTION('',(0.,-1.,0.));
#3332=DIRECTION('',(0.,0.,-1.));
#3333=DIRECTION('',(0.,-1.,0.));
#3334=DIRECTION('',(0.,0.,-1.));
#3335=DIRECTION('',(0.,-1.,0.));
#3336=DIRECTION('',(0.,0.,-1.));
#3337=DIRECTION('',(0.,-1.,0.));
#3338=DIRECTION('',(0.,0.,-1.));
#3339=DIRECTION('',(0.,-1.,0.));
#3340=DIRECTION('',(0.,0.,-1.));
#3341=DIRECTION('',(-1.,0.,0.));
#3342=DIRECTION('',(-0.5,-0.866025403784439,0.));
#3343=DIRECTION('',(0.,0.,1.));
#3344=DIRECTION('',(-1.,0.,0.));
#3345=DIRECTION('',(1.,1.84476371327157E-16,0.));
#3346=DIRECTION('',(0.,0.,-1.));
#3347=DIRECTION('',(-1.,0.,0.));
#3348=DIRECTION('',(0.499999999999999,0.866025403784439,0.));
#3349=DIRECTION('',(0.,0.,1.));
#3350=DIRECTION('',(-1.,0.,0.));
#3351=DIRECTION('',(-1.,0.,0.));
#3352=DIRECTION('',(0.,0.,1.));
#3353=DIRECTION('',(1.,0.,0.));
#3354=DIRECTION('',(0.,0.,1.));
#3355=DIRECTION('',(1.,0.,0.));
#3356=DIRECTION('',(0.,0.,1.));
#3357=DIRECTION('',(-1.,0.,0.));
#3358=DIRECTION('',(0.,0.,-1.));
#3359=DIRECTION('',(-1.,0.,0.));
#3360=DIRECTION('',(0.,0.,-1.));
#3361=DIRECTION('',(-1.,0.,0.));
#3362=DIRECTION('',(0.,0.,-1.));
#3363=DIRECTION('',(-1.,0.,0.));
#3364=DIRECTION('',(0.,0.,-1.));
#3365=DIRECTION('',(-1.,0.,0.));
#3366=DIRECTION('',(0.,0.,-1.));
#3367=DIRECTION('',(-1.,0.,0.));
#3368=DIRECTION('',(0.,0.,-1.));
#3369=DIRECTION('',(-1.,0.,0.));
#3370=DIRECTION('',(0.,0.,-1.));
#3371=DIRECTION('',(-1.,0.,0.));
#3372=DIRECTION('',(0.,0.,-1.));
#3373=DIRECTION('',(-1.,0.,0.));
#3374=DIRECTION('',(0.,0.,-1.));
#3375=DIRECTION('',(-1.,0.,0.));
#3376=DIRECTION('',(0.,0.,-1.));
#3377=DIRECTION('',(-1.,0.,0.));
#3378=DIRECTION('',(0.,0.,-1.));
#3379=DIRECTION('',(-1.,0.,0.));
#3380=DIRECTION('',(0.,0.,-1.));
#3381=DIRECTION('',(-1.,0.,0.));
#3382=DIRECTION('',(0.,0.,-1.));
#3383=DIRECTION('',(-1.,0.,0.));
#3384=DIRECTION('',(0.,0.,-1.));
#3385=DIRECTION('',(-1.,0.,0.));
#3386=DIRECTION('',(0.,0.,-1.));
#3387=DIRECTION('',(-1.,0.,0.));
#3388=DIRECTION('',(0.,0.,-1.));
#3389=DIRECTION('',(-1.,0.,0.));
#3390=DIRECTION('',(0.,0.,-1.));
#3391=DIRECTION('',(-1.,0.,0.));
#3392=DIRECTION('',(0.,0.,-1.));
#3393=DIRECTION('',(-1.,0.,0.));
#3394=DIRECTION('',(0.,0.,-1.));
#3395=DIRECTION('',(-1.,0.,0.));
#3396=DIRECTION('',(0.,0.,-1.));
#3397=DIRECTION('',(-1.,0.,0.));
#3398=DIRECTION('',(0.,0.,-1.));
#3399=DIRECTION('',(-1.,0.,0.));
#3400=DIRECTION('',(0.,0.,-1.));
#3401=DIRECTION('',(-1.,0.,0.));
#3402=DIRECTION('',(0.,0.,-1.));
#3403=DIRECTION('',(-1.,0.,0.));
#3404=DIRECTION('',(0.,0.,-1.));
#3405=DIRECTION('',(-1.,0.,0.));
#3406=DIRECTION('',(0.,0.,-1.));
#3407=DIRECTION('',(-1.,0.,0.));
#3408=DIRECTION('',(0.,0.,-1.));
#3409=DIRECTION('',(-1.,0.,0.));
#3410=DIRECTION('',(0.,0.,-1.));
#3411=DIRECTION('',(-1.,0.,0.));
#3412=DIRECTION('',(0.,0.,-1.));
#3413=DIRECTION('',(-1.,0.,0.));
#3414=DIRECTION('',(0.,0.,-1.));
#3415=DIRECTION('',(-1.,0.,0.));
#3416=DIRECTION('',(0.,0.,-1.));
#3417=DIRECTION('',(-1.,0.,0.));
#3418=DIRECTION('',(0.,0.,-1.));
#3419=DIRECTION('',(-1.,0.,0.));
#3420=DIRECTION('',(0.,0.,-1.));
#3421=DIRECTION('',(-1.,0.,0.));
#3422=DIRECTION('',(0.,0.,-1.));
#3423=DIRECTION('',(-1.,0.,0.));
#3424=DIRECTION('',(0.,0.,-1.));
#3425=DIRECTION('',(-1.,0.,0.));
#3426=DIRECTION('',(0.,0.,-1.));
#3427=DIRECTION('',(-1.,0.,0.));
#3428=DIRECTION('',(1.,7.7715611723761E-16,0.));
#3429=DIRECTION('',(0.,0.,1.));
#3430=DIRECTION('',(0.,-1.,0.));
#3431=DIRECTION('',(0.,0.,1.));
#3432=DIRECTION('',(1.,4.18284165089303E-14,0.));
#3433=DIRECTION('',(0.,0.,1.));
#3434=DIRECTION('',(0.500000000008809,0.866025403779353,0.));
#3435=DIRECTION('',(-0.500000000000006,-0.866025403784435,0.));
#3436=DIRECTION('',(0.,0.,1.));
#3437=DIRECTION('',(-0.866025403784441,0.499999999999997,0.));
#3438=DIRECTION('',(0.,0.,-1.));
#3439=DIRECTION('',(0.499999999999999,0.866025403784439,0.));
#3440=DIRECTION('',(0.,0.,1.));
#3441=DIRECTION('',(-1.,3.73289400689882E-14,0.));
#3442=DIRECTION('',(0.,0.,-1.));
#3443=DIRECTION('',(-1.,0.,0.));
#3444=DIRECTION('',(-1.,0.,0.));
#3445=DIRECTION('',(0.,0.,1.));
#3446=DIRECTION('',(-1.,0.,0.));
#3447=DIRECTION('',(0.499999999999999,0.866025403784439,0.));
#3448=DIRECTION('',(0.,0.,-1.));
#3449=DIRECTION('',(-1.,0.,0.));
#3450=DIRECTION('',(0.,0.,-1.));
#3451=DIRECTION('',(-1.,0.,0.));
#3452=DIRECTION('',(0.,0.,-1.));
#3453=DIRECTION('',(-1.,0.,0.));
#3454=DIRECTION('',(0.,0.,-1.));
#3455=DIRECTION('',(-1.,0.,0.));
#3456=DIRECTION('',(0.,0.,-1.));
#3457=DIRECTION('',(-1.,0.,0.));
#3458=DIRECTION('',(0.,0.,-1.));
#3459=DIRECTION('',(-1.,0.,0.));
#3460=DIRECTION('',(0.,0.,-1.));
#3461=DIRECTION('',(-1.,0.,0.));
#3462=DIRECTION('',(1.31690274028386E-29,-5.42101086242752E-15,-1.));
#3463=DIRECTION('',(0.,1.,-5.42101086242753E-15));
#3464=DIRECTION('',(8.77935160189238E-31,-3.61400724161835E-16,1.));
#3465=DIRECTION('',(0.,-1.,-3.61400724161835E-16));
#3466=DIRECTION('',(0.,0.,-1.));
#3467=DIRECTION('',(0.,0.,-1.));
#3468=DIRECTION('',(0.,0.,-1.));
#3469=DIRECTION('',(0.,0.,-1.));
#3470=DIRECTION('',(-1.,0.,0.));
#3471=DIRECTION('',(0.,0.,-1.));
#3472=DIRECTION('',(0.,0.,-1.));
#3473=DIRECTION('',(0.,0.,-1.));
#3474=DIRECTION('',(-1.,0.,0.));
#3475=DIRECTION('',(0.,0.,1.));
#3476=DIRECTION('',(0.,-1.,0.));
#3477=DIRECTION('',(1.,7.7715611723761E-16,0.));
#3478=DIRECTION('',(0.,0.,1.));
#3479=DIRECTION('',(-1.,8.85634990441434E-15,0.));
#3480=DIRECTION('',(0.,0.,-1.));
#3481=DIRECTION('',(0.5,0.866025403784439,0.));
#3482=DIRECTION('',(0.,0.,1.));
#3483=DIRECTION('',(-0.866025403784452,0.499999999999976,0.));
#3484=DIRECTION('',(-0.500000000000006,-0.866025403784435,0.));
#3485=DIRECTION('',(0.,0.,1.));
#3486=DIRECTION('',(0.50000000000878,0.86602540377937,0.));
#3487=DIRECTION('',(0.,0.,1.));
#3488=DIRECTION('',(1.,4.19170948194057E-14,0.));
#3489=DIRECTION('',(-0.5,-0.866025403784439,0.));
#3490=DIRECTION('',(0.,0.,-1.));
#3491=DIRECTION('',(-1.,0.,0.));
#3492=DIRECTION('',(1.,8.57959927359946E-17,0.));
#3493=DIRECTION('',(0.,-1.,0.));
#3494=DIRECTION('',(0.,0.,-1.));
#3495=DIRECTION('',(0.866025403784439,-0.5,0.));
#3496=DIRECTION('',(0.5,0.866025403784439,0.));
#3497=DIRECTION('',(0.5,0.866025403784439,0.));
#3498=DIRECTION('',(0.,0.,-1.));
#3499=DIRECTION('',(0.,0.,-1.));
#3500=DIRECTION('',(-1.,0.,0.));
#3501=DIRECTION('',(0.,0.,-1.));
#3502=DIRECTION('',(-1.,0.,0.));
#3503=DIRECTION('',(0.,0.,-1.));
#3504=DIRECTION('',(-8.57959927359946E-17,1.,0.));
#3505=DIRECTION('',(-1.,-8.57959927359946E-17,0.));
#3506=DIRECTION('',(-1.,-8.57959927359946E-17,0.));
#3507=DIRECTION('',(-0.866025403784439,0.499999999999999,0.));
#3508=DIRECTION('',(-0.499999999999999,-0.866025403784439,0.));
#3509=DIRECTION('',(-0.866025403784439,0.5,0.));
#3510=DIRECTION('',(-0.5,-0.866025403784439,0.));
#3511=DIRECTION('',(0.,0.,1.));
#3512=DIRECTION('',(-0.5,-0.866025403784439,0.));
#3513=DIRECTION('',(0.,0.,1.));
#3514=DIRECTION('',(0.,0.,1.));
#3515=DIRECTION('',(1.,0.,0.));
#3516=DIRECTION('',(0.,0.,1.));
#3517=DIRECTION('',(0.,0.,-1.));
#3518=DIRECTION('',(-1.,0.,0.));
#3519=DIRECTION('',(1.84476371327157E-16,-1.,0.));
#3520=DIRECTION('',(1.,1.84476371327157E-16,0.));
#3521=DIRECTION('',(0.,0.,1.));
#3522=DIRECTION('',(1.,1.84476371327157E-16,0.));
#3523=DIRECTION('',(0.,0.,1.));
#3524=DIRECTION('',(1.,0.,0.));
#3525=DIRECTION('',(0.,0.,1.));
#3526=DIRECTION('',(-1.,0.,0.));
#3527=DIRECTION('',(0.,0.,-1.));
#3528=DIRECTION('',(-1.,0.,0.));
#3529=DIRECTION('',(0.,0.,1.));
#3530=DIRECTION('',(1.,0.,0.));
#3531=DIRECTION('',(0.,0.,1.));
#3532=DIRECTION('',(1.,4.18204417514883E-14,0.));
#3533=DIRECTION('',(-0.866025403779342,0.500000000008828,0.));
#3534=DIRECTION('',(0.500000000008828,0.866025403779342,0.));
#3535=DIRECTION('',(1.6486455677827E-14,1.,0.));
#3536=DIRECTION('',(1.,-1.6486455677827E-14,0.));
#3537=DIRECTION('',(0.,0.,1.));
#3538=DIRECTION('',(1.,0.,0.));
#3539=DIRECTION('',(0.,0.,1.));
#3540=DIRECTION('',(1.,4.1809456154989E-14,0.));
#3541=DIRECTION('',(0.250000000004413,0.433012701889669,0.86602540378444));
#3542=DIRECTION('',(0.499999999999998,-8.24322783891346E-15,0.86602540378444));
#3543=DIRECTION('',(0.,0.,1.));
#3544=DIRECTION('',(1.,0.,0.));
#3545=DIRECTION('',(0.,0.,1.));
#3546=DIRECTION('',(1.,4.18104567166075E-14,0.));
#3547=DIRECTION('',(0.866025403779342,-0.500000000008828,0.));
#3548=DIRECTION('',(-0.500000000008828,-0.866025403779342,0.));
#3549=DIRECTION('',(-1.6486455677827E-14,-1.,0.));
#3550=DIRECTION('',(-1.,1.6486455677827E-14,0.));
#3551=DIRECTION('',(0.,0.,1.));
#3552=DIRECTION('',(1.,0.,0.));
#3553=DIRECTION('',(0.,0.,1.));
#3554=DIRECTION('',(1.,4.19362859231411E-14,0.));
#3555=DIRECTION('',(0.866025403779342,-0.500000000008828,0.));
#3556=DIRECTION('',(0.500000000008828,0.866025403779342,0.));
#3557=DIRECTION('',(0.,0.,1.));
#3558=DIRECTION('',(1.,4.19121266313999E-14,0.));
#3559=DIRECTION('',(-1.6486455677827E-14,-1.,0.));
#3560=DIRECTION('',(1.,-1.6486455677827E-14,0.));
#3561=DIRECTION('',(0.,0.,-1.));
#3562=DIRECTION('',(-1.,0.,0.));
#3563=DIRECTION('',(0.,0.,1.));
#3564=DIRECTION('',(1.,4.19020141178953E-14,0.));
#3565=DIRECTION('',(0.25000000000441,0.433012701889664,-0.866025403784443));
#3566=DIRECTION('',(0.499999999999992,-8.24322783891337E-15,-0.866025403784443));
#3567=DIRECTION('',(0.,0.,1.));
#3568=DIRECTION('',(1.,0.,0.));
#3569=DIRECTION('',(-0.866025403779342,0.500000000008828,0.));
#3570=DIRECTION('',(-0.500000000008828,-0.866025403779342,0.));
#3571=DIRECTION('',(1.6486455677827E-14,1.,0.));
#3572=DIRECTION('',(-1.,1.6486455677827E-14,0.));
#3573=DIRECTION('',(0.,0.,1.));
#3574=DIRECTION('',(1.,0.,0.));
#3575=DIRECTION('',(1.,7.93016446160834E-16,0.));
#3576=DIRECTION('',(7.93016446160834E-16,-1.,0.));
#3577=DIRECTION('',(0.,0.,1.));
#3578=DIRECTION('',(0.,-1.,0.));
#3579=DIRECTION('',(0.,0.,1.));
#3580=DIRECTION('',(1.,0.,0.));
#3581=DIRECTION('',(3.96508223080416E-16,-0.499999999999998,0.86602540378444));
#3582=DIRECTION('',(0.,0.,1.));
#3583=DIRECTION('',(0.,-1.,0.));
#3584=DIRECTION('',(0.,0.,1.));
#3585=DIRECTION('',(1.,0.,0.));
#3586=DIRECTION('',(-1.,-7.93016446160834E-16,0.));
#3587=DIRECTION('',(-7.93016446160834E-16,1.,0.));
#3588=DIRECTION('',(0.,0.,1.));
#3589=DIRECTION('',(0.,-1.,0.));
#3590=DIRECTION('',(0.,0.,1.));
#3591=DIRECTION('',(1.,0.,0.));
#3592=DIRECTION('',(0.,0.,1.));
#3593=DIRECTION('',(0.,-1.,0.));
#3594=DIRECTION('',(-1.,-7.93016446160834E-16,0.));
#3595=DIRECTION('',(7.93016446160834E-16,-1.,0.));
#3596=DIRECTION('',(0.,0.,1.));
#3597=DIRECTION('',(0.,-1.,0.));
#3598=DIRECTION('',(0.,0.,-1.));
#3599=DIRECTION('',(-1.,0.,0.));
#3600=DIRECTION('',(3.96508223080411E-16,-0.499999999999992,-0.866025403784443));
#3601=DIRECTION('',(0.,0.,1.));
#3602=DIRECTION('',(0.,-1.,0.));
#3603=DIRECTION('',(0.,0.,1.));
#3604=DIRECTION('',(1.,0.,0.));
#3605=DIRECTION('',(1.,7.93016446160834E-16,0.));
#3606=DIRECTION('',(-7.93016446160834E-16,1.,0.));
#3607=DIRECTION('',(1.,7.7715611723761E-16,0.));
#3608=DIRECTION('',(-7.7715611723761E-16,1.,0.));
#3609=DIRECTION('',(1.,7.93016446160834E-16,0.));
#3610=DIRECTION('',(7.93016446160834E-16,-1.,0.));
#3611=DIRECTION('',(1.,7.7715611723761E-16,0.));
#3612=DIRECTION('',(6.73036940234248E-16,-0.86602540378444,-0.499999999999998));
#3613=DIRECTION('',(0.,0.499999999999998,-0.86602540378444));
#3614=DIRECTION('',(3.96508223080416E-16,-0.499999999999998,0.86602540378444));
#3615=DIRECTION('',(1.,7.7715611723761E-16,0.));
#3616=DIRECTION('',(1.,7.7715611723761E-16,0.));
#3617=DIRECTION('',(-7.7715611723761E-16,1.,0.));
#3618=DIRECTION('',(-1.,-7.93016446160834E-16,0.));
#3619=DIRECTION('',(-7.93016446160834E-16,1.,0.));
#3620=DIRECTION('',(1.,7.7715611723761E-16,0.));
#3621=DIRECTION('',(1.,7.7715611723761E-16,0.));
#3622=DIRECTION('',(-7.7715611723761E-16,1.,0.));
#3623=DIRECTION('',(1.,7.7715611723761E-16,0.));
#3624=DIRECTION('',(-1.,-7.93016446160834E-16,0.));
#3625=DIRECTION('',(7.93016446160834E-16,-1.,0.));
#3626=DIRECTION('',(1.,7.7715611723761E-16,0.));
#3627=DIRECTION('',(-6.73036940234251E-16,0.866025403784443,-0.499999999999992));
#3628=DIRECTION('',(0.,0.499999999999992,0.866025403784443));
#3629=DIRECTION('',(3.96508223080411E-16,-0.499999999999992,-0.866025403784443));
#3630=DIRECTION('',(1.,7.7715611723761E-16,0.));
#3631=DIRECTION('',(1.,7.7715611723761E-16,0.));
#3632=DIRECTION('',(-7.7715611723761E-16,1.,0.));
#3633=DIRECTION('',(1.,7.93016446160834E-16,0.));
#3634=DIRECTION('',(-7.93016446160834E-16,1.,0.));
#3635=DIRECTION('',(0.,0.,1.));
#3636=DIRECTION('',(1.,0.,0.));
#3637=DIRECTION('',(-1.25260214780059E-14,-1.,0.));
#3638=DIRECTION('',(-1.,1.25260214780059E-14,0.));
#3639=DIRECTION('',(0.,0.,1.));
#3640=DIRECTION('',(-1.,3.60734809039415E-14,0.));
#3641=DIRECTION('',(0.,0.,1.));
#3642=DIRECTION('',(1.,0.,0.));
#3643=DIRECTION('',(-0.499999999999998,6.26301073900294E-15,0.86602540378444));
#3644=DIRECTION('',(0.,0.,1.));
#3645=DIRECTION('',(-1.,3.82713727077477E-14,0.));
#3646=DIRECTION('',(0.,0.,1.));
#3647=DIRECTION('',(1.,0.,0.));
#3648=DIRECTION('',(1.25260214780059E-14,1.,0.));
#3649=DIRECTION('',(1.,-1.25260214780059E-14,0.));
#3650=DIRECTION('',(0.,0.,1.));
#3651=DIRECTION('',(-1.,3.8149594328101E-14,0.));
#3652=DIRECTION('',(0.,0.,1.));
#3653=DIRECTION('',(1.,0.,0.));
#3654=DIRECTION('',(0.,0.,1.));
#3655=DIRECTION('',(-1.,0.,0.));
#3656=DIRECTION('',(1.25260214780059E-14,1.,0.));
#3657=DIRECTION('',(-1.,1.25260214780059E-14,0.));
#3658=DIRECTION('',(0.,0.,1.));
#3659=DIRECTION('',(-1.,-1.44444506039415E-14,0.));
#3660=DIRECTION('',(0.,0.,-1.));
#3661=DIRECTION('',(-1.,0.,0.));
#3662=DIRECTION('',(-0.499999999999992,6.26301073900287E-15,-0.866025403784443));
#3663=DIRECTION('',(0.,0.,1.));
#3664=DIRECTION('',(-1.,1.55624751623614E-14,0.));
#3665=DIRECTION('',(0.,0.,1.));
#3666=DIRECTION('',(1.,0.,0.));
#3667=DIRECTION('',(-1.25260214780059E-14,-1.,0.));
#3668=DIRECTION('',(1.,-1.25260214780059E-14,0.));
#3669=DIRECTION('',(0.,0.,-1.));
#3670=DIRECTION('',(-1.,0.,0.));
#3671=DIRECTION('',(0.86602540378423,-0.500000000000361,0.));
#3672=DIRECTION('',(-0.500000000000361,-0.86602540378423,0.));
#3673=DIRECTION('',(0.,0.,-1.));
#3674=DIRECTION('',(0.499999999999999,0.866025403784439,0.));
#3675=DIRECTION('',(0.,0.,-1.));
#3676=DIRECTION('',(-1.,0.,0.));
#3677=DIRECTION('',(-0.250000000000179,-0.433012701892113,0.86602540378444));
#3678=DIRECTION('',(0.,0.,-1.));
#3679=DIRECTION('',(0.499999999999999,0.866025403784439,0.));
#3680=DIRECTION('',(0.,0.,-1.));
#3681=DIRECTION('',(-1.,0.,0.));
#3682=DIRECTION('',(-0.86602540378423,0.500000000000361,0.));
#3683=DIRECTION('',(0.500000000000361,0.86602540378423,0.));
#3684=DIRECTION('',(0.,0.,-1.));
#3685=DIRECTION('',(0.499999999999999,0.866025403784439,0.));
#3686=DIRECTION('',(0.,0.,-1.));
#3687=DIRECTION('',(-1.,0.,0.));
#3688=DIRECTION('',(0.,0.,-1.));
#3689=DIRECTION('',(0.5,0.866025403784439,0.));
#3690=DIRECTION('',(-0.86602540378423,0.500000000000361,0.));
#3691=DIRECTION('',(-0.500000000000361,-0.86602540378423,0.));
#3692=DIRECTION('',(0.,0.,-1.));
#3693=DIRECTION('',(0.5,0.866025403784439,0.));
#3694=DIRECTION('',(0.,0.,1.));
#3695=DIRECTION('',(1.,0.,0.));
#3696=DIRECTION('',(-0.250000000000177,-0.433012701892108,-0.866025403784443));
#3697=DIRECTION('',(0.,0.,-1.));
#3698=DIRECTION('',(0.5,0.866025403784439,0.));
#3699=DIRECTION('',(0.,0.,-1.));
#3700=DIRECTION('',(-1.,0.,0.));
#3701=DIRECTION('',(0.86602540378423,-0.500000000000361,0.));
#3702=DIRECTION('',(0.500000000000361,0.86602540378423,0.));
#3703=DIRECTION('',(0.,0.,1.));
#3704=DIRECTION('',(1.,0.,0.));
#3705=DIRECTION('',(-0.50000000000002,-0.866025403784427,0.));
#3706=DIRECTION('',(-0.866025403784427,0.50000000000002,0.));
#3707=DIRECTION('',(0.,0.,1.));
#3708=DIRECTION('',(-0.866025403784441,0.499999999999996,0.));
#3709=DIRECTION('',(0.,0.,1.));
#3710=DIRECTION('',(1.,0.,0.));
#3711=DIRECTION('',(-0.433012701892212,0.250000000000009,0.86602540378444));
#3712=DIRECTION('',(0.,0.,1.));
#3713=DIRECTION('',(-0.86602540378444,0.499999999999998,0.));
#3714=DIRECTION('',(0.,0.,1.));
#3715=DIRECTION('',(1.,0.,0.));
#3716=DIRECTION('',(0.50000000000002,0.866025403784427,0.));
#3717=DIRECTION('',(0.866025403784427,-0.50000000000002,0.));
#3718=DIRECTION('',(0.,0.,1.));
#3719=DIRECTION('',(-0.866025403784439,0.499999999999998,0.));
#3720=DIRECTION('',(0.,0.,1.));
#3721=DIRECTION('',(1.,0.,0.));
#3722=DIRECTION('',(0.,0.,1.));
#3723=DIRECTION('',(-0.866025403784455,0.499999999999972,0.));
#3724=DIRECTION('',(0.50000000000002,0.866025403784427,0.));
#3725=DIRECTION('',(-0.866025403784427,0.50000000000002,0.));
#3726=DIRECTION('',(0.,0.,1.));
#3727=DIRECTION('',(-0.866025403784465,0.499999999999955,0.));
#3728=DIRECTION('',(0.,0.,-1.));
#3729=DIRECTION('',(-1.,0.,0.));
#3730=DIRECTION('',(-0.433012701892207,0.250000000000006,-0.866025403784443));
#3731=DIRECTION('',(0.,0.,1.));
#3732=DIRECTION('',(-0.86602540378445,0.499999999999979,0.));
#3733=DIRECTION('',(0.,0.,1.));
#3734=DIRECTION('',(1.,0.,0.));
#3735=DIRECTION('',(-0.50000000000002,-0.866025403784427,0.));
#3736=DIRECTION('',(0.866025403784427,-0.50000000000002,0.));
#3737=DIRECTION('',(-0.500000000000006,-0.866025403784435,0.));
#3738=DIRECTION('',(0.866025403784435,-0.500000000000006,0.));
#3739=DIRECTION('',(-0.499999999999998,-0.86602540378444,0.));
#3740=DIRECTION('',(-0.86602540378444,0.499999999999998,0.));
#3741=DIRECTION('',(-0.500000000000006,-0.866025403784435,0.));
#3742=DIRECTION('',(-0.749999999999998,0.433012701892225,-0.499999999999998));
#3743=DIRECTION('',(-0.554700196225229,0.,0.832050294337844));
#3744=DIRECTION('',(-0.433012701892218,0.249999999999998,0.86602540378444));
#3745=DIRECTION('',(-0.500000000000006,-0.866025403784435,0.));
#3746=DIRECTION('',(-0.500000000000006,-0.866025403784435,0.));
#3747=DIRECTION('',(0.866025403784435,-0.500000000000006,0.));
#3748=DIRECTION('',(0.499999999999998,0.86602540378444,0.));
#3749=DIRECTION('',(0.86602540378444,-0.499999999999998,0.));
#3750=DIRECTION('',(-0.500000000000006,-0.866025403784435,0.));
#3751=DIRECTION('',(-0.500000000000006,-0.866025403784435,0.));
#3752=DIRECTION('',(0.866025403784435,-0.500000000000006,0.));
#3753=DIRECTION('',(-0.500000000000006,-0.866025403784435,0.));
#3754=DIRECTION('',(0.499999999999998,0.86602540378444,0.));
#3755=DIRECTION('',(-0.86602540378444,0.499999999999998,0.));
#3756=DIRECTION('',(-0.500000000000006,-0.866025403784435,0.));
#3757=DIRECTION('',(0.750000000000001,-0.433012701892227,-0.499999999999992));
#3758=DIRECTION('',(-0.554700196225223,0.,-0.832050294337848));
#3759=DIRECTION('',(-0.433012701892213,0.249999999999995,-0.866025403784443));
#3760=DIRECTION('',(-0.500000000000006,-0.866025403784435,0.));
#3761=DIRECTION('',(-0.500000000000006,-0.866025403784435,0.));
#3762=DIRECTION('',(0.866025403784435,-0.500000000000006,0.));
#3763=DIRECTION('',(-0.499999999999998,-0.86602540378444,0.));
#3764=DIRECTION('',(0.86602540378444,-0.499999999999998,0.));
#3765=DIRECTION('',(0.,0.,1.));
#3766=DIRECTION('',(1.,0.,0.));
#3767=DIRECTION('',(0.,0.,1.));
#3768=DIRECTION('',(0.500000000008808,0.866025403779354,0.));
#3769=DIRECTION('',(0.,0.,1.));
#3770=DIRECTION('',(1.,0.,0.));
#3771=DIRECTION('',(0.,0.,1.));
#3772=DIRECTION('',(0.500000000008812,0.866025403779351,0.));
#3773=DIRECTION('',(0.,0.,1.));
#3774=DIRECTION('',(1.,0.,0.));
#3775=DIRECTION('',(0.,0.,1.));
#3776=DIRECTION('',(0.500000000008813,0.86602540377935,0.));
#3777=DIRECTION('',(0.,0.,1.));
#3778=DIRECTION('',(1.,0.,0.));
#3779=DIRECTION('',(0.,0.,1.));
#3780=DIRECTION('',(0.500000000008762,0.86602540377938,0.));
#3781=DIRECTION('',(0.,0.,1.));
#3782=DIRECTION('',(1.,0.,0.));
#3783=DIRECTION('',(0.,0.,1.));
#3784=DIRECTION('',(0.500000000008748,0.866025403779388,0.));
#3785=DIRECTION('',(0.,0.,-1.));
#3786=DIRECTION('',(-1.,0.,0.));
#3787=DIRECTION('',(0.,0.,1.));
#3788=DIRECTION('',(0.500000000008787,0.866025403779365,0.));
#3789=DIRECTION('',(0.,0.,1.));
#3790=DIRECTION('',(1.,0.,0.));
#3791=DIRECTION('',(1.,1.30614473485313E-14,0.));
#3792=DIRECTION('',(-1.30614473485313E-14,1.,0.));
#3793=DIRECTION('',(-1.,-1.01757973625559E-14,0.));
#3794=DIRECTION('',(-1.01757973625559E-14,1.,0.));
#3795=DIRECTION('',(-1.,-1.01757973625559E-14,0.));
#3796=DIRECTION('',(-1.01757973625559E-14,1.,0.));
#3797=DIRECTION('',(-1.,-1.01757973625559E-14,0.));
#3798=DIRECTION('',(1.01757973625559E-14,-1.,0.));
#3799=DIRECTION('',(0.850714101306705,-0.525628688180093,0.));
#3800=DIRECTION('',(0.525628688180093,0.850714101306705,0.));
#3801=DIRECTION('',(-0.845595854794093,0.533823613523275,0.));
#3802=DIRECTION('',(-0.533823613523275,-0.845595854794093,0.));
#3803=DIRECTION('',(0.,0.,1.));
#3804=DIRECTION('',(1.,0.,0.));
#3805=DIRECTION('',(0.0298508318173369,-0.999554364624463,0.));
#3806=DIRECTION('',(-0.999554364624463,-0.0298508318173369,0.));
#3807=DIRECTION('',(0.,0.,1.));
#3808=DIRECTION('',(1.,0.,0.));
#3809=DIRECTION('',(8.606093148805E-15,-0.844438286119741,-0.535652854874456));
#3810=DIRECTION('',(0.,0.535652854874456,-0.844438286119741));
#3811=DIRECTION('',(8.60609314880511E-15,-0.844438286119751,0.53565285487444));
#3812=DIRECTION('',(0.,-0.53565285487444,-0.844438286119751));
#3813=DIRECTION('',(-0.500000000000018,-0.866025403784428,3.83337096130835E-30));
#3814=DIRECTION('',(0.866025403784428,-0.500000000000018,0.));
#3815=DIRECTION('',(-0.500000000000018,-0.866025403784428,3.83337096130835E-30));
#3816=DIRECTION('',(-0.866025403784428,0.500000000000018,2.35654348873323E-16));
#3817=DIRECTION('',(0.500000000000004,0.866025403784436,0.));
#3818=DIRECTION('',(-0.866025403784436,0.500000000000004,0.));
#3819=DIRECTION('',(-0.500000000000018,-0.866025403784428,3.83337096130835E-30));
#3820=DIRECTION('',(-0.866025403784428,0.500000000000018,2.35654348873323E-16));
#3821=DIRECTION('',(-0.500000000000018,-0.866025403784428,3.83337096130835E-30));
#3822=DIRECTION('',(-0.866025403784428,0.500000000000018,2.35654348873323E-16));
#3823=DIRECTION('',(-0.500000000000018,-0.866025403784428,3.83337096130835E-30));
#3824=DIRECTION('',(0.866025403784428,-0.500000000000018,0.));
#3825=DIRECTION('',(0.,0.,-1.));
#3826=DIRECTION('',(-1.,0.,0.));
#3827=DIRECTION('',(0.0191572068842843,-0.999816483873112,0.));
#3828=DIRECTION('',(0.999816483873112,0.0191572068842843,0.));
#3829=DIRECTION('',(0.866025362564325,-0.500000071395325,3.83337096130835E-30));
#3830=DIRECTION('',(-0.500000071395325,-0.866025362564325,2.35654348873323E-16));
#3831=DIRECTION('',(0.,0.,1.));
#3832=DIRECTION('',(1.,0.,0.));
#3833=DIRECTION('',(0.731294114990278,-0.422212854146478,-0.535672682870866));
#3834=DIRECTION('',(-0.590926222084073,0.,-0.806725603940673));
#3835=DIRECTION('',(0.731294114990087,-0.422212854146314,0.535672682871256));
#3836=DIRECTION('',(0.590926222084454,0.,-0.806725603940395));
#3837=DIRECTION('',(0.,0.,-1.));
#3838=DIRECTION('',(0.,-1.,0.));
#3839=DIRECTION('',(0.,0.,-1.));
#3840=DIRECTION('',(0.,-1.,0.));
#3841=DIRECTION('',(0.,0.,-1.));
#3842=DIRECTION('',(0.,-1.,0.));
#3843=DIRECTION('',(0.,0.,-1.));
#3844=DIRECTION('',(0.,-1.,0.));
#3845=DIRECTION('',(0.,0.,-1.));
#3846=DIRECTION('',(0.,-1.,0.));
#3847=DIRECTION('',(0.,0.,-1.));
#3848=DIRECTION('',(0.,-1.,0.));
#3849=DIRECTION('',(0.,0.,-1.));
#3850=DIRECTION('',(0.,-1.,0.));
#3851=DIRECTION('',(0.,0.,-1.));
#3852=DIRECTION('',(0.,-1.,0.));
#3853=DIRECTION('',(0.,0.,-1.));
#3854=DIRECTION('',(0.,-1.,0.));
#3855=DIRECTION('',(0.,0.,-1.));
#3856=DIRECTION('',(0.,-1.,0.));
#3857=DIRECTION('',(0.,0.,-1.));
#3858=DIRECTION('',(0.,-1.,0.));
#3859=DIRECTION('',(0.,0.,-1.));
#3860=DIRECTION('',(0.,-1.,0.));
#3861=DIRECTION('',(0.,0.,-1.));
#3862=DIRECTION('',(0.,-1.,0.));
#3863=DIRECTION('',(0.,0.,-1.));
#3864=DIRECTION('',(0.,-1.,0.));
#3865=DIRECTION('',(0.,0.,-1.));
#3866=DIRECTION('',(0.,-1.,0.));
#3867=DIRECTION('',(0.,0.,-1.));
#3868=DIRECTION('',(0.,-1.,0.));
#3869=DIRECTION('',(0.,0.,-1.));
#3870=DIRECTION('',(0.,-1.,0.));
#3871=DIRECTION('',(0.,0.,-1.));
#3872=DIRECTION('',(0.,-1.,0.));
#3873=DIRECTION('',(0.,0.,-1.));
#3874=DIRECTION('',(0.,-1.,0.));
#3875=DIRECTION('',(0.,0.,-1.));
#3876=DIRECTION('',(0.,-1.,0.));
#3877=DIRECTION('',(0.,0.,-1.));
#3878=DIRECTION('',(0.,-1.,0.));
#3879=DIRECTION('',(0.,0.,-1.));
#3880=DIRECTION('',(0.,-1.,0.));
#3881=DIRECTION('',(0.,0.,-1.));
#3882=DIRECTION('',(0.,-1.,0.));
#3883=DIRECTION('',(0.,0.,-1.));
#3884=DIRECTION('',(0.,-1.,0.));
#3885=DIRECTION('',(0.,0.,-1.));
#3886=DIRECTION('',(0.,-1.,0.));
#3887=DIRECTION('',(0.,0.,-1.));
#3888=DIRECTION('',(0.,-1.,0.));
#3889=DIRECTION('',(0.,0.,1.));
#3890=DIRECTION('',(1.,0.,0.));
#3891=DIRECTION('',(0.,0.,1.));
#3892=DIRECTION('',(1.,0.,0.));
#3893=DIRECTION('',(0.,0.,1.));
#3894=DIRECTION('',(1.,0.,0.));
#3895=DIRECTION('',(0.,0.,1.));
#3896=DIRECTION('',(1.,0.,0.));
#3897=DIRECTION('',(0.,0.,1.));
#3898=DIRECTION('',(1.,0.,0.));
#3899=DIRECTION('',(0.,0.,1.));
#3900=DIRECTION('',(1.,0.,0.));
#3901=DIRECTION('',(0.,0.,1.));
#3902=DIRECTION('',(1.,0.,0.));
#3903=DIRECTION('',(0.,0.,1.));
#3904=DIRECTION('',(1.,0.,0.));
#3905=DIRECTION('',(0.,0.,1.));
#3906=DIRECTION('',(1.,0.,0.));
#3907=DIRECTION('',(0.,0.,1.));
#3908=DIRECTION('',(1.,0.,0.));
#3909=DIRECTION('',(0.,0.,1.));
#3910=DIRECTION('',(1.,0.,0.));
#3911=DIRECTION('',(0.,0.,1.));
#3912=DIRECTION('',(1.,0.,0.));
#3913=DIRECTION('',(0.,0.,1.));
#3914=DIRECTION('',(1.,0.,0.));
#3915=DIRECTION('',(0.,0.,1.));
#3916=DIRECTION('',(1.,0.,0.));
#3917=DIRECTION('',(0.999388239300946,0.0349735206542756,2.31111593326468E-33));
#3918=DIRECTION('',(-0.0349735206542756,0.999388239300946,0.));
#3919=DIRECTION('',(0.995396198367179,0.095845752520225,-4.62223186652937E-33));
#3920=DIRECTION('',(-0.095845752520225,0.995396198367179,0.));
#3921=DIRECTION('',(0.987688340595137,0.156434465040235,3.08148791101958E-33));
#3922=DIRECTION('',(-0.156434465040235,0.987688340595137,0.));
#3923=DIRECTION('',(0.976296007119933,0.216439613938103,3.08148791101958E-33));
#3924=DIRECTION('',(-0.216439613938103,0.976296007119933,0.));
#3925=DIRECTION('',(0.961261695938319,0.275637355816998,-6.16297582203915E-33));
#3926=DIRECTION('',(-0.275637355816999,0.961261695938319,0.));
#3927=DIRECTION('',(0.942641491092178,0.333806859233772,6.16297582203915E-33));
#3928=DIRECTION('',(-0.333806859233772,0.942641491092178,0.));
#3929=DIRECTION('',(0.92050485345244,0.390731128489275,1.23259516440783E-32));
#3930=DIRECTION('',(-0.390731128489275,0.92050485345244,0.));
#3931=DIRECTION('',(0.894934361602026,0.446197813109807,0.));
#3932=DIRECTION('',(-0.446197813109807,0.894934361602026,0.));
#3933=DIRECTION('',(0.866025403784416,0.50000000000004,6.16297582203915E-33));
#3934=DIRECTION('',(-0.50000000000004,0.866025403784416,0.));
#3935=DIRECTION('',(0.0175086788098614,-0.999846711334459,3.83337096130835E-30));
#3936=DIRECTION('',(0.999846711334459,0.0175086788098614,0.));
#3937=DIRECTION('',(0.529982076996866,0.848008843150876,-1.3796493110428E-13));
#3938=DIRECTION('',(-0.848008843150876,0.529982076996866,0.));
#3939=DIRECTION('',(0.580702955710951,0.814115518356311,-1.21884051056437E-13));
#3940=DIRECTION('',(-0.814115518356311,0.580702955710951,0.));
#3941=DIRECTION('',(0.629320391049851,0.77714596145696,-1.05329272258188E-13));
#3942=DIRECTION('',(-0.77714596145696,0.629320391049851,0.));
#3943=DIRECTION('',(0.67559020761567,0.737277336810115,-8.83815728102605E-14));
#3944=DIRECTION('',(-0.737277336810115,0.67559020761567,0.));
#3945=DIRECTION('',(0.71933980033866,0.694658370458988,-7.11041744641656E-14));
#3946=DIRECTION('',(-0.694658370458988,0.71933980033866,0.));
#3947=DIRECTION('',(0.76040596560004,0.649448048330173,-5.35615288812251E-14));
#3948=DIRECTION('',(-0.649448048330173,0.76040596560004,0.));
#3949=DIRECTION('',(0.798635510047301,0.601815023152037,-3.58190772018921E-14));
#3950=DIRECTION('',(-0.601815023152037,0.798635510047302,0.));
#3951=DIRECTION('',(0.833885822067174,0.551936985312049,-1.79430059239116E-14));
#3952=DIRECTION('',(-0.551936985312049,0.833885822067174,0.));
#3953=DIRECTION('',(-0.996194698091745,-0.0871557427476641,0.));
#3954=DIRECTION('',(0.0871557427476641,-0.996194698091745,0.));
#3955=DIRECTION('',(-0.98078528040323,-0.19509032201613,-3.08148791101958E-33));
#3956=DIRECTION('',(0.19509032201613,-0.98078528040323,0.));
#3957=DIRECTION('',(-0.953716950748227,-0.300705799504273,2.46519032881566E-32));
#3958=DIRECTION('',(0.300705799504273,-0.953716950748227,0.));
#3959=DIRECTION('',(-0.915311479119446,-0.402746689858739,-6.16297582203915E-33));
#3960=DIRECTION('',(0.402746689858739,-0.915311479119446,0.));
#3961=DIRECTION('',(-0.865990961810128,-0.500059650504986,0.));
#3962=DIRECTION('',(0.500059650504986,-0.865990961810128,0.));
#3963=DIRECTION('',(1.31690274028386E-29,-5.42101086242752E-15,-1.));
#3964=DIRECTION('',(0.,1.,-5.42101086242753E-15));
#3965=DIRECTION('',(-1.,-2.42925678199831E-15,0.));
#3966=DIRECTION('',(-1.,-2.42925678199831E-15,0.));
#3967=DIRECTION('',(-1.,-2.42925678199831E-15,0.));
#3968=DIRECTION('',(2.42925678199831E-15,-1.,0.));
#3969=DIRECTION('',(-1.,-2.42925678199831E-15,0.));
#3970=DIRECTION('',(8.77935160189238E-31,-3.61400724161835E-16,1.));
#3971=DIRECTION('',(0.,-1.,-3.61400724161835E-16));
#3972=DIRECTION('',(-1.,-2.42925678199831E-15,0.));
#3973=DIRECTION('',(-1.,-2.42925678199831E-15,0.));
#3974=DIRECTION('',(2.42925678199831E-15,-1.,0.));
#3975=CARTESIAN_POINT('',(0.,0.,0.));
#3976=CARTESIAN_POINT('',(-1.11022302462516E-13,-2.77555756156289E-14,8.));
#3977=CARTESIAN_POINT('',(500.331829622701,331.161818853676,3.45005275931689));
#3978=CARTESIAN_POINT('',(500.082955952911,331.537418297862,2.99997354584309));
#3979=CARTESIAN_POINT('',(500.331444185252,331.162401186295,2.55005305724615));
#3980=CARTESIAN_POINT('',(500.579699224187,330.786921081453,2.9998144788556));
#3981=CARTESIAN_POINT('',(500.331829622701,331.161818853676,3.45005275931689));
#3982=CARTESIAN_POINT('',(500.082955952911,331.537418297862,2.99997354584309));
#3983=CARTESIAN_POINT('',(500.331444185252,331.162401186295,2.55005305724615));
#3984=CARTESIAN_POINT('',(500.165849603266,331.41231553857,2.9999999999894));
#3985=CARTESIAN_POINT('',(479.181664513775,361.088662787802,3.45005275930621));
#3986=CARTESIAN_POINT('',(478.910325246029,361.448368289242,2.99997354583236));
#3987=CARTESIAN_POINT('',(479.181244244688,361.089220503859,2.55005305723539));
#3988=CARTESIAN_POINT('',(479.451958749958,360.729596352661,2.99981447884486));
#3989=CARTESIAN_POINT('',(479.181664513775,361.088662787802,3.45005275930621));
#3990=CARTESIAN_POINT('',(478.910325246029,361.448368289242,2.99997354583236));
#3991=CARTESIAN_POINT('',(479.181244244688,361.089220503859,2.55005305723539));
#3992=CARTESIAN_POINT('',(479.000701623763,361.328559408106,2.99999999997866));
#3993=CARTESIAN_POINT('',(456.243958611122,389.668500434572,3.45005275929552));
#3994=CARTESIAN_POINT('',(455.95116595028,390.010970146729,2.99997354582172));
#3995=CARTESIAN_POINT('',(456.243505078171,389.669031453562,2.55005305722479));
#3996=CARTESIAN_POINT('',(456.53566917553,389.326604799076,2.99981447883421));
#3997=CARTESIAN_POINT('',(456.243958611122,389.668500434572,3.45005275929552));
#3998=CARTESIAN_POINT('',(455.95116595028,390.010970146729,2.99997354582172));
#3999=CARTESIAN_POINT('',(456.243505078171,389.669031453562,2.55005305722479));
#4000=CARTESIAN_POINT('',(456.048687915069,389.896902079175,2.99999999996803));
#4001=CARTESIAN_POINT('',(431.604278805239,416.794717477423,3.45005275928502));
#4002=CARTESIAN_POINT('',(431.291124985968,417.118673850202,2.99997354581119));
#4003=CARTESIAN_POINT('',(431.603793700284,416.795219818432,2.55005305721425));
#4004=CARTESIAN_POINT('',(431.916317499862,416.47126805013,2.99981447882367));
#4005=CARTESIAN_POINT('',(431.604278805239,416.794717477423,3.45005275928502));
#4006=CARTESIAN_POINT('',(431.291124985968,417.118673850202,2.99997354581119));
#4007=CARTESIAN_POINT('',(431.603793700284,416.795219818432,2.55005305721425));
#4008=CARTESIAN_POINT('',(431.395428741565,417.010772116111,2.99999999995748));
#4009=CARTESIAN_POINT('',(405.354541035443,442.366122190681,3.45005275927466));
#4010=CARTESIAN_POINT('',(405.022194247739,442.670356736206,2.99997354580083));
#4011=CARTESIAN_POINT('',(405.354026168122,442.366593979774,2.55005305720386));
#4012=CARTESIAN_POINT('',(405.68574383015,442.062325568355,2.99981447881333));
#4013=CARTESIAN_POINT('',(405.354541035443,442.366122190681,3.45005275927466));
#4014=CARTESIAN_POINT('',(405.022194247739,442.670356736206,2.99997354580083));
#4015=CARTESIAN_POINT('',(405.354026168122,442.366593979774,2.55005305720386));
#4016=CARTESIAN_POINT('',(405.132890699086,442.569023852547,2.99999999994714));
#4017=CARTESIAN_POINT('',(377.59266740636,466.287322925495,3.4500527592645));
#4018=CARTESIAN_POINT('',(377.242367437729,466.570700726257,2.99997354579066));
#4019=CARTESIAN_POINT('',(377.592124697336,466.287762402708,2.5500530571937));
#4020=CARTESIAN_POINT('',(377.941798781201,466.004312392015,2.99981447880314));
#4021=CARTESIAN_POINT('',(377.59266740636,466.287322925495,3.4500527592645));
#4022=CARTESIAN_POINT('',(377.242367437729,466.570700726257,2.99997354579066));
#4023=CARTESIAN_POINT('',(377.592124697336,466.287762402708,2.5500530571937));
#4024=CARTESIAN_POINT('',(377.359043642435,466.476314705539,2.99999999993696));
#4025=CARTESIAN_POINT('',(348.422220899004,488.46908395914,3.45005275925454));
#4026=CARTESIAN_POINT('',(348.055274509553,488.730547901696,2.99997354578072));
#4027=CARTESIAN_POINT('',(348.421652372798,488.469489485046,2.55005305718378));
#4028=CARTESIAN_POINT('',(348.787978453194,488.207915257894,2.99981447879322));
#4029=CARTESIAN_POINT('',(348.422220899004,488.46908395914,3.45005275925454));
#4030=CARTESIAN_POINT('',(348.055274509553,488.730547901696,2.99997354578072));
#4031=CARTESIAN_POINT('',(348.421652372798,488.469489485046,2.55005305718378));
#4032=CARTESIAN_POINT('',(348.177495218335,488.643460841829,2.99999999992703));
#4033=CARTESIAN_POINT('',(317.989706682516,508.805106542812,3.45005275924491));
#4034=CARTESIAN_POINT('',(317.607500402296,509.043709571603,2.99997354577107));
#4035=CARTESIAN_POINT('',(317.989114487374,508.805476648501,2.55005305717413));
#4036=CARTESIAN_POINT('',(318.370708337298,508.566725717217,2.99981447878354));
#4037=CARTESIAN_POINT('',(317.989706682516,508.805106542812,3.45005275924491));
#4038=CARTESIAN_POINT('',(317.607500402296,509.043709571603,2.99997354577107));
#4039=CARTESIAN_POINT('',(317.989114487374,508.805476648501,2.55005305717413));
#4040=CARTESIAN_POINT('',(317.734803796512,508.964236912954,2.99999999991737));
#4041=CARTESIAN_POINT('',(519.614993209803,300.000581385523,3.4500527593268));
#4042=CARTESIAN_POINT('',(519.389512806139,300.390673212758,2.99997354585429));
#4043=CARTESIAN_POINT('',(519.614644040697,300.00118616171,2.55005305725603));
#4044=CARTESIAN_POINT('',(519.839514252435,299.611251216834,2.99981447886987));
#4045=CARTESIAN_POINT('',(519.614993209803,300.000581385523,3.4500527593268));
#4046=CARTESIAN_POINT('',(519.389512806139,300.390673212758,2.99997354585429));
#4047=CARTESIAN_POINT('',(519.614644040697,300.00118616171,2.55005305725603));
#4048=CARTESIAN_POINT('',(519.464614745842,300.260743399711,3.00000000000015));
#4049=CARTESIAN_POINT('',(536.960905460223,267.718277312949,3.45005275932767));
#4050=CARTESIAN_POINT('',(536.759660914673,268.121407166562,2.99997354585385));
#4051=CARTESIAN_POINT('',(536.96059386426,267.718902277957,2.55005305725693));
#4052=CARTESIAN_POINT('',(537.16123893394,267.315966266286,2.99981447886632));
#4053=CARTESIAN_POINT('',(536.960905460223,267.718277312949,3.45005275932767));
#4054=CARTESIAN_POINT('',(536.759660914673,268.121407166562,2.99997354585385));
#4055=CARTESIAN_POINT('',(536.96059386426,267.718902277957,2.55005305725693));
#4056=CARTESIAN_POINT('',(536.826690497196,267.987134709526,3.00000000000015));
#4057=CARTESIAN_POINT('',(552.303174968706,234.438249693948,3.45005275932771));
#4058=CARTESIAN_POINT('',(552.126916273607,234.852913314718,2.99997354585385));
#4059=CARTESIAN_POINT('',(552.302902107133,234.43889251575,2.55005305725688));
#4060=CARTESIAN_POINT('',(552.478574278275,234.024458972495,2.99981447886633));
#4061=CARTESIAN_POINT('',(552.303174968706,234.438249693948,3.45005275932771));
#4062=CARTESIAN_POINT('',(552.126916273607,234.852913314718,2.99997354585385));
#4063=CARTESIAN_POINT('',(552.302902107133,234.43889251575,2.55005305725688));
#4064=CARTESIAN_POINT('',(552.185623695044,234.714799244762,3.00000000000015));
#4065=CARTESIAN_POINT('',(565.58513097007,200.28367288834,3.45005275932766));
#4066=CARTESIAN_POINT('',(565.434515641413,200.708323413786,2.99997354585385));
#4067=CARTESIAN_POINT('',(565.584897860771,200.28433116895,2.55005305725693));
#4068=CARTESIAN_POINT('',(565.734941805352,199.859946098309,2.99981447886634));
#4069=CARTESIAN_POINT('',(565.58513097007,200.28367288834,3.45005275932766));
#4070=CARTESIAN_POINT('',(565.434515641413,200.708323413786,2.99997354585385));
#4071=CARTESIAN_POINT('',(565.584897860771,200.28433116895,2.55005305725693));
#4072=CARTESIAN_POINT('',(565.484681899415,200.566882952073,3.00000000000016));
#4073=CARTESIAN_POINT('',(576.757226413726,165.381957237241,3.45005275932769));
#4074=CARTESIAN_POINT('',(576.632816307409,165.815010549703,2.99997354585385));
#4075=CARTESIAN_POINT('',(576.757033926293,165.382628521007,2.55005305725692));
#4076=CARTESIAN_POINT('',(576.880889919909,164.949875050387,2.99981447886631));
#4077=CARTESIAN_POINT('',(576.757226413726,165.381957237241,3.45005275932769));
#4078=CARTESIAN_POINT('',(576.632816307409,165.815010549703,2.99997354585385));
#4079=CARTESIAN_POINT('',(576.757033926293,165.382628521007,2.55005305725692));
#4080=CARTESIAN_POINT('',(576.674254261609,165.670771326177,3.00000000000015));
#4081=CARTESIAN_POINT('',(585.777784879569,129.863300210875,3.4500527593277));
#4082=CARTESIAN_POINT('',(585.680044095446,130.303140846909,2.99997354585385));
#4083=CARTESIAN_POINT('',(585.777633732057,129.863981993639,2.5500530572569));
#4084=CARTESIAN_POINT('',(585.874839741919,129.424474467952,2.99981447886632));
#4085=CARTESIAN_POINT('',(585.777784879569,129.863300210875,3.4500527593277));
#4086=CARTESIAN_POINT('',(585.680044095446,130.303140846909,2.99997354585385));
#4087=CARTESIAN_POINT('',(585.777633732057,129.863981993639,2.5500530572569));
#4088=CARTESIAN_POINT('',(585.712599165568,130.156640932026,3.00000000000015));
#4089=CARTESIAN_POINT('',(592.613156047827,93.8602007195186,3.4500527593277));
#4090=CARTESIAN_POINT('',(592.542449198426,94.3051878962279,2.99997354585385));
#4091=CARTESIAN_POINT('',(592.613046804078,93.8608904579543,2.5500530572569));
#4092=CARTESIAN_POINT('',(592.683240212579,93.416268417462,2.99981447886632));
#4093=CARTESIAN_POINT('',(592.613156047827,93.8602007195186,3.4500527593277));
#4094=CARTESIAN_POINT('',(592.542449198426,94.3051878962279,2.99997354585385));
#4095=CARTESIAN_POINT('',(592.613046804078,93.8608904579543,2.5500530572569));
#4096=CARTESIAN_POINT('',(592.565999940935,94.1569737937315,3.00000000000015));
#4097=CARTESIAN_POINT('',(597.23784122832,57.5069648391514,3.45005275932768));
#4098=CARTESIAN_POINT('',(597.194432078696,57.9554385749673,2.99997354585385));
#4099=CARTESIAN_POINT('',(597.237774295856,57.5076599602572,2.55005305725691));
#4100=CARTESIAN_POINT('',(597.280693253283,57.0595820244224,2.99981447886633));
#4101=CARTESIAN_POINT('',(597.23784122832,57.5069648391514,3.45005275932768));
#4102=CARTESIAN_POINT('',(597.194432078696,57.9554385749673,2.99997354585385));
#4103=CARTESIAN_POINT('',(597.237774295856,57.5076599602572,2.55005305725691));
#4104=CARTESIAN_POINT('',(597.208890639826,57.8060631832137,3.00000000000015));
#4105=CARTESIAN_POINT('',(599.633035886495,20.9836191735388,3.45005275932769));
#4106=CARTESIAN_POINT('',(599.617053017914,21.4339052980194,2.99997354585385));
#4107=CARTESIAN_POINT('',(599.633011463309,20.9843170824258,2.55005305725691));
#4108=CARTESIAN_POINT('',(599.648529185534,20.5344559107456,2.99981447886632));
#4109=CARTESIAN_POINT('',(599.633035886495,20.9836191735388,3.45005275932769));
#4110=CARTESIAN_POINT('',(599.617053017914,21.4339052980194,2.99997354585385));
#4111=CARTESIAN_POINT('',(599.633011463309,20.9843170824258,2.55005305725691));
#4112=CARTESIAN_POINT('',(599.622376570244,21.2839262413411,3.00000000000015));
#4113=CARTESIAN_POINT('',(-1.11022302462516E-13,-2.77555756156289E-14,4.));
#4114=CARTESIAN_POINT('',(299.999999999997,519.615242270659,4.));
#4115=CARTESIAN_POINT('',(599.999999999995,0.,4.));
#4116=CARTESIAN_POINT('',(299.999999999998,519.615242270659,8.));
#4117=CARTESIAN_POINT('',(299.999999999998,519.615242270659,0.));
#4118=CARTESIAN_POINT('',(-1.11022302462516E-13,-2.77555756156289E-14,0.));
#4119=CARTESIAN_POINT('',(599.999999999995,0.,0.));
#4120=CARTESIAN_POINT('',(599.999999999995,0.,8.));
#4121=CARTESIAN_POINT('',(599.99299162573,2.89999999999995,3.79999999999999));
#4122=CARTESIAN_POINT('',(599.993757910957,2.74146008070819,3.79999999999999));
#4123=CARTESIAN_POINT('',(599.995109958658,2.43068602608706,3.66999702328025));
#4124=CARTESIAN_POINT('',(599.995831958745,2.2347873037797,3.20055775866938));
#4125=CARTESIAN_POINT('',(599.995112106012,2.43016558104622,2.73020509149376));
#4126=CARTESIAN_POINT('',(599.99375791097,2.74146007811466,2.60000000000001));
#4127=CARTESIAN_POINT('',(599.99299162573,2.89999999999995,2.60000000000001));
#4128=CARTESIAN_POINT('',(599.99299162573,2.89999999999995,3.8));
#4129=CARTESIAN_POINT('',(599.99299162573,2.89999999999995,2.60000000000001));
#4130=CARTESIAN_POINT('',(-1.11022302462516E-13,-2.77555756156289E-14,2.60000000000002));
#4131=CARTESIAN_POINT('',(599.98599150313,4.09999999999995,2.60000000000001));
#4132=CARTESIAN_POINT('',(599.98599150313,4.09999999999995,2.60000000000001));
#4133=CARTESIAN_POINT('',(599.984908125524,4.25853936273804,2.60000000000001));
#4134=CARTESIAN_POINT('',(599.982634420079,4.56931120612733,2.73000043309849));
#4135=CARTESIAN_POINT('',(599.981070849306,4.76521405601065,3.19944198148185));
#4136=CARTESIAN_POINT('',(599.982630494726,4.56983174691415,3.66979751042288));
#4137=CARTESIAN_POINT('',(599.984908125537,4.25853936079986,3.8));
#4138=CARTESIAN_POINT('',(599.98599150313,4.09999999999995,3.8));
#4139=CARTESIAN_POINT('',(599.98599150313,4.09999999999995,3.79999999999999));
#4140=CARTESIAN_POINT('',(-1.11022302462516E-13,-2.77555756156289E-14,3.8));
#4141=CARTESIAN_POINT('',(94.011287029764,68.9319276012399,2.99999999999627));
#4142=CARTESIAN_POINT('',(84.0637736934343,61.6712016331012,2.69717955820679));
#4143=CARTESIAN_POINT('',(84.1758356636764,61.6048371265034,2.70654190947618));
#4144=CARTESIAN_POINT('',(84.319194303137,61.6461475990298,2.73603411439811));
#4145=CARTESIAN_POINT('',(84.4793785512195,61.685031633147,2.77883609441141));
#4146=CARTESIAN_POINT('',(84.6327221604329,61.7397934154694,2.83500537107865));
#4147=CARTESIAN_POINT('',(84.7757952878385,61.7998260225395,2.91103218215295));
#4148=CARTESIAN_POINT('',(84.9047226434312,61.8687838994578,3.01719000657433));
#4149=CARTESIAN_POINT('',(84.9239675741279,61.95059540497,3.18774217192182));
#4150=CARTESIAN_POINT('',(84.7882717425765,62.0277302276617,3.29567847608357));
#4151=CARTESIAN_POINT('',(84.6703637921229,62.1653296462088,3.309272273432));
#4152=CARTESIAN_POINT('',(84.6302459779505,62.3292964635281,3.22790353263285));
#4153=CARTESIAN_POINT('',(84.5657086126064,62.3886202101234,3.05993339490249));
#4154=CARTESIAN_POINT('',(84.459928169176,62.2981897333158,2.93539420374321));
#4155=CARTESIAN_POINT('',(84.3256523826855,62.1466711969752,2.82664403735665));
#4156=CARTESIAN_POINT('',(84.192878565805,61.9636443914242,2.75718288624974));
#4157=CARTESIAN_POINT('',(84.099255273858,61.7979012710135,2.71676299725607));
#4158=CARTESIAN_POINT('',(84.0637736934343,61.6712016331012,2.69717955820679));
#4159=CARTESIAN_POINT('',(84.1758356636764,61.6048371265034,2.70654190947618));
#4160=CARTESIAN_POINT('',(84.319194303137,61.6461475990298,2.73603411439811));
#4161=CARTESIAN_POINT('',(84.1480389162259,61.6297126602023,2.70538727271403));
#4162=CARTESIAN_POINT('',(88.7095297400621,65.0439031247494,3.45005276086017));
#4163=CARTESIAN_POINT('',(88.4421138586247,65.406536850326,2.99997354508658));
#4164=CARTESIAN_POINT('',(88.7091168163077,65.0444662824808,2.55005305877184));
#4165=CARTESIAN_POINT('',(88.9742925255888,64.6807367292039,2.99981447356334));
#4166=CARTESIAN_POINT('',(88.7095297400621,65.0439031247494,3.45005276086017));
#4167=CARTESIAN_POINT('',(88.4421138586247,65.406536850326,2.99997354508658));
#4168=CARTESIAN_POINT('',(88.7091168163077,65.0444662824808,2.55005305877184));
#4169=CARTESIAN_POINT('',(88.5311836651444,65.285752801423,2.99999999999654));
#4170=CARTESIAN_POINT('',(93.0093348235293,85.2273529734232,2.99999999999197));
#4171=CARTESIAN_POINT('',(76.8693335088583,70.5629692993138,2.71359569670313));
#4172=CARTESIAN_POINT('',(76.8479317058071,70.4684075367182,2.69834414061996));
#4173=CARTESIAN_POINT('',(76.9281457540881,70.4126117616476,2.70227576001852));
#4174=CARTESIAN_POINT('',(77.0449091602014,70.4377494566193,2.72279181589724));
#4175=CARTESIAN_POINT('',(77.2298379644764,70.4977793023888,2.7657941760873));
#4176=CARTESIAN_POINT('',(77.4302141347714,70.5952452750932,2.83908063957869));
#4177=CARTESIAN_POINT('',(77.600661216327,70.6975647996625,2.95263666460153));
#4178=CARTESIAN_POINT('',(77.6956811092692,70.7851348311879,3.09049296519621));
#4179=CARTESIAN_POINT('',(77.6171108601264,70.8540133150227,3.24896363868128));
#4180=CARTESIAN_POINT('',(77.4646003100253,70.9351014342782,3.31406872663682));
#4181=CARTESIAN_POINT('',(77.3666323031945,71.0862733509791,3.28383016253349));
#4182=CARTESIAN_POINT('',(77.317710852105,71.2208640711964,3.15927195382574));
#4183=CARTESIAN_POINT('',(77.2274282623015,71.1862848681082,2.99446598420655));
#4184=CARTESIAN_POINT('',(77.106282048594,71.0310345450589,2.86433390318688));
#4185=CARTESIAN_POINT('',(76.9932702723968,70.8462300571937,2.78411379256751));
#4186=CARTESIAN_POINT('',(76.9048014292671,70.668185721015,2.73521060811379));
#4187=CARTESIAN_POINT('',(76.8693335088583,70.5629692993138,2.71359569670313));
#4188=CARTESIAN_POINT('',(76.8479317058071,70.4684075367182,2.69834414061996));
#4189=CARTESIAN_POINT('',(76.9281457540881,70.4126117616476,2.70227576001852));
#4190=CARTESIAN_POINT('',(76.8648676810368,70.4748685346379,2.70154133653551));
#4191=CARTESIAN_POINT('',(81.1011438374645,74.3148334362638,3.45005276085669));
#4192=CARTESIAN_POINT('',(80.7958385851611,74.6461990583286,2.99997354508311));
#4193=CARTESIAN_POINT('',(81.1006720587671,74.3153482930573,2.55005305876837));
#4194=CARTESIAN_POINT('',(81.403869753077,73.9826494759798,2.99981447355986));
#4195=CARTESIAN_POINT('',(81.1011438374645,74.3148334362638,3.45005276085669));
#4196=CARTESIAN_POINT('',(80.7958385851611,74.6461990583286,2.99997354508311));
#4197=CARTESIAN_POINT('',(81.1006720587671,74.3153482930573,2.55005305876837));
#4198=CARTESIAN_POINT('',(80.8975283728122,74.5358296604398,2.99999999999307));
#4199=CARTESIAN_POINT('',(82.3139941620594,93.8611212907069,2.99999999998821));
#4200=CARTESIAN_POINT('',(68.7687156516942,78.6612567331909,2.74453770978809));
#4201=CARTESIAN_POINT('',(68.7285160279494,78.5325017298237,2.7160731357755));
#4202=CARTESIAN_POINT('',(68.7252241383885,78.3989012837047,2.69673141806201));
#4203=CARTESIAN_POINT('',(68.852617821965,78.3668037183094,2.70772489448986));
#4204=CARTESIAN_POINT('',(68.9815764699738,78.4362918710871,2.73695261185363));
#4205=CARTESIAN_POINT('',(69.1297541823909,78.5099376516206,2.78020314190698));
#4206=CARTESIAN_POINT('',(69.2672822307021,78.5965440161415,2.8367724775824));
#4207=CARTESIAN_POINT('',(69.3936698059931,78.6863406627573,2.91346534411637));
#4208=CARTESIAN_POINT('',(69.5037078001165,78.7817172899125,3.02110223590546));
#4209=CARTESIAN_POINT('',(69.4994603411845,78.8644654846792,3.19202999270557));
#4210=CARTESIAN_POINT('',(69.3489227008551,78.9106600703953,3.29721660910555));
#4211=CARTESIAN_POINT('',(69.2054684066227,79.0216263299404,3.30828608815964));
#4212=CARTESIAN_POINT('',(69.1321309300803,79.1725665465376,3.22450520730092));
#4213=CARTESIAN_POINT('',(69.0555535354653,79.2114024247259,3.05579356960754));
#4214=CARTESIAN_POINT('',(68.9723040183334,79.0989747737502,2.93322043666551));
#4215=CARTESIAN_POINT('',(68.8984805319659,78.9655071246009,2.85197790781043));
#4216=CARTESIAN_POINT('',(68.8298831312877,78.8187998805195,2.79121537628654));
#4217=CARTESIAN_POINT('',(68.7687156516942,78.6612567331909,2.74453770978809));
#4218=CARTESIAN_POINT('',(68.7285160279494,78.5325017298237,2.7160731357755));
#4219=CARTESIAN_POINT('',(68.7252241383885,78.3989012837047,2.69673141806201));
#4220=CARTESIAN_POINT('',(68.7300987063453,78.4965519146752,2.71152353480517));
#4221=CARTESIAN_POINT('',(72.5286823973613,82.7023592777583,3.4500527608533));
#4222=CARTESIAN_POINT('',(72.1891170365091,82.9985177459469,2.99997354507972));
#4223=CARTESIAN_POINT('',(72.5281573719067,82.7028197133449,2.55005305876497));
#4224=CARTESIAN_POINT('',(72.8657728421523,82.4051065309518,2.99981447355646));
#4225=CARTESIAN_POINT('',(72.5286823973613,82.7023592777583,3.4500527608533));
#4226=CARTESIAN_POINT('',(72.1891170365091,82.9985177459469,2.99997354507972));
#4227=CARTESIAN_POINT('',(72.5281573719067,82.7028197133449,2.55005305876497));
#4228=CARTESIAN_POINT('',(72.3022179858835,82.8998749958156,2.99999999998968));
#4229=CARTESIAN_POINT('',(68.5310537065783,97.8772873422834,3.00000757867979));
#4230=CARTESIAN_POINT('',(59.7901564773197,85.6479882717751,2.73663348982844));
#4231=CARTESIAN_POINT('',(59.7526290615087,85.5058778006189,2.70736395280433));
#4232=CARTESIAN_POINT('',(59.8169985978658,85.3911205746648,2.69688744901818));
#4233=CARTESIAN_POINT('',(59.9446886388822,85.4275201509382,2.7163339354123));
#4234=CARTESIAN_POINT('',(60.1065385038099,85.5242953757524,2.75623519475237));
#4235=CARTESIAN_POINT('',(60.2881771471909,85.6612373592767,2.82563353692739));
#4236=CARTESIAN_POINT('',(60.4363472347952,85.7982639372515,2.93352807713244));
#4237=CARTESIAN_POINT('',(60.5254667271045,85.9054640002165,3.05571258082702));
#4238=CARTESIAN_POINT('',(60.4699254676933,85.9706827374696,3.22401139841072));
#4239=CARTESIAN_POINT('',(60.3070029867993,86.0055371735396,3.30793364238496));
#4240=CARTESIAN_POINT('',(60.1642314889913,86.11826133288,3.29756803798334));
#4241=CARTESIAN_POINT('',(60.083675317013,86.2534713472626,3.19317971256443));
#4242=CARTESIAN_POINT('',(60.0023572166873,86.2397102316496,3.02241561340007));
#4243=CARTESIAN_POINT('',(59.9356794401462,86.1102285948535,2.91419888596966));
#4244=CARTESIAN_POINT('',(59.8788655595363,85.9674795663073,2.83779036267102));
#4245=CARTESIAN_POINT('',(59.8263187361758,85.8104387889993,2.77995992888701));
#4246=CARTESIAN_POINT('',(59.7901564773197,85.6479882717751,2.73663348982844));
#4247=CARTESIAN_POINT('',(59.7526290615087,85.5058778006189,2.70736395280433));
#4248=CARTESIAN_POINT('',(59.8169985978658,85.3911205746648,2.69688744901818));
#4249=CARTESIAN_POINT('',(59.7765874013485,85.477099423378,2.70582308734389));
#4250=CARTESIAN_POINT('',(63.0917939482953,90.1083544228316,3.45006033948285));
#4251=CARTESIAN_POINT('',(62.7219985513744,90.3657759567167,2.99998112380331));
#4252=CARTESIAN_POINT('',(63.0912219074389,90.1087549493857,2.55006063738926));
#4253=CARTESIAN_POINT('',(63.4592482875267,89.8495756308323,2.99982205250547));
#4254=CARTESIAN_POINT('',(63.0917939482953,90.1083544228316,3.45006033948285));
#4255=CARTESIAN_POINT('',(62.7219985513744,90.3657759567167,2.99998112380331));
#4256=CARTESIAN_POINT('',(63.0912219074389,90.1087549493857,2.55006063738926));
#4257=CARTESIAN_POINT('',(62.845168343538,90.2800355331812,3.00000757868104));
#4258=CARTESIAN_POINT('',(-4.44089209850063E-13,-1.38777878078145E-13,8.));
#4259=CARTESIAN_POINT('',(496.629514477387,355.072168408318,8.));
#4260=CARTESIAN_POINT('',(494.879514477387,355.072168408318,8.));
#4261=CARTESIAN_POINT('',(594.27893843441,139.798710452777,8.));
#4262=CARTESIAN_POINT('',(592.52893843441,139.798710452777,8.));
#4263=CARTESIAN_POINT('',(555.816275257124,252.55769160239,8.));
#4264=CARTESIAN_POINT('',(554.066275257124,252.55769160239,8.));
#4265=CARTESIAN_POINT('',(297.521749605319,527.322786673211,8.));
#4266=CARTESIAN_POINT('',(296.646749605319,525.807242216588,8.));
#4267=CARTESIAN_POINT('',(170.908051924663,311.021429356144,8.));
#4268=CARTESIAN_POINT('',(172.658051924663,311.021429356144,8.));
#4269=CARTESIAN_POINT('',(97.908051924665,184.581720403615,8.));
#4270=CARTESIAN_POINT('',(99.6580519246728,184.581720403615,8.));
#4271=CARTESIAN_POINT('',(99.3064849061007,-6.00000000000006,8.));
#4272=CARTESIAN_POINT('',(101.056484906101,-6.00000000000006,8.));
#4273=CARTESIAN_POINT('',(208.806484906101,-7.49999999999856,8.));
#4274=CARTESIAN_POINT('',(210.556484906109,-7.49999999999856,8.));
#4275=CARTESIAN_POINT('',(354.806484906101,-7.49999999999673,8.));
#4276=CARTESIAN_POINT('',(356.556484906101,-7.49999999999673,8.));
#4277=CARTESIAN_POINT('',(500.806484906101,-7.49999999999473,8.));
#4278=CARTESIAN_POINT('',(502.556484906101,-7.49999999999473,8.));
#4279=CARTESIAN_POINT('',(610.435804056064,-5.99999999999295,8.));
#4280=CARTESIAN_POINT('',(612.185804056064,-5.99999999999295,8.));
#4281=CARTESIAN_POINT('',(605.073477758735,81.1440788020414,8.));
#4282=CARTESIAN_POINT('',(605.073477758735,79.6440788020414,8.));
#4283=CARTESIAN_POINT('',(577.77609800841,197.108775758854,8.));
#4284=CARTESIAN_POINT('',(577.77609800841,195.608775758854,8.));
#4285=CARTESIAN_POINT('',(528.708509010467,305.250000000056,8.));
#4286=CARTESIAN_POINT('',(528.708509010467,303.750000000056,8.));
#4287=CARTESIAN_POINT('',(459.589256120223,401.814390695303,8.));
#4288=CARTESIAN_POINT('',(459.589256120223,400.314390695303,8.));
#4289=CARTESIAN_POINT('',(372.809572488622,483.436963494242,8.));
#4290=CARTESIAN_POINT('',(372.809572488622,481.936963494242,8.));
#4291=CARTESIAN_POINT('',(610.299904477016,14.4996792952548,8.));
#4292=CARTESIAN_POINT('',(610.299904477016,12.9996792952548,8.));
#4293=CARTESIAN_POINT('',(317.707042854926,521.285381556684,8.));
#4294=CARTESIAN_POINT('',(317.707042854926,519.785381556685,8.));
#4295=CARTESIAN_POINT('',(289.658051924661,516.702462754949,8.));
#4296=CARTESIAN_POINT('',(289.658051924661,515.202462754949,8.));
#4297=CARTESIAN_POINT('',(52.1580519246657,105.340395957338,8.));
#4298=CARTESIAN_POINT('',(52.1580519246657,103.840395957338,8.));
#4299=CARTESIAN_POINT('',(592.306484906101,-7.49999999999357,8.));
#4300=CARTESIAN_POINT('',(592.306484906101,-8.99999999999357,8.));
#4301=CARTESIAN_POINT('',(117.306484906101,-7.50000000000001,8.));
#4302=CARTESIAN_POINT('',(117.306484906101,-9.00000000000001,8.));
#4303=CARTESIAN_POINT('',(262.158051924662,469.071065546805,8.));
#4304=CARTESIAN_POINT('',(262.158051924662,467.571065546805,8.));
#4305=CARTESIAN_POINT('',(225.658051924662,405.85121107054,8.));
#4306=CARTESIAN_POINT('',(225.658051924662,404.35121107054,8.));
#4307=CARTESIAN_POINT('',(189.158051924663,342.631356594276,8.));
#4308=CARTESIAN_POINT('',(189.158051924663,341.131356594276,8.));
#4309=CARTESIAN_POINT('',(152.658051924664,279.411502118011,8.));
#4310=CARTESIAN_POINT('',(152.658051924664,277.911502118011,8.));
#4311=CARTESIAN_POINT('',(116.158051924665,216.191647641747,8.));
#4312=CARTESIAN_POINT('',(116.158051924665,214.691647641747,8.));
#4313=CARTESIAN_POINT('',(79.6580519246655,152.971793165482,8.));
#4314=CARTESIAN_POINT('',(79.6580519246655,151.471793165482,8.));
#4315=CARTESIAN_POINT('',(55.4357545897151,82.6199740165213,8.));
#4316=CARTESIAN_POINT('',(55.4357545897151,81.1199740165213,8.));
#4317=CARTESIAN_POINT('',(537.306484906101,-7.49999999999429,8.));
#4318=CARTESIAN_POINT('',(537.306484906101,-8.99999999999429,8.));
#4319=CARTESIAN_POINT('',(464.306484906101,-7.49999999999523,8.));
#4320=CARTESIAN_POINT('',(464.306484906101,-8.99999999999523,8.));
#4321=CARTESIAN_POINT('',(391.306484906101,-7.49999999999623,8.));
#4322=CARTESIAN_POINT('',(391.306484906101,-8.99999999999623,8.));
#4323=CARTESIAN_POINT('',(318.306484906101,-7.49999999999723,8.));
#4324=CARTESIAN_POINT('',(318.306484906101,-8.99999999999723,8.));
#4325=CARTESIAN_POINT('',(245.306484906101,-7.49999999999817,8.));
#4326=CARTESIAN_POINT('',(245.306484906101,-8.99999999999817,8.));
#4327=CARTESIAN_POINT('',(172.306484906101,-7.49999999999901,8.));
#4328=CARTESIAN_POINT('',(172.306484906101,-8.99999999999901,8.));
#4329=CARTESIAN_POINT('',(99.2688736531763,6.69878474439256,8.));
#4330=CARTESIAN_POINT('',(99.2688736531763,5.19878474439256,8.));
#4331=CARTESIAN_POINT('',(86.1695276765863,49.75000000002,8.));
#4332=CARTESIAN_POINT('',(86.1695276765863,48.25000000002,8.));
#4333=CARTESIAN_POINT('',(0.,0.,8.));
#4334=CARTESIAN_POINT('',(50.8808916171304,94.1282894152753,8.));
#4335=CARTESIAN_POINT('',(106.957935656967,-2.99999999999991,8.));
#4336=CARTESIAN_POINT('',(50.8808916171303,94.1282894152753,8.));
#4337=CARTESIAN_POINT('',(298.898192422271,523.706855565872,8.));
#4338=CARTESIAN_POINT('',(1.11022302462516E-13,1.11022302462516E-13,8.));
#4339=CARTESIAN_POINT('',(602.992537267248,-2.99999999999997,8.));
#4340=CARTESIAN_POINT('',(106.957935656967,-3.00000000000006,8.));
#4341=CARTESIAN_POINT('',(-4.44089209850063E-13,-1.38777878078145E-13,8.));
#4342=CARTESIAN_POINT('',(298.799092868376,537.53521010352,8.));
#4343=CARTESIAN_POINT('',(614.918693812442,-10.,8.));
#4344=CARTESIAN_POINT('',(298.799092868376,537.53521010352,8.));
#4345=CARTESIAN_POINT('',(38.5758550313836,86.8153408597679,8.));
#4346=CARTESIAN_POINT('',(-2.98372437868011E-13,-1.52655665885959E-13,8.));
#4347=CARTESIAN_POINT('',(94.472218138456,-10.,8.));
#4348=CARTESIAN_POINT('',(614.918693812442,-10.,8.));
#4349=CARTESIAN_POINT('',(243.908051924662,437.461138308672,8.));
#4350=CARTESIAN_POINT('',(245.658051924662,437.461138308672,8.));
#4351=CARTESIAN_POINT('',(44.4570900303428,89.001938689218,8.));
#4352=CARTESIAN_POINT('',(46.2070900303428,89.001938689218,8.));
#4353=CARTESIAN_POINT('',(418.208703885615,444.761302391859,8.));
#4354=CARTESIAN_POINT('',(416.458703885615,444.761302391859,8.));
#4355=CARTESIAN_POINT('',(-4.44089209850063E-13,-1.38777878078145E-13,0.));
#4356=CARTESIAN_POINT('',(594.27893843441,139.798710452777,0.));
#4357=CARTESIAN_POINT('',(592.52893843441,139.798710452777,0.));
#4358=CARTESIAN_POINT('',(555.816275257124,252.55769160239,0.));
#4359=CARTESIAN_POINT('',(554.066275257124,252.55769160239,0.));
#4360=CARTESIAN_POINT('',(297.521749605319,527.322786673211,0.));
#4361=CARTESIAN_POINT('',(295.771749605319,527.322786673211,0.));
#4362=CARTESIAN_POINT('',(99.3064849061007,-6.00000000000006,0.));
#4363=CARTESIAN_POINT('',(97.5564849061007,-6.00000000000006,0.));
#4364=CARTESIAN_POINT('',(208.806484906101,-7.49999999999856,0.));
#4365=CARTESIAN_POINT('',(207.056484906093,-7.49999999999856,0.));
#4366=CARTESIAN_POINT('',(354.806484906101,-7.49999999999673,0.));
#4367=CARTESIAN_POINT('',(353.056484906101,-7.49999999999673,0.));
#4368=CARTESIAN_POINT('',(500.806484906101,-7.49999999999473,0.));
#4369=CARTESIAN_POINT('',(499.056484906101,-7.49999999999473,0.));
#4370=CARTESIAN_POINT('',(610.435804056064,-5.99999999999295,0.));
#4371=CARTESIAN_POINT('',(608.685804056064,-5.99999999999295,0.));
#4372=CARTESIAN_POINT('',(605.073477758735,81.1440788020414,0.));
#4373=CARTESIAN_POINT('',(603.573477758735,81.1440788020414,0.));
#4374=CARTESIAN_POINT('',(577.77609800841,197.108775758854,0.));
#4375=CARTESIAN_POINT('',(576.27609800841,197.108775758854,0.));
#4376=CARTESIAN_POINT('',(528.708509010467,305.250000000056,0.));
#4377=CARTESIAN_POINT('',(527.208509010467,305.250000000056,0.));
#4378=CARTESIAN_POINT('',(459.589256120223,401.814390695303,0.));
#4379=CARTESIAN_POINT('',(458.089256120223,401.814390695303,0.));
#4380=CARTESIAN_POINT('',(372.809572488622,483.436963494242,0.));
#4381=CARTESIAN_POINT('',(371.309572488622,483.436963494242,0.));
#4382=CARTESIAN_POINT('',(610.299904477016,14.4996792952548,0.));
#4383=CARTESIAN_POINT('',(608.799904477016,14.4996792952548,0.));
#4384=CARTESIAN_POINT('',(317.707042854926,521.285381556684,0.));
#4385=CARTESIAN_POINT('',(316.207042854926,521.285381556684,0.));
#4386=CARTESIAN_POINT('',(289.658051924661,516.702462754949,0.));
#4387=CARTESIAN_POINT('',(288.158051924661,516.702462754949,0.));
#4388=CARTESIAN_POINT('',(52.1580519246657,105.340395957338,0.));
#4389=CARTESIAN_POINT('',(50.6580519246657,105.340395957338,0.));
#4390=CARTESIAN_POINT('',(592.306484906101,-7.49999999999357,0.));
#4391=CARTESIAN_POINT('',(590.806484906101,-7.49999999999357,0.));
#4392=CARTESIAN_POINT('',(117.306484906101,-7.50000000000001,0.));
#4393=CARTESIAN_POINT('',(115.806484906101,-7.50000000000001,0.));
#4394=CARTESIAN_POINT('',(262.158051924662,469.071065546805,0.));
#4395=CARTESIAN_POINT('',(260.658051924662,469.071065546805,0.));
#4396=CARTESIAN_POINT('',(225.658051924662,405.85121107054,0.));
#4397=CARTESIAN_POINT('',(224.158051924662,405.85121107054,0.));
#4398=CARTESIAN_POINT('',(189.158051924663,342.631356594276,0.));
#4399=CARTESIAN_POINT('',(187.658051924663,342.631356594276,0.));
#4400=CARTESIAN_POINT('',(152.658051924664,279.411502118011,0.));
#4401=CARTESIAN_POINT('',(151.158051924664,279.411502118011,0.));
#4402=CARTESIAN_POINT('',(116.158051924665,216.191647641747,0.));
#4403=CARTESIAN_POINT('',(114.658051924665,216.191647641747,0.));
#4404=CARTESIAN_POINT('',(79.6580519246655,152.971793165482,0.));
#4405=CARTESIAN_POINT('',(78.1580519246655,152.971793165482,0.));
#4406=CARTESIAN_POINT('',(55.4357545897151,82.6199740165213,0.));
#4407=CARTESIAN_POINT('',(53.9357545897151,82.6199740165213,0.));
#4408=CARTESIAN_POINT('',(537.306484906101,-7.49999999999429,0.));
#4409=CARTESIAN_POINT('',(535.806484906101,-7.49999999999429,0.));
#4410=CARTESIAN_POINT('',(464.306484906101,-7.49999999999523,0.));
#4411=CARTESIAN_POINT('',(462.806484906101,-7.49999999999523,0.));
#4412=CARTESIAN_POINT('',(391.306484906101,-7.49999999999623,0.));
#4413=CARTESIAN_POINT('',(389.806484906101,-7.49999999999623,0.));
#4414=CARTESIAN_POINT('',(318.306484906101,-7.49999999999723,0.));
#4415=CARTESIAN_POINT('',(316.806484906101,-7.49999999999723,0.));
#4416=CARTESIAN_POINT('',(245.306484906101,-7.49999999999817,0.));
#4417=CARTESIAN_POINT('',(243.806484906101,-7.49999999999817,0.));
#4418=CARTESIAN_POINT('',(172.306484906101,-7.49999999999901,0.));
#4419=CARTESIAN_POINT('',(170.806484906101,-7.49999999999901,0.));
#4420=CARTESIAN_POINT('',(99.2688736531763,6.69878474439256,0.));
#4421=CARTESIAN_POINT('',(97.7688736531763,6.69878474439256,0.));
#4422=CARTESIAN_POINT('',(86.1695276765863,49.75000000002,0.));
#4423=CARTESIAN_POINT('',(84.6695276765863,49.75000000002,0.));
#4424=CARTESIAN_POINT('',(110.,-4.83301270189218,-1.19262238973405E-15));
#4425=CARTESIAN_POINT('',(110.,-4.83301270189218,-1.19262238973405E-15));
#4426=CARTESIAN_POINT('',(599.999999999995,-4.8330127018918,-1.19262238973405E-15));
#4427=CARTESIAN_POINT('',(599.999999999995,2.77555756156289E-13,-1.19262238973405E-15));
#4428=CARTESIAN_POINT('',(604.833012701881,2.49358065183821E-13,-1.19262238973405E-15));
#4429=CARTESIAN_POINT('',(1.0325074129014E-11,-2.4980018054066E-11,-1.19262238973405E-15));
#4430=CARTESIAN_POINT('',(302.416506350969,523.800754047279,0.));
#4431=CARTESIAN_POINT('',(299.999999999988,519.615242270665,-1.19262238973405E-15));
#4432=CARTESIAN_POINT('',(295.814488223349,522.031748621603,-1.19262238973405E-15));
#4433=CARTESIAN_POINT('',(295.814488223349,522.031748621603,-1.19262238973405E-15));
#4434=CARTESIAN_POINT('',(50.8144882233504,97.6793007672372,-1.19262238973405E-15));
#4435=CARTESIAN_POINT('',(55.0000000000018,95.2627944162912,-1.19262238973405E-15));
#4436=CARTESIAN_POINT('',(52.583493649056,91.0772826396442,-1.19262238973405E-15));
#4437=CARTESIAN_POINT('',(-1.55431223447522E-12,-4.44089209850063E-13,-1.19262238973405E-15));
#4438=CARTESIAN_POINT('',(105.166987298111,6.93889390390723E-15,-1.19262238973405E-15));
#4439=CARTESIAN_POINT('',(110.,-1.11022302462516E-13,-1.19262238973405E-15));
#4440=CARTESIAN_POINT('',(-4.44089209850063E-13,-1.38777878078145E-13,0.));
#4441=CARTESIAN_POINT('',(298.799092868376,537.53521010352,0.));
#4442=CARTESIAN_POINT('',(614.918693812442,-10.,0.));
#4443=CARTESIAN_POINT('',(614.918693812442,-10.,0.));
#4444=CARTESIAN_POINT('',(94.472218138456,-10.,0.));
#4445=CARTESIAN_POINT('',(-2.98372437868011E-13,-1.52655665885959E-13,0.));
#4446=CARTESIAN_POINT('',(38.5758550313836,86.8153408597679,0.));
#4447=CARTESIAN_POINT('',(298.799092868376,537.53521010352,0.));
#4448=CARTESIAN_POINT('',(97.908051924665,184.581720403615,0.));
#4449=CARTESIAN_POINT('',(96.1580519246573,184.581720403615,0.));
#4450=CARTESIAN_POINT('',(243.908051924662,437.461138308672,0.));
#4451=CARTESIAN_POINT('',(242.158051924662,437.461138308672,0.));
#4452=CARTESIAN_POINT('',(170.908051924663,311.021429356144,0.));
#4453=CARTESIAN_POINT('',(169.158051924663,311.021429356144,0.));
#4454=CARTESIAN_POINT('',(44.4570900303428,89.001938689218,0.));
#4455=CARTESIAN_POINT('',(42.7070900303428,89.001938689218,0.));
#4456=CARTESIAN_POINT('',(496.629514477387,355.072168408318,0.));
#4457=CARTESIAN_POINT('',(494.879514477387,355.072168408318,0.));
#4458=CARTESIAN_POINT('',(418.208703885615,444.761302391859,0.));
#4459=CARTESIAN_POINT('',(416.458703885615,444.761302391859,0.));
#4460=CARTESIAN_POINT('',(-4.44089209850063E-13,-1.38777878078145E-13,8.));
#4461=CARTESIAN_POINT('',(-4.44089209850063E-13,-1.38777878078145E-13,2.60000000000002));
#4462=CARTESIAN_POINT('',(614.993162563618,2.89999999999998,2.60000000000001));
#4463=CARTESIAN_POINT('',(614.986333181478,4.09999999999998,2.60000000000001));
#4464=CARTESIAN_POINT('',(614.993162563618,2.89999999999998,3.79999999999999));
#4465=CARTESIAN_POINT('',(614.993910158792,2.74146002730395,3.79999999999999));
#4466=CARTESIAN_POINT('',(614.995229229204,2.43068593987154,3.66999692772332));
#4467=CARTESIAN_POINT('',(614.99593361882,2.23478734561829,3.20055775308637));
#4468=CARTESIAN_POINT('',(614.995231324163,2.43016549989129,2.73020518525852));
#4469=CARTESIAN_POINT('',(614.993910158804,2.74146002483544,2.60000000000001));
#4470=CARTESIAN_POINT('',(614.993162563618,2.89999999999998,2.60000000000001));
#4471=CARTESIAN_POINT('',(614.993162563617,2.89999999999998,3.8));
#4472=CARTESIAN_POINT('',(-4.44089209850063E-13,-1.38777878078145E-13,3.8));
#4473=CARTESIAN_POINT('',(614.986333181478,4.09999999999998,3.8));
#4474=CARTESIAN_POINT('',(614.986333181478,4.09999999999998,2.60000000000001));
#4475=CARTESIAN_POINT('',(614.98527622837,4.25853944296002,2.60000000000001));
#4476=CARTESIAN_POINT('',(614.983057980893,4.56931142571596,2.73000065122488));
#4477=CARTESIAN_POINT('',(614.981532550769,4.76521394864727,3.19944199958644));
#4478=CARTESIAN_POINT('',(614.983054151356,4.56983195682751,3.6697972912805));
#4479=CARTESIAN_POINT('',(614.985276228383,4.25853944111477,3.8));
#4480=CARTESIAN_POINT('',(614.986333181478,4.09999999999998,3.79999999999999));
#4481=CARTESIAN_POINT('',(298.799092868376,537.53521010352,8.));
#4482=CARTESIAN_POINT('',(614.918693812442,-10.,8.));
#4483=CARTESIAN_POINT('',(304.898265230286,534.099286518492,5.69999999999997));
#4484=CARTESIAN_POINT('',(304.393412772929,534.387488810333,5.69999999999647));
#4485=CARTESIAN_POINT('',(303.402816567291,534.950718760042,5.22332527776392));
#4486=CARTESIAN_POINT('',(302.777521000144,535.304281565068,3.5020460637076));
#4487=CARTESIAN_POINT('',(303.40115706128,534.951660553145,1.77741501920593));
#4488=CARTESIAN_POINT('',(304.393412797249,534.38748879645,1.30000000000352));
#4489=CARTESIAN_POINT('',(304.898265230286,534.099286518492,1.30000000000003));
#4490=CARTESIAN_POINT('',(304.898265230311,534.099286518478,5.69999999999997));
#4491=CARTESIAN_POINT('',(304.898265230311,534.099286518478,1.30000000000003));
#4492=CARTESIAN_POINT('',(304.898265230311,534.099286518478,8.));
#4493=CARTESIAN_POINT('',(-2.98372437868011E-13,-1.52655665885959E-13,8.));
#4494=CARTESIAN_POINT('',(94.472218138456,-10.,8.));
#4495=CARTESIAN_POINT('',(38.5758550313836,86.8153408597679,8.));
#4496=CARTESIAN_POINT('',(94.9872958272425,1.72259934531382,1.77409642987316));
#4497=CARTESIAN_POINT('',(94.9681426743341,2.43856127180306,3.5004428567114));
#4498=CARTESIAN_POINT('',(94.9872708728115,1.72315556747293,5.22413214328123));
#4499=CARTESIAN_POINT('',(95.0063614737766,0.00178234728401863,5.93768162826601));
#4500=CARTESIAN_POINT('',(94.9872831888552,-1.72326505339096,5.22513947702426));
#4501=CARTESIAN_POINT('',(94.9681574171003,-2.43777857849169,3.500320623013));
#4502=CARTESIAN_POINT('',(94.9872245593179,-1.72561980446227,1.77825392419384));
#4503=CARTESIAN_POINT('',(95.0063698637946,-0.00260288115795063,1.06191411998926));
#4504=CARTESIAN_POINT('',(94.9872958272425,1.72259934531382,1.77409642987316));
#4505=CARTESIAN_POINT('',(94.9681426743341,2.43856127180306,3.5004428567114));
#4506=CARTESIAN_POINT('',(94.9872708728115,1.72315556747293,5.22413214328123));
#4507=CARTESIAN_POINT('',(94.9745228995651,2.19999999999983,3.5));
#4508=CARTESIAN_POINT('',(-4.44089209850063E-13,-1.38777878078145E-13,0.));
#4509=CARTESIAN_POINT('',(599.999999999995,2.77555756156289E-13,-2.27682456221956E-15));
#4510=CARTESIAN_POINT('',(599.999999999995,-1.56698729810741,-2.27682456221956E-15));
#4511=CARTESIAN_POINT('',(601.566987298097,3.05295091899709E-13,-2.27682456221956E-15));
#4512=CARTESIAN_POINT('',(110.,-1.5669872981078,-2.27682456221956E-15));
#4513=CARTESIAN_POINT('',(110.,-1.56698729810779,-2.27682456221956E-15));
#4514=CARTESIAN_POINT('',(110.,-1.11022302462516E-13,-2.27682456221956E-15));
#4515=CARTESIAN_POINT('',(108.433012701895,-2.77555756156289E-14,-2.27682456221956E-15));
#4516=CARTESIAN_POINT('',(-1.55431223447522E-12,-4.44089209850063E-13,-2.27682456221956E-15));
#4517=CARTESIAN_POINT('',(54.2165063509494,93.9057436087261,-2.27682456221956E-15));
#4518=CARTESIAN_POINT('',(55.0000000000018,95.2627944162912,-2.27682456221956E-15));
#4519=CARTESIAN_POINT('',(53.6429491924329,96.0462880653449,-2.27682456221956E-15));
#4520=CARTESIAN_POINT('',(298.642949192432,520.398735919711,-2.27682456221956E-15));
#4521=CARTESIAN_POINT('',(298.642949192432,520.398735919711,-2.27682456221956E-15));
#4522=CARTESIAN_POINT('',(299.999999999988,519.615242270665,-2.27682456221956E-15));
#4523=CARTESIAN_POINT('',(300.783493649048,520.972293078213,0.));
#4524=CARTESIAN_POINT('',(1.0325074129014E-11,-2.4980018054066E-11,-2.27682456221956E-15));
#4525=CARTESIAN_POINT('',(55.,95.2627944162883,0.));
#4526=CARTESIAN_POINT('',(55.,95.2627944162883,0.));
#4527=CARTESIAN_POINT('',(-9.71445146547012E-14,-5.55111512312578E-14,0.));
#4528=CARTESIAN_POINT('',(110.,-4.20400364406369E-14,0.));
#4529=CARTESIAN_POINT('',(110.,-4.20400364406369E-14,0.));
#4530=CARTESIAN_POINT('',(614.918693812442,-10.,8.));
#4531=CARTESIAN_POINT('',(55.,95.2627944162883,8.));
#4532=CARTESIAN_POINT('',(55.,95.2627944162883,4.));
#4533=CARTESIAN_POINT('',(55.,95.2627944162883,4.));
#4534=CARTESIAN_POINT('',(55.,95.2627944162883,8.));
#4535=CARTESIAN_POINT('',(-9.71445146547012E-14,-5.55111512312578E-14,8.));
#4536=CARTESIAN_POINT('',(95.2616890034304,55.0027327377346,3.45005276074804));
#4537=CARTESIAN_POINT('',(95.4859195729466,54.6119193020118,2.99997354515052));
#4538=CARTESIAN_POINT('',(95.2620381775443,55.0021279821281,2.55005305864987));
#4539=CARTESIAN_POINT('',(95.0359024168247,55.39133222875,2.99981447404882));
#4540=CARTESIAN_POINT('',(95.2616890034304,55.0027327377346,3.45005276074804));
#4541=CARTESIAN_POINT('',(95.4859195729466,54.6119193020118,2.99997354515052));
#4542=CARTESIAN_POINT('',(95.2620381775443,55.0021279821281,2.55005305864987));
#4543=CARTESIAN_POINT('',(95.4112342454606,54.7420896546511,3.00000000000015));
#4544=CARTESIAN_POINT('',(100.684437337358,44.3027547502899,3.45005276086369));
#4545=CARTESIAN_POINT('',(100.864779415258,43.8898489408012,2.99997354509024));
#4546=CARTESIAN_POINT('',(100.684718584383,44.3021155689628,2.55005305877536));
#4547=CARTESIAN_POINT('',(100.502307405778,44.7136292463053,2.99981447356673));
#4548=CARTESIAN_POINT('',(100.684437337358,44.3027547502899,3.45005276086369));
#4549=CARTESIAN_POINT('',(100.864779415258,43.8898489408012,2.99997354509024));
#4550=CARTESIAN_POINT('',(100.684718584383,44.3021155689628,2.55005305877536));
#4551=CARTESIAN_POINT('',(100.804712263796,44.0273776804089,3.00000000000015));
#4552=CARTESIAN_POINT('',(104.909105552546,33.0782341210878,3.45005276086369));
#4553=CARTESIAN_POINT('',(105.043423973043,32.6481492056516,2.99997354509024));
#4554=CARTESIAN_POINT('',(104.90931554226,33.0775681203538,2.55005305877536));
#4555=CARTESIAN_POINT('',(104.772788762017,33.506494434534,2.99981447356673));
#4556=CARTESIAN_POINT('',(104.909105552546,33.0782341210878,3.45005276086369));
#4557=CARTESIAN_POINT('',(105.043423973043,32.6481492056516,2.99997354509024));
#4558=CARTESIAN_POINT('',(104.90931554226,33.0775681203538,2.55005305877536));
#4559=CARTESIAN_POINT('',(104.998686164497,32.7913998440073,3.00000000000015));
#4560=CARTESIAN_POINT('',(107.886685286127,21.4605018202485,3.45005276086369));
#4561=CARTESIAN_POINT('',(107.973383362698,21.0183503574108,2.99997354509024));
#4562=CARTESIAN_POINT('',(107.886821522315,21.4598169170737,2.55005305877536));
#4563=CARTESIAN_POINT('',(107.797802078443,21.9010570822136,2.99981447356673));
#4564=CARTESIAN_POINT('',(107.886685286127,21.4605018202485,3.45005276086369));
#4565=CARTESIAN_POINT('',(107.973383362698,21.0183503574108,2.99997354509024));
#4566=CARTESIAN_POINT('',(107.886821522315,21.4598169170737,2.55005305877536));
#4567=CARTESIAN_POINT('',(107.944506709872,21.1656200278269,3.00000000000015));
#4568=CARTESIAN_POINT('',(109.582020997532,9.58491911814077,3.45006033949651));
#4569=CARTESIAN_POINT('',(109.620056886896,9.13595614326191,2.9999811238171));
#4570=CARTESIAN_POINT('',(109.582081843274,9.58422345294978,2.55006063740293));
#4571=CARTESIAN_POINT('',(109.541639159315,10.0325333066455,2.99982205251901));
#4572=CARTESIAN_POINT('',(109.582020997532,9.58491911814077,3.45006033949651));
#4573=CARTESIAN_POINT('',(109.620056886896,9.13595614326191,2.9999811238171));
#4574=CARTESIAN_POINT('',(109.582081843274,9.58422345294978,2.55006063740293));
#4575=CARTESIAN_POINT('',(109.607388398065,9.28549452402232,3.00000757869479));
#4576=CARTESIAN_POINT('',(-9.71445146547012E-14,-5.55111512312578E-14,4.));
#4577=CARTESIAN_POINT('',(110.,-4.20400364406369E-14,4.));
#4578=CARTESIAN_POINT('',(110.,-4.20400364406369E-14,8.));
#4579=CARTESIAN_POINT('',(110.,-4.20400364406369E-14,8.));
#4580=CARTESIAN_POINT('',(110.,-4.20400364406369E-14,4.));
#4581=CARTESIAN_POINT('',(298.799092868376,537.53521010352,8.));
#4582=CARTESIAN_POINT('',(50.8808916171303,94.1282894152753,4.));
#4583=CARTESIAN_POINT('',(50.8808916171304,94.1282894152753,4.));
#4584=CARTESIAN_POINT('',(50.8808916171304,94.1282894152753,4.));
#4585=CARTESIAN_POINT('',(50.8808916171303,94.1282894152753,4.));
#4586=CARTESIAN_POINT('',(298.898192422271,523.706855565872,4.));
#4587=CARTESIAN_POINT('',(298.898192422271,523.706855565872,4.));
#4588=CARTESIAN_POINT('',(0.,0.,4.));
#4589=CARTESIAN_POINT('',(106.957935656967,-2.99999999999991,4.));
#4590=CARTESIAN_POINT('',(106.957935656967,-2.99999999999991,4.));
#4591=CARTESIAN_POINT('',(0.,0.,4.));
#4592=CARTESIAN_POINT('',(106.957935656967,-3.00000000000006,4.));
#4593=CARTESIAN_POINT('',(602.992537267248,-2.99999999999997,4.));
#4594=CARTESIAN_POINT('',(602.992537267248,-2.99999999999997,4.));
#4595=CARTESIAN_POINT('',(106.957935656967,-3.00000000000006,4.));
#4596=CARTESIAN_POINT('',(1.11022302462516E-13,1.11022302462516E-13,4.));
#4597=CARTESIAN_POINT('',(1.11022302462516E-13,1.11022302462516E-13,4.));
#4598=CARTESIAN_POINT('',(0.,0.,4.));
#4599=CARTESIAN_POINT('',(1.0325074129014E-11,-2.4980018054066E-11,0.249999999999991));
#4600=CARTESIAN_POINT('',(1.0325074129014E-11,-2.4980018054066E-11,0.374999999999976));
#4601=CARTESIAN_POINT('',(604.616506350935,2.49596177791626E-13,0.374999999999976));
#4602=CARTESIAN_POINT('',(302.308253175494,523.61325404728,0.374999999999976));
#4603=CARTESIAN_POINT('',(302.416506350969,523.800754047279,0.249999999999991));
#4604=CARTESIAN_POINT('',(604.833012701887,2.4980018054066E-13,0.249999999999991));
#4605=CARTESIAN_POINT('',(1.0325074129014E-11,-2.4980018054066E-11,1.8));
#4606=CARTESIAN_POINT('',(1.0325074129014E-11,-2.4980018054066E-11,1.8));
#4607=CARTESIAN_POINT('',(605.43923048453,2.36159138688969E-13,1.8));
#4608=CARTESIAN_POINT('',(302.719615242299,524.325754047275,1.8));
#4609=CARTESIAN_POINT('',(302.308253175494,523.61325404728,0.374999999999997));
#4610=CARTESIAN_POINT('',(604.616506350941,2.4980018054066E-13,0.374999999999997));
#4611=CARTESIAN_POINT('',(1.0325074129014E-11,-2.4980018054066E-11,2.));
#4612=CARTESIAN_POINT('',(1.0325074129014E-11,-2.4980018054066E-11,2.4));
#4613=CARTESIAN_POINT('',(605.092820323017,2.5010391221302E-13,2.4));
#4614=CARTESIAN_POINT('',(302.546410161539,524.025754047277,2.4));
#4615=CARTESIAN_POINT('',(302.546410161539,524.025754047277,2.));
#4616=CARTESIAN_POINT('',(605.092820323022,2.4980018054066E-13,2.));
#4617=CARTESIAN_POINT('',(1.0325074129014E-11,-2.4980018054066E-11,2.));
#4618=CARTESIAN_POINT('',(1.0325074129014E-11,-2.4980018054066E-11,1.8));
#4619=CARTESIAN_POINT('',(600.960769515448,3.19096995049831E-13,1.8));
#4620=CARTESIAN_POINT('',(300.480384757718,520.447293078216,1.8));
#4621=CARTESIAN_POINT('',(300.653589838478,520.747293078214,2.));
#4622=CARTESIAN_POINT('',(300.653589838478,520.747293078214,2.4));
#4623=CARTESIAN_POINT('',(1.0325074129014E-11,-2.4980018054066E-11,2.4));
#4624=CARTESIAN_POINT('',(601.307179676962,3.05339925199979E-13,2.4));
#4625=CARTESIAN_POINT('',(601.307179676967,3.05311331771918E-13,2.));
#4626=CARTESIAN_POINT('',(1.0325074129014E-11,-2.4980018054066E-11,0.374999999999995));
#4627=CARTESIAN_POINT('',(1.0325074129014E-11,-2.4980018054066E-11,0.374999999999995));
#4628=CARTESIAN_POINT('',(601.783493649043,3.05167608655101E-13,0.374999999999995));
#4629=CARTESIAN_POINT('',(300.891746824523,521.159793078212,0.374999999999995));
#4630=CARTESIAN_POINT('',(300.891746824523,521.159793078212,0.374999999999995));
#4631=CARTESIAN_POINT('',(601.783493649049,3.05311331771918E-13,0.374999999999995));
#4632=CARTESIAN_POINT('',(1.0325074129014E-11,-2.4980018054066E-11,0.249999999999998));
#4633=CARTESIAN_POINT('',(300.783493649048,520.972293078213,0.249999999999998));
#4634=CARTESIAN_POINT('',(601.566987298103,3.05311331771918E-13,0.249999999999998));
#4635=CARTESIAN_POINT('',(599.999999999995,2.77555756156289E-13,0.249999999999991));
#4636=CARTESIAN_POINT('',(599.999999999995,-4.83301270188998,0.249999999999991));
#4637=CARTESIAN_POINT('',(599.999999999995,-4.61650635094569,0.374999999999976));
#4638=CARTESIAN_POINT('',(599.999999999995,2.77555756156289E-13,0.374999999999976));
#4639=CARTESIAN_POINT('',(599.999999999995,2.77555756156289E-13,1.8));
#4640=CARTESIAN_POINT('',(599.999999999995,-4.61650635094383,0.374999999999997));
#4641=CARTESIAN_POINT('',(599.999999999995,-5.43923048454087,1.8));
#4642=CARTESIAN_POINT('',(599.999999999995,2.77555756156289E-13,1.8));
#4643=CARTESIAN_POINT('',(599.999999999995,2.77555756156289E-13,2.));
#4644=CARTESIAN_POINT('',(599.999999999995,-5.09282032302527,2.));
#4645=CARTESIAN_POINT('',(599.999999999995,-5.0928203230271,2.4));
#4646=CARTESIAN_POINT('',(599.999999999995,2.77555756156289E-13,2.4));
#4647=CARTESIAN_POINT('',(599.999999999995,2.77555756156289E-13,2.));
#4648=CARTESIAN_POINT('',(599.999999999995,2.77555756156289E-13,2.4));
#4649=CARTESIAN_POINT('',(599.999999999995,-1.3071796769721,2.4));
#4650=CARTESIAN_POINT('',(599.999999999995,-1.30717967697028,2.));
#4651=CARTESIAN_POINT('',(599.999999999995,-0.960769515458324,1.8));
#4652=CARTESIAN_POINT('',(599.999999999995,2.77555756156289E-13,1.8));
#4653=CARTESIAN_POINT('',(599.999999999995,2.77555756156289E-13,0.374999999999995));
#4654=CARTESIAN_POINT('',(599.999999999995,-1.7834936490517,0.374999999999995));
#4655=CARTESIAN_POINT('',(599.999999999995,-1.78349364905353,0.374999999999995));
#4656=CARTESIAN_POINT('',(599.999999999995,2.77555756156289E-13,0.374999999999995));
#4657=CARTESIAN_POINT('',(599.999999999995,2.77555756156289E-13,0.249999999999998));
#4658=CARTESIAN_POINT('',(599.999999999995,-1.56698729810559,0.249999999999998));
#4659=CARTESIAN_POINT('',(110.,-4.83301270189218,0.249999999999991));
#4660=CARTESIAN_POINT('',(110.,-4.83301270189218,0.249999999999991));
#4661=CARTESIAN_POINT('',(110.,-4.61650635094607,0.374999999999976));
#4662=CARTESIAN_POINT('',(110.,-4.61650635094607,0.374999999999976));
#4663=CARTESIAN_POINT('',(110.,-4.61650635094604,0.374999999999997));
#4664=CARTESIAN_POINT('',(110.,-4.61650635094604,0.374999999999997));
#4665=CARTESIAN_POINT('',(110.,-5.43923048454124,1.8));
#4666=CARTESIAN_POINT('',(110.,-5.43923048454125,1.8));
#4667=CARTESIAN_POINT('',(110.,-5.09282032302748,2.));
#4668=CARTESIAN_POINT('',(110.,-5.09282032302748,2.));
#4669=CARTESIAN_POINT('',(110.,-5.09282032302748,2.4));
#4670=CARTESIAN_POINT('',(110.,-5.09282032302748,2.4));
#4671=CARTESIAN_POINT('',(110.,-1.30717967697248,2.));
#4672=CARTESIAN_POINT('',(110.,-1.30717967697248,2.4));
#4673=CARTESIAN_POINT('',(110.,-1.30717967697248,2.4));
#4674=CARTESIAN_POINT('',(110.,-1.30717967697248,2.));
#4675=CARTESIAN_POINT('',(110.,-0.960769515458704,1.8));
#4676=CARTESIAN_POINT('',(110.,-0.960769515458704,1.8));
#4677=CARTESIAN_POINT('',(110.,-1.78349364905391,0.374999999999995));
#4678=CARTESIAN_POINT('',(110.,-1.78349364905391,0.374999999999995));
#4679=CARTESIAN_POINT('',(110.,-1.7834936490539,0.374999999999995));
#4680=CARTESIAN_POINT('',(110.,-1.78349364905391,0.374999999999995));
#4681=CARTESIAN_POINT('',(110.,-1.5669872981078,0.249999999999998));
#4682=CARTESIAN_POINT('',(110.,-1.5669872981078,0.249999999999998));
#4683=CARTESIAN_POINT('',(110.,-1.11022302462516E-13,0.249999999999991));
#4684=CARTESIAN_POINT('',(105.166987298111,1.38777878078145E-14,0.249999999999991));
#4685=CARTESIAN_POINT('',(105.383493649057,-1.38777878078145E-14,0.374999999999976));
#4686=CARTESIAN_POINT('',(110.,-1.11022302462516E-13,0.374999999999976));
#4687=CARTESIAN_POINT('',(110.,-1.11022302462516E-13,1.8));
#4688=CARTESIAN_POINT('',(105.383493649057,0.,0.374999999999997));
#4689=CARTESIAN_POINT('',(104.560769515462,6.93889390390723E-15,1.8));
#4690=CARTESIAN_POINT('',(110.,-1.11022302462516E-13,1.8));
#4691=CARTESIAN_POINT('',(110.,-1.11022302462516E-13,2.));
#4692=CARTESIAN_POINT('',(104.907179676976,1.38777878078145E-14,2.));
#4693=CARTESIAN_POINT('',(104.907179676976,1.38777878078145E-14,2.4));
#4694=CARTESIAN_POINT('',(110.,-1.11022302462516E-13,2.4));
#4695=CARTESIAN_POINT('',(110.,-1.11022302462516E-13,2.));
#4696=CARTESIAN_POINT('',(110.,-1.11022302462516E-13,2.4));
#4697=CARTESIAN_POINT('',(108.692820323031,-4.16333634234434E-14,2.4));
#4698=CARTESIAN_POINT('',(108.692820323031,-4.16333634234434E-14,2.));
#4699=CARTESIAN_POINT('',(109.039230484545,-3.46944695195361E-14,1.8));
#4700=CARTESIAN_POINT('',(110.,-1.11022302462516E-13,1.8));
#4701=CARTESIAN_POINT('',(110.,-1.11022302462516E-13,0.374999999999995));
#4702=CARTESIAN_POINT('',(108.216506350949,-2.77555756156289E-14,0.374999999999995));
#4703=CARTESIAN_POINT('',(108.216506350949,-3.46944695195361E-14,0.374999999999995));
#4704=CARTESIAN_POINT('',(110.,-1.11022302462516E-13,0.374999999999995));
#4705=CARTESIAN_POINT('',(110.,-1.11022302462516E-13,0.249999999999998));
#4706=CARTESIAN_POINT('',(108.433012701895,-2.77555756156289E-14,0.249999999999998));
#4707=CARTESIAN_POINT('',(-1.55431223447522E-12,-4.44089209850063E-13,0.249999999999991));
#4708=CARTESIAN_POINT('',(52.583493649056,91.0772826396442,0.249999999999991));
#4709=CARTESIAN_POINT('',(52.6917468245292,91.2647826396441,0.374999999999976));
#4710=CARTESIAN_POINT('',(-1.55431223447522E-12,-4.44089209850063E-13,0.374999999999976));
#4711=CARTESIAN_POINT('',(-1.55431223447522E-12,-4.44089209850063E-13,1.8));
#4712=CARTESIAN_POINT('',(52.6917468245292,91.2647826396442,0.374999999999997));
#4713=CARTESIAN_POINT('',(52.2803847577313,90.5522826396443,1.8));
#4714=CARTESIAN_POINT('',(-1.55431223447522E-12,-4.44089209850063E-13,1.8));
#4715=CARTESIAN_POINT('',(-1.55431223447522E-12,-4.44089209850063E-13,2.));
#4716=CARTESIAN_POINT('',(52.4535898384883,90.8522826396443,2.));
#4717=CARTESIAN_POINT('',(52.4535898384883,90.8522826396443,2.4));
#4718=CARTESIAN_POINT('',(-1.55431223447522E-12,-4.44089209850063E-13,2.4));
#4719=CARTESIAN_POINT('',(-1.55431223447522E-12,-4.44089209850063E-13,2.));
#4720=CARTESIAN_POINT('',(-1.55431223447522E-12,-4.44089209850063E-13,2.4));
#4721=CARTESIAN_POINT('',(54.3464101615171,94.130743608726,2.4));
#4722=CARTESIAN_POINT('',(54.3464101615172,94.130743608726,2.));
#4723=CARTESIAN_POINT('',(54.5196152422742,94.430743608726,1.8));
#4724=CARTESIAN_POINT('',(-1.55431223447522E-12,-4.44089209850063E-13,1.8));
#4725=CARTESIAN_POINT('',(-1.55431223447522E-12,-4.44089209850063E-13,0.374999999999995));
#4726=CARTESIAN_POINT('',(54.1082531754763,93.7182436087262,0.374999999999995));
#4727=CARTESIAN_POINT('',(54.1082531754763,93.7182436087261,0.374999999999995));
#4728=CARTESIAN_POINT('',(-1.55431223447522E-12,-4.44089209850063E-13,0.374999999999995));
#4729=CARTESIAN_POINT('',(-1.55431223447522E-12,-4.44089209850063E-13,0.249999999999998));
#4730=CARTESIAN_POINT('',(54.2165063509494,93.9057436087261,0.249999999999998));
#4731=CARTESIAN_POINT('',(55.0000000000018,95.2627944162912,0.249999999999991));
#4732=CARTESIAN_POINT('',(50.8144882233504,97.6793007672373,0.249999999999991));
#4733=CARTESIAN_POINT('',(51.0019882233504,97.5710475917642,0.374999999999976));
#4734=CARTESIAN_POINT('',(55.0000000000018,95.2627944162912,0.374999999999976));
#4735=CARTESIAN_POINT('',(55.0000000000018,95.2627944162912,1.8));
#4736=CARTESIAN_POINT('',(51.0019882233504,97.5710475917642,0.374999999999997));
#4737=CARTESIAN_POINT('',(50.2894882233504,97.9824096585617,1.8));
#4738=CARTESIAN_POINT('',(55.0000000000018,95.2627944162912,1.8));
#4739=CARTESIAN_POINT('',(55.0000000000018,95.2627944162912,2.));
#4740=CARTESIAN_POINT('',(50.5894882233504,97.8092045778049,2.));
#4741=CARTESIAN_POINT('',(50.5894882233504,97.8092045778049,2.4));
#4742=CARTESIAN_POINT('',(55.0000000000018,95.2627944162912,2.4));
#4743=CARTESIAN_POINT('',(55.0000000000018,95.2627944162912,2.));
#4744=CARTESIAN_POINT('',(55.0000000000018,95.2627944162912,2.4));
#4745=CARTESIAN_POINT('',(53.8679491924329,95.9163842547773,2.4));
#4746=CARTESIAN_POINT('',(53.867949192433,95.9163842547773,2.));
#4747=CARTESIAN_POINT('',(54.1679491924329,95.7431791740204,1.8));
#4748=CARTESIAN_POINT('',(55.0000000000018,95.2627944162912,1.8));
#4749=CARTESIAN_POINT('',(55.0000000000018,95.2627944162912,0.374999999999995));
#4750=CARTESIAN_POINT('',(53.455449192433,96.1545412408181,0.374999999999995));
#4751=CARTESIAN_POINT('',(53.4554491924329,96.154541240818,0.374999999999995));
#4752=CARTESIAN_POINT('',(55.0000000000018,95.2627944162912,0.374999999999995));
#4753=CARTESIAN_POINT('',(55.0000000000018,95.2627944162912,0.249999999999998));
#4754=CARTESIAN_POINT('',(53.642949192433,96.046288065345,0.249999999999998));
#4755=CARTESIAN_POINT('',(295.814488223349,522.031748621603,0.249999999999991));
#4756=CARTESIAN_POINT('',(295.814488223349,522.031748621603,0.249999999999991));
#4757=CARTESIAN_POINT('',(296.001988223349,521.92349544613,0.374999999999976));
#4758=CARTESIAN_POINT('',(296.001988223349,521.92349544613,0.374999999999976));
#4759=CARTESIAN_POINT('',(296.001988223349,521.92349544613,0.374999999999997));
#4760=CARTESIAN_POINT('',(296.001988223349,521.92349544613,0.374999999999997));
#4761=CARTESIAN_POINT('',(295.289488223349,522.334857512928,1.8));
#4762=CARTESIAN_POINT('',(295.289488223349,522.334857512928,1.8));
#4763=CARTESIAN_POINT('',(295.589488223349,522.161652432171,2.));
#4764=CARTESIAN_POINT('',(295.589488223349,522.161652432171,2.));
#4765=CARTESIAN_POINT('',(295.589488223349,522.161652432171,2.4));
#4766=CARTESIAN_POINT('',(295.589488223349,522.161652432171,2.4));
#4767=CARTESIAN_POINT('',(298.867949192432,520.268832109143,2.));
#4768=CARTESIAN_POINT('',(298.867949192432,520.268832109143,2.4));
#4769=CARTESIAN_POINT('',(298.867949192432,520.268832109144,2.4));
#4770=CARTESIAN_POINT('',(298.867949192432,520.268832109144,2.));
#4771=CARTESIAN_POINT('',(299.167949192432,520.095627028387,1.8));
#4772=CARTESIAN_POINT('',(299.167949192432,520.095627028387,1.8));
#4773=CARTESIAN_POINT('',(298.455449192432,520.506989095184,0.374999999999995));
#4774=CARTESIAN_POINT('',(298.455449192432,520.506989095184,0.374999999999995));
#4775=CARTESIAN_POINT('',(298.455449192432,520.506989095184,0.374999999999995));
#4776=CARTESIAN_POINT('',(298.455449192432,520.506989095184,0.374999999999995));
#4777=CARTESIAN_POINT('',(298.642949192432,520.398735919711,0.249999999999998));
#4778=CARTESIAN_POINT('',(298.642949192432,520.398735919711,0.249999999999998));
#4779=CARTESIAN_POINT('',(299.999999999988,519.615242270665,0.249999999999991));
#4780=CARTESIAN_POINT('',(299.999999999988,519.615242270665,0.374999999999976));
#4781=CARTESIAN_POINT('',(299.999999999988,519.615242270665,1.8));
#4782=CARTESIAN_POINT('',(299.999999999988,519.615242270665,1.8));
#4783=CARTESIAN_POINT('',(299.999999999988,519.615242270665,2.));
#4784=CARTESIAN_POINT('',(299.999999999988,519.615242270665,2.4));
#4785=CARTESIAN_POINT('',(302.546410161539,524.025754047277,2.4));
#4786=CARTESIAN_POINT('',(299.999999999988,519.615242270665,2.4));
#4787=CARTESIAN_POINT('',(299.999999999988,519.615242270665,2.));
#4788=CARTESIAN_POINT('',(299.999999999988,519.615242270665,1.8));
#4789=CARTESIAN_POINT('',(299.999999999988,519.615242270665,0.374999999999995));
#4790=CARTESIAN_POINT('',(299.999999999988,519.615242270665,0.374999999999995));
#4791=CARTESIAN_POINT('',(299.999999999988,519.615242270665,0.249999999999998));
#4792=CARTESIAN_POINT('',(92.2791308662119,-2.02071942626992E-13,3.5));
#4793=CARTESIAN_POINT('',(100.455213901519,-9.52804645441037E-14,3.5));
#4794=CARTESIAN_POINT('',(100.455213901519,1.52289056420649,1.91229589360909));
#4795=CARTESIAN_POINT('',(100.455213901519,1.52289056420645,5.08770410639095));
#4796=CARTESIAN_POINT('',(100.455213901519,-9.52804645441037E-14,3.5));
#4797=CARTESIAN_POINT('',(100.455213901519,-9.52804645441037E-14,3.5));
#4798=CARTESIAN_POINT('',(100.455213901519,1.52289056420645,5.08770410639095));
#4799=CARTESIAN_POINT('',(100.455213901519,1.19426596672279,5.29616067061537));
#4800=CARTESIAN_POINT('',(100.455213901519,0.455531628336299,5.58152507717229));
#4801=CARTESIAN_POINT('',(100.455213901519,-0.736345447540564,5.42396118182584));
#4802=CARTESIAN_POINT('',(100.455213901519,-1.66794875266933,4.65149478586907));
#4803=CARTESIAN_POINT('',(100.455213901519,-2.01657126747779,3.49131439645144));
#4804=CARTESIAN_POINT('',(100.455213901519,-1.65953992491666,2.33631668324877));
#4805=CARTESIAN_POINT('',(100.455213901519,-0.72224860798944,1.57069708114416));
#4806=CARTESIAN_POINT('',(100.455213901519,0.461982646696971,1.42110927797366));
#4807=CARTESIAN_POINT('',(100.455213901519,1.19495245513126,1.70427478983435));
#4808=CARTESIAN_POINT('',(100.455213901519,1.52289056420649,1.91229589360909));
#4809=CARTESIAN_POINT('',(55.2507439996713,87.5191709711802,3.5));
#4810=CARTESIAN_POINT('',(55.2507439996713,87.5191709711802,3.5));
#4811=CARTESIAN_POINT('',(54.7169203861481,86.6735751163861,3.5));
#4812=CARTESIAN_POINT('',(4.24660306919122E-11,3.92463839204993E-11,3.5));
#4813=CARTESIAN_POINT('',(102.295085417408,19.7292022240032,2.7590426234365));
#4814=CARTESIAN_POINT('',(102.114412538332,19.9544385878814,2.65840674255683));
#4815=CARTESIAN_POINT('',(101.978704768479,20.2288108203283,2.61521533234472));
#4816=CARTESIAN_POINT('',(101.959897430472,20.5376256166319,2.63664636434858));
#4817=CARTESIAN_POINT('',(102.026307985781,20.8248073927043,2.71676578384048));
#4818=CARTESIAN_POINT('',(102.122431909481,21.0753597213394,2.85408468182734));
#4819=CARTESIAN_POINT('',(102.234932786997,21.2714908153242,3.07729967747866));
#4820=CARTESIAN_POINT('',(102.324913443202,21.2475752146155,3.39262142911686));
#4821=CARTESIAN_POINT('',(102.364178428001,21.0112723454276,3.60308194682101));
#4822=CARTESIAN_POINT('',(102.411311029646,20.6384311938543,3.75327184876155));
#4823=CARTESIAN_POINT('',(102.487420625891,20.2297215215872,3.76840431101156));
#4824=CARTESIAN_POINT('',(102.587221415282,19.8537040176874,3.65085770895444));
#4825=CARTESIAN_POINT('',(102.654427960298,19.6031328688564,3.48475805802517));
#4826=CARTESIAN_POINT('',(102.639535430202,19.4598421628237,3.18791409033051));
#4827=CARTESIAN_POINT('',(102.480252844156,19.5507926673588,2.91994477724012));
#4828=CARTESIAN_POINT('',(102.295085417408,19.7292022240032,2.7590426234365));
#4829=CARTESIAN_POINT('',(102.114412538332,19.9544385878814,2.65840674255683));
#4830=CARTESIAN_POINT('',(101.978704768479,20.2288108203283,2.61521533234472));
#4831=CARTESIAN_POINT('',(102.121906723202,19.9626278993095,2.66798082100141));
#4832=CARTESIAN_POINT('',(99.4127088957597,30.8682482714906,2.69056471806041));
#4833=CARTESIAN_POINT('',(99.2248676097755,31.1024467059008,2.62488084147738));
#4834=CARTESIAN_POINT('',(99.1234415447896,31.3960642278921,2.62062333344312));
#4835=CARTESIAN_POINT('',(99.1337979280374,31.6985798316755,2.67920847303138));
#4836=CARTESIAN_POINT('',(99.1921236099478,31.9729035074701,2.79447217748924));
#4837=CARTESIAN_POINT('',(99.2740429389403,32.2067168278435,2.97559578200953));
#4838=CARTESIAN_POINT('',(99.3714115502843,32.3050709419984,3.27339297118538));
#4839=CARTESIAN_POINT('',(99.4447098327085,32.1284470386185,3.53768334707931));
#4840=CARTESIAN_POINT('',(99.5074330624715,31.8660172983925,3.68061817853647));
#4841=CARTESIAN_POINT('',(99.6055825750178,31.4822576894119,3.7738162970079));
#4842=CARTESIAN_POINT('',(99.7416814417473,31.0911103721506,3.73716216811044));
#4843=CARTESIAN_POINT('',(99.8766831367402,30.751746741758,3.56132757630744));
#4844=CARTESIAN_POINT('',(99.9334040554609,30.5484721128569,3.31408857926393));
#4845=CARTESIAN_POINT('',(99.818012916648,30.5453497730839,3.00698018362565));
#4846=CARTESIAN_POINT('',(99.6182845440338,30.6825986085075,2.8131354030748));
#4847=CARTESIAN_POINT('',(99.4127088957597,30.8682482714906,2.69056471806041));
#4848=CARTESIAN_POINT('',(99.2248676097755,31.1024467059008,2.62488084147738));
#4849=CARTESIAN_POINT('',(99.1234415447896,31.3960642278921,2.62062333344312));
#4850=CARTESIAN_POINT('',(99.2392701466085,31.1123498871643,2.63511856956884));
#4851=CARTESIAN_POINT('',(95.1748342933336,41.8375245683241,2.61467925045115));
#4852=CARTESIAN_POINT('',(95.0964561015043,42.1355240781584,2.63955286009844));
#4853=CARTESIAN_POINT('',(95.1020588477748,42.4308564598265,2.7233907509489));
#4854=CARTESIAN_POINT('',(95.1435197610462,42.6948937348565,2.86465959117051));
#4855=CARTESIAN_POINT('',(95.2135615437269,42.905185040917,3.09821725636787));
#4856=CARTESIAN_POINT('',(95.3070827883624,42.8794031306465,3.41206756351514));
#4857=CARTESIAN_POINT('',(95.3962355168824,42.6514924480221,3.61321477122072));
#4858=CARTESIAN_POINT('',(95.5243424587112,42.2950094514704,3.75696105674798));
#4859=CARTESIAN_POINT('',(95.6891208691572,41.9128730757701,3.76595067244451));
#4860=CARTESIAN_POINT('',(95.8673562964447,41.5701131717521,3.6423378621202));
#4861=CARTESIAN_POINT('',(95.985356888149,41.3412602013145,3.46725642497006));
#4862=CARTESIAN_POINT('',(95.9872368065512,41.2120214854068,3.16546353518534));
#4863=CARTESIAN_POINT('',(95.8044303744485,41.2760602562408,2.90599991906761));
#4864=CARTESIAN_POINT('',(95.5849714645213,41.4130371284228,2.7506605955225));
#4865=CARTESIAN_POINT('',(95.3623979720923,41.5950562197323,2.65442235270125));
#4866=CARTESIAN_POINT('',(95.1748342933336,41.8375245683241,2.61467925045115));
#4867=CARTESIAN_POINT('',(95.0964561015043,42.1355240781584,2.63955286009844));
#4868=CARTESIAN_POINT('',(95.1020588477748,42.4308564598265,2.7233907509489));
#4869=CARTESIAN_POINT('',(95.1104529245211,42.1350795567974,2.64938024029936));
#4870=CARTESIAN_POINT('',(90.5588041141485,51.5469136101649,2.77893781392871));
#4871=CARTESIAN_POINT('',(90.3177257976742,51.6934308317203,2.67034997427776));
#4872=CARTESIAN_POINT('',(90.0912652627383,51.8989405705744,2.61769624650528));
#4873=CARTESIAN_POINT('',(89.9563211384225,52.1788065265868,2.62935786552841));
#4874=CARTESIAN_POINT('',(89.9180744802149,52.4756667329781,2.70182356260741));
#4875=CARTESIAN_POINT('',(89.923875485391,52.7484186120974,2.83041272661207));
#4876=CARTESIAN_POINT('',(89.9622199881139,52.9832005164202,3.03893063634277));
#4877=CARTESIAN_POINT('',(90.0483128118146,53.0309656709195,3.35103194897226));
#4878=CARTESIAN_POINT('',(90.1608664685529,52.8350231923626,3.58152347518752));
#4879=CARTESIAN_POINT('',(90.3220847615688,52.502215925954,3.74493009108552));
#4880=CARTESIAN_POINT('',(90.5217262874753,52.1384615994164,3.77187697753506));
#4881=CARTESIAN_POINT('',(90.7378657984732,51.8104295284985,3.66774243557951));
#4882=CARTESIAN_POINT('',(90.8862706563168,51.5903483929999,3.51495544270261));
#4883=CARTESIAN_POINT('',(90.9466358712099,51.4304251389127,3.23476519794982));
#4884=CARTESIAN_POINT('',(90.7879389447002,51.4443712436029,2.94992702741052));
#4885=CARTESIAN_POINT('',(90.5588041141485,51.5469136101649,2.77893781392871));
#4886=CARTESIAN_POINT('',(90.3177257976742,51.6934308317203,2.67034997427776));
#4887=CARTESIAN_POINT('',(90.0912652627383,51.8989405705744,2.61769624650528));
#4888=CARTESIAN_POINT('',(90.3201620945974,51.7032629179368,2.67967232625742));
#4889=CARTESIAN_POINT('',(84.2147737877868,61.1850981890161,2.69058976075178));
#4890=CARTESIAN_POINT('',(83.961141213663,61.3469963421382,2.62485504042521));
#4891=CARTESIAN_POINT('',(83.77151075957,61.5913474155566,2.62059689561065));
#4892=CARTESIAN_POINT('',(83.683787368296,61.8809447884125,2.6789883316306));
#4893=CARTESIAN_POINT('',(83.6507763030673,62.1585513521863,2.79349757950628));
#4894=CARTESIAN_POINT('',(83.6529898316634,62.4061725678359,2.97395195597299));
#4895=CARTESIAN_POINT('',(83.7123985357175,62.5326126195836,3.26927274339775));
#4896=CARTESIAN_POINT('',(83.8383492878047,62.3912644361182,3.53570350437056));
#4897=CARTESIAN_POINT('',(83.9820350037217,62.1629368312909,3.67956937149356));
#4898=CARTESIAN_POINT('',(84.1983944869661,61.8307826851402,3.77371588755178));
#4899=CARTESIAN_POINT('',(84.4528464471642,61.5040213623492,3.73809504637022));
#4900=CARTESIAN_POINT('',(84.6908281126652,61.2246749514611,3.56177097418932));
#4901=CARTESIAN_POINT('',(84.8102516178188,61.0508054123536,3.31648310471135));
#4902=CARTESIAN_POINT('',(84.7032290897191,61.0094303151122,3.00778876977054));
#4903=CARTESIAN_POINT('',(84.469145440568,61.0754707485849,2.81324528101931));
#4904=CARTESIAN_POINT('',(84.2147737877868,61.1850981890161,2.69058976075178));
#4905=CARTESIAN_POINT('',(83.961141213663,61.3469963421382,2.62485504042521));
#4906=CARTESIAN_POINT('',(83.77151075957,61.5913474155566,2.62059689561065));
#4907=CARTESIAN_POINT('',(83.9718082336681,61.3607384955209,2.63510113634389));
#4908=CARTESIAN_POINT('',(76.8189310928695,70.1004436816261,2.63055255835296));
#4909=CARTESIAN_POINT('',(76.5913816390362,70.3097704122667,2.61714621731249));
#4910=CARTESIAN_POINT('',(76.4608391975817,70.587195297589,2.66820260846302));
#4911=CARTESIAN_POINT('',(76.3921017747607,70.8636502311177,2.77617410595138));
#4912=CARTESIAN_POINT('',(76.3622399866868,71.1167439005779,2.94813058406235));
#4913=CARTESIAN_POINT('',(76.3967514030892,71.2732804283447,3.23427063302517));
#4914=CARTESIAN_POINT('',(76.5301581810614,71.1690579617011,3.51338553866157));
#4915=CARTESIAN_POINT('',(76.750701240147,70.8911314263385,3.71842780290783));
#4916=CARTESIAN_POINT('',(77.0143093855415,70.5762047795746,3.77489458055196));
#4917=CARTESIAN_POINT('',(77.2982084974529,70.2929793450747,3.70474920852229));
#4918=CARTESIAN_POINT('',(77.4997010460125,70.1018903815255,3.58159554222925));
#4919=CARTESIAN_POINT('',(77.6529898384311,69.9360140845113,3.35235820123637));
#4920=CARTESIAN_POINT('',(77.5819569043203,69.8678016902631,3.0396759328384));
#4921=CARTESIAN_POINT('',(77.3500879610229,69.9009600418305,2.83318148392069));
#4922=CARTESIAN_POINT('',(77.0886247438623,69.9766873527364,2.70335091253165));
#4923=CARTESIAN_POINT('',(76.8189310928695,70.1004436816261,2.63055255835296));
#4924=CARTESIAN_POINT('',(76.5913816390362,70.3097704122667,2.61714621731249));
#4925=CARTESIAN_POINT('',(76.4608391975817,70.587195297589,2.66820260846302));
#4926=CARTESIAN_POINT('',(76.607549474436,70.3211201047168,2.62789000601356));
#4927=CARTESIAN_POINT('',(68.5896159194513,78.1302116250653,2.61524074369627));
#4928=CARTESIAN_POINT('',(68.3873725978919,78.3633051937527,2.63666708233465));
#4929=CARTESIAN_POINT('',(68.2645687865963,78.6336349201043,2.71773069359737));
#4930=CARTESIAN_POINT('',(68.1886375041331,78.8911076694758,2.85571149954378));
#4931=CARTESIAN_POINT('',(68.1591565176314,79.1160933282684,3.08263260066743));
#4932=CARTESIAN_POINT('',(68.2485127024233,79.145927191415,3.39887297924669));
#4933=CARTESIAN_POINT('',(68.4233589140332,78.9813714073337,3.60549670452026));
#4934=CARTESIAN_POINT('',(68.6884862248859,78.7137195363766,3.75445221374107));
#4935=CARTESIAN_POINT('',(68.998316370751,78.4358943752625,3.76751771967915));
#4936=CARTESIAN_POINT('',(69.3054961139486,78.1993738442035,3.6490743253312));
#4937=CARTESIAN_POINT('',(69.5121146067737,78.0403334027913,3.47866801014876));
#4938=CARTESIAN_POINT('',(69.5813608220642,77.9204011857617,3.18223149138298));
#4939=CARTESIAN_POINT('',(69.3965324042025,77.8968671144092,2.91585853875669));
#4940=CARTESIAN_POINT('',(69.1416562945044,77.9263641925552,2.75732651721854));
#4941=CARTESIAN_POINT('',(68.8633483443844,77.9949903180873,2.65799139140039));
#4942=CARTESIAN_POINT('',(68.5896159194513,78.1302116250653,2.61524074369627));
#4943=CARTESIAN_POINT('',(68.3873725978919,78.3633051937527,2.63666708233465));
#4944=CARTESIAN_POINT('',(68.2645687865963,78.6336349201043,2.71773069359737));
#4945=CARTESIAN_POINT('',(68.4006125162692,78.36951122003,2.64660662777205));
#4946=CARTESIAN_POINT('',(59.741011227107,85.0994740343602,2.6200050526865));
#4947=CARTESIAN_POINT('',(59.4940146278825,85.2861078921216,2.62564829946996));
#4948=CARTESIAN_POINT('',(59.3278500981017,85.5372002904607,2.69285464193982));
#4949=CARTESIAN_POINT('',(59.2137028392509,85.7888952102376,2.81687307909043));
#4950=CARTESIAN_POINT('',(59.1439325115417,86.0209547464402,3.0146132893423));
#4951=CARTESIAN_POINT('',(59.1870449071085,86.1226168928516,3.32395476073576));
#4952=CARTESIAN_POINT('',(59.3650600731538,86.0040164837635,3.56576640005345));
#4953=CARTESIAN_POINT('',(59.6492851949155,85.7724253935039,3.73924963674741));
#4954=CARTESIAN_POINT('',(59.9820037184637,85.5254649292691,3.77339258295103));
#4955=CARTESIAN_POINT('',(60.3179489961294,85.317238468398,3.67776633309701));
#4956=CARTESIAN_POINT('',(60.5490316255857,85.1787282072723,3.53234279139141));
#4957=CARTESIAN_POINT('',(60.6894999799573,85.0565276211312,3.26374367853036));
#4958=CARTESIAN_POINT('',(60.5607329730243,84.9956327779773,2.97031428715365));
#4959=CARTESIAN_POINT('',(60.3115948611971,84.9885662995827,2.79061988933747));
#4960=CARTESIAN_POINT('',(60.0321637963199,85.0164226010841,2.67714705313693));
#4961=CARTESIAN_POINT('',(59.741011227107,85.0994740343602,2.6200050526865));
#4962=CARTESIAN_POINT('',(59.4940146278825,85.2861078921216,2.62564829946996));
#4963=CARTESIAN_POINT('',(59.3278500981017,85.5372002904607,2.69285464193982));
#4964=CARTESIAN_POINT('',(59.5074866394564,85.2968509822179,2.63590881541769));
#4965=CARTESIAN_POINT('',(103.790720558444,8.53548764559947,2.72563886485844));
#4966=CARTESIAN_POINT('',(103.643981089623,8.78862395461762,2.64113469465895));
#4967=CARTESIAN_POINT('',(103.5659921196,9.08883776775127,2.61441428846324));
#4968=CARTESIAN_POINT('',(103.611999509539,9.39238380908622,2.65304522961703));
#4969=CARTESIAN_POINT('',(103.719554730164,9.66103927792686,2.74875846971946));
#4970=CARTESIAN_POINT('',(103.846418004459,9.88819490714038,2.90365711991578));
#4971=CARTESIAN_POINT('',(103.976673760063,10.0342301783545,3.16332624869279));
#4972=CARTESIAN_POINT('',(104.037682951364,9.92190094434275,3.46526792683482));
#4973=CARTESIAN_POINT('',(104.044466111523,9.66496593480133,3.64137262012912));
#4974=CARTESIAN_POINT('',(104.05296715069,9.27861189165908,3.76570407528495));
#4975=CARTESIAN_POINT('',(104.092100688771,8.86467630892543,3.75746814603666));
#4976=CARTESIAN_POINT('',(104.151151142574,8.49012906034243,3.61412611678179));
#4977=CARTESIAN_POINT('',(104.183119378276,8.24747616634974,3.41531634440573));
#4978=CARTESIAN_POINT('',(104.114184078497,8.17743661475865,3.100072138462));
#4979=CARTESIAN_POINT('',(103.953766547362,8.32538579663084,2.8681498074581));
#4980=CARTESIAN_POINT('',(103.790720558444,8.53548764559947,2.72563886485844));
#4981=CARTESIAN_POINT('',(103.643981089623,8.78862395461762,2.64113469465895));
#4982=CARTESIAN_POINT('',(103.5659921196,9.08883776775127,2.61441428846324));
#4983=CARTESIAN_POINT('',(103.655439506089,8.79647020530367,2.6507653219932));
#4984=CARTESIAN_POINT('',(103.453876738631,3.08956109313026,3.5));
#4985=CARTESIAN_POINT('',(102.454322374006,3.05971026131292,3.5));
#4986=CARTESIAN_POINT('',(100.455205299996,3.00000834846914,3.5));
#4987=CARTESIAN_POINT('',(101.796127001036,1.01932609344327,2.70614794680454));
#4988=CARTESIAN_POINT('',(101.703381598012,0.837747525238139,2.6307958801965));
#4989=CARTESIAN_POINT('',(101.529017172794,0.462452273207339,2.49245028588895));
#4990=CARTESIAN_POINT('',(101.356995363853,-0.183345235138289,2.48554646621795));
#4991=CARTESIAN_POINT('',(101.272032022521,-0.760612807065167,2.84479673879893));
#4992=CARTESIAN_POINT('',(101.246966517952,-0.997017747331531,3.49534037623829));
#4993=CARTESIAN_POINT('',(101.271383449149,-0.766353734078356,4.14844011070194));
#4994=CARTESIAN_POINT('',(101.355544240005,-0.190450211615645,4.51321578863892));
#4995=CARTESIAN_POINT('',(101.527820206193,0.459844172159256,4.50865173028464));
#4996=CARTESIAN_POINT('',(101.702947554371,0.836897747024853,4.36955676353872));
#4997=CARTESIAN_POINT('',(101.796127001036,1.01932609344324,4.29385205319547));
#4998=CARTESIAN_POINT('',(101.796127001036,1.01932609344327,2.70614794680454));
#4999=CARTESIAN_POINT('',(101.796127001036,1.01932609344324,4.29385205319547));
#5000=CARTESIAN_POINT('',(101.796127001036,1.01932609344324,4.29385205319547));
#5001=CARTESIAN_POINT('',(101.851735289492,1.12819697080141,4.24867246133361));
#5002=CARTESIAN_POINT('',(101.963734699575,1.34254474191732,4.15143272750808));
#5003=CARTESIAN_POINT('',(102.11615875495,1.66476694088789,3.99180662066622));
#5004=CARTESIAN_POINT('',(102.216751225149,1.93484711552166,3.83647394427587));
#5005=CARTESIAN_POINT('',(102.273239510336,2.13417918934864,3.68003807599014));
#5006=CARTESIAN_POINT('',(102.296447883176,2.23571728446621,3.49159272721133));
#5007=CARTESIAN_POINT('',(102.270218943596,2.12209446216585,3.30936053274773));
#5008=CARTESIAN_POINT('',(102.213202907967,1.92468028569388,3.15705029283318));
#5009=CARTESIAN_POINT('',(102.112133839616,1.6555921089049,3.00356227972899));
#5010=CARTESIAN_POINT('',(101.96179728727,1.3389542440873,2.846910972256));
#5011=CARTESIAN_POINT('',(101.851123905227,1.12699999202065,2.75083081250698));
#5012=CARTESIAN_POINT('',(101.796127001036,1.01932609344327,2.70614794680454));
#5013=CARTESIAN_POINT('',(101.796127001036,1.01932609344327,2.70614794680455));
#5014=CARTESIAN_POINT('',(100.455213901519,0.758857065142521,3.11676840340063));
#5015=CARTESIAN_POINT('',(100.455213901519,1.52289056420649,1.91229589360909));
#5016=CARTESIAN_POINT('',(101.851371444151,1.12748461774759,2.75103192181355));
#5017=CARTESIAN_POINT('',(100.50248388545,0.786839357046835,3.22181871215077));
#5018=CARTESIAN_POINT('',(100.455213901519,1.64144103325149,2.0260068913891));
#5019=CARTESIAN_POINT('',(101.967524117035,1.34917647435497,2.85128302258744));
#5020=CARTESIAN_POINT('',(100.616016806613,0.804003066063727,3.44532838634971));
#5021=CARTESIAN_POINT('',(100.455213901519,1.84269400275403,2.26937075703678));
#5022=CARTESIAN_POINT('',(102.139797978568,1.71579849508783,3.03395720014683));
#5023=CARTESIAN_POINT('',(100.858400927503,0.684359059962567,3.77381070441213));
#5024=CARTESIAN_POINT('',(100.455213901519,2.05127751063634,2.6659458479029));
#5025=CARTESIAN_POINT('',(102.242081598208,2.01650195752131,3.21445081673314));
#5026=CARTESIAN_POINT('',(101.134863676144,0.402781944330043,3.91148199849876));
#5027=CARTESIAN_POINT('',(100.455213901519,2.15241151762357,3.0083050345151));
#5028=CARTESIAN_POINT('',(102.281766008967,2.17127268841487,3.37443371202922));
#5029=CARTESIAN_POINT('',(101.329583477408,0.156709212068944,3.75684484965195));
#5030=CARTESIAN_POINT('',(100.455213901519,2.1931575510459,3.2874623447448));
#5031=CARTESIAN_POINT('',(102.291454645273,2.21426304660099,3.50036198789009));
#5032=CARTESIAN_POINT('',(101.39313862074,0.0712177273432148,3.49931541143797));
#5033=CARTESIAN_POINT('',(100.455213901519,2.20339580166347,3.50061670069036));
#5034=CARTESIAN_POINT('',(102.281867334982,2.17168803441401,3.62470145191644));
#5035=CARTESIAN_POINT('',(101.330161718701,0.155956273242048,3.24457986880049));
#5036=CARTESIAN_POINT('',(100.455213901519,2.19325920541358,3.71105766198954));
#5037=CARTESIAN_POINT('',(102.242099454177,2.01653538468955,3.78579825865558));
#5038=CARTESIAN_POINT('',(101.134881135165,0.402803168520427,3.08791859043424));
#5039=CARTESIAN_POINT('',(100.455213901519,2.15244729717209,3.99210276459887));
#5040=CARTESIAN_POINT('',(102.140053121266,1.7165940913405,3.96545290849511));
#5041=CARTESIAN_POINT('',(100.859093680012,0.683504891533844,3.22611714819848));
#5042=CARTESIAN_POINT('',(100.455213901519,2.05138113379279,4.33299744578501));
#5043=CARTESIAN_POINT('',(101.968758596424,1.35157347226598,4.14765962978971));
#5044=CARTESIAN_POINT('',(100.617318203299,0.804070282124496,3.55217173734697));
#5045=CARTESIAN_POINT('',(100.455213901519,1.84473413365095,4.72808541164916));
#5046=CARTESIAN_POINT('',(101.85087587889,1.12651439081487,4.24937070625959));
#5047=CARTESIAN_POINT('',(100.502051838451,0.78658360797235,3.77914144127527));
#5048=CARTESIAN_POINT('',(100.455213901519,1.64037759456942,4.9750131447604));
#5049=CARTESIAN_POINT('',(101.796127001036,1.01932609344324,4.29385205319547));
#5050=CARTESIAN_POINT('',(100.455213901519,0.758857065142512,3.88323159659939));
#5051=CARTESIAN_POINT('',(100.455213901519,1.52289056420645,5.08770410639094));
#5052=CARTESIAN_POINT('',(101.455213901519,1.5228905642065,1.91229589360909));
#5053=CARTESIAN_POINT('',(101.455213901519,1.52289056420646,5.08770410639095));
#5054=CARTESIAN_POINT('',(100.455213901519,1.52289056420649,1.91229589360909));
#5055=CARTESIAN_POINT('',(100.455213901519,0.758857065142523,3.11676840340063));
#5056=CARTESIAN_POINT('',(101.796127001036,1.01932609344327,2.70614794680454));
#5057=CARTESIAN_POINT('',(100.455213901519,1.19486802464099,1.70422122499837));
#5058=CARTESIAN_POINT('',(100.455213901508,0.702103416047973,2.85769804914408));
#5059=CARTESIAN_POINT('',(101.668074990798,0.76862364208408,2.60211062751389));
#5060=CARTESIAN_POINT('',(100.455213901519,0.461684111962835,1.42101747497267));
#5061=CARTESIAN_POINT('',(100.455213901524,0.374831941042506,2.4836931205041));
#5062=CARTESIAN_POINT('',(101.478990857752,0.32098186131666,2.46050873052098));
#5063=CARTESIAN_POINT('',(100.455213901519,-0.722844019200885,1.57088405670326));
#5064=CARTESIAN_POINT('',(100.455213901518,-0.335174186471035,2.41996303135603));
#5065=CARTESIAN_POINT('',(101.335764876915,-0.313514734066829,2.53544203020829));
#5066=CARTESIAN_POINT('',(100.455213901519,-1.66012631565192,2.33706677344522));
#5067=CARTESIAN_POINT('',(100.45521390152,-0.928574847607527,2.81811530516504));
#5068=CARTESIAN_POINT('',(101.268318554742,-0.797142051952497,2.91853338626129));
#5069=CARTESIAN_POINT('',(100.455213901519,-2.01662899541332,3.49258417002466));
#5070=CARTESIAN_POINT('',(100.455213901519,-1.15769881607337,3.49561932047338));
#5071=CARTESIAN_POINT('',(101.248765320151,-0.979289923633017,3.49629208500081));
#5072=CARTESIAN_POINT('',(100.455213901519,-1.66715800541032,4.652871626097));
#5073=CARTESIAN_POINT('',(100.455213901519,-0.933046630660454,4.17612891080747));
#5074=CARTESIAN_POINT('',(101.267899200817,-0.800757620659141,4.07643581355588));
#5075=CARTESIAN_POINT('',(100.455213901519,-0.734513808540693,5.42462781086308));
#5076=CARTESIAN_POINT('',(100.45521390152,-0.342574667749212,4.5784834395311));
#5077=CARTESIAN_POINT('',(101.334774002099,-0.319535037504208,4.46231390341353));
#5078=CARTESIAN_POINT('',(100.455213901519,0.457223711528958,5.58177024345975));
#5079=CARTESIAN_POINT('',(100.455213901518,0.373599803884317,4.51905524110939));
#5080=CARTESIAN_POINT('',(101.47760173235,0.318027293823288,4.54088512929454));
#5081=CARTESIAN_POINT('',(100.455213901519,1.1974364902014,5.29414952679414));
#5082=CARTESIAN_POINT('',(100.455213901523,0.702508750122352,4.14045172570528));
#5083=CARTESIAN_POINT('',(101.669077653947,0.770586673833787,4.39707474709152));
#5084=CARTESIAN_POINT('',(100.455213901519,1.52289056420644,5.08770410639094));
#5085=CARTESIAN_POINT('',(100.455213901519,0.75885706514251,3.8832315965994));
#5086=CARTESIAN_POINT('',(101.796127001036,1.01932609344324,4.29385205319547));
#5087=CARTESIAN_POINT('',(304.898265230297,534.099286518486,3.5));
#5088=CARTESIAN_POINT('',(304.898265230297,534.099286518486,3.5));
#5089=CARTESIAN_POINT('',(302.151948912308,529.342527122072,3.5));
#5090=CARTESIAN_POINT('',(302.151948912308,529.342527122072,3.5));
#5091=CARTESIAN_POINT('',(303.470835386296,528.581067661285,1.91232309385426));
#5092=CARTESIAN_POINT('',(303.470835386296,528.581067661284,5.08767690614508));
#5093=CARTESIAN_POINT('',(302.151948912308,529.342527122072,3.5));
#5094=CARTESIAN_POINT('',(302.151948912308,529.342527122072,3.5));
#5095=CARTESIAN_POINT('',(303.470835386296,528.581067661284,5.08767690614514));
#5096=CARTESIAN_POINT('',(303.186438167816,528.745264471931,5.29599776898463));
#5097=CARTESIAN_POINT('',(302.547512100804,529.114148608712,5.58123290565328));
#5098=CARTESIAN_POINT('',(301.515348397087,529.710068600902,5.42451644725893));
#5099=CARTESIAN_POINT('',(300.708901595909,530.175670878649,4.65304650056748));
#5100=CARTESIAN_POINT('',(300.405314203823,530.350947141192,3.49609055443505));
#5101=CARTESIAN_POINT('',(300.71416700908,530.172630890937,2.33696531593159));
#5102=CARTESIAN_POINT('',(301.523654326191,529.705273170497,1.57249508487892));
#5103=CARTESIAN_POINT('',(302.54990446528,529.112767376438,1.42020206906823));
#5104=CARTESIAN_POINT('',(303.186748661036,528.745085208587,1.7042296671902));
#5105=CARTESIAN_POINT('',(303.470835386296,528.581067661285,1.91232309385448));
#5106=CARTESIAN_POINT('',(0.,0.,3.5));
#5107=CARTESIAN_POINT('',(483.692635782055,364.300479803967,3.76852869953802));
#5108=CARTESIAN_POINT('',(483.436720671616,364.63061120649,3.75262877533698));
#5109=CARTESIAN_POINT('',(483.187151473194,364.914223539717,3.60161106061139));
#5110=CARTESIAN_POINT('',(483.034780769874,365.100844260458,3.38948643655952));
#5111=CARTESIAN_POINT('',(483.080217833875,365.181598553561,3.0731679093665));
#5112=CARTESIAN_POINT('',(483.305061716927,365.133310921653,2.85170878627462));
#5113=CARTESIAN_POINT('',(483.558752193685,365.037138953574,2.71514147643208));
#5114=CARTESIAN_POINT('',(483.818938909503,364.894315351317,2.63582905674191));
#5115=CARTESIAN_POINT('',(484.036931011629,364.671922751141,2.61538817832108));
#5116=CARTESIAN_POINT('',(484.149431328033,364.386158023918,2.6597739712615));
#5117=CARTESIAN_POINT('',(484.195908105381,364.101710895207,2.76068267425703));
#5118=CARTESIAN_POINT('',(484.205259469077,363.843553268611,2.92103887891326));
#5119=CARTESIAN_POINT('',(484.16602081162,363.662599051558,3.19215400339951));
#5120=CARTESIAN_POINT('',(484.049129656414,363.752028825215,3.48787671115194));
#5121=CARTESIAN_POINT('',(483.906484669452,363.973426894658,3.65312582678477));
#5122=CARTESIAN_POINT('',(483.692635782055,364.300479803967,3.76852869953802));
#5123=CARTESIAN_POINT('',(483.436720671616,364.63061120649,3.75262877533698));
#5124=CARTESIAN_POINT('',(483.187151473194,364.914223539717,3.60161106061139));
#5125=CARTESIAN_POINT('',(483.374857198012,364.697637700688,3.70361453077854));
#5126=CARTESIAN_POINT('',(459.941472532825,393.98948394714,2.99734934561057));
#5127=CARTESIAN_POINT('',(460.18299282467,393.938905164121,2.80766328749133));
#5128=CARTESIAN_POINT('',(460.447885790012,393.846449266232,2.68702169085656));
#5129=CARTESIAN_POINT('',(460.713090617682,393.701423155874,2.62351475625413));
#5130=CARTESIAN_POINT('',(460.918326589745,393.466365163311,2.62180092851187));
#5131=CARTESIAN_POINT('',(461.023896799919,393.181955026982,2.68259899082925));
#5132=CARTESIAN_POINT('',(461.075605097674,392.905847808719,2.79989172383192));
#5133=CARTESIAN_POINT('',(461.090095964753,392.657452308599,2.98389405553986));
#5134=CARTESIAN_POINT('',(461.035058165696,392.536231052638,3.28695220021367));
#5135=CARTESIAN_POINT('',(460.896780968968,392.680969350509,3.54595001183802));
#5136=CARTESIAN_POINT('',(460.736339632405,392.901154657205,3.68478798153791));
#5137=CARTESIAN_POINT('',(460.495112358368,393.218386359188,3.77410029202498));
#5138=CARTESIAN_POINT('',(460.21518391521,393.52493916446,3.73469642931723));
#5139=CARTESIAN_POINT('',(459.95629325857,393.783521412406,3.55592600176463));
#5140=CARTESIAN_POINT('',(459.826333752346,393.946609161665,3.30416833296831));
#5141=CARTESIAN_POINT('',(459.941472532825,393.98948394714,2.99734934561057));
#5142=CARTESIAN_POINT('',(460.18299282467,393.938905164121,2.80766328749133));
#5143=CARTESIAN_POINT('',(460.447885790012,393.846449266232,2.68702169085656));
#5144=CARTESIAN_POINT('',(460.186888270253,393.931925644976,2.81917069773878));
#5145=CARTESIAN_POINT('',(435.035483805276,421.149144883085,3.53409930565983));
#5146=CARTESIAN_POINT('',(434.916791158773,421.297391995094,3.26319870166185));
#5147=CARTESIAN_POINT('',(435.05886741934,421.331536802295,2.9681912545498));
#5148=CARTESIAN_POINT('',(435.30664597841,421.290590514314,2.79015218948792));
#5149=CARTESIAN_POINT('',(435.577227844292,421.20997435766,2.67691175431168));
#5150=CARTESIAN_POINT('',(435.849224184862,421.072152468099,2.61982969838272));
#5151=CARTESIAN_POINT('',(436.056391733595,420.840229678828,2.62585701864789));
#5152=CARTESIAN_POINT('',(436.171132537789,420.560424705751,2.69344429069531));
#5153=CARTESIAN_POINT('',(436.234406199978,420.291899493118,2.81672193910456));
#5154=CARTESIAN_POINT('',(436.259127491611,420.049187311288,3.01182790205495));
#5155=CARTESIAN_POINT('',(436.198142384648,419.954043942049,3.32350731045549));
#5156=CARTESIAN_POINT('',(436.04563925812,420.108391447243,3.56627183580537));
#5157=CARTESIAN_POINT('',(435.86922847151,420.321512295446,3.69627070360388));
#5158=CARTESIAN_POINT('',(435.605685821882,420.624283745972,3.77496698121221));
#5159=CARTESIAN_POINT('',(435.305799932597,420.910528946714,3.72542810214502));
#5160=CARTESIAN_POINT('',(435.035483805276,421.149144883085,3.53409930565983));
#5161=CARTESIAN_POINT('',(434.916791158773,421.297391995094,3.26319870166185));
#5162=CARTESIAN_POINT('',(435.05886741934,421.331536802295,2.9681912545498));
#5163=CARTESIAN_POINT('',(434.960252643285,421.278374944293,3.25918089447615));
#5164=CARTESIAN_POINT('',(409.687615218419,446.390839084865,2.69799369486755));
#5165=CARTESIAN_POINT('',(409.765577699356,446.126638791775,2.82432456208289));
#5166=CARTESIAN_POINT('',(409.802573677168,445.887058769168,3.02594114795791));
#5167=CARTESIAN_POINT('',(409.739550015285,445.803365774111,3.34143362304596));
#5168=CARTESIAN_POINT('',(409.575644336428,445.955022122798,3.575232117844));
#5169=CARTESIAN_POINT('',(409.322351467437,446.226313941835,3.7428432699737));
#5170=CARTESIAN_POINT('',(409.022510281729,446.515443979247,3.77252001871586));
#5171=CARTESIAN_POINT('',(408.714611423939,446.764711778677,3.67214811402996));
#5172=CARTESIAN_POINT('',(408.503107830776,446.9304658479,3.52333858241302));
#5173=CARTESIAN_POINT('',(408.386337352595,447.067505566699,3.2466906456678));
#5174=CARTESIAN_POINT('',(408.538068535799,447.105122676849,2.95602531515389));
#5175=CARTESIAN_POINT('',(408.789012872767,447.07734106501,2.78305562666993));
#5176=CARTESIAN_POINT('',(409.065516661054,447.011027941667,2.67249582468927));
#5177=CARTESIAN_POINT('',(409.343602897647,446.8862650496,2.61853815962025));
#5178=CARTESIAN_POINT('',(409.560075421678,446.662288264469,2.62799875110295));
#5179=CARTESIAN_POINT('',(409.687615218419,446.390839084865,2.69799369486755));
#5180=CARTESIAN_POINT('',(409.765577699356,446.126638791775,2.82432456208289));
#5181=CARTESIAN_POINT('',(409.802573677168,445.887058769168,3.02594114795791));
#5182=CARTESIAN_POINT('',(409.758749948835,446.130742170189,2.83687218185943));
#5183=CARTESIAN_POINT('',(380.652993087059,470.900125087778,3.65991886154775));
#5184=CARTESIAN_POINT('',(380.43474447081,471.051120483976,3.50081520074209));
#5185=CARTESIAN_POINT('',(380.335186502663,471.174813939106,3.21064457941431));
#5186=CARTESIAN_POINT('',(380.505677309334,471.212257563864,2.93371575820565));
#5187=CARTESIAN_POINT('',(380.762821137945,471.19599540925,2.76788397650367));
#5188=CARTESIAN_POINT('',(381.045100223666,471.141919452538,2.66378967415402));
#5189=CARTESIAN_POINT('',(381.32895060612,471.024179483027,2.61609213074902));
#5190=CARTESIAN_POINT('',(381.548634820405,470.802453527225,2.63334241296681));
#5191=CARTESIAN_POINT('',(381.684802742189,470.53878475527,2.70951981399066));
#5192=CARTESIAN_POINT('',(381.774175071788,470.281387301952,2.84264695388979));
#5193=CARTESIAN_POINT('',(381.818552728196,470.051061449166,3.05728982857756));
#5194=CARTESIAN_POINT('',(381.743778213488,469.993994859186,3.37480933745273));
#5195=CARTESIAN_POINT('',(381.565664372357,470.147317323441,3.59291876549187));
#5196=CARTESIAN_POINT('',(381.292761612182,470.405249094328,3.74957028116396));
#5197=CARTESIAN_POINT('',(380.973625275126,470.673218087871,3.77012058295234));
#5198=CARTESIAN_POINT('',(380.652993087059,470.900125087778,3.65991886154775));
#5199=CARTESIAN_POINT('',(380.43474447081,471.051120483976,3.50081520074209));
#5200=CARTESIAN_POINT('',(380.335186502663,471.174813939106,3.21064457941431));
#5201=CARTESIAN_POINT('',(380.454526245493,471.046570160463,3.47897070732148));
#5202=CARTESIAN_POINT('',(352.175854155499,492.544479537917,3.57388239407599));
#5203=CARTESIAN_POINT('',(351.893419800104,492.781299795135,3.74177355844285));
#5204=CARTESIAN_POINT('',(351.558628841005,493.033559944978,3.77286284902622));
#5205=CARTESIAN_POINT('',(351.222101681285,493.243839084637,3.6725290431733));
#5206=CARTESIAN_POINT('',(350.991427007532,493.382817006689,3.52397548934774));
#5207=CARTESIAN_POINT('',(350.858399795777,493.505030963458,3.24635957679067));
#5208=CARTESIAN_POINT('',(351.004386735017,493.56070293381,2.95619094914876));
#5209=CARTESIAN_POINT('',(351.257276346623,493.56373345214,2.78283737040799));
#5210=CARTESIAN_POINT('',(351.539606739538,493.531617255604,2.67245278025718));
#5211=CARTESIAN_POINT('',(351.83151455467,493.441333451027,2.6184313855287));
#5212=CARTESIAN_POINT('',(352.073573990645,493.244913149531,2.62811195043242));
#5213=CARTESIAN_POINT('',(352.23323569084,492.990445951445,2.69856231721441));
#5214=CARTESIAN_POINT('',(352.342587960605,492.737894875281,2.82495366935668));
#5215=CARTESIAN_POINT('',(352.407929317768,492.504828851364,3.02794055744099));
#5216=CARTESIAN_POINT('',(352.355774472105,492.415556181623,3.34024373889099));
#5217=CARTESIAN_POINT('',(352.175854155499,492.544479537917,3.57388239407599));
#5218=CARTESIAN_POINT('',(351.893419800104,492.781299795135,3.74177355844285));
#5219=CARTESIAN_POINT('',(351.558628841005,493.033559944978,3.77286284902622));
#5220=CARTESIAN_POINT('',(351.959665338644,492.723381388549,3.68840061120252));
#5221=CARTESIAN_POINT('',(321.53440810616,513.522097640088,2.70983633757521));
#5222=CARTESIAN_POINT('',(321.654778605774,513.275846295895,2.84475964271659));
#5223=CARTESIAN_POINT('',(321.72561866211,513.055086835107,3.05843404433928));
#5224=CARTESIAN_POINT('',(321.65794120519,512.989908904739,3.37594435608228));
#5225=CARTESIAN_POINT('',(321.461821775159,513.121128380753,3.59378547546319));
#5226=CARTESIAN_POINT('',(321.159821384868,513.34365648919,3.74967125718504));
#5227=CARTESIAN_POINT('',(320.810348666838,513.570694429333,3.77008242598529));
#5228=CARTESIAN_POINT('',(320.464638268753,513.756708856303,3.65945237048441));
#5229=CARTESIAN_POINT('',(320.23078012004,513.87943648931,3.50097237752138));
#5230=CARTESIAN_POINT('',(320.116260164622,513.990190152842,3.21097551127518));
#5231=CARTESIAN_POINT('',(320.281855508719,514.048336589845,2.93285047889638));
#5232=CARTESIAN_POINT('',(320.539572992832,514.063321510232,2.76737479307108));
#5233=CARTESIAN_POINT('',(320.826144953549,514.043936214988,2.66352777652741));
#5234=CARTESIAN_POINT('',(321.122310532672,513.961185822347,2.61605273213187));
#5235=CARTESIAN_POINT('',(321.366569864885,513.768085873544,2.63344627108762));
#5236=CARTESIAN_POINT('',(321.53440810616,513.522097640088,2.70983633757521));
#5237=CARTESIAN_POINT('',(321.654778605774,513.275846295895,2.84475964271659));
#5238=CARTESIAN_POINT('',(321.72561866211,513.055086835107,3.05843404433928));
#5239=CARTESIAN_POINT('',(321.646523531894,513.280094943129,2.85788482546347));
#5240=CARTESIAN_POINT('',(505.060979016735,334.768136403132,2.67101047689197));
#5241=CARTESIAN_POINT('',(505.300908713757,334.577367859398,2.61789697142763));
#5242=CARTESIAN_POINT('',(505.454044780963,334.305914690362,2.62905448796514));
#5243=CARTESIAN_POINT('',(505.510601005577,334.011858433318,2.70025248426049));
#5244=CARTESIAN_POINT('',(505.5214015091,333.736876350867,2.82849230747656));
#5245=CARTESIAN_POINT('',(505.498655879681,333.499075943898,3.03060686854109));
#5246=CARTESIAN_POINT('',(505.416371661317,333.437501093481,3.34632960653672));
#5247=CARTESIAN_POINT('',(505.293373034497,333.627493123165,3.57849355933997));
#5248=CARTESIAN_POINT('',(505.157616312611,333.870740565511,3.70289201716648));
#5249=CARTESIAN_POINT('',(504.951768809352,334.217040775162,3.77500840741134));
#5250=CARTESIAN_POINT('',(504.708110937966,334.551225296541,3.71961981873129));
#5251=CARTESIAN_POINT('',(504.487974372338,334.832707599067,3.51964362772025));
#5252=CARTESIAN_POINT('',(504.411941879205,334.99199376169,3.23937189705196));
#5253=CARTESIAN_POINT('',(504.571463523833,334.988641678536,2.95203995473418));
#5254=CARTESIAN_POINT('',(504.80943315789,334.899826819722,2.779966392257));
#5255=CARTESIAN_POINT('',(505.060979016735,334.768136403132,2.67101047689197));
#5256=CARTESIAN_POINT('',(505.300908713757,334.577367859398,2.61789697142763));
#5257=CARTESIAN_POINT('',(505.454044780963,334.305914690362,2.62905448796514));
#5258=CARTESIAN_POINT('',(505.286443108787,334.563920421848,2.62860880842792));
#5259=CARTESIAN_POINT('',(603.169439874466,57.6457083200363,2.68188337551382));
#5260=CARTESIAN_POINT('',(603.054077470937,57.3904441422031,2.79815047199309));
#5261=CARTESIAN_POINT('',(602.92362064671,57.1779786369741,2.98097467975976));
#5262=CARTESIAN_POINT('',(602.808312430062,57.1069225239879,3.28273819051506));
#5263=CARTESIAN_POINT('',(602.777020545081,57.3028364511787,3.54396523869002));
#5264=CARTESIAN_POINT('',(602.770952425155,57.6663117436372,3.72998073551679));
#5265=CARTESIAN_POINT('',(602.746679730789,58.0800449098302,3.77470472153685));
#5266=CARTESIAN_POINT('',(602.686845988039,58.4758909523741,3.69106669608045));
#5267=CARTESIAN_POINT('',(602.639641050143,58.745922553244,3.55767142809674));
#5268=CARTESIAN_POINT('',(602.625701264991,58.9559476431207,3.30665217217397));
#5269=CARTESIAN_POINT('',(602.744095685536,58.9265752050008,2.99880266640904));
#5270=CARTESIAN_POINT('',(602.912659621531,58.7472055237627,2.80885484162869));
#5271=CARTESIAN_POINT('',(603.076314162738,58.5205230975343,2.68794224596796));
#5272=CARTESIAN_POINT('',(603.210974019623,58.2499940573321,2.62385553528577));
#5273=CARTESIAN_POINT('',(603.245582328039,57.9399200364686,2.62146655004377));
#5274=CARTESIAN_POINT('',(603.169439874466,57.6457083200363,2.68188337551382));
#5275=CARTESIAN_POINT('',(603.054077470937,57.3904441422031,2.79815047199309));
#5276=CARTESIAN_POINT('',(602.92362064671,57.1779786369741,2.98097467975976));
#5277=CARTESIAN_POINT('',(603.051561734154,57.3975772543038,2.80924332387433));
#5278=CARTESIAN_POINT('',(598.21683536318,93.7922620562311,3.2108262894037));
#5279=CARTESIAN_POINT('',(598.159479480235,93.9413086859138,3.50170077406602));
#5280=CARTESIAN_POINT('',(598.137842159331,94.2067484967981,3.66063327571153));
#5281=CARTESIAN_POINT('',(598.101537775087,94.5982511563431,3.77031547094768));
#5282=CARTESIAN_POINT('',(598.028668482224,95.0092955431066,3.74918731987293));
#5283=CARTESIAN_POINT('',(597.941735093123,95.3746101763276,3.59121218927794));
#5284=CARTESIAN_POINT('',(597.898440772403,95.6047765939989,3.37196420114821));
#5285=CARTESIAN_POINT('',(597.98790753329,95.6375791919551,3.05290926646747));
#5286=CARTESIAN_POINT('',(598.164129015302,95.4838229697791,2.84163653887396));
#5287=CARTESIAN_POINT('',(598.342361477294,95.2776539928542,2.70856199388376));
#5288=CARTESIAN_POINT('',(598.502924953065,95.0260154167263,2.63273479778714));
#5289=CARTESIAN_POINT('',(598.583299825426,94.7259981891755,2.6163329224894));
#5290=CARTESIAN_POINT('',(598.542973279823,94.4221628480457,2.6642243120466));
#5291=CARTESIAN_POINT('',(598.448693111861,94.1514280510038,2.76848340429571));
#5292=CARTESIAN_POINT('',(598.334819313303,93.9218280434628,2.93340581831731));
#5293=CARTESIAN_POINT('',(598.21683536318,93.7922620562311,3.2108262894037));
#5294=CARTESIAN_POINT('',(598.159479480235,93.9413086859138,3.50170077406602));
#5295=CARTESIAN_POINT('',(598.137842159331,94.2067484967981,3.66063327571153));
#5296=CARTESIAN_POINT('',(598.165432573909,93.9607075494474,3.47971044356323));
#5297=CARTESIAN_POINT('',(591.447549865115,130.206777433803,3.0109642763385));
#5298=CARTESIAN_POINT('',(591.345794142045,130.156357164934,3.32214938238769));
#5299=CARTESIAN_POINT('',(591.296101574142,130.366848558862,3.56557189233792));
#5300=CARTESIAN_POINT('',(591.244804029355,130.732289911419,3.73894271883615));
#5301=CARTESIAN_POINT('',(591.166607272267,131.141273465361,3.77345135091158));
#5302=CARTESIAN_POINT('',(591.057708938097,131.52389635181,3.67825947114939));
#5303=CARTESIAN_POINT('',(590.978685420916,131.783393783002,3.53379600699355));
#5304=CARTESIAN_POINT('',(590.954657287783,131.971154522596,3.26450197175234));
#5305=CARTESIAN_POINT('',(591.093135514549,131.927069691021,2.96895268217979));
#5306=CARTESIAN_POINT('',(591.282966768995,131.762895436781,2.79063390836672));
#5307=CARTESIAN_POINT('',(591.472254254799,131.552060737867,2.67688357611849));
#5308=CARTESIAN_POINT('',(591.631940511595,131.292911507935,2.61988479359748));
#5309=CARTESIAN_POINT('',(591.687541384438,130.986850983793,2.6258774652296));
#5310=CARTESIAN_POINT('',(591.639704716039,130.689795944166,2.69281764340179));
#5311=CARTESIAN_POINT('',(591.553099881744,130.426308079777,2.81638566435816));
#5312=CARTESIAN_POINT('',(591.447549865115,130.206777433803,3.0109642763385));
#5313=CARTESIAN_POINT('',(591.345794142045,130.156357164934,3.32214938238769));
#5314=CARTESIAN_POINT('',(591.296101574142,130.366848558862,3.56557189233792));
#5315=CARTESIAN_POINT('',(591.354471334573,130.199842442067,3.31085561637119));
#5316=CARTESIAN_POINT('',(582.561694910839,166.58544479722,2.68620160253376));
#5317=CARTESIAN_POINT('',(582.493344964386,166.314511564387,2.80527247088303));
#5318=CARTESIAN_POINT('',(582.401665333766,166.08237179551,2.99551071416681));
#5319=CARTESIAN_POINT('',(582.302289719232,166.008641775436,3.30178067380664));
#5320=CARTESIAN_POINT('',(582.23807186261,166.204257845452,3.55356589195829));
#5321=CARTESIAN_POINT('',(582.165257231991,166.562906982335,3.73410576099063));
#5322=CARTESIAN_POINT('',(582.064745367035,166.964544789808,3.77417333511054));
#5323=CARTESIAN_POINT('',(581.933507708615,167.341055821128,3.68615923121263));
#5324=CARTESIAN_POINT('',(581.838553390439,167.596116025612,3.54895556079718));
#5325=CARTESIAN_POINT('',(581.792148686931,167.793604940142,3.29217456121642));
#5326=CARTESIAN_POINT('',(581.920995104021,167.776253611241,2.98786160020549));
#5327=CARTESIAN_POINT('',(582.120284381641,167.627727425284,2.80202657471421));
#5328=CARTESIAN_POINT('',(582.322259529531,167.432689642218,2.68381249602461));
#5329=CARTESIAN_POINT('',(582.50210914781,167.188019211584,2.62219165050334));
#5330=CARTESIAN_POINT('',(582.586467422552,166.887534217638,2.62303614543889));
#5331=CARTESIAN_POINT('',(582.561694910839,166.58544479722,2.68620160253376));
#5332=CARTESIAN_POINT('',(582.493344964386,166.314511564387,2.80527247088303));
#5333=CARTESIAN_POINT('',(582.401665333766,166.08237179551,2.99551071416681));
#5334=CARTESIAN_POINT('',(582.489456683692,166.320977141713,2.81713370003883));
#5335=CARTESIAN_POINT('',(571.237599890081,201.505488582321,2.84209580223324));
#5336=CARTESIAN_POINT('',(571.155623414473,201.28606518116,3.05497016576962));
#5337=CARTESIAN_POINT('',(571.061633762193,201.274142512336,3.37338002739303));
#5338=CARTESIAN_POINT('',(570.989888367728,201.498099912011,3.59229572002688));
#5339=CARTESIAN_POINT('',(570.915807666173,201.769949312754,3.71061666800758));
#5340=CARTESIAN_POINT('',(570.797791345137,202.156525264491,3.77448982933564));
#5341=CARTESIAN_POINT('',(570.640711025771,202.537472916936,3.71242381867169));
#5342=CARTESIAN_POINT('',(570.497055294936,202.861144128584,3.50035907539856));
#5343=CARTESIAN_POINT('',(570.477655180312,203.018122492771,3.20928140587586));
#5344=CARTESIAN_POINT('',(570.64237990104,202.96061048066,2.93366121579544));
#5345=CARTESIAN_POINT('',(570.852964069502,202.812550329459,2.76783810747914));
#5346=CARTESIAN_POINT('',(571.065003164174,202.619327894341,2.66394297147703));
#5347=CARTESIAN_POINT('',(571.245365959337,202.371017327731,2.61619351432037));
#5348=CARTESIAN_POINT('',(571.317189886182,202.068309991931,2.63306990103169));
#5349=CARTESIAN_POINT('',(571.295836063579,201.771479806604,2.70908627990382));
#5350=CARTESIAN_POINT('',(571.237599890081,201.505488582321,2.84209580223324));
#5351=CARTESIAN_POINT('',(571.155623414473,201.28606518116,3.05497016576962));
#5352=CARTESIAN_POINT('',(571.061633762193,201.274142512336,3.37338002739303));
#5353=CARTESIAN_POINT('',(571.153621218361,201.320648636549,3.07255941545079));
#5354=CARTESIAN_POINT('',(557.428804436497,236.554691408913,3.78881422402411));
#5355=CARTESIAN_POINT('',(557.202055851937,237.014471383806,3.70672610858281));
#5356=CARTESIAN_POINT('',(557.041068907595,237.326654783749,3.48419103202047));
#5357=CARTESIAN_POINT('',(557.026052562495,237.469678693044,3.18514252562064));
#5358=CARTESIAN_POINT('',(557.204801091015,237.409872240838,2.91698300006133));
#5359=CARTESIAN_POINT('',(557.424092187822,237.271681578475,2.75786878683318));
#5360=CARTESIAN_POINT('',(557.647304063066,237.087999070445,2.65812108153796));
#5361=CARTESIAN_POINT('',(557.837237434981,236.845498697397,2.61505428601399));
#5362=CARTESIAN_POINT('',(557.917731516477,236.545019942927,2.63714145254652));
#5363=CARTESIAN_POINT('',(557.910176452983,236.249463296789,2.71743897801071));
#5364=CARTESIAN_POINT('',(557.866071127701,235.983221547627,2.85523560649156));
#5365=CARTESIAN_POINT('',(557.795638345407,235.766700123936,3.07670082176196));
#5366=CARTESIAN_POINT('',(557.701894558263,235.773083582956,3.39596071577901));
#5367=CARTESIAN_POINT('',(557.58957848441,236.074947564715,3.67185529921693));
#5368=CARTESIAN_POINT('',(557.428804436497,236.554691408913,3.78881422402411));
#5369=CARTESIAN_POINT('',(557.202055851937,237.014471383806,3.70672610858281));
#5370=CARTESIAN_POINT('',(557.041068907595,237.326654783749,3.48419103202047));
#5371=CARTESIAN_POINT('',(557.163510109461,237.087880518795,3.63802029075812));
#5372=CARTESIAN_POINT('',(542.448655139007,269.930966179674,2.69529270855657));
#5373=CARTESIAN_POINT('',(542.427559626699,269.654052433133,2.820444969534));
#5374=CARTESIAN_POINT('',(542.37634470416,269.414625789722,3.02181798467477));
#5375=CARTESIAN_POINT('',(542.288802072453,269.353744649098,3.33405712214936));
#5376=CARTESIAN_POINT('',(542.190048616974,269.550386206178,3.57143165342541));
#5377=CARTESIAN_POINT('',(542.051386548883,269.893376776784,3.74110398488553));
#5378=CARTESIAN_POINT('',(541.876346114976,270.269724792374,3.77291053704634));
#5379=CARTESIAN_POINT('',(541.678539249109,270.61311322145,3.67541235162488));
#5380=CARTESIAN_POINT('',(541.540434077938,270.843687859268,3.52988646656933));
#5381=CARTESIAN_POINT('',(541.47466081322,271.017726097779,3.25842754095594));
#5382=CARTESIAN_POINT('',(541.623546275817,271.004922397144,2.96395761322128));
#5383=CARTESIAN_POINT('',(541.848383635968,270.890071652413,2.78738712267016));
#5384=CARTESIAN_POINT('',(542.082406002936,270.73079136589,2.67518539806332));
#5385=CARTESIAN_POINT('',(542.299702827102,270.515965036306,2.61919151851677));
#5386=CARTESIAN_POINT('',(542.424991356157,270.230438320157,2.62685163178378));
#5387=CARTESIAN_POINT('',(542.448655139007,269.930966179674,2.69529270855657));
#5388=CARTESIAN_POINT('',(542.427559626699,269.654052433133,2.820444969534));
#5389=CARTESIAN_POINT('',(542.37634470416,269.414625789722,3.02181798467477));
#5390=CARTESIAN_POINT('',(542.422539724994,269.660300283655,2.8331484285612));
#5391=CARTESIAN_POINT('',(524.761021140459,302.069655142709,3.50676730686152));
#5392=CARTESIAN_POINT('',(524.607377115081,302.390830652044,3.71558816260689));
#5393=CARTESIAN_POINT('',(524.418699994617,302.758038982603,3.77477262946148));
#5394=CARTESIAN_POINT('',(524.200910614233,303.098292766857,3.70757327079118));
#5395=CARTESIAN_POINT('',(524.043122103426,303.329592692021,3.58742171500795));
#5396=CARTESIAN_POINT('',(523.922259910765,303.528511019262,3.36212676321485));
#5397=CARTESIAN_POINT('',(524.000973425607,303.584809128821,3.04577804448874));
#5398=CARTESIAN_POINT('',(524.221960140651,303.502714065802,2.83693439104443));
#5399=CARTESIAN_POINT('',(524.462898976247,303.372571334062,2.70556225801399));
#5400=CARTESIAN_POINT('',(524.702497447211,303.193465766316,2.63129163466314));
#5401=CARTESIAN_POINT('',(524.882247684438,302.939270455507,2.6169050036759));
#5402=CARTESIAN_POINT('',(524.950480153584,302.641043360585,2.66659151407827));
#5403=CARTESIAN_POINT('',(524.958221171635,302.355514982989,2.77270751501275));
#5404=CARTESIAN_POINT('',(524.933558313752,302.1020881298,2.93879568715154));
#5405=CARTESIAN_POINT('',(524.867775772321,301.944541525452,3.22167978170245));
#5406=CARTESIAN_POINT('',(524.761021140459,302.069655142709,3.50676730686152));
#5407=CARTESIAN_POINT('',(524.607377115081,302.390830652044,3.71558816260689));
#5408=CARTESIAN_POINT('',(524.418699994617,302.758038982603,3.77477262946148));
#5409=CARTESIAN_POINT('',(524.642868696835,302.314372843145,3.65091324959643));
#5410=CARTESIAN_POINT('',(605.411344708393,20.4805076863457,2.81954865878806));
#5411=CARTESIAN_POINT('',(605.266657251866,20.2841840921536,3.01760383297802));
#5412=CARTESIAN_POINT('',(605.159707247241,20.2610963099316,3.33130216545849));
#5413=CARTESIAN_POINT('',(605.151219407115,20.4809316054395,3.57023571317784));
#5414=CARTESIAN_POINT('',(605.162646116609,20.7580684100773,3.69850887815795));
#5415=CARTESIAN_POINT('',(605.168943343265,21.1599630859065,3.77500127399938));
#5416=CARTESIAN_POINT('',(605.136972625275,21.5729774083345,3.72359903255922));
#5417=CARTESIAN_POINT('',(605.095901085073,21.9303121431901,3.5292457939545));
#5418=CARTESIAN_POINT('',(605.10925763999,22.115197475089,3.25542262564599));
#5419=CARTESIAN_POINT('',(605.23965896734,22.0400150720172,2.96287505800947));
#5420=CARTESIAN_POINT('',(605.396062815359,21.8429159764019,2.78710059722919));
#5421=CARTESIAN_POINT('',(605.542448047599,21.6016706076657,2.67533550076741));
#5422=CARTESIAN_POINT('',(605.650921337467,21.3171602101482,2.61935853083928));
#5423=CARTESIAN_POINT('',(605.64732399339,21.0057389354938,2.62660659149376));
#5424=CARTESIAN_POINT('',(605.544595831644,20.7224168525034,2.69501722946838));
#5425=CARTESIAN_POINT('',(605.411344708393,20.4805076863457,2.81954865878806));
#5426=CARTESIAN_POINT('',(605.266657251866,20.2841840921536,3.01760383297802));
#5427=CARTESIAN_POINT('',(605.159707247241,20.2610963099316,3.33130216545849));
#5428=CARTESIAN_POINT('',(605.272946827183,20.3130567274819,3.03687769269316));
#5429=CARTESIAN_POINT('',(606.388697469042,11.6188459753184,3.5));
#5430=CARTESIAN_POINT('',(607.388513952915,11.6380031822027,3.5));
#5431=CARTESIAN_POINT('',(303.250043301269,525.24438239526,3.5));
#5432=CARTESIAN_POINT('',(302.750043229873,524.378357032695,3.5));
#5433=CARTESIAN_POINT('',(304.750068639121,527.84250199841,3.5));
#5434=CARTESIAN_POINT('',(302.364261145617,527.671588823029,4.29383845307254));
#5435=CARTESIAN_POINT('',(302.430736647384,527.569002587297,4.24865973617179));
#5436=CARTESIAN_POINT('',(302.560268919196,527.364999585538,4.15147908118747));
#5437=CARTESIAN_POINT('',(302.763046947832,527.071890407508,3.99193629159765));
#5438=CARTESIAN_POINT('',(302.947151015723,526.849179444184,3.83605400631937));
#5439=CARTESIAN_POINT('',(303.091082402046,526.701077684444,3.68007116186092));
#5440=CARTESIAN_POINT('',(303.167345263973,526.630256143451,3.49159484208851));
#5441=CARTESIAN_POINT('',(303.08253132088,526.709333708542,3.30993938171179));
#5442=CARTESIAN_POINT('',(302.940033530362,526.857429335356,3.15727994864285));
#5443=CARTESIAN_POINT('',(302.758232730236,527.07852626126,3.00439500174049));
#5444=CARTESIAN_POINT('',(302.558623967308,527.367652764691,2.84721860690432));
#5445=CARTESIAN_POINT('',(302.43005329742,527.570057145723,2.75087583898354));
#5446=CARTESIAN_POINT('',(302.364261145616,527.67158882303,2.70616154692712));
#5447=CARTESIAN_POINT('',(302.364261145617,527.671588823029,4.29383845307254));
#5448=CARTESIAN_POINT('',(302.364261145616,527.671588823029,2.70616154692551));
#5449=CARTESIAN_POINT('',(302.364261145615,527.671588823027,2.70616154692162));
#5450=CARTESIAN_POINT('',(302.253114778069,527.843111973041,2.63062318857336));
#5451=CARTESIAN_POINT('',(302.014121615497,528.183013931398,2.49212868060339));
#5452=CARTESIAN_POINT('',(301.542326606817,528.653118405762,2.48554417060929));
#5453=CARTESIAN_POINT('',(301.083705166715,529.016333440966,2.84599859655489));
#5454=CARTESIAN_POINT('',(300.892576980792,529.155383768136,3.49750510259377));
#5455=CARTESIAN_POINT('',(301.081465669395,529.017905141647,4.15060658983521));
#5456=CARTESIAN_POINT('',(301.539355055655,528.656039939513,4.51436422917704));
#5457=CARTESIAN_POINT('',(302.016990855013,528.179808561554,4.50738755018477));
#5458=CARTESIAN_POINT('',(302.25323403041,527.842927940606,4.36929576400472));
#5459=CARTESIAN_POINT('',(302.364261145617,527.671588823029,4.29383845307255));
#5460=CARTESIAN_POINT('',(303.470835386296,528.581067661285,1.91232309385441));
#5461=CARTESIAN_POINT('',(302.809134132182,528.96310105847,3.11678556627757));
#5462=CARTESIAN_POINT('',(302.364261145616,527.67158882303,2.70616154692719));
#5463=CARTESIAN_POINT('',(303.187889195417,528.744426720755,1.70506509707954));
#5464=CARTESIAN_POINT('',(302.760171111995,528.991369871311,2.85865282409526));
#5465=CARTESIAN_POINT('',(302.211782520045,527.906896692709,2.60253256408845));
#5466=CARTESIAN_POINT('',(302.551042114767,529.112110554201,1.42022705370758));
#5467=CARTESIAN_POINT('',(302.476495341824,529.155150153645,2.48301195350511));
#5468=CARTESIAN_POINT('',(301.917656786293,528.296025543376,2.46011351964053));
#5469=CARTESIAN_POINT('',(301.52446729415,529.704803803227,1.5720632017476));
#5470=CARTESIAN_POINT('',(301.86066006418,529.510702816946,2.42053109338503));
#5471=CARTESIAN_POINT('',(301.439473427537,528.737220287713,2.53603160279708));
#5472=CARTESIAN_POINT('',(300.71447260415,530.172454455541,2.33632746574507));
#5473=CARTESIAN_POINT('',(301.34793815787,529.806722947579,2.81770952003455));
#5474=CARTESIAN_POINT('',(301.055156311817,529.036845240929,2.91816373239253));
#5475=CARTESIAN_POINT('',(300.405264861231,530.35097562915,3.49566138521717));
#5476=CARTESIAN_POINT('',(301.149218007955,529.921454079624,3.49741543114543));
#5477=CARTESIAN_POINT('',(300.906970698054,529.145021390754,3.4978306926053));
#5478=CARTESIAN_POINT('',(300.70879811402,530.175730623945,4.65300073735506));
#5479=CARTESIAN_POINT('',(301.344279551454,529.808835244978,4.17617023655441));
#5480=CARTESIAN_POINT('',(301.05244088719,529.038841937955,4.07650036917067));
#5481=CARTESIAN_POINT('',(301.515514594392,529.709972646842,5.42461230866289));
#5482=CARTESIAN_POINT('',(301.855173071906,529.513870733416,4.57848366417899));
#5483=CARTESIAN_POINT('',(301.435270325847,528.740760774081,4.46230615236233));
#5484=CARTESIAN_POINT('',(302.547848528935,529.11395437184,5.58134803190921));
#5485=CARTESIAN_POINT('',(302.475095296015,529.155958470453,4.51883115611542));
#5486=CARTESIAN_POINT('',(301.916201904771,528.29789016775,4.54067402333801));
#5487=CARTESIAN_POINT('',(303.18720497147,528.744821757635,5.29543609858295));
#5488=CARTESIAN_POINT('',(302.76006318006,528.991432185882,4.14191620533517));
#5489=CARTESIAN_POINT('',(302.211413793487,527.907465718569,4.39771803337635));
#5490=CARTESIAN_POINT('',(303.470835386296,528.581067661284,5.08767690614508));
#5491=CARTESIAN_POINT('',(302.809134132182,528.96310105847,3.88321443372165));
#5492=CARTESIAN_POINT('',(302.364261145617,527.671588823029,4.29383845307255));
#5493=CARTESIAN_POINT('',(302.970835386296,527.7150422575,5.08767690614507));
#5494=CARTESIAN_POINT('',(302.970835386296,527.7150422575,1.91232309385439));
#5495=CARTESIAN_POINT('',(303.470835386296,528.581067661284,5.0876769061451));
#5496=CARTESIAN_POINT('',(302.809134132182,528.96310105847,3.88321443372166));
#5497=CARTESIAN_POINT('',(302.364261145617,527.671588823029,4.29383845307256));
#5498=CARTESIAN_POINT('',(303.57223713575,528.522523333941,4.9753640400101));
#5499=CARTESIAN_POINT('',(302.809721657536,528.90886508631,3.779482743989));
#5500=CARTESIAN_POINT('',(302.429492078039,527.570923220944,4.24950558279794));
#5501=CARTESIAN_POINT('',(303.74954055873,528.420157154955,4.72773399185421));
#5502=CARTESIAN_POINT('',(302.766848118021,528.800102885413,3.5521820811012));
#5503=CARTESIAN_POINT('',(302.565886775728,527.355764761069,4.14745075198948));
#5504=CARTESIAN_POINT('',(303.926860507947,528.317781434542,4.33732092112996));
#5505=CARTESIAN_POINT('',(302.545130356104,528.652618217233,3.22934856398572));
#5506=CARTESIAN_POINT('',(302.793552647292,527.028580202598,3.96754046833127));
#5507=CARTESIAN_POINT('',(304.015383575488,528.266672617668,3.9951413324147));
#5508=CARTESIAN_POINT('',(302.165342225683,528.553397720255,3.08854990854743));
#5509=CARTESIAN_POINT('',(303.002915149176,526.788797313593,3.78745944443299));
#5510=CARTESIAN_POINT('',(304.050967224128,528.246128388547,3.71579212708364));
#5511=CARTESIAN_POINT('',(301.853856869637,528.507455624053,3.24027723884702));
#5512=CARTESIAN_POINT('',(303.117899892716,526.676117978777,3.62746076319917));
#5513=CARTESIAN_POINT('',(304.060143383303,528.240830530577,3.50407598485213));
#5514=CARTESIAN_POINT('',(301.744827137953,528.494750201497,3.49445297568805));
#5515=CARTESIAN_POINT('',(303.151331355157,526.645240860361,3.502423151183));
#5516=CARTESIAN_POINT('',(304.051668436151,528.245723543597,3.29235392304148));
#5517=CARTESIAN_POINT('',(301.846305037238,528.506503009421,3.75215262578227));
#5518=CARTESIAN_POINT('',(303.120334252494,526.67382659612,3.37729411587983));
#5519=CARTESIAN_POINT('',(304.016789425715,528.265860949661,3.01217088600811));
#5520=CARTESIAN_POINT('',(302.155654425807,528.551621654522,3.91185226103911));
#5521=CARTESIAN_POINT('',(303.007100755478,526.78445971434,3.21657977665425));
#5522=CARTESIAN_POINT('',(303.930053606694,528.315937898121,2.67074604068775));
#5523=CARTESIAN_POINT('',(302.539162650418,528.649570561876,3.77717214211504));
#5524=CARTESIAN_POINT('',(302.798433413723,527.021993644808,3.0363236232473));
#5525=CARTESIAN_POINT('',(303.749468685842,528.420198650787,2.27176902129695));
#5526=CARTESIAN_POINT('',(302.767393706109,528.800172828312,3.44773857417135));
#5527=CARTESIAN_POINT('',(302.5655079444,527.356134689421,2.85226348643208));
#5528=CARTESIAN_POINT('',(303.573591284157,528.521741515994,2.02613582361029));
#5529=CARTESIAN_POINT('',(302.809729649282,528.908126975026,3.22192896917122));
#5530=CARTESIAN_POINT('',(302.430363193497,527.569578899593,2.75108645304538));
#5531=CARTESIAN_POINT('',(303.470835386296,528.581067661285,1.91232309385428));
#5532=CARTESIAN_POINT('',(302.809134132182,528.96310105847,3.11678556627768));
#5533=CARTESIAN_POINT('',(302.364261145616,527.67158882303,2.70616154692718));
#5534=CARTESIAN_POINT('',(86.1695276765863,49.75000000002,8.));
#5535=CARTESIAN_POINT('',(99.2688736531763,6.69878474439256,8.));
#5536=CARTESIAN_POINT('',(172.306484906101,-7.49999999999901,8.));
#5537=CARTESIAN_POINT('',(245.306484906101,-7.49999999999817,8.));
#5538=CARTESIAN_POINT('',(318.306484906101,-7.49999999999723,8.));
#5539=CARTESIAN_POINT('',(391.306484906101,-7.49999999999623,8.));
#5540=CARTESIAN_POINT('',(464.306484906101,-7.49999999999523,8.));
#5541=CARTESIAN_POINT('',(537.306484906101,-7.49999999999429,8.));
#5542=CARTESIAN_POINT('',(55.4357545897151,82.6199740165213,8.));
#5543=CARTESIAN_POINT('',(79.6580519246655,152.971793165482,8.));
#5544=CARTESIAN_POINT('',(116.158051924665,216.191647641747,8.));
#5545=CARTESIAN_POINT('',(152.658051924664,279.411502118011,8.));
#5546=CARTESIAN_POINT('',(189.158051924663,342.631356594276,8.));
#5547=CARTESIAN_POINT('',(225.658051924662,405.85121107054,8.));
#5548=CARTESIAN_POINT('',(262.158051924662,469.071065546805,8.));
#5549=CARTESIAN_POINT('',(117.306484906101,-7.50000000000001,8.));
#5550=CARTESIAN_POINT('',(592.306484906101,-7.49999999999357,8.));
#5551=CARTESIAN_POINT('',(52.1580519246657,105.340395957338,8.));
#5552=CARTESIAN_POINT('',(289.658051924661,516.702462754949,8.));
#5553=CARTESIAN_POINT('',(317.707042854926,521.285381556684,8.));
#5554=CARTESIAN_POINT('',(610.299904477016,14.4996792952548,8.));
#5555=CARTESIAN_POINT('',(372.809572488622,483.436963494242,8.));
#5556=CARTESIAN_POINT('',(459.589256120223,401.814390695303,8.));
#5557=CARTESIAN_POINT('',(528.708509010467,305.250000000056,8.));
#5558=CARTESIAN_POINT('',(577.77609800841,197.108775758854,8.));
#5559=CARTESIAN_POINT('',(605.073477758735,81.1440788020414,8.));
#5560=CARTESIAN_POINT('',(610.435804056064,-5.99999999999295,-81.8905002093872));
#5561=CARTESIAN_POINT('',(500.806484906101,-7.49999999999473,-81.8905002093872));
#5562=CARTESIAN_POINT('',(354.806484906101,-7.49999999999673,-81.8905002093872));
#5563=CARTESIAN_POINT('',(208.806484906101,-7.49999999999856,-81.8905002093872));
#5564=CARTESIAN_POINT('',(99.3064849061007,-6.00000000000006,-81.8905002093872));
#5565=CARTESIAN_POINT('',(97.908051924665,184.581720403615,-81.8905002093872));
#5566=CARTESIAN_POINT('',(243.908051924662,437.461138308672,-81.8905002093872));
#5567=CARTESIAN_POINT('',(170.908051924663,311.021429356144,-81.8905002093872));
#5568=CARTESIAN_POINT('',(44.4570900303428,89.001938689218,-81.8905002093872));
#5569=CARTESIAN_POINT('',(297.521749605319,527.322786673211,-10.9655220191349));
#5570=CARTESIAN_POINT('',(555.816275257124,252.55769160239,-2.));
#5571=CARTESIAN_POINT('',(594.27893843441,139.798710452777,-2.));
#5572=CARTESIAN_POINT('',(496.629514477387,355.072168408318,-2.));
#5573=CARTESIAN_POINT('',(418.208703885615,444.761302391859,-2.));
#5574=CARTESIAN_POINT('',(596.135084743014,20.8617050702745,3.));
#5575=CARTESIAN_POINT('',(604.576824027087,20.8456144055376,3.02213423568777));
#5576=CARTESIAN_POINT('',(604.719932433273,20.8703131913715,2.91463273599455));
#5577=CARTESIAN_POINT('',(604.87095582122,20.9108677930161,2.83734343695207));
#5578=CARTESIAN_POINT('',(605.026872471218,20.9646755520509,2.78020298637735));
#5579=CARTESIAN_POINT('',(605.158694100304,21.0177257857973,2.74320305899047));
#5580=CARTESIAN_POINT('',(605.258946120512,21.072559781362,2.71961627626266));
#5581=CARTESIAN_POINT('',(605.334045390388,21.1178389107392,2.70416430690432));
#5582=CARTESIAN_POINT('',(605.369320279649,21.2110815285027,2.69712382406582));
#5583=CARTESIAN_POINT('',(605.262643262888,21.2888260362358,2.71666808803351));
#5584=CARTESIAN_POINT('',(605.087222647897,21.3603182087333,2.7566050432425));
#5585=CARTESIAN_POINT('',(604.867818860417,21.4221936336982,2.82575083351857));
#5586=CARTESIAN_POINT('',(604.66771689056,21.4580282457608,2.93394064532362));
#5587=CARTESIAN_POINT('',(604.528225350105,21.4646234024418,3.05628331148884));
#5588=CARTESIAN_POINT('',(604.513010085639,21.3799441202026,3.22518771689047));
#5589=CARTESIAN_POINT('',(604.585572262189,21.2292479922179,3.30805139590243));
#5590=CARTESIAN_POINT('',(604.580611740642,21.047304416478,3.29711238890333));
#5591=CARTESIAN_POINT('',(604.518436310031,20.9025938700652,3.1933170636436));
#5592=CARTESIAN_POINT('',(604.576824027087,20.8456144055376,3.02213423568777));
#5593=CARTESIAN_POINT('',(604.719932433273,20.8703131913715,2.91463273599455));
#5594=CARTESIAN_POINT('',(604.87095582122,20.9108677930161,2.83734343695207));
#5595=CARTESIAN_POINT('',(604.7212515969,20.8729558273399,2.91966810276962));
#5596=CARTESIAN_POINT('',(585.097524886961,56.3384837741019,3.));
#5597=CARTESIAN_POINT('',(602.425817377973,57.737511116185,2.85803407347412));
#5598=CARTESIAN_POINT('',(602.576214517253,57.7963946860557,2.79596261912282));
#5599=CARTESIAN_POINT('',(602.731911699483,57.8679534151689,2.74769408643242));
#5600=CARTESIAN_POINT('',(602.850381883484,57.9368308623842,2.71855195457869));
#5601=CARTESIAN_POINT('',(602.949011318213,58.0203966715581,2.6983198656305));
#5602=CARTESIAN_POINT('',(602.918032785857,58.1133608695026,2.70232043730221));
#5603=CARTESIAN_POINT('',(602.835733860832,58.15056188377,2.71783339266221));
#5604=CARTESIAN_POINT('',(602.731969579458,58.1923704332286,2.74046132562649));
#5605=CARTESIAN_POINT('',(602.594740030964,58.2283833263698,2.77663831257967));
#5606=CARTESIAN_POINT('',(602.43470756843,58.2617835646331,2.83194347288517));
#5607=CARTESIAN_POINT('',(602.279410801056,58.2833535436703,2.90706808682686));
#5608=CARTESIAN_POINT('',(602.132626964414,58.2913383658518,3.01007352233949));
#5609=CARTESIAN_POINT('',(602.06718663673,58.2355868619435,3.17995280128155));
#5610=CARTESIAN_POINT('',(602.145105068911,58.1034223564609,3.29230909226329));
#5611=CARTESIAN_POINT('',(602.181605119502,57.9255426446946,3.31092545177084));
#5612=CARTESIAN_POINT('',(602.131614045141,57.7625724936772,3.23477639625888));
#5613=CARTESIAN_POINT('',(602.145967631064,57.6715158833454,3.06858083128478));
#5614=CARTESIAN_POINT('',(602.281243155729,57.6923492869963,2.94040876069617));
#5615=CARTESIAN_POINT('',(602.425817377973,57.737511116185,2.85803407347412));
#5616=CARTESIAN_POINT('',(602.576214517253,57.7963946860557,2.79596261912282));
#5617=CARTESIAN_POINT('',(602.731911699483,57.8679534151689,2.74769408643242));
#5618=CARTESIAN_POINT('',(602.577097857744,57.7985072125961,2.79826310606602));
#5619=CARTESIAN_POINT('',(582.955723570955,92.3311160117709,3.));
#5620=CARTESIAN_POINT('',(597.509439878389,94.4965548518885,3.28609904853338));
#5621=CARTESIAN_POINT('',(597.470941962133,94.3542250152678,3.16316220426731));
#5622=CARTESIAN_POINT('',(597.562516575514,94.3305159503225,2.99632555379972));
#5623=CARTESIAN_POINT('',(597.702944431516,94.3772578416342,2.89840095993221));
#5624=CARTESIAN_POINT('',(597.849308804506,94.4389602820949,2.82508851046678));
#5625=CARTESIAN_POINT('',(597.995796000289,94.5123670196523,2.77144924750845));
#5626=CARTESIAN_POINT('',(598.119592852965,94.5831622321455,2.73624475837132));
#5627=CARTESIAN_POINT('',(598.207772553595,94.6508519445517,2.71451466508594));
#5628=CARTESIAN_POINT('',(598.279187703797,94.7155666756289,2.69904540712715));
#5629=CARTESIAN_POINT('',(598.251306139623,94.8088584932966,2.70140659719336));
#5630=CARTESIAN_POINT('',(598.138423158726,94.8539565027283,2.72189730262781));
#5631=CARTESIAN_POINT('',(597.951818765838,94.9059304159254,2.76418524147103));
#5632=CARTESIAN_POINT('',(597.729755648332,94.9354405949457,2.83650573547313));
#5633=CARTESIAN_POINT('',(597.530330254997,94.9447162379246,2.94798640366057));
#5634=CARTESIAN_POINT('',(597.398474186413,94.9265270977605,3.08353861593178));
#5635=CARTESIAN_POINT('',(597.422966423094,94.8281347712848,3.24524802063767));
#5636=CARTESIAN_POINT('',(597.509279394617,94.6782950673833,3.31342306436264));
#5637=CARTESIAN_POINT('',(597.509439878389,94.4965548518885,3.28609904853338));
#5638=CARTESIAN_POINT('',(597.470941962133,94.3542250152678,3.16316220426731));
#5639=CARTESIAN_POINT('',(597.562516575514,94.3305159503225,2.99632555379972));
#5640=CARTESIAN_POINT('',(597.492620717072,94.3739951438804,3.15584556990041));
#5641=CARTESIAN_POINT('',(570.439934207231,126.463488772134,3.));
#5642=CARTESIAN_POINT('',(590.601725751353,130.705161145196,3.22772825636949));
#5643=CARTESIAN_POINT('',(590.635684670544,130.624328932145,3.05815165259367));
#5644=CARTESIAN_POINT('',(590.769817652825,130.665581124315,2.93440310564367));
#5645=CARTESIAN_POINT('',(590.954684984166,130.750336657713,2.82606790486977));
#5646=CARTESIAN_POINT('',(591.151967803577,130.86561078048,2.75666211254632));
#5647=CARTESIAN_POINT('',(591.304426936465,130.978547205398,2.71661984614455));
#5648=CARTESIAN_POINT('',(591.388443773549,131.081962983079,2.6970006688125));
#5649=CARTESIAN_POINT('',(591.309086281687,131.186515992827,2.70700276825577));
#5650=CARTESIAN_POINT('',(591.1622084985,131.205933446262,2.73626574432158));
#5651=CARTESIAN_POINT('',(590.999255654655,131.234489925184,2.77894371747577));
#5652=CARTESIAN_POINT('',(590.834385043413,131.245944304374,2.83570341504283));
#5653=CARTESIAN_POINT('',(590.680181257575,131.248156756669,2.91128365602018));
#5654=CARTESIAN_POINT('',(590.534857416837,131.237368223266,3.01568052804161));
#5655=CARTESIAN_POINT('',(590.484450241529,131.170207884572,3.18779849238974));
#5656=CARTESIAN_POINT('',(590.580828606689,131.046069654845,3.29564635488768));
#5657=CARTESIAN_POINT('',(590.633986987445,130.87100661701,3.30906721782637));
#5658=CARTESIAN_POINT('',(590.601725751353,130.705161145196,3.22772825636949));
#5659=CARTESIAN_POINT('',(590.635684670544,130.624328932145,3.05815165259367));
#5660=CARTESIAN_POINT('',(590.769817652825,130.665581124315,2.93440310564367));
#5661=CARTESIAN_POINT('',(590.652380347726,130.644676333015,3.06578966206463));
#5662=CARTESIAN_POINT('',(557.449058877647,159.845945428755,3.));
#5663=CARTESIAN_POINT('',(581.806150863112,166.54822572631,2.86350884644661));
#5664=CARTESIAN_POINT('',(581.942803193114,166.632497162966,2.80014095238349));
#5665=CARTESIAN_POINT('',(582.083647400529,166.73011606535,2.75075518414368));
#5666=CARTESIAN_POINT('',(582.188805076533,166.820856218885,2.72074575951575));
#5667=CARTESIAN_POINT('',(582.272907067988,166.91395830243,2.70009637456667));
#5668=CARTESIAN_POINT('',(582.245095938663,167.007353222902,2.70027978842282));
#5669=CARTESIAN_POINT('',(582.154499470235,167.032364910168,2.71584095694531));
#5670=CARTESIAN_POINT('',(582.045539026104,167.05581850493,2.73793322233095));
#5671=CARTESIAN_POINT('',(581.904143686506,167.066977725879,2.77336014167617));
#5672=CARTESIAN_POINT('',(581.739153452647,167.071257580377,2.82815385914434));
#5673=CARTESIAN_POINT('',(581.582192079679,167.064844222244,2.90185240497655));
#5674=CARTESIAN_POINT('',(581.435616530921,167.047110283124,3.00178611460101));
#5675=CARTESIAN_POINT('',(581.370057846275,166.984591703069,3.16933801644412));
#5676=CARTESIAN_POINT('',(581.466634570266,166.871432537661,3.28793222071685));
#5677=CARTESIAN_POINT('',(581.540484539771,166.70634290061,3.31271281378086));
#5678=CARTESIAN_POINT('',(581.524652846848,166.535659153743,3.24294563215103));
#5679=CARTESIAN_POINT('',(581.546119403831,166.438870687039,3.08111247937128));
#5680=CARTESIAN_POINT('',(581.672659274764,166.478652150787,2.94736905355382));
#5681=CARTESIAN_POINT('',(581.806150863112,166.54822572631,2.86350884644661));
#5682=CARTESIAN_POINT('',(581.942803193114,166.632497162966,2.80014095238349));
#5683=CARTESIAN_POINT('',(582.083647400529,166.73011606535,2.75075518414368));
#5684=CARTESIAN_POINT('',(581.943501839349,166.634721740588,2.80247130668712));
#5685=CARTESIAN_POINT('',(552.653159410946,195.704747915185,3.));
#5686=CARTESIAN_POINT('',(570.317341616309,201.631574441771,3.05338307961517));
#5687=CARTESIAN_POINT('',(570.445766046916,201.690398387395,2.93187541267106));
#5688=CARTESIAN_POINT('',(570.575513990492,201.770705908736,2.85130539914306));
#5689=CARTESIAN_POINT('',(570.709049900068,201.866281694979,2.79032451975555));
#5690=CARTESIAN_POINT('',(570.840740330257,201.975123565624,2.7437183758517));
#5691=CARTESIAN_POINT('',(570.939687377678,202.067629950972,2.71542482260655));
#5692=CARTESIAN_POINT('',(571.005862894273,202.184611119497,2.69647260549603));
#5693=CARTESIAN_POINT('',(570.90484236598,202.271047685635,2.70861975796712));
#5694=CARTESIAN_POINT('',(570.760522715251,202.273334220932,2.73747725235205));
#5695=CARTESIAN_POINT('',(570.593449745933,202.280736842084,2.78102641218854));
#5696=CARTESIAN_POINT('',(570.429026617836,202.27179870901,2.83838861231833));
#5697=CARTESIAN_POINT('',(570.27533949725,202.254680452054,2.9151387446828));
#5698=CARTESIAN_POINT('',(570.132892311133,202.224967153915,3.0230743149679));
#5699=CARTESIAN_POINT('',(570.101021614417,202.149914972517,3.1948513104964));
#5700=CARTESIAN_POINT('',(570.212612724727,202.037534604724,3.29785906999517));
#5701=CARTESIAN_POINT('',(570.282979944021,201.868924871632,3.30747139361829));
#5702=CARTESIAN_POINT('',(570.270064446846,201.702834117384,3.22354799391597));
#5703=CARTESIAN_POINT('',(570.317341616309,201.631574441771,3.05338307961517));
#5704=CARTESIAN_POINT('',(570.445766046916,201.690398387395,2.93187541267106));
#5705=CARTESIAN_POINT('',(570.575513990492,201.770705908736,2.85130539914306));
#5706=CARTESIAN_POINT('',(570.445986632411,201.693978983348,2.93869835490709));
#5707=CARTESIAN_POINT('',(541.297831015642,229.767297335023,3.));
#5708=CARTESIAN_POINT('',(556.683268939059,236.623178809904,3.10150888981101));
#5709=CARTESIAN_POINT('',(556.74856352949,236.530925763803,3.25624474950158));
#5710=CARTESIAN_POINT('',(556.864919422562,236.400111154479,3.31517704260866));
#5711=CARTESIAN_POINT('',(556.899423010087,236.223711012479,3.27849246097379));
#5712=CARTESIAN_POINT('',(556.900959766537,236.08502860291,3.1468568705754));
#5713=CARTESIAN_POINT('',(557.003621917556,236.098405315499,2.98476406996324));
#5714=CARTESIAN_POINT('',(557.1286302565,236.179613853445,2.89058003789076));
#5715=CARTESIAN_POINT('',(557.254899519365,236.275654438694,2.81970191087406));
#5716=CARTESIAN_POINT('',(557.380716649135,236.384304248106,2.76667880797622));
#5717=CARTESIAN_POINT('',(557.483090013611,236.48523612294,2.73235236366555));
#5718=CARTESIAN_POINT('',(557.551023168112,236.572359587182,2.71142492903386));
#5719=CARTESIAN_POINT('',(557.59772003874,236.661146715354,2.69685765498914));
#5720=CARTESIAN_POINT('',(557.52350417703,236.727458432468,2.70461718333614));
#5721=CARTESIAN_POINT('',(557.408994990942,236.740166833412,2.72495310122504));
#5722=CARTESIAN_POINT('',(557.267767468988,236.74251674113,2.75658292710221));
#5723=CARTESIAN_POINT('',(557.102934380358,236.728907716847,2.8058949794996));
#5724=CARTESIAN_POINT('',(556.942959107117,236.707242517801,2.87206786734245));
#5725=CARTESIAN_POINT('',(556.797642152885,236.67652829546,2.95785291034591));
#5726=CARTESIAN_POINT('',(556.683268939059,236.623178809904,3.10150888981101));
#5727=CARTESIAN_POINT('',(556.74856352949,236.530925763803,3.25624474950158));
#5728=CARTESIAN_POINT('',(556.864919422562,236.400111154479,3.31517704260866));
#5729=CARTESIAN_POINT('',(556.757073746597,236.524498836599,3.24027748840434));
#5730=CARTESIAN_POINT('',(528.411201994051,263.456106803641,3.));
#5731=CARTESIAN_POINT('',(541.693018333717,269.768641307383,2.87593023314745));
#5732=CARTESIAN_POINT('',(541.814820458479,269.876776969504,2.80805295212472));
#5733=CARTESIAN_POINT('',(541.933221190861,269.993931835351,2.75793292974961));
#5734=CARTESIAN_POINT('',(542.024443744161,270.103259911397,2.72580012196594));
#5735=CARTESIAN_POINT('',(542.088697460374,270.197499354456,2.70547018757241));
#5736=CARTESIAN_POINT('',(542.093662011095,270.297587210225,2.69646892211529));
#5737=CARTESIAN_POINT('',(541.99576646324,270.323568616608,2.71066826879426));
#5738=CARTESIAN_POINT('',(541.886584935859,270.328548962474,2.73119660049874));
#5739=CARTESIAN_POINT('',(541.743450602768,270.317036721743,2.76518624548685));
#5740=CARTESIAN_POINT('',(541.581795352623,270.292631735873,2.81664749878234));
#5741=CARTESIAN_POINT('',(541.425294089778,270.259287860305,2.88690144336039));
#5742=CARTESIAN_POINT('',(541.28403480503,270.218146570031,2.97786418685594));
#5743=CARTESIAN_POINT('',(541.197433960516,270.150950237524,3.13607203192585));
#5744=CARTESIAN_POINT('',(541.295217838286,270.060601975224,3.27360687237981));
#5745=CARTESIAN_POINT('',(541.4105631199,269.923941403276,3.31583070625203));
#5746=CARTESIAN_POINT('',(541.439163477761,269.74954910582,3.26182082095822));
#5747=CARTESIAN_POINT('',(541.461773788511,269.632501776459,3.1123735009906));
#5748=CARTESIAN_POINT('',(541.574371023546,269.678079642298,2.96373597605258));
#5749=CARTESIAN_POINT('',(541.693018333717,269.768641307383,2.87593023314745));
#5750=CARTESIAN_POINT('',(541.814820458479,269.876776969504,2.80805295212472));
#5751=CARTESIAN_POINT('',(541.933221190861,269.993931835351,2.75793292974961));
#5752=CARTESIAN_POINT('',(541.814253559749,269.878280170125,2.81101249523262));
#5753=CARTESIAN_POINT('',(504.883721751104,291.496050742659,3.));
#5754=CARTESIAN_POINT('',(523.920860760661,302.474814289024,3.31556173822231));
#5755=CARTESIAN_POINT('',(523.960654118499,302.303943372683,3.26339314268777));
#5756=CARTESIAN_POINT('',(523.989988969967,302.186009858892,3.11378808973475));
#5757=CARTESIAN_POINT('',(524.099100205472,302.237547636806,2.96474628771512));
#5758=CARTESIAN_POINT('',(524.212563129551,302.33549735685,2.87630957431367));
#5759=CARTESIAN_POINT('',(524.326713018461,302.449926620562,2.80876081373069));
#5760=CARTESIAN_POINT('',(524.438727078792,302.575053202397,2.75806013823897));
#5761=CARTESIAN_POINT('',(524.523285401493,302.689886812077,2.72587321575071));
#5762=CARTESIAN_POINT('',(524.582055268665,302.788531870196,2.70540757448333));
#5763=CARTESIAN_POINT('',(524.580456303569,302.888619201829,2.69649408990312));
#5764=CARTESIAN_POINT('',(524.481168711548,302.908413226559,2.71070177557902));
#5765=CARTESIAN_POINT('',(524.370824210731,302.906594861803,2.73147240712182));
#5766=CARTESIAN_POINT('',(524.229883490911,302.886423067214,2.76520442969268));
#5767=CARTESIAN_POINT('',(524.068644423008,302.851894443759,2.81718658004603));
#5768=CARTESIAN_POINT('',(523.914753095917,302.809052124257,2.8874546795909));
#5769=CARTESIAN_POINT('',(523.775408452249,302.758783014865,2.97974853587174));
#5770=CARTESIAN_POINT('',(523.695743239873,302.686745036249,3.13731687083998));
#5771=CARTESIAN_POINT('',(523.798286463554,302.603021792067,3.27337141943593));
#5772=CARTESIAN_POINT('',(523.920860760661,302.474814289024,3.31556173822231));
#5773=CARTESIAN_POINT('',(523.960654118499,302.303943372683,3.26339314268777));
#5774=CARTESIAN_POINT('',(523.989988969967,302.186009858892,3.11378808973475));
#5775=CARTESIAN_POINT('',(523.958911034104,302.312766273108,3.24715373311846));
#5776=CARTESIAN_POINT('',(606.388697469042,11.6188459753184,3.5));
#5777=CARTESIAN_POINT('',(604.538360305418,20.914848775214,3.17895401650425));
#5778=CARTESIAN_POINT('',(605.13050362009,20.9287804378239,3.1698232530147));
#5779=CARTESIAN_POINT('',(605.154700627996,20.4538441654551,3.52303878094548));
#5780=CARTESIAN_POINT('',(604.539736768237,20.9400877225922,3.21296159476059));
#5781=CARTESIAN_POINT('',(605.109141644858,20.9356490714628,3.18047076538388));
#5782=CARTESIAN_POINT('',(605.153500938684,20.5294502325998,3.5868029901761));
#5783=CARTESIAN_POINT('',(604.561523177972,21.0055829214193,3.26950376204048));
#5784=CARTESIAN_POINT('',(605.066538066084,20.9667530224689,3.24094933978929));
#5785=CARTESIAN_POINT('',(605.161813260973,20.7241416613894,3.69281955382586));
#5786=CARTESIAN_POINT('',(604.588207571795,21.1294722466757,3.30772252457238));
#5787=CARTESIAN_POINT('',(605.043531631283,21.1306932386337,3.31503702111496));
#5788=CARTESIAN_POINT('',(605.168336994088,21.0935957199423,3.76447973357324));
#5789=CARTESIAN_POINT('',(604.569957031403,21.2572795323279,3.29223742392329));
#5790=CARTESIAN_POINT('',(605.042637850874,21.3205265043199,3.2830109113889));
#5791=CARTESIAN_POINT('',(605.146227613342,21.4785273961083,3.73544516985618));
#5792=CARTESIAN_POINT('',(604.524896128554,21.3662295077099,3.22592080158978));
#5793=CARTESIAN_POINT('',(605.080777325489,21.4270557162508,3.17919573104711));
#5794=CARTESIAN_POINT('',(605.108775888472,21.8091341011869,3.61110150298083));
#5795=CARTESIAN_POINT('',(604.512099532386,21.4399314751509,3.11975519162788));
#5796=CARTESIAN_POINT('',(605.159578483647,21.424703414688,3.1506130936556));
#5797=CARTESIAN_POINT('',(605.094505794609,22.0313129060737,3.41204098430227));
#5798=CARTESIAN_POINT('',(604.587386317453,21.4658486020936,2.99447720566527));
#5799=CARTESIAN_POINT('',(605.172590386253,21.4708246451977,3.21238688111139));
#5800=CARTESIAN_POINT('',(605.139585641037,22.1027626151744,3.17714476062237));
#5801=CARTESIAN_POINT('',(604.753874757713,21.4457854046544,2.87999439146995));
#5802=CARTESIAN_POINT('',(605.165806086394,21.5640631660848,3.13006756950184));
#5803=CARTESIAN_POINT('',(605.245840809157,22.0286459723793,2.96248948400618));
#5804=CARTESIAN_POINT('',(604.969616501563,21.3945535080658,2.79168166243881));
#5805=CARTESIAN_POINT('',(605.246239411389,21.5599686269831,2.95123579726675));
#5806=CARTESIAN_POINT('',(605.385653096792,21.8569518780053,2.79690311707273));
#5807=CARTESIAN_POINT('',(605.193987489251,21.3223869313622,2.72958226631703));
#5808=CARTESIAN_POINT('',(605.383954576021,21.4606712774769,2.78795112021724));
#5809=CARTESIAN_POINT('',(605.53262142607,21.6218028711747,2.68046674934454));
#5810=CARTESIAN_POINT('',(605.395458858132,21.2171475198163,2.69236689443959));
#5811=CARTESIAN_POINT('',(605.537713373598,21.2545054234706,2.67795195648368));
#5812=CARTESIAN_POINT('',(605.667931477147,21.2894733961826,2.61068792707374));
#5813=CARTESIAN_POINT('',(605.304525697409,21.0824170069299,2.70889153002213));
#5814=CARTESIAN_POINT('',(605.47453316345,20.9895133698619,2.72746725044193));
#5815=CARTESIAN_POINT('',(605.621995913948,20.8930427992583,2.64167161879161));
#5816=CARTESIAN_POINT('',(605.081618855779,20.9844433262336,2.76117031384268));
#5817=CARTESIAN_POINT('',(605.325231619104,20.8401623395463,2.87461145813555));
#5818=CARTESIAN_POINT('',(605.490092074623,20.6176860137418,2.73969433845501));
#5819=CARTESIAN_POINT('',(604.862827388132,20.9069626312827,2.83813747223907));
#5820=CARTESIAN_POINT('',(605.21848022101,20.7815263537925,3.05484649696312));
#5821=CARTESIAN_POINT('',(605.359062523383,20.4033807030682,2.88400776044822));
#5822=CARTESIAN_POINT('',(604.67248686645,20.8584217159265,2.94152143508715));
#5823=CARTESIAN_POINT('',(605.185489410726,20.8384653390114,3.19842640529858));
#5824=CARTESIAN_POINT('',(605.243514723254,20.2734844971767,3.07785269078845));
#5825=CARTESIAN_POINT('',(604.553264401063,20.85414923715,3.06545829250248));
#5826=CARTESIAN_POINT('',(605.195470305339,20.9274611142506,3.18156525548783));
#5827=CARTESIAN_POINT('',(605.169011396847,20.2705052585211,3.31023429844214));
#5828=CARTESIAN_POINT('',(604.5369838426,20.8896098278358,3.14494643824792));
#5829=CARTESIAN_POINT('',(605.152728166067,20.9216344570587,3.15874580696254));
#5830=CARTESIAN_POINT('',(605.155900317309,20.3782380983103,3.45927457171486));
#5831=CARTESIAN_POINT('',(604.538360305418,20.914848775214,3.17895401650425));
#5832=CARTESIAN_POINT('',(605.13050362009,20.9287804378239,3.1698232530147));
#5833=CARTESIAN_POINT('',(605.154700627996,20.4538441654551,3.52303878094548));
#5834=CARTESIAN_POINT('',(523.942910660493,302.378440240173,3.28096182193988));
#5835=CARTESIAN_POINT('',(524.383371333093,302.591879313919,3.2677159988135));
#5836=CARTESIAN_POINT('',(524.555774667892,302.489049050975,3.71430341613731));
#5837=CARTESIAN_POINT('',(523.931555826118,302.41745454804,3.29569704704645));
#5838=CARTESIAN_POINT('',(524.352978397356,302.627943277042,3.29057733006137));
#5839=CARTESIAN_POINT('',(524.501775061275,302.594717133745,3.74193196321214));
#5840=CARTESIAN_POINT('',(523.89852332635,302.497102975267,3.3084341700959));
#5841=CARTESIAN_POINT('',(524.286634309285,302.733245702716,3.31654400087647));
#5842=CARTESIAN_POINT('',(524.379502640011,302.820565409989,3.7658140689299));
#5843=CARTESIAN_POINT('',(523.811214922964,302.590183308002,3.27327262977211));
#5844=CARTESIAN_POINT('',(524.214976184172,302.888084185493,3.24745338520763));
#5845=CARTESIAN_POINT('',(524.177137728129,303.134611203587,3.6998861808227));
#5846=CARTESIAN_POINT('',(523.729292134509,302.657207591312,3.19094753096825));
#5847=CARTESIAN_POINT('',(524.238796388411,302.968585549566,3.1508680501834));
#5848=CARTESIAN_POINT('',(524.008113367309,303.380348404677,3.54552662056548));
#5849=CARTESIAN_POINT('',(523.715500472057,302.715050604112,3.07377877485035));
#5850=CARTESIAN_POINT('',(524.301479556122,302.994474861581,3.17637136197953));
#5851=CARTESIAN_POINT('',(523.931657544562,303.533811881755,3.32583520284439));
#5852=CARTESIAN_POINT('',(523.81190228738,302.774530483093,2.94905303768899));
#5853=CARTESIAN_POINT('',(524.250370252679,303.061787888799,3.20295179647586));
#5854=CARTESIAN_POINT('',(523.988001460956,303.577742350971,3.09197444566685));
#5855=CARTESIAN_POINT('',(523.995063093334,302.83441896231,2.84400245399376));
#5856=CARTESIAN_POINT('',(524.239820815781,303.130376242944,3.06653750418778));
#5857=CARTESIAN_POINT('',(524.149800145256,303.533338880295,2.89500460123836));
#5858=CARTESIAN_POINT('',(524.22051555962,302.885673213607,2.76530054793639));
#5859=CARTESIAN_POINT('',(524.355089056434,303.141136048022,2.8853998642537));
#5860=CARTESIAN_POINT('',(524.372061796853,303.424643379167,2.74743852738038));
#5861=CARTESIAN_POINT('',(524.460511710146,302.922206355643,2.71156417843761));
#5862=CARTESIAN_POINT('',(524.555670503467,303.097968784533,2.7354148635516));
#5863=CARTESIAN_POINT('',(524.627169082535,303.265584395796,2.64668283457163));
#5864=CARTESIAN_POINT('',(524.624806583464,302.867487820863,2.69156355724533));
#5865=CARTESIAN_POINT('',(524.759714613434,302.918452616673,2.67551429361199));
#5866=CARTESIAN_POINT('',(524.883796452535,302.964817644072,2.60918166983453));
#5867=CARTESIAN_POINT('',(524.519834139364,302.674104533432,2.72625231411524));
#5868=CARTESIAN_POINT('',(524.748373988546,302.658587937933,2.77842433715693));
#5869=CARTESIAN_POINT('',(524.954782718816,302.607248701174,2.67422308896618));
#5870=CARTESIAN_POINT('',(524.367715403888,302.492299084971,2.78696555978875));
#5871=CARTESIAN_POINT('',(524.68423816093,302.4948817745,2.93977162400587));
#5872=CARTESIAN_POINT('',(524.95640158429,302.325972761877,2.78806042460387));
#5873=CARTESIAN_POINT('',(524.211935390761,302.332787684758,2.87327678376455));
#5874=CARTESIAN_POINT('',(524.61795770913,302.440113211,3.11925917684433));
#5875=CARTESIAN_POINT('',(524.930633240076,302.102100690878,2.94989396955856));
#5876=CARTESIAN_POINT('',(524.07884526307,302.222974106322,2.98606884457477));
#5877=CARTESIAN_POINT('',(524.572437549529,302.517183021991,3.21277095732008));
#5878=CARTESIAN_POINT('',(524.88140736244,301.974556144194,3.16137908357769));
#5879=CARTESIAN_POINT('',(523.997271723813,302.198381350649,3.11138279526456));
#5880=CARTESIAN_POINT('',(524.538121918301,302.559053638033,3.15436908529062));
#5881=CARTESIAN_POINT('',(524.807306116202,301.999295565955,3.396342741121));
#5882=CARTESIAN_POINT('',(523.966652332601,302.263017128067,3.22002281945646));
#5883=CARTESIAN_POINT('',(524.474437424185,302.512988201924,3.17294936235748));
#5884=CARTESIAN_POINT('',(524.703500279714,302.18655691337,3.60004278648092));
#5885=CARTESIAN_POINT('',(523.954265494869,302.339425932307,3.26622659683331));
#5886=CARTESIAN_POINT('',(524.414704535643,302.554699639306,3.24414740614013));
#5887=CARTESIAN_POINT('',(524.609774274509,302.383380968205,3.68667486906248));
#5888=CARTESIAN_POINT('',(523.942910660493,302.378440240173,3.28096182193988));
#5889=CARTESIAN_POINT('',(524.383371333093,302.591879313919,3.2677159988135));
#5890=CARTESIAN_POINT('',(524.555774667892,302.489049050975,3.71430341613731));
#5891=CARTESIAN_POINT('',(541.529256519466,269.662568936094,3.02600223614577));
#5892=CARTESIAN_POINT('',(542.053849165154,269.939762357506,3.18689395902382));
#5893=CARTESIAN_POINT('',(542.31429790989,269.38510047675,3.23625419277333));
#5894=CARTESIAN_POINT('',(541.498038448806,269.651008249226,3.06650019476657));
#5895=CARTESIAN_POINT('',(542.04112385106,269.956795672887,3.18333275824954));
#5896=CARTESIAN_POINT('',(542.290998223325,269.3854868626,3.31218786518732));
#5897=CARTESIAN_POINT('',(541.455968656211,269.657391503326,3.1491589870672));
#5898=CARTESIAN_POINT('',(542.01354478377,269.956721012411,3.14254454555137));
#5899=CARTESIAN_POINT('',(542.23877200423,269.44158321653,3.46717310075099));
#5900=CARTESIAN_POINT('',(541.439738119907,269.744320374013,3.2468798145275));
#5901=CARTESIAN_POINT('',(541.93916140831,269.93481484627,3.20532205277498));
#5902=CARTESIAN_POINT('',(542.138496026446,269.676948553091,3.65039965223907));
#5903=CARTESIAN_POINT('',(541.422501750078,269.866355351414,3.3012708689346));
#5904=CARTESIAN_POINT('',(541.852413669556,270.042185274165,3.3014071706171));
#5905=CARTESIAN_POINT('',(542.003760854551,270.002048706489,3.75238287925236));
#5906=CARTESIAN_POINT('',(541.365952019433,269.983210411152,3.30296917140567));
#5907=CARTESIAN_POINT('',(541.764785306045,270.216593091165,3.30493534301972));
#5908=CARTESIAN_POINT('',(541.83069277807,270.351322519476,3.7555671963857));
#5909=CARTESIAN_POINT('',(541.27935161424,270.072079270279,3.25168880018391));
#5910=CARTESIAN_POINT('',(541.725907230393,270.355048736098,3.21237239735793));
#5911=CARTESIAN_POINT('',(541.651105262826,270.658315043831,3.65941650034481));
#5912=CARTESIAN_POINT('',(541.216112436843,270.138215465732,3.15661569070018));
#5913=CARTESIAN_POINT('',(541.783506866011,270.40617772932,3.14214755107388));
#5914=CARTESIAN_POINT('',(541.518730537682,270.88562000836,3.48115442006282));
#5915=CARTESIAN_POINT('',(541.239024601959,270.194759727398,3.03338319206149));
#5916=CARTESIAN_POINT('',(541.816727716397,270.436086925806,3.20026827725927));
#5917=CARTESIAN_POINT('',(541.490155052767,271.006841593264,3.25009348511529));
#5918=CARTESIAN_POINT('',(541.371899361502,270.247035551766,2.91256515653634));
#5919=CARTESIAN_POINT('',(541.758834938288,270.518107764036,3.17312772015422));
#5920=CARTESIAN_POINT('',(541.586526594304,271.012838109528,3.02355966850565));
#5921=CARTESIAN_POINT('',(541.575743624267,270.293057823201,2.81628484143324));
#5922=CARTESIAN_POINT('',(541.794042489307,270.568591099348,3.00823563149267));
#5923=CARTESIAN_POINT('',(541.766841338082,270.935652046633,2.84303407768727));
#5924=CARTESIAN_POINT('',(541.80763469586,270.325162026161,2.74607388806009));
#5925=CARTESIAN_POINT('',(541.93713078458,270.552379892687,2.83416962434538));
#5926=CARTESIAN_POINT('',(541.991163489908,270.79668418454,2.71138854011266));
#5927=CARTESIAN_POINT('',(542.050822643308,270.336110524378,2.69968926526368));
#5928=CARTESIAN_POINT('',(542.156390537353,270.469328130425,2.69994950833074));
#5929=CARTESIAN_POINT('',(542.247923132555,270.593563696958,2.62441737236934));
#5930=CARTESIAN_POINT('',(542.120047594161,270.219381283955,2.69802809439607));
#5931=CARTESIAN_POINT('',(542.284841646814,270.228617506955,2.69493945994458));
#5932=CARTESIAN_POINT('',(542.434705335481,270.232764630145,2.62130267699267));
#5933=CARTESIAN_POINT('',(541.969314427375,270.031984243965,2.74257767085032));
#5934=CARTESIAN_POINT('',(542.223279071286,269.998758815626,2.82447389803068));
#5935=CARTESIAN_POINT('',(542.446974379727,269.90191912032,2.70483313284401));
#5936=CARTESIAN_POINT('',(541.804493366569,269.86484980657,2.81112320007827));
#5937=CARTESIAN_POINT('',(542.149997039107,269.868134251454,2.99683493892334));
#5938=CARTESIAN_POINT('',(542.424562932544,269.635599701453,2.83335600014684));
#5939=CARTESIAN_POINT('',(541.643277080176,269.726755624534,2.9061712353424));
#5940=CARTESIAN_POINT('',(542.086675580069,269.861832121319,3.16569190229149));
#5941=CARTESIAN_POINT('',(542.378570123625,269.439264901429,3.01157106626703));
#5942=CARTESIAN_POINT('',(541.560474590127,269.674129622962,2.98550427752497));
#5943=CARTESIAN_POINT('',(542.066209361189,269.923217766491,3.19035298088872));
#5944=CARTESIAN_POINT('',(542.337597596456,269.3847140909,3.16032052035933));
#5945=CARTESIAN_POINT('',(541.529256519466,269.662568936094,3.02600223614577));
#5946=CARTESIAN_POINT('',(542.053849165154,269.939762357506,3.18689395902382));
#5947=CARTESIAN_POINT('',(542.31429790989,269.38510047675,3.23625419277333));
#5948=CARTESIAN_POINT('',(556.853658145821,236.3875791564,3.29958070379956));
#5949=CARTESIAN_POINT('',(557.279466397085,236.575228638554,3.29924431986717));
#5950=CARTESIAN_POINT('',(557.37612661279,236.643853416433,3.74921381962417));
#5951=CARTESIAN_POINT('',(556.835613671994,236.425691062243,3.29734000876321));
#5952=CARTESIAN_POINT('',(557.257526595708,236.629700463882,3.29522008797133));
#5953=CARTESIAN_POINT('',(557.325699225706,236.759894434853,3.74501251643101));
#5954=CARTESIAN_POINT('',(556.785632040517,236.495170376298,3.27470270834642));
#5955=CARTESIAN_POINT('',(557.221112957255,236.740803782955,3.24992964241476));
#5956=CARTESIAN_POINT('',(557.216856566671,236.986042817604,3.70256757814953));
#5957=CARTESIAN_POINT('',(556.711745006817,236.572197330886,3.19316523585023));
#5958=CARTESIAN_POINT('',(557.25248216689,236.819974633454,3.1520905084853));
#5959=CARTESIAN_POINT('',(557.077862891225,237.252551241926,3.54968481721919));
#5960=CARTESIAN_POINT('',(556.702822137795,236.631493191558,3.07681756190465));
#5961=CARTESIAN_POINT('',(557.319292881221,236.837804732195,3.17452592149197));
#5962=CARTESIAN_POINT('',(557.01824809223,237.416678480539,3.33153292857117));
#5963=CARTESIAN_POINT('',(556.803631187221,236.679209528788,2.95142323618524));
#5964=CARTESIAN_POINT('',(557.278233240371,236.909835631534,3.2043852167978));
#5965=CARTESIAN_POINT('',(557.077059530694,237.456361314977,3.09641856784733));
#5966=CARTESIAN_POINT('',(556.9920378284,236.716587993231,2.8456606254964));
#5967=CARTESIAN_POINT('',(557.273776123974,236.980452722194,3.06982291070083));
#5968=CARTESIAN_POINT('',(557.23134023523,237.393839177135,2.8981136728058));
#5969=CARTESIAN_POINT('',(557.221686497544,236.740320815707,2.76649341030206));
#5970=CARTESIAN_POINT('',(557.387830890032,236.978440726598,2.88848122760288));
#5971=CARTESIAN_POINT('',(557.438045852038,237.260070025519,2.74967514431616));
#5972=CARTESIAN_POINT('',(557.464250547999,236.747649375218,2.71232160164814));
#5973=CARTESIAN_POINT('',(557.580485139944,236.912266809387,2.73766480508291));
#5974=CARTESIAN_POINT('',(557.671503522881,237.072020895154,2.64810300309027));
#5975=CARTESIAN_POINT('',(557.624935304086,236.676204444882,2.69139255496655));
#5976=CARTESIAN_POINT('',(557.763717318833,236.712854244187,2.67500738040069));
#5977=CARTESIAN_POINT('',(557.891327670788,236.746180381311,2.60886104056237));
#5978=CARTESIAN_POINT('',(557.500920679841,236.497753768119,2.72524443263678));
#5979=CARTESIAN_POINT('',(557.724091502076,236.455238724537,2.77544636335236));
#5980=CARTESIAN_POINT('',(557.921308747984,236.381271276033,2.67233331119371));
#5981=CARTESIAN_POINT('',(557.328224746741,236.33573851486,2.78524173000744));
#5982=CARTESIAN_POINT('',(557.640453347549,236.298635590982,2.93567039110219));
#5983=CARTESIAN_POINT('',(557.889164836892,236.101242114057,2.78482824376391));
#5984=CARTESIAN_POINT('',(557.153184343969,236.19512202216,2.87142637346034));
#5985=CARTESIAN_POINT('',(557.567232530281,236.249400468279,3.11613465611634));
#5986=CARTESIAN_POINT('',(557.836427973665,235.879643286739,2.94642445023814));
#5987=CARTESIAN_POINT('',(557.007465340013,236.101525931808,2.98317934174945));
#5988=CARTESIAN_POINT('',(557.530873338213,236.32951053294,3.21254007732699));
#5989=CARTESIAN_POINT('',(557.772490899569,235.757085304113,3.15596126578024));
#5990=CARTESIAN_POINT('',(556.921648603248,236.084893318634,3.10873327369761));
#5991=CARTESIAN_POINT('',(557.502489454026,236.378296337074,3.15572119346319));
#5992=CARTESIAN_POINT('',(557.701974927236,235.786540410675,3.391374888183));
#5993=CARTESIAN_POINT('',(556.898238549056,236.151437776206,3.21807676833855));
#5994=CARTESIAN_POINT('',(557.434238162262,236.339809644036,3.17107851339331));
#5995=CARTESIAN_POINT('',(557.622025719331,235.982281784362,3.59639394063475));
#5996=CARTESIAN_POINT('',(556.89389888348,236.26649894124,3.28814687856455));
#5997=CARTESIAN_POINT('',(557.355051519121,236.407957112477,3.27506760061432));
#5998=CARTESIAN_POINT('',(557.519420889171,236.289796707083,3.7277753973085));
#5999=CARTESIAN_POINT('',(556.871702619649,236.349467250557,3.30182139883592));
#6000=CARTESIAN_POINT('',(557.30129978203,236.52102102242,3.30324903269862));
#6001=CARTESIAN_POINT('',(557.426553999873,236.527812398013,3.75341512281733));
#6002=CARTESIAN_POINT('',(556.853658145821,236.3875791564,3.29958070379956));
#6003=CARTESIAN_POINT('',(557.279466397085,236.575228638554,3.29924431986717));
#6004=CARTESIAN_POINT('',(557.37612661279,236.643853416433,3.74921381962417));
#6005=CARTESIAN_POINT('',(570.289975158655,201.67658960279,3.1531146345946));
#6006=CARTESIAN_POINT('',(570.8612471177,201.885872493605,3.16420848018154));
#6007=CARTESIAN_POINT('',(571.027867015461,201.389712023451,3.47458993986488));
#6008=CARTESIAN_POINT('',(570.280085411765,201.695890374732,3.18944665742895));
#6009=CARTESIAN_POINT('',(570.840599648233,201.884385645758,3.16730582403954));
#6010=CARTESIAN_POINT('',(571.00465320133,201.449966430298,3.5427124826793));
#6011=CARTESIAN_POINT('',(570.277902860146,201.757517926932,3.25273773925287));
#6012=CARTESIAN_POINT('',(570.790544071981,201.881418636165,3.21382958457024));
#6013=CARTESIAN_POINT('',(570.956667494016,201.620370832239,3.66138326109912));
#6014=CARTESIAN_POINT('',(570.273779899969,201.881468008347,3.30320404730635));
#6015=CARTESIAN_POINT('',(570.718183005627,202.006836877922,3.30549825465612));
#6016=CARTESIAN_POINT('',(570.86033052255,201.962859175988,3.75600758869943));
#6017=CARTESIAN_POINT('',(570.228639309147,202.002874736913,3.30099340043281));
#6018=CARTESIAN_POINT('',(570.653914683778,202.190604391087,3.30078794625047));
#6019=CARTESIAN_POINT('',(570.729315338645,202.329031246066,3.75186262581154));
#6020=CARTESIAN_POINT('',(570.152692551113,202.099877365537,3.24605675410876));
#6021=CARTESIAN_POINT('',(570.637752621031,202.326807761343,3.20423199206397));
#6022=CARTESIAN_POINT('',(570.589057709905,202.651424425984,3.64885641395396));
#6023=CARTESIAN_POINT('',(570.102221240588,202.17151369199,3.14822412865944));
#6024=CARTESIAN_POINT('',(570.705441923785,202.36426211512,3.1427367171901));
#6025=CARTESIAN_POINT('',(570.490424989937,202.885304573281,3.46542024123646));
#6026=CARTESIAN_POINT('',(570.139575059577,202.223303178733,3.02460267199403));
#6027=CARTESIAN_POINT('',(570.73354511618,202.394289945792,3.20417090901281));
#6028=CARTESIAN_POINT('',(570.484868027629,202.999106118206,3.23363000998881));
#6029=CARTESIAN_POINT('',(570.283705140831,202.257883286476,2.90518412193324));
#6030=CARTESIAN_POINT('',(570.687146963949,202.483477766944,3.16483316884918));
#6031=CARTESIAN_POINT('',(570.587318798678,202.985870466892,3.00972022862483));
#6032=CARTESIAN_POINT('',(570.496524243185,202.277823573585,2.81004535626517));
#6033=CARTESIAN_POINT('',(570.737194162403,202.523960024014,2.99447205561478));
#6034=CARTESIAN_POINT('',(570.761903584896,202.881177304654,2.83133504299714));
#6035=CARTESIAN_POINT('',(570.731738392089,202.280061734101,2.7417444084761));
#6036=CARTESIAN_POINT('',(570.883325499588,202.484970615011,2.82220283345036));
#6037=CARTESIAN_POINT('',(570.969651627001,202.711319259613,2.70327076589286));
#6038=CARTESIAN_POINT('',(570.971758935593,202.257383066666,2.69743690880995));
#6039=CARTESIAN_POINT('',(571.092808808999,202.36715187441,2.693181876435));
#6040=CARTESIAN_POINT('',(571.20026803938,202.469743549727,2.62019420401796));
#6041=CARTESIAN_POINT('',(571.000790877697,202.123690214565,2.70038443489501));
#6042=CARTESIAN_POINT('',(571.171718559449,202.105076032343,2.70203142067733));
#6043=CARTESIAN_POINT('',(571.326060628535,202.082182648314,2.62572081543056));
#6044=CARTESIAN_POINT('',(570.823829290129,201.957714498146,2.74706245711464));
#6045=CARTESIAN_POINT('',(571.078682504876,201.893087428533,2.83675809027039));
#6046=CARTESIAN_POINT('',(571.292664812084,201.760203140782,2.71324210708932));
#6047=CARTESIAN_POINT('',(570.639686217973,201.813447034522,2.81756507048267));
#6048=CARTESIAN_POINT('',(570.99118465045,201.780137240523,3.01132775984405));
#6049=CARTESIAN_POINT('',(571.23665550513,201.502932377112,2.84543450715507));
#6050=CARTESIAN_POINT('',(570.464715237652,201.699140643352,2.91491261781984));
#6051=CARTESIAN_POINT('',(570.931027631309,201.792651884097,3.17537868480134));
#6052=CARTESIAN_POINT('',(571.166420583384,201.320780742489,3.02796115841219));
#6053=CARTESIAN_POINT('',(570.337241341488,201.641713295278,3.03474560224674));
#6054=CARTESIAN_POINT('',(570.91278824981,201.890283256522,3.19926599673479));
#6055=CARTESIAN_POINT('',(571.095950378804,201.258844391156,3.25264800421264));
#6056=CARTESIAN_POINT('',(570.299864905546,201.657288830848,3.11678261176024));
#6057=CARTESIAN_POINT('',(570.882553999679,201.8874068265,3.16101221731079));
#6058=CARTESIAN_POINT('',(571.051080829592,201.329457616604,3.40646739705047));
#6059=CARTESIAN_POINT('',(570.289975158655,201.67658960279,3.1531146345946));
#6060=CARTESIAN_POINT('',(570.8612471177,201.885872493605,3.16420848018154));
#6061=CARTESIAN_POINT('',(571.027867015461,201.389712023451,3.47458993986488));
#6062=CARTESIAN_POINT('',(581.611593227932,166.462807069668,3.01621562243171));
#6063=CARTESIAN_POINT('',(582.171746315733,166.633090347838,3.18779274211239));
#6064=CARTESIAN_POINT('',(582.330301724135,166.044736660315,3.21790429205946));
#6065=CARTESIAN_POINT('',(581.576776090082,166.455147282047,3.05665327768093));
#6066=CARTESIAN_POINT('',(582.162736493166,166.65378576622,3.18663119425717));
#6067=CARTESIAN_POINT('',(582.307085974685,166.045037320202,3.29372489565171));
#6068=CARTESIAN_POINT('',(581.53243909152,166.464894364711,3.1397876619288));
#6069=CARTESIAN_POINT('',(582.138761130475,166.665571098355,3.14399285946234));
#6070=CARTESIAN_POINT('',(582.265265849907,166.100470453226,3.44960186611648));
#6071=CARTESIAN_POINT('',(581.529313993754,166.549055367821,3.24051833231626));
#6072=CARTESIAN_POINT('',(582.06196229798,166.650185906487,3.19662988597803));
#6073=CARTESIAN_POINT('',(582.209827128446,166.340010768756,3.638471873093));
#6074=CARTESIAN_POINT('',(581.536221663502,166.670708241117,3.29878095242575));
#6075=CARTESIAN_POINT('',(581.995174864798,166.761984219861,3.29625855189124));
#6076=CARTESIAN_POINT('',(582.138831482931,166.679029411151,3.74771428579827));
#6077=CARTESIAN_POINT('',(581.505735824027,166.796880815977,3.30485675332769));
#6078=CARTESIAN_POINT('',(581.939455624468,166.948407578935,3.30891171164559));
#6079=CARTESIAN_POINT('',(582.034787643474,167.054322645053,3.75910641248947));
#6080=CARTESIAN_POINT('',(581.437927237266,166.902192302599,3.2574988391333));
#6081=CARTESIAN_POINT('',(581.921135040368,167.098493023364,3.22118901712681));
#6082=CARTESIAN_POINT('',(581.913727760714,167.394244153999,3.67031032337495));
#6083=CARTESIAN_POINT('',(581.383906496401,166.980808243086,3.16542622238351));
#6084=CARTESIAN_POINT('',(581.982112081749,167.14579171329,3.14265971364108));
#6085=CARTESIAN_POINT('',(581.8205562051,167.650141179911,3.49767416696905));
#6086=CARTESIAN_POINT('',(581.408284095264,167.034225410375,3.04343693839258));
#6087=CARTESIAN_POINT('',(582.028712716282,167.164306780413,3.1950749655316));
#6088=CARTESIAN_POINT('',(581.806473392349,167.785501647826,3.26894425948609));
#6089=CARTESIAN_POINT('',(581.541382055338,167.063179688304,2.92111053572883));
#6090=CARTESIAN_POINT('',(581.986778596383,167.253787213201,3.18185360563618));
#6091=CARTESIAN_POINT('',(581.895500036059,167.78328694052,3.03958225449155));
#6092=CARTESIAN_POINT('',(581.745519874425,167.072630147731,2.82315825732493));
#6093=CARTESIAN_POINT('',(582.021049255272,167.303614422514,3.02318311098825));
#6094=CARTESIAN_POINT('',(582.054108387014,167.681279457422,2.85592173248423));
#6095=CARTESIAN_POINT('',(581.979144764042,167.063410649208,2.75066914395057));
#6096=CARTESIAN_POINT('',(582.153262506201,167.267605864859,2.84673344940632));
#6097=CARTESIAN_POINT('',(582.248235331957,167.508057282112,2.7200046449073));
#6098=CARTESIAN_POINT('',(582.221762137425,167.033262669109,2.70232796216214));
#6099=CARTESIAN_POINT('',(582.350908490278,167.154671275227,2.70784566487292));
#6100=CARTESIAN_POINT('',(582.462753979832,167.270194810088,2.6293649290539));
#6101=CARTESIAN_POINT('',(582.295379025061,166.914250408337,2.69584801103684));
#6102=CARTESIAN_POINT('',(582.453372927489,166.901972256648,2.68840725665491));
#6103=CARTESIAN_POINT('',(582.596999017862,166.888142752492,2.61721502069444));
#6104=CARTESIAN_POINT('',(582.117644531528,166.754797835043,2.73846733826238));
#6105=CARTESIAN_POINT('',(582.355022862435,166.677202452813,2.81310955536445));
#6106=CARTESIAN_POINT('',(582.554172940638,166.550187296332,2.69712625924189));
#6107=CARTESIAN_POINT('',(581.926023792399,166.619706965062,2.80492367648041));
#6108=CARTESIAN_POINT('',(582.258100818481,166.555784376153,2.98238840127661));
#6109=CARTESIAN_POINT('',(582.484825589677,166.289617604988,2.82173189340064));
#6110=CARTESIAN_POINT('',(581.741341918621,166.510853090438,2.89716173043347));
#6111=CARTESIAN_POINT('',(582.190923530223,166.549814133572,3.15442631230983));
#6112=CARTESIAN_POINT('',(582.404560346606,166.098666493906,2.99467824456299));
#6113=CARTESIAN_POINT('',(581.646410365782,166.470466857289,2.97577796718249));
#6114=CARTESIAN_POINT('',(582.180456187955,166.613083910602,3.18891562031824));
#6115=CARTESIAN_POINT('',(582.353517473584,166.044436000428,3.14208368846721));
#6116=CARTESIAN_POINT('',(581.611593227932,166.462807069668,3.01621562243171));
#6117=CARTESIAN_POINT('',(582.171746315733,166.633090347838,3.18779274211239));
#6118=CARTESIAN_POINT('',(582.330301724135,166.044736660315,3.21790429205946));
#6119=CARTESIAN_POINT('',(590.613366393878,130.730767153862,3.22342503710626));
#6120=CARTESIAN_POINT('',(591.159807331767,130.821461127266,3.19678748615887));
#6121=CARTESIAN_POINT('',(591.282609055959,130.468400223812,3.60642194457423));
#6122=CARTESIAN_POINT('',(590.615405210257,130.763394087609,3.25162562411466));
#6123=CARTESIAN_POINT('',(591.137247361031,130.835484432732,3.21986130989775));
#6124=CARTESIAN_POINT('',(591.2677495073,130.561729260696,3.65929804521501));
#6125=CARTESIAN_POINT('',(590.62603916693,130.842131019642,3.2942453617887));
#6126=CARTESIAN_POINT('',(591.096537420317,130.900773577887,3.28708431026782));
#6127=CARTESIAN_POINT('',(591.236079841363,130.784078430475,3.73921005335383));
#6128=CARTESIAN_POINT('',(590.609381481657,130.970215854628,3.30708740069267));
#6129=CARTESIAN_POINT('',(591.050555101667,131.086457306119,3.31368616287168));
#6130=CARTESIAN_POINT('',(591.159477649169,131.162805901016,3.76328887629872));
#6131=CARTESIAN_POINT('',(590.550994441,131.082569591764,3.26622950949227));
#6132=CARTESIAN_POINT('',(591.034292597088,131.247675104934,3.23523822759552));
#6133=CARTESIAN_POINT('',(591.05995850974,131.517003865444,3.68668033029803));
#6134=CARTESIAN_POINT('',(590.496597493286,131.168120276982,3.17895066587251));
#6135=CARTESIAN_POINT('',(591.089755330131,131.304669671953,3.14580587211691));
#6136=CARTESIAN_POINT('',(590.976796481481,131.791703242098,3.52303249851094));
#6137=CARTESIAN_POINT('',(590.511794473525,131.223684863308,3.05958854533356));
#6138=CARTESIAN_POINT('',(591.148829647551,131.313835158449,3.18525754570977));
#6139=CARTESIAN_POINT('',(590.959987751121,131.944705868254,3.29922852250042));
#6140=CARTESIAN_POINT('',(590.63236166823,131.248146641452,2.93634635371848));
#6141=CARTESIAN_POINT('',(591.115140753912,131.399865539794,3.19492683254081));
#6142=CARTESIAN_POINT('',(591.036501149169,131.954785180221,3.06814941322218));
#6143=CARTESIAN_POINT('',(590.832508523026,131.247791359986,2.83366393143742));
#6144=CARTESIAN_POINT('',(591.138183386901,131.459545704794,3.04587783038839));
#6145=CARTESIAN_POINT('',(591.184156174788,131.853116506471,2.87561987144513));
#6146=CARTESIAN_POINT('',(591.064202245032,131.226650875066,2.7580743392046));
#6147=CARTESIAN_POINT('',(591.259870599764,131.425385481733,2.86641097060966));
#6148=CARTESIAN_POINT('',(591.365493600485,131.675547582714,2.73388938600864));
#6149=CARTESIAN_POINT('',(591.305333652635,131.185822549754,2.70680959164665));
#6150=CARTESIAN_POINT('',(591.444968971992,131.312718239138,2.72129562217005));
#6151=CARTESIAN_POINT('',(591.563644148112,131.436393563427,2.6377679843375));
#6152=CARTESIAN_POINT('',(591.41117278732,131.074136287198,2.69322103822846));
#6153=CARTESIAN_POINT('',(591.560865784473,131.067578232925,2.68049667541114));
#6154=CARTESIAN_POINT('',(591.69768101534,131.060478223206,2.61228944667829));
#6155=CARTESIAN_POINT('',(591.236999118153,130.922863048544,2.73189710165018));
#6156=CARTESIAN_POINT('',(591.459144520664,130.834815649099,2.7945468640132));
#6157=CARTESIAN_POINT('',(591.645341564372,130.710693481958,2.6848070655935));
#6158=CARTESIAN_POINT('',(591.037083115198,130.797211871388,2.79535110692262));
#6159=CARTESIAN_POINT('',(591.351411233166,130.707888002261,2.96017855999277));
#6160=CARTESIAN_POINT('',(591.561177808284,130.447797595441,2.80378332548222));
#6161=CARTESIAN_POINT('',(590.841849499044,130.695106140963,2.8851793889511));
#6162=CARTESIAN_POINT('',(591.277147147596,130.690485034607,3.13771557822059));
#6163=CARTESIAN_POINT('',(591.468646989119,130.250567464151,2.97221135428272));
#6164=CARTESIAN_POINT('',(590.689465694437,130.637018581988,3.00012412914712));
#6165=CARTESIAN_POINT('',(591.262601648267,130.784607712588,3.21144471965691));
#6166=CARTESIAN_POINT('',(591.38559869736,130.159078629424,3.18773274215102));
#6167=CARTESIAN_POINT('',(590.613806268654,130.646369417163,3.12504183973825));
#6168=CARTESIAN_POINT('',(591.235803018739,130.820100589036,3.14841866064771));
#6169=CARTESIAN_POINT('',(591.325237133318,130.224104209172,3.42195344950916));
#6170=CARTESIAN_POINT('',(590.611327577498,130.698140220116,3.19522445009785));
#6171=CARTESIAN_POINT('',(591.183424543665,130.806780639399,3.17263234026316));
#6172=CARTESIAN_POINT('',(591.297468604619,130.375071186928,3.55354584393345));
#6173=CARTESIAN_POINT('',(590.613366393878,130.730767153862,3.22342503710626));
#6174=CARTESIAN_POINT('',(591.159807331767,130.821461127266,3.19678748615887));
#6175=CARTESIAN_POINT('',(591.282609055959,130.468400223812,3.60642194457423));
#6176=CARTESIAN_POINT('',(597.498568455143,94.4713802500215,3.25308223121319));
#6177=CARTESIAN_POINT('',(598.019330202983,94.5143210135806,3.22822480220345));
#6178=CARTESIAN_POINT('',(598.133823927685,94.2453237185821,3.66202918352472));
#6179=CARTESIAN_POINT('',(597.504030873033,94.5082452519994,3.27571481008335));
#6180=CARTESIAN_POINT('',(598.000072913416,94.542821616713,3.25530018675443));
#6181=CARTESIAN_POINT('',(598.124042259867,94.3518830094818,3.70446526890629));
#6182=CARTESIAN_POINT('',(597.51450025651,94.591582020358,3.30576087698728));
#6183=CARTESIAN_POINT('',(597.970033016756,94.6402135617069,3.31086088436502));
#6184=CARTESIAN_POINT('',(598.100625666814,94.5934507407456,3.76080164435124));
#6185=CARTESIAN_POINT('',(597.486728394573,94.7179788953526,3.29724529858773));
#6186=CARTESIAN_POINT('',(597.942841494656,94.8316045660583,3.29313736830689));
#6187=CARTESIAN_POINT('',(598.03519918523,94.9758477980417,3.74483493485195));
#6188=CARTESIAN_POINT('',(597.428930178798,94.8240203794737,3.23712348958391));
#6189=CARTESIAN_POINT('',(597.958815391724,94.9564289026707,3.19226990558224));
#6190=CARTESIAN_POINT('',(597.95665546301,95.3093427222071,3.63210654296986));
#6191=CARTESIAN_POINT('',(597.398631145127,94.9002872837067,3.1349018450036));
#6192=CARTESIAN_POINT('',(598.035991113623,94.9718241360297,3.14520382492472));
#6193=CARTESIAN_POINT('',(597.907820036769,95.5450581207799,3.44044095938171));
#6194=CARTESIAN_POINT('',(597.457235339653,94.9400171230071,3.00985581380578));
#6195=CARTESIAN_POINT('',(598.05664321859,95.0069423553146,3.20940814905954));
#6196=CARTESIAN_POINT('',(597.933214680587,95.6404773135567,3.20597965088591));
#6197=CARTESIAN_POINT('',(597.614910343598,94.9440804216811,2.89289729658864));
#6198=CARTESIAN_POINT('',(598.031449597692,95.1021604939831,3.14888047176508));
#6199=CARTESIAN_POINT('',(598.039493711564,95.5944298088569,2.98668243110326));
#6200=CARTESIAN_POINT('',(597.831722042614,94.9222784805488,2.80102660000689));
#6201=CARTESIAN_POINT('',(598.099796287671,95.1207841278449,2.97357641592312));
#6202=CARTESIAN_POINT('',(598.195722310163,95.4505083238146,2.81442487501455));
#6203=CARTESIAN_POINT('',(598.063314620201,94.8799052198772,2.73573845350337));
#6204=CARTESIAN_POINT('',(598.242315677337,95.0477345817752,2.8054290094858));
#6205=CARTESIAN_POINT('',(598.369601080215,95.2406424805831,2.69200960031835));
#6206=CARTESIAN_POINT('',(598.288335390213,94.8072945762314,2.69460261210629));
#6207=CARTESIAN_POINT('',(598.425659516222,94.8780807482633,2.6846633080414));
#6208=CARTESIAN_POINT('',(598.550060948915,94.9442697266475,2.61487989769946));
#6209=CARTESIAN_POINT('',(598.253956689614,94.6665332785946,2.70416722936536));
#6210=CARTESIAN_POINT('',(598.425683466343,94.6060311934902,2.71340893284219));
#6211=CARTESIAN_POINT('',(598.578240503125,94.5426073513057,2.63281355505997));
#6212=CARTESIAN_POINT('',(598.045927634821,94.5383904414229,2.75374574806018));
#6213=CARTESIAN_POINT('',(598.294540037269,94.4262996943284,2.85478978632827));
#6214=CARTESIAN_POINT('',(598.483111566608,94.2417386033818,2.72577327761289));
#6215=CARTESIAN_POINT('',(597.839727983457,94.4330350822426,2.82675866272292));
#6216=CARTESIAN_POINT('',(598.192110725689,94.3427618415969,3.03111650622032));
#6217=CARTESIAN_POINT('',(598.380863813504,94.0072068057381,2.86267249260543));
#6218=CARTESIAN_POINT('',(597.650772915165,94.3563487540328,2.92690824222955));
#6219=CARTESIAN_POINT('',(598.142855313684,94.3794696043067,3.18727226919176));
#6220=CARTESIAN_POINT('',(598.279886789625,93.8507120298597,3.05045295418046));
#6221=CARTESIAN_POINT('',(597.522836291143,94.3297300026203,3.04921061903427));
#6222=CARTESIAN_POINT('',(598.143281554495,94.4761589333435,3.19156978079273));
#6223=CARTESIAN_POINT('',(598.20226250785,93.8192542674728,3.27976991068918));
#6224=CARTESIAN_POINT('',(597.481725749168,94.3703920084909,3.16996540376631));
#6225=CARTESIAN_POINT('',(598.090398520433,94.4693407404517,3.14345861935659));
#6226=CARTESIAN_POINT('',(598.15931567372,93.9540949953473,3.50618513206186));
#6227=CARTESIAN_POINT('',(597.493106037252,94.4345152480436,3.23044965234303));
#6228=CARTESIAN_POINT('',(598.039423162504,94.4845836269634,3.19997448151854));
#6229=CARTESIAN_POINT('',(598.143605595503,94.1387644276823,3.61959309814316));
#6230=CARTESIAN_POINT('',(597.498568455143,94.4713802500215,3.25308223121319));
#6231=CARTESIAN_POINT('',(598.019330202983,94.5143210135806,3.22822480220345));
#6232=CARTESIAN_POINT('',(598.133823927685,94.2453237185821,3.66202918352472));
#6233=CARTESIAN_POINT('',(602.240227784865,57.6882146717295,2.98336167995666));
#6234=CARTESIAN_POINT('',(602.792419573779,57.7301090487571,3.18542160339675));
#6235=CARTESIAN_POINT('',(602.858580706496,57.1450672182734,3.15630314991873));
#6236=CARTESIAN_POINT('',(602.197316304166,57.6819412573518,3.02291498580642));
#6237=CARTESIAN_POINT('',(602.788368147786,57.7554268735744,3.1944060179171));
#6238=CARTESIAN_POINT('',(602.83224563589,57.1360767685516,3.23046559838702));
#6239=CARTESIAN_POINT('',(602.138460131752,57.6878926657798,3.10657491811236));
#6240=CARTESIAN_POINT('',(602.780857437946,57.7939386510865,3.15679555397764));
#6241=CARTESIAN_POINT('',(602.792848283893,57.1671391524828,3.38732797146066));
#6242=CARTESIAN_POINT('',(602.134936735881,57.7574157756606,3.21646233882163));
#6243=CARTESIAN_POINT('',(602.704569555734,57.7771879933585,3.16949711768077));
#6244=CARTESIAN_POINT('',(602.774900942771,57.3752108641615,3.59336688529055));
#6245=CARTESIAN_POINT('',(602.165505459129,57.8682598982844,3.28751050566598));
#6246=CARTESIAN_POINT('',(602.64871321761,57.8639977756635,3.27377706176595));
#6247=CARTESIAN_POINT('',(602.769631927956,57.6987367282063,3.72658219812373));
#6248=CARTESIAN_POINT('',(602.171735803155,57.9973033603031,3.30871547506842));
#6249=CARTESIAN_POINT('',(602.622727737632,58.0485408396756,3.31715040646495));
#6250=CARTESIAN_POINT('',(602.744424475336,58.0820089955926,3.76634151575331));
#6251=CARTESIAN_POINT('',(602.13223111714,58.1189054743473,3.27561342099842));
#6252=CARTESIAN_POINT('',(602.620282519181,58.2217942048441,3.25162017160515));
#6253=CARTESIAN_POINT('',(602.69122711067,58.4534687658781,3.70427516437203));
#6254=CARTESIAN_POINT('',(602.084618804194,58.2150316053247,3.19499833470644));
#6255=CARTESIAN_POINT('',(602.672791296929,58.2900368071063,3.15317963380293));
#6256=CARTESIAN_POINT('',(602.638507705962,58.7508376248577,3.5531218775746));
#6257=CARTESIAN_POINT('',(602.092385414278,58.2750153834255,3.07906887464712));
#6258=CARTESIAN_POINT('',(602.74283799725,58.286653746127,3.17309131448324));
#6259=CARTESIAN_POINT('',(602.629829676328,58.9278817170013,3.33575413996326));
#6260=CARTESIAN_POINT('',(602.200873303764,58.2909492413152,2.95378341687907));
#6261=CARTESIAN_POINT('',(602.72647747231,58.3660223638622,3.20532262675633));
#6262=CARTESIAN_POINT('',(602.696386120848,58.9507041813202,3.10084390664866));
#6263=CARTESIAN_POINT('',(602.389710795196,58.2706826013113,2.84787599156576));
#6264=CARTESIAN_POINT('',(602.741301795867,58.436324466777,3.07399748929136));
#6265=CARTESIAN_POINT('',(602.823204977936,58.8473621665604,2.90226748418431));
#6266=CARTESIAN_POINT('',(602.615644309932,58.2247826163784,2.76802099277976));
#6267=CARTESIAN_POINT('',(602.847827372957,58.4024982639169,2.8924619079766));
#6268=CARTESIAN_POINT('',(602.979855857111,58.6592327385702,2.75253936146766));
#6269=CARTESIAN_POINT('',(602.848896637917,58.1594275425418,2.71335473258711));
#6270=CARTESIAN_POINT('',(603.010457067851,58.2836134380535,2.74071389009266));
#6271=CARTESIAN_POINT('',(603.145639481267,58.4115245019973,2.65004012359931));
#6272=CARTESIAN_POINT('',(602.98734714344,58.0444103560179,2.6911643720663));
#6273=CARTESIAN_POINT('',(603.130073876413,58.0409205490314,2.67431551866934));
#6274=CARTESIAN_POINT('',(603.261308336914,58.0374350332262,2.60843319762473));
#6275=CARTESIAN_POINT('',(602.818962990791,57.9104884935207,2.72418706227649));
#6276=CARTESIAN_POINT('',(603.017463951452,57.8038785772313,2.77245392917856));
#6277=CARTESIAN_POINT('',(603.18270175794,57.6765507039434,2.67035074176831));
#6278=CARTESIAN_POINT('',(602.604819289902,57.8073226558848,2.78393527680247));
#6279=CARTESIAN_POINT('',(602.889558926618,57.6778901453253,2.93236727336788));
#6280=CARTESIAN_POINT('',(603.067503716458,57.4175848100149,2.78237864400468));
#6281=CARTESIAN_POINT('',(602.395929015943,57.7255331520461,2.86925508301383));
#6282=CARTESIAN_POINT('',(602.803977062536,57.6505624290079,3.11261825972521));
#6283=CARTESIAN_POINT('',(602.950858707532,57.2210818508133,2.94235328065093));
#6284=CARTESIAN_POINT('',(602.283139265563,57.6944880861072,2.94380837410691));
#6285=CARTESIAN_POINT('',(602.79628171298,57.7059740987702,3.17685694996882));
#6286=CARTESIAN_POINT('',(602.884915777102,57.1540576679951,3.08214070145044));
#6287=CARTESIAN_POINT('',(602.240227784865,57.6882146717295,2.98336167995666));
#6288=CARTESIAN_POINT('',(602.792419573779,57.7301090487571,3.18542160339675));
#6289=CARTESIAN_POINT('',(602.858580706496,57.1450672182734,3.15630314991873));
#6290=CARTESIAN_POINT('',(316.13430892863,505.837274939499,2.9999999999177));
#6291=CARTESIAN_POINT('',(320.94244217906,512.994793269261,2.89298729167831));
#6292=CARTESIAN_POINT('',(320.99133109804,513.146487558692,2.82109989108096));
#6293=CARTESIAN_POINT('',(321.032134951188,513.307309625106,2.7678445851469));
#6294=CARTESIAN_POINT('',(321.058683778467,513.448712492388,2.73321610599365));
#6295=CARTESIAN_POINT('',(321.064502613327,513.559271017848,2.71210414159624));
#6296=CARTESIAN_POINT('',(321.054789267797,513.658384038673,2.69724409412654));
#6297=CARTESIAN_POINT('',(320.957294788231,513.676285399613,2.70391274962922));
#6298=CARTESIAN_POINT('',(320.85511425797,513.62072087399,2.72428133290883));
#6299=CARTESIAN_POINT('',(320.739018554042,513.543063518811,2.75531618592316));
#6300=CARTESIAN_POINT('',(320.610688722846,513.43674382351,2.80463679597003));
#6301=CARTESIAN_POINT('',(320.492724421725,513.328194808721,2.86981569844897));
#6302=CARTESIAN_POINT('',(320.391108358673,513.220144587105,2.95435308754681));
#6303=CARTESIAN_POINT('',(320.324523588042,513.109641746785,3.09603266077777));
#6304=CARTESIAN_POINT('',(320.425793994806,513.069328881151,3.25264521515215));
#6305=CARTESIAN_POINT('',(320.596275977963,513.031238368243,3.31480910276939));
#6306=CARTESIAN_POINT('',(320.72827108409,512.908021981261,3.28091916340051));
#6307=CARTESIAN_POINT('',(320.809434943985,512.792091476311,3.15183271431143));
#6308=CARTESIAN_POINT('',(320.886328855805,512.857146382732,2.98824770837282));
#6309=CARTESIAN_POINT('',(320.94244217906,512.994793269261,2.89298729167831));
#6310=CARTESIAN_POINT('',(320.99133109804,513.146487558692,2.82109989108096));
#6311=CARTESIAN_POINT('',(321.032134951188,513.307309625106,2.7678445851469));
#6312=CARTESIAN_POINT('',(320.989983587068,513.148008854855,2.8242052401915));
#6313=CARTESIAN_POINT('',(341.339320602556,478.540078356451,2.99999999992836));
#6314=CARTESIAN_POINT('',(351.276228006357,492.531811018909,3.31441924580103));
#6315=CARTESIAN_POINT('',(351.403986436289,492.401002997025,3.28279718477561));
#6316=CARTESIAN_POINT('',(351.477246714674,492.278721653507,3.15727397064961));
#6317=CARTESIAN_POINT('',(351.557808933795,492.332410170785,2.99303239443417));
#6318=CARTESIAN_POINT('',(351.622266893749,492.464915670696,2.89657922640848));
#6319=CARTESIAN_POINT('',(351.680247389508,492.611669301524,2.82424976832337));
#6320=CARTESIAN_POINT('',(351.730308763608,492.766981094557,2.77095820115533));
#6321=CARTESIAN_POINT('',(351.766407038908,492.905140187024,2.73585453994126));
#6322=CARTESIAN_POINT('',(351.779569821685,493.013610896856,2.71452533449633));
#6323=CARTESIAN_POINT('',(351.783507341987,493.110413772424,2.69896889334629));
#6324=CARTESIAN_POINT('',(351.696654575835,493.155339312379,2.70149927773935));
#6325=CARTESIAN_POINT('',(351.585181381578,493.105945420057,2.72211655765834));
#6326=CARTESIAN_POINT('',(351.464772441166,493.036975363265,2.75242469304802));
#6327=CARTESIAN_POINT('',(351.328844350121,492.938467686584,2.80122413586287));
#6328=CARTESIAN_POINT('',(351.204261019376,492.838052266669,2.8647061279491));
#6329=CARTESIAN_POINT('',(351.09313271195,492.734372178207,2.94959033855075));
#6330=CARTESIAN_POINT('',(351.015074959014,492.627226692625,3.08794342614703));
#6331=CARTESIAN_POINT('',(351.107837139647,492.577404203757,3.24892180977905));
#6332=CARTESIAN_POINT('',(351.276228006357,492.531811018909,3.31441924580103));
#6333=CARTESIAN_POINT('',(351.403986436289,492.401002997025,3.28279718477561));
#6334=CARTESIAN_POINT('',(351.477246714674,492.278721653507,3.15727397064961));
#6335=CARTESIAN_POINT('',(351.394903411031,492.402424110086,3.26714699259218));
#6336=CARTESIAN_POINT('',(371.438953811445,458.688907888097,2.99999999993783));
#6337=CARTESIAN_POINT('',(380.474248737934,470.339670797649,2.99539876291306));
#6338=CARTESIAN_POINT('',(380.448598123651,470.247938789564,3.16304370511799));
#6339=CARTESIAN_POINT('',(380.589856852081,470.210331183774,3.28513267978976));
#6340=CARTESIAN_POINT('',(380.746331613587,470.121075408389,3.31372803051618));
#6341=CARTESIAN_POINT('',(380.834275078372,469.971452741002,3.24683907587081));
#6342=CARTESIAN_POINT('',(380.90671816285,469.898439515139,3.0861855941455));
#6343=CARTESIAN_POINT('',(380.98873184702,470.002272304612,2.94923697161241));
#6344=CARTESIAN_POINT('',(381.081027119047,470.180593089758,2.83681246958782));
#6345=CARTESIAN_POINT('',(381.166624966044,470.387781354408,2.76438146713854));
#6346=CARTESIAN_POINT('',(381.215107971678,470.575899276336,2.72192421550464));
#6347=CARTESIAN_POINT('',(381.232645578931,470.696901961257,2.70132064981567));
#6348=CARTESIAN_POINT('',(381.164811475815,470.767219345998,2.69914248632166));
#6349=CARTESIAN_POINT('',(381.073620247149,470.737538147362,2.71458068356284));
#6350=CARTESIAN_POINT('',(380.97071675054,470.694944327802,2.73637126210377));
#6351=CARTESIAN_POINT('',(380.799250828697,470.594952576819,2.7853492292335));
#6352=CARTESIAN_POINT('',(380.622878156276,470.471047177353,2.86513315217296));
#6353=CARTESIAN_POINT('',(380.474248737934,470.339670797649,2.99539876291306));
#6354=CARTESIAN_POINT('',(380.448598123651,470.247938789564,3.16304370511799));
#6355=CARTESIAN_POINT('',(380.589856852081,470.210331183774,3.28513267978976));
#6356=CARTESIAN_POINT('',(380.476416347437,470.25695952328,3.15545104386245));
#6357=CARTESIAN_POINT('',(394.740561031497,430.783729970515,2.99999999994836));
#6358=CARTESIAN_POINT('',(409.035035671689,445.97172447296,2.87850202829496));
#6359=CARTESIAN_POINT('',(409.110064419809,446.11558296748,2.81004560347141));
#6360=CARTESIAN_POINT('',(409.178980949825,446.267636080124,2.75930653955589));
#6361=CARTESIAN_POINT('',(409.226031043084,446.403014329114,2.7266955273729));
#6362=CARTESIAN_POINT('',(409.252185974723,446.51334070478,2.70630034251912));
#6363=CARTESIAN_POINT('',(409.227207970117,446.610868664437,2.69619568531442));
#6364=CARTESIAN_POINT('',(409.125736817834,446.604282708177,2.70985028085602));
#6365=CARTESIAN_POINT('',(409.021857065901,446.569776419716,2.73024757580106));
#6366=CARTESIAN_POINT('',(408.89215170699,446.508412563116,2.76393101273326));
#6367=CARTESIAN_POINT('',(408.749876757064,446.427805751235,2.81499995372681));
#6368=CARTESIAN_POINT('',(408.615323775511,446.34075435084,2.88463545844438));
#6369=CARTESIAN_POINT('',(408.497966027291,446.251981701524,2.97459648612637));
#6370=CARTESIAN_POINT('',(408.436771427861,446.157700805655,3.13067336643516));
#6371=CARTESIAN_POINT('',(408.556708736151,446.107475383862,3.27097576603486));
#6372=CARTESIAN_POINT('',(408.714055681652,446.023906902809,3.31596722995673));
#6373=CARTESIAN_POINT('',(408.805688900823,445.872222565069,3.26481638508143));
#6374=CARTESIAN_POINT('',(408.867838429509,445.766455646456,3.11820245808995));
#6375=CARTESIAN_POINT('',(408.956512408426,445.845035512905,2.96725088795316));
#6376=CARTESIAN_POINT('',(409.035035671689,445.97172447296,2.87850202829496));
#6377=CARTESIAN_POINT('',(409.110064419809,446.11558296748,2.81004560347141));
#6378=CARTESIAN_POINT('',(409.178980949825,446.267636080124,2.75930653955589));
#6379=CARTESIAN_POINT('',(409.109045716792,446.116948737167,2.8129984969561));
#6380=CARTESIAN_POINT('',(417.155178872072,402.842073589387,2.99999999995877));
#6381=CARTESIAN_POINT('',(435.052816191513,420.532152985513,2.91603440554329));
#6382=CARTESIAN_POINT('',(434.933976639433,420.443677617552,3.02846748014907));
#6383=CARTESIAN_POINT('',(434.943348583568,420.363996890401,3.19947453601214));
#6384=CARTESIAN_POINT('',(435.092505200642,420.307134196676,3.2995309218855));
#6385=CARTESIAN_POINT('',(435.224214128456,420.181042868157,3.30628905876635));
#6386=CARTESIAN_POINT('',(435.280222473214,420.025128165787,3.21968273651306));
#6387=CARTESIAN_POINT('',(435.35385219395,419.985558467608,3.04933893755293));
#6388=CARTESIAN_POINT('',(435.445516354681,420.09274996762,2.93027288289253));
#6389=CARTESIAN_POINT('',(435.529917314444,420.219398698091,2.85028347409302));
#6390=CARTESIAN_POINT('',(435.610859082618,420.360352610339,2.79014665509433));
#6391=CARTESIAN_POINT('',(435.684994681489,420.512794274425,2.74392371589388));
#6392=CARTESIAN_POINT('',(435.735488622739,420.635184179353,2.71610723751492));
#6393=CARTESIAN_POINT('',(435.749810462036,420.770545861341,2.69655043444722));
#6394=CARTESIAN_POINT('',(435.622502471463,420.810338229643,2.70824414209049));
#6395=CARTESIAN_POINT('',(435.487926572212,420.751040682446,2.73760549056856));
#6396=CARTESIAN_POINT('',(435.33236322639,420.688391915245,2.7813912577916));
#6397=CARTESIAN_POINT('',(435.186891806946,420.612154653434,2.83877435680729));
#6398=CARTESIAN_POINT('',(435.052816191513,420.532152985513,2.91603440554329));
#6399=CARTESIAN_POINT('',(434.933976639433,420.443677617552,3.02846748014907));
#6400=CARTESIAN_POINT('',(434.943348583568,420.363996890401,3.19947453601214));
#6401=CARTESIAN_POINT('',(434.955345222136,420.44514339102,3.03822981035854));
#6402=CARTESIAN_POINT('',(445.811863041257,380.759301574013,2.9999999999686));
#6403=CARTESIAN_POINT('',(460.302485359487,393.365114175611,2.75208063487293));
#6404=CARTESIAN_POINT('',(460.1458620007,393.302145947786,2.80102364764888));
#6405=CARTESIAN_POINT('',(459.999349597941,393.234183461372,2.86517100716603));
#6406=CARTESIAN_POINT('',(459.867795488397,393.161070309379,2.94958193182644));
#6407=CARTESIAN_POINT('',(459.766566314041,393.076795018026,3.08614242397735));
#6408=CARTESIAN_POINT('',(459.84114026561,393.006204012373,3.24653410624029));
#6409=CARTESIAN_POINT('',(459.992276267764,392.923029670238,3.31354275554239));
#6410=CARTESIAN_POINT('',(460.08640570587,392.768630196964,3.28549753915348));
#6411=CARTESIAN_POINT('',(460.12769303922,392.628291568305,3.1634772322642));
#6412=CARTESIAN_POINT('',(460.217959325832,392.655200780195,2.99666565193658));
#6413=CARTESIAN_POINT('',(460.313447975587,392.768695984863,2.89854417419081));
#6414=CARTESIAN_POINT('',(460.405008750169,392.896190721237,2.82585913210241));
#6415=CARTESIAN_POINT('',(460.4926777899,393.036979708739,2.77139336642693));
#6416=CARTESIAN_POINT('',(460.561326254148,393.162144038486,2.736209849499));
#6417=CARTESIAN_POINT('',(460.601072253996,393.26612371693,2.71447105645707));
#6418=CARTESIAN_POINT('',(460.628102395877,393.357617908281,2.69913279962616));
#6419=CARTESIAN_POINT('',(460.555982711107,393.423390688471,2.70133946272488));
#6420=CARTESIAN_POINT('',(460.435867871648,393.402710251056,2.72188821329012));
#6421=CARTESIAN_POINT('',(460.302485359487,393.365114175611,2.75208063487293));
#6422=CARTESIAN_POINT('',(460.1458620007,393.302145947786,2.80102364764888));
#6423=CARTESIAN_POINT('',(459.999349597941,393.234183461372,2.86517100716603));
#6424=CARTESIAN_POINT('',(460.147547160038,393.301313571354,2.80355770543908));
#6425=CARTESIAN_POINT('',(469.633231958847,353.894024005446,2.99999999997894));
#6426=CARTESIAN_POINT('',(482.917378098065,364.234506412917,3.17692643500857));
#6427=CARTESIAN_POINT('',(483.050700180602,364.163387762247,3.29074552022493));
#6428=CARTESIAN_POINT('',(483.176885211013,364.031675911602,3.31165798249641));
#6429=CARTESIAN_POINT('',(483.220313307239,363.865691904896,3.23668379205141));
#6430=CARTESIAN_POINT('',(483.279388039262,363.792875768751,3.07050267523683));
#6431=CARTESIAN_POINT('',(483.384274485205,363.88106490815,2.94100638195221));
#6432=CARTESIAN_POINT('',(483.484423585232,363.995596409746,2.85821403545726));
#6433=CARTESIAN_POINT('',(483.582060873679,364.124682826551,2.79600785078766));
#6434=CARTESIAN_POINT('',(483.676890801431,364.2659221864,2.74804092823172));
#6435=CARTESIAN_POINT('',(483.741311578512,364.386088348646,2.71897866378029));
#6436=CARTESIAN_POINT('',(483.782971421594,364.507202544326,2.69867958407027));
#6437=CARTESIAN_POINT('',(483.710983254313,364.573577206109,2.70188394251431));
#6438=CARTESIAN_POINT('',(483.620875975103,364.562623445469,2.71735755270715));
#6439=CARTESIAN_POINT('',(483.50967132034,364.544201797622,2.74007538352913));
#6440=CARTESIAN_POINT('',(483.375379549057,364.5037525696,2.77568146414229));
#6441=CARTESIAN_POINT('',(483.219960596232,364.448278889076,2.83120392474616));
#6442=CARTESIAN_POINT('',(483.076366066095,364.385658787593,2.90603734819424));
#6443=CARTESIAN_POINT('',(482.947205189807,364.316217272917,3.0079886029278));
#6444=CARTESIAN_POINT('',(482.917378098065,364.234506412917,3.17692643500857));
#6445=CARTESIAN_POINT('',(483.050700180602,364.163387762247,3.29074552022493));
#6446=CARTESIAN_POINT('',(483.176885211013,364.031675911602,3.31165798249641));
#6447=CARTESIAN_POINT('',(483.049510671914,364.153288895585,3.27526108306744));
#6448=CARTESIAN_POINT('',(492.365282271129,325.889471169293,2.99999999998941));
#6449=CARTESIAN_POINT('',(505.128814148858,334.271137168533,2.70156046702541));
#6450=CARTESIAN_POINT('',(505.087634483756,334.359607761612,2.69892047796695));
#6451=CARTESIAN_POINT('',(504.991442078144,334.359414353802,2.71430580803276));
#6452=CARTESIAN_POINT('',(504.88176975102,334.350095948705,2.73574025826714));
#6453=CARTESIAN_POINT('',(504.742384670732,334.318803247989,2.7708663771685));
#6454=CARTESIAN_POINT('',(504.58539084192,334.274243745785,2.82406503826853));
#6455=CARTESIAN_POINT('',(504.436079016302,334.22115903276,2.89681190577272));
#6456=CARTESIAN_POINT('',(504.301912232838,334.161668911311,2.99262358338357));
#6457=CARTESIAN_POINT('',(504.245000725496,334.082577508641,3.15815769072137));
#6458=CARTESIAN_POINT('',(504.366497878991,334.004215824884,3.28361113591791));
#6459=CARTESIAN_POINT('',(504.490970524885,333.872880085605,3.31418437565592));
#6460=CARTESIAN_POINT('',(504.530963068266,333.703387815188,3.24879712616511));
#6461=CARTESIAN_POINT('',(504.576832178509,333.609064785494,3.08913870386207));
#6462=CARTESIAN_POINT('',(504.686223444885,333.68209925277,2.95063331773572));
#6463=CARTESIAN_POINT('',(504.828081383299,333.824359446447,2.83768139631081));
#6464=CARTESIAN_POINT('',(504.972255319014,333.996312187982,2.76486850261277));
#6465=CARTESIAN_POINT('',(505.075441310621,334.16122145444,2.72223795225502));
#6466=CARTESIAN_POINT('',(505.128814148858,334.271137168533,2.70156046702541));
#6467=CARTESIAN_POINT('',(505.087634483756,334.359607761612,2.69892047796695));
#6468=CARTESIAN_POINT('',(504.991442078144,334.359414353802,2.71430580803276));
#6469=CARTESIAN_POINT('',(505.078465693671,334.34483042813,2.70192469782095));
#6470=CARTESIAN_POINT('',(504.481997189878,334.236900915388,2.87592572916095));
#6471=CARTESIAN_POINT('',(504.768994803142,334.547601604023,3.09757467629207));
#6472=CARTESIAN_POINT('',(504.599559169494,334.97063245723,2.95486074219053));
#6473=CARTESIAN_POINT('',(504.544142438006,334.260001784506,2.84279968029047));
#6474=CARTESIAN_POINT('',(504.775877802748,334.564681013524,3.05210659476473));
#6475=CARTESIAN_POINT('',(504.658168742554,334.955244630805,2.89274940055837));
#6476=CARTESIAN_POINT('',(504.686357021624,334.305440415144,2.78551420909284));
#6477=CARTESIAN_POINT('',(504.828122068272,334.586434249497,2.93620258649725));
#6478=CARTESIAN_POINT('',(504.800414883843,334.903127552847,2.78533914206259));
#6479=CARTESIAN_POINT('',(504.916939958784,334.36020955116,2.72533327003262));
#6480=CARTESIAN_POINT('',(505.004618989327,334.570042661323,2.77576104437622));
#6481=CARTESIAN_POINT('',(505.051689626902,334.77561045386,2.67249988132469));
#6482=CARTESIAN_POINT('',(505.134830280484,334.365203628433,2.69137758422388));
#6483=CARTESIAN_POINT('',(505.241972870265,334.460680171441,2.67495669551499));
#6484=CARTESIAN_POINT('',(505.340210282302,334.548676284964,2.60883297043355));
#6485=CARTESIAN_POINT('',(505.105652111843,334.191901099484,2.71231161837837));
#6486=CARTESIAN_POINT('',(505.307001890786,334.198086058622,2.73763027955181));
#6487=CARTESIAN_POINT('',(505.490369417571,334.185878982341,2.64808428447229));
#6488=CARTESIAN_POINT('',(504.966270872323,333.994368339598,2.7662476471952));
#6489=CARTESIAN_POINT('',(505.256167148415,334.001448673356,2.88775052299637));
#6490=CARTESIAN_POINT('',(505.518391855662,333.888322520303,2.74921433850475));
#6491=CARTESIAN_POINT('',(504.82019867288,333.816340070394,2.84497837766623));
#6492=CARTESIAN_POINT('',(505.195143859543,333.904806033927,3.06843983240832));
#6493=CARTESIAN_POINT('',(505.516076723176,333.64245886609,2.89683445813755));
#6494=CARTESIAN_POINT('',(504.68518957133,333.679842359908,2.95035117984798));
#6495=CARTESIAN_POINT('',(505.138678240365,333.946077314358,3.20348625739956));
#6496=CARTESIAN_POINT('',(505.483280823888,333.479093014199,3.09440846222861));
#6497=CARTESIAN_POINT('',(504.589847507954,333.62113368275,3.07445727788883));
#6498=CARTESIAN_POINT('',(505.101546232106,334.020887652898,3.17578866831783));
#6499=CARTESIAN_POINT('',(505.418922083818,333.449618666988,3.32710739605509));
#6500=CARTESIAN_POINT('',(504.544273620258,333.659927412127,3.19195979400077));
#6501=CARTESIAN_POINT('',(505.049985241902,333.975860825299,3.15125362154289));
#6502=CARTESIAN_POINT('',(505.315046103608,333.587937723513,3.54742461376501));
#6503=CARTESIAN_POINT('',(504.520862703609,333.763871782738,3.27396168896353));
#6504=CARTESIAN_POINT('',(504.966828016279,333.991836481209,3.2486708217138));
#6505=CARTESIAN_POINT('',(505.16977843716,333.850478287328,3.70117816682024));
#6506=CARTESIAN_POINT('',(504.476056368224,333.883427139806,3.30849727132688));
#6507=CARTESIAN_POINT('',(504.860081108718,334.12599386201,3.31669398326866));
#6508=CARTESIAN_POINT('',(504.978520791742,334.171957642977,3.76593238375146));
#6509=CARTESIAN_POINT('',(504.391061757184,333.980590278617,3.28889484556136));
#6510=CARTESIAN_POINT('',(504.762982433269,334.286207765799,3.2764432189971));
#6511=CARTESIAN_POINT('',(504.75746457037,334.486343308265,3.72917783544116));
#6512=CARTESIAN_POINT('',(504.296812339657,334.048262262558,3.21902492278891));
#6513=CARTESIAN_POINT('',(504.748430776138,334.391272576959,3.17192040561044));
#6514=CARTESIAN_POINT('',(504.556125137177,334.743640924511,3.59817173024282));
#6515=CARTESIAN_POINT('',(504.253504361786,334.104519026637,3.10993683859463));
#6516=CARTESIAN_POINT('',(504.818330328515,334.427223060327,3.15504055121418));
#6517=CARTESIAN_POINT('',(504.436021439719,334.919170721238,3.39363157237832));
#6518=CARTESIAN_POINT('',(504.313485532862,334.166835200437,2.98427050231573));
#6519=CARTESIAN_POINT('',(504.794374521186,334.477376972945,3.21292145635922));
#6520=CARTESIAN_POINT('',(504.448757445486,334.995454511399,3.15800719185555));
#6521=CARTESIAN_POINT('',(504.419851941751,334.21380004627,2.90905177803143));
#6522=CARTESIAN_POINT('',(504.761610938285,334.529279352271,3.14635139988903));
#6523=CARTESIAN_POINT('',(504.540949596434,334.986020283656,3.01697208382269));
#6524=CARTESIAN_POINT('',(504.481997189878,334.236900915388,2.87592572916095));
#6525=CARTESIAN_POINT('',(504.768994803142,334.547601604023,3.09757467629207));
#6526=CARTESIAN_POINT('',(504.599559169494,334.97063245723,2.95486074219053));
#6527=CARTESIAN_POINT('',(320.87327872426,512.854943036159,3.01815789441796));
#6528=CARTESIAN_POINT('',(321.175660870877,513.358169861501,3.18766464923081));
#6529=CARTESIAN_POINT('',(321.687289165182,513.025764567819,3.221546052138));
#6530=CARTESIAN_POINT('',(320.852595234647,512.826596275967,3.05855820896631));
#6531=CARTESIAN_POINT('',(321.155312776397,513.367244706804,3.1859284972132));
#6532=CARTESIAN_POINT('',(321.669306328309,513.011212496923,3.29729664191615));
#6533=CARTESIAN_POINT('',(320.813141497086,512.805229990469,3.14166253765994));
#6534=CARTESIAN_POINT('',(321.130024647785,513.358525743085,3.14365636173344));
#6535=CARTESIAN_POINT('',(321.600053720488,513.025773684151,3.45311725821668));
#6536=CARTESIAN_POINT('',(320.75441474383,512.866779078519,3.24177942637472));
#6537=CARTESIAN_POINT('',(321.08227819934,513.296662942261,3.19830738195989));
#6538=CARTESIAN_POINT('',(321.397194430286,513.168218925715,3.64083642455693));
#6539=CARTESIAN_POINT('',(320.677744394939,512.961815529941,3.29928892659792));
#6540=CARTESIAN_POINT('',(320.956741076668,513.336615106347,3.29730501979311));
#6541=CARTESIAN_POINT('',(321.1166431315,513.373114304002,3.7486667374754));
#6542=CARTESIAN_POINT('',(320.570236027986,513.03456569998,3.304518042318));
#6543=CARTESIAN_POINT('',(320.790615250399,513.438234766826,3.30819474492045));
#6544=CARTESIAN_POINT('',(320.787874292339,513.582072010991,3.75847132945064));
#6545=CARTESIAN_POINT('',(320.449483218749,513.066989350955,3.25639726938267));
#6546=CARTESIAN_POINT('',(320.678198643383,513.537224900533,3.21948432771235));
#6547=CARTESIAN_POINT('',(320.471217632582,513.752977173998,3.66824488019681));
#6548=CARTESIAN_POINT('',(320.357531828891,513.089442190288,3.16376094674706));
#6549=CARTESIAN_POINT('',(320.693608812598,513.612730570232,3.14249341422247));
#6550=CARTESIAN_POINT('',(320.232437054055,513.880187950793,3.49455177525504));
#6551=CARTESIAN_POINT('',(320.341399047218,513.146279074822,3.04149876649411));
#6552=CARTESIAN_POINT('',(320.714104719107,513.657280580418,3.19606368405708));
#6553=CARTESIAN_POINT('',(320.134001240482,513.970842068071,3.2653101872808));
#6554=CARTESIAN_POINT('',(320.42200034766,513.257321222287,2.91959054932027));
#6555=CARTESIAN_POINT('',(320.622742087368,513.695859868538,3.18042334815509));
#6556=CARTESIAN_POINT('',(320.203611268939,514.028242395095,3.03673228007982));
#6557=CARTESIAN_POINT('',(320.568636890613,513.401740284342,2.82168771192685));
#6558=CARTESIAN_POINT('',(320.617088096655,513.756279733939,3.02009042661731));
#6559=CARTESIAN_POINT('',(320.391779701102,514.058271337894,2.8531644599673));
#6560=CARTESIAN_POINT('',(320.748513922407,513.550850616667,2.74976926569449));
#6561=CARTESIAN_POINT('',(320.741092366429,513.817765310887,2.84424200882861));
#6562=CARTESIAN_POINT('',(320.652512213924,514.058881264849,2.71831737328151));
#6563=CARTESIAN_POINT('',(320.949187004414,513.690150597849,2.70179420740597));
#6564=CARTESIAN_POINT('',(320.964982518627,513.865253790967,2.70626264940702));
#6565=CARTESIAN_POINT('',(320.972196963129,514.024624077156,2.62836413899058));
#6566=CARTESIAN_POINT('',(321.080729717831,513.64624034265,2.69627520921341));
#6567=CARTESIAN_POINT('',(321.208263754192,513.742377650461,2.68966926809689));
#6568=CARTESIAN_POINT('',(321.326096554876,513.827395629079,2.61801601737984));
#6569=CARTESIAN_POINT('',(321.054510699636,513.409634182512,2.73901719903743));
#6570=CARTESIAN_POINT('',(321.283541386473,513.511249081483,2.81459544616111));
#6571=CARTESIAN_POINT('',(321.517616862425,513.549497976832,2.69815724829917));
#6572=CARTESIAN_POINT('',(321.002197257536,513.180201391791,2.80593483846315));
#6573=CARTESIAN_POINT('',(321.292448456841,513.356146038007,2.98498977349621));
#6574=CARTESIAN_POINT('',(321.640628922228,513.308685497386,2.82362782222287));
#6575=CARTESIAN_POINT('',(320.93724243476,512.975310551621,2.89926065036981));
#6576=CARTESIAN_POINT('',(321.245212375766,513.308974723541,3.15713628194905));
#6577=CARTESIAN_POINT('',(321.707950741726,513.113086109528,2.99861371954773));
#6578=CARTESIAN_POINT('',(320.893962213872,512.883289796351,2.9777575798696));
#6579=CARTESIAN_POINT('',(321.195351948432,513.349388032674,3.18934474286618));
#6580=CARTESIAN_POINT('',(321.705272002055,513.040316638715,3.14579546235984));
#6581=CARTESIAN_POINT('',(320.87327872426,512.854943036159,3.01815789441796));
#6582=CARTESIAN_POINT('',(321.175660870877,513.358169861501,3.18766464923081));
#6583=CARTESIAN_POINT('',(321.687289165182,513.025764567819,3.221546052138));
#6584=CARTESIAN_POINT('',(351.363493576261,492.439940482689,3.28644963037466));
#6585=CARTESIAN_POINT('',(351.668881473652,492.813524679915,3.27659087566285));
#6586=CARTESIAN_POINT('',(351.848371117078,492.8122484689,3.72459305704465));
#6587=CARTESIAN_POINT('',(351.335720527226,492.47031386936,3.2989421945998));
#6588=CARTESIAN_POINT('',(351.624429825387,492.8369332025,3.2968160082307));
#6589=CARTESIAN_POINT('',(351.75310706916,492.886826087004,3.7480166149668));
#6590=CARTESIAN_POINT('',(351.269707592784,492.526036574569,3.30680442576713));
#6591=CARTESIAN_POINT('',(351.51883957558,492.908741062228,3.31305226085124));
#6592=CARTESIAN_POINT('',(351.545179532231,493.040554133943,3.76275829840561));
#6593=CARTESIAN_POINT('',(351.151077539857,492.569698579314,3.26476262408803));
#6594=CARTESIAN_POINT('',(351.400905880666,493.017204242737,3.23289137095735));
#6595=CARTESIAN_POINT('',(351.234942136134,493.23615943255,3.68392992025722));
#6596=CARTESIAN_POINT('',(351.054597814261,492.596863416987,3.17695688393563));
#6597=CARTESIAN_POINT('',(351.406529885889,493.095771029421,3.1451508940391));
#6598=CARTESIAN_POINT('',(350.991964228776,493.383298694095,3.51929415747143));
#6599=CARTESIAN_POINT('',(351.030406179871,492.649288599053,3.05684703090704));
#6600=CARTESIAN_POINT('',(351.442503832544,493.141767141842,3.18698763278144));
#6601=CARTESIAN_POINT('',(350.879742462203,493.485224877465,3.29408818304287));
#6602=CARTESIAN_POINT('',(351.10609785716,492.749453345432,2.93361953944312));
#6603=CARTESIAN_POINT('',(351.358489137677,493.183586746832,3.19281777482434));
#6604=CARTESIAN_POINT('',(350.93380386994,493.543017670766,3.06303663654801));
#6605=CARTESIAN_POINT('',(351.255613194488,492.883015758323,2.83196865838728));
#6606=CARTESIAN_POINT('',(351.338813730407,493.243408268068,3.04218486601103));
#6607=CARTESIAN_POINT('',(351.112859843497,493.565518305341,2.87244123456845));
#6608=CARTESIAN_POINT('',(351.442262693498,493.022019568689,2.75691258310696));
#6609=CARTESIAN_POINT('',(351.45424114211,493.298967878038,2.86334288931265));
#6610=CARTESIAN_POINT('',(351.367502269008,493.55408103061,2.73171109341751));
#6611=CARTESIAN_POINT('',(351.648305230355,493.152479815394,2.70619993108616));
#6612=CARTESIAN_POINT('',(351.66781797141,493.338737078924,2.71944534173136));
#6613=CARTESIAN_POINT('',(351.674355095034,493.508695041301,2.63662487087989));
#6614=CARTESIAN_POINT('',(351.799706603885,493.134897937957,2.69355733077506));
#6615=CARTESIAN_POINT('',(351.918100560129,493.228805267344,2.68151340003422));
#6616=CARTESIAN_POINT('',(352.027201469463,493.313546388701,2.61291999529519));
#6617=CARTESIAN_POINT('',(351.768857646091,492.904406011216,2.73300561357296));
#6618=CARTESIAN_POINT('',(351.994589733119,492.988231813554,2.79773888619969));
#6619=CARTESIAN_POINT('',(352.218281000008,493.019359929793,2.68688552554167));
#6620=CARTESIAN_POINT('',(351.704327904771,492.677978992924,2.79690627767574));
#6621=CARTESIAN_POINT('',(351.998709607755,492.824041140942,2.96365149034936));
#6622=CARTESIAN_POINT('',(352.330750213593,492.76874519848,2.80669927073418));
#6623=CARTESIAN_POINT('',(351.627932133422,492.473369828994,2.88654618490371));
#6624=CARTESIAN_POINT('',(351.954627503001,492.763789043426,3.13973586182303));
#6625=CARTESIAN_POINT('',(352.392628287865,492.562566096952,2.9747740967867));
#6626=CARTESIAN_POINT('',(351.553329065161,492.328658278912,3.00234200102109));
#6627=CARTESIAN_POINT('',(351.880516838684,492.825152532613,3.21126719889247));
#6628=CARTESIAN_POINT('',(352.391155247111,492.439863466122,3.19189125200671));
#6629=CARTESIAN_POINT('',(351.49094696443,492.287242175286,3.12752556788752));
#6630=CARTESIAN_POINT('',(351.837522745673,492.830976574296,3.14751955430978));
#6631=CARTESIAN_POINT('',(352.300467474898,492.450912293629,3.42661043988123));
#6632=CARTESIAN_POINT('',(351.436345886992,492.343796254542,3.23184904041629));
#6633=CARTESIAN_POINT('',(351.79267745914,492.765886970374,3.18580694365729));
#6634=CARTESIAN_POINT('',(352.116763819742,492.593088425318,3.62221695087269));
#6635=CARTESIAN_POINT('',(351.391266625296,492.409567096018,3.27395706614952));
#6636=CARTESIAN_POINT('',(351.714514135064,492.789494228246,3.25582839187408));
#6637=CARTESIAN_POINT('',(351.943635164996,492.737670850796,3.7011694991225));
#6638=CARTESIAN_POINT('',(351.363493576261,492.439940482689,3.28644963037466));
#6639=CARTESIAN_POINT('',(351.668881473652,492.813524679915,3.27659087566285));
#6640=CARTESIAN_POINT('',(351.848371117078,492.8122484689,3.72459305704465));
#6641=CARTESIAN_POINT('',(380.642705805688,470.178013953075,3.28977123140644));
#6642=CARTESIAN_POINT('',(380.921003693972,470.566959357057,3.28213394051139));
#6643=CARTESIAN_POINT('',(380.889204942391,470.729610146308,3.7308210589667));
#6644=CARTESIAN_POINT('',(380.606216083542,470.197656477047,3.27888332176298));
#6645=CARTESIAN_POINT('',(380.883463905744,470.604910772386,3.26365683692591));
#6646=CARTESIAN_POINT('',(380.79113876051,470.802808526885,3.7104062283852));
#6647=CARTESIAN_POINT('',(380.529843113644,470.224967125162,3.23970833517696));
#6648=CARTESIAN_POINT('',(380.831993047571,470.676246550299,3.19566647284463));
#6649=CARTESIAN_POINT('',(380.601915580406,470.934373642015,3.63695312853646));
#6650=CARTESIAN_POINT('',(380.454383314393,470.260733503177,3.13900889726187));
#6651=CARTESIAN_POINT('',(380.876593700574,470.740386623737,3.14427288273812));
#6652=CARTESIAN_POINT('',(380.404701218599,471.078091372435,3.44814168244564));
#6653=CARTESIAN_POINT('',(380.467503752392,470.327869827372,3.01437964372261));
#6654=CARTESIAN_POINT('',(380.873583706208,470.780371693194,3.20804133424339));
#6655=CARTESIAN_POINT('',(380.353656735548,471.167955657246,3.21446183205953));
#6656=CARTESIAN_POINT('',(380.579272733396,470.435447787301,2.89646745521752));
#6657=CARTESIAN_POINT('',(380.789502114553,470.833709322286,3.15386292838917));
#6658=CARTESIAN_POINT('',(380.459008799756,471.206490787568,2.99337647861256));
#6659=CARTESIAN_POINT('',(380.754059383546,470.564461521949,2.80347056416239));
#6660=CARTESIAN_POINT('',(380.823055651801,470.893803513685,2.9793569211444));
#6661=CARTESIAN_POINT('',(380.66934444668,471.205366883019,2.81900730788412));
#6662=CARTESIAN_POINT('',(380.954649507453,470.688438498491,2.73727898793598));
#6663=CARTESIAN_POINT('',(380.975687690332,470.935384704308,2.80976840557979));
#6664=CARTESIAN_POINT('',(380.938676866178,471.166386139193,2.69489810245974));
#6665=CARTESIAN_POINT('',(381.17072988357,470.788136319297,2.69524725580349));
#6666=CARTESIAN_POINT('',(381.2228316081,470.935900779162,2.68661309362065));
#6667=CARTESIAN_POINT('',(381.268067959966,471.071412164891,2.6160886047112));
#6668=CARTESIAN_POINT('',(381.246179492305,470.666654177417,2.70329523050448));
#6669=CARTESIAN_POINT('',(381.411520049492,470.737331763276,2.71073486306335));
#6670=CARTESIAN_POINT('',(381.564684135919,470.793458998441,2.63117855727602));
#6671=CARTESIAN_POINT('',(381.178612651991,470.433912917857,2.75179435320427));
#6672=CARTESIAN_POINT('',(381.435804840454,470.515517355826,2.84954745432384));
#6673=CARTESIAN_POINT('',(381.695995151497,470.507367016261,2.72211441233762));
#6674=CARTESIAN_POINT('',(381.095940240712,470.215869330023,2.82436068636023));
#6675=CARTESIAN_POINT('',(381.416995138262,470.380962473014,3.02614271706587));
#6676=CARTESIAN_POINT('',(381.779143464199,470.261800947412,2.85817628700514));
#6677=CARTESIAN_POINT('',(381.006774276324,470.031335425189,2.92378556765562));
#6678=CARTESIAN_POINT('',(381.356615993513,470.37163630286,3.18413730222923));
#6679=CARTESIAN_POINT('',(381.809987467532,470.07626542527,3.044597939434));
#6680=CARTESIAN_POINT('',(380.929493796591,469.923406863182,3.04474796026865));
#6681=CARTESIAN_POINT('',(381.291896077235,470.444244603101,3.19390874872844));
#6682=CARTESIAN_POINT('',(381.776270514808,469.996982773167,3.2714024255832));
#6683=CARTESIAN_POINT('',(380.8708353733,469.922533359235,3.16670446915401));
#6684=CARTESIAN_POINT('',(381.256607799806,470.407423052302,3.1428787492316));
#6685=CARTESIAN_POINT('',(381.656442670643,470.063880870712,3.50007087974344));
#6686=CARTESIAN_POINT('',(380.819446205093,470.003890131214,3.25840870402098));
#6687=CARTESIAN_POINT('',(381.188356319954,470.370950823691,3.22257722927659));
#6688=CARTESIAN_POINT('',(381.455963037795,470.251214637699,3.67201632011892));
#6689=CARTESIAN_POINT('',(380.748781446517,470.107111981327,3.30503579303771));
#6690=CARTESIAN_POINT('',(381.057044266001,470.447415528509,3.30933668445659));
#6691=CARTESIAN_POINT('',(381.190312671691,470.495183358554,3.75944211202544));
#6692=CARTESIAN_POINT('',(380.679195527833,470.158371429102,3.30065914104989));
#6693=CARTESIAN_POINT('',(380.957688493808,470.529872305142,3.30019021835963));
#6694=CARTESIAN_POINT('',(380.987271124272,470.656411765731,3.75123588954819));
#6695=CARTESIAN_POINT('',(380.642705805688,470.178013953075,3.28977123140644));
#6696=CARTESIAN_POINT('',(380.921003693972,470.566959357057,3.28213394051139));
#6697=CARTESIAN_POINT('',(380.889204942391,470.729610146308,3.7308210589667));
#6698=CARTESIAN_POINT('',(408.945920557625,445.842333823539,2.99033698093618));
#6699=CARTESIAN_POINT('',(409.329639927769,446.251722552846,3.18671333814372));
#6700=CARTESIAN_POINT('',(409.771236625228,445.854110510374,3.16938183932217));
#6701=CARTESIAN_POINT('',(408.918645755458,445.810762283208,3.03012717377954));
#6702=CARTESIAN_POINT('',(409.309972938172,446.267474812339,3.19328232879883));
#6703=CARTESIAN_POINT('',(409.756344979066,445.832400798612,3.24398845090347));
#6704=CARTESIAN_POINT('',(408.871967520502,445.780095112154,3.11380964287018));
#6705=CARTESIAN_POINT('',(409.279796396782,446.285676499283,3.1531945993103));
#6706=CARTESIAN_POINT('',(409.70319804777,445.835233809715,3.40089308044841));
#6707=CARTESIAN_POINT('',(408.823556808649,445.834208863443,3.22185657017131));
#6708=CARTESIAN_POINT('',(409.232136766918,446.222843161697,3.17478818085721));
#6709=CARTESIAN_POINT('',(409.54633695607,445.985212577983,3.60348106913802));
#6710=CARTESIAN_POINT('',(408.770970733832,445.938343575104,3.2902374888194));
#6711=CARTESIAN_POINT('',(409.129066335456,446.257352517148,3.279092829537));
#6712=CARTESIAN_POINT('',(409.322217114607,446.22568940484,3.73169529160317));
#6713=CARTESIAN_POINT('',(408.687066390517,446.036807674228,3.30824970656901));
#6714=CARTESIAN_POINT('',(408.98535864896,446.379813376846,3.31614751774673));
#6715=CARTESIAN_POINT('',(409.044725777554,446.493494086954,3.76546819988374));
#6716=CARTESIAN_POINT('',(408.57561580506,446.098582171027,3.27207412380054));
#6717=CARTESIAN_POINT('',(408.872041327438,446.505331999408,3.24535074305759));
#6718=CARTESIAN_POINT('',(408.757800476697,446.731108920097,3.69763898219284));
#6719=CARTESIAN_POINT('',(408.478211029983,446.137742890966,3.18898064004306));
#6720=CARTESIAN_POINT('',(408.872990722485,446.58826047062,3.14992649118997));
#6721=CARTESIAN_POINT('',(408.52454394116,446.913385717227,3.54183870014756));
#6722=CARTESIAN_POINT('',(408.449372186352,446.189177611688,3.07156792971993));
#6723=CARTESIAN_POINT('',(408.9237483513,446.631355669346,3.17783328880965));
#6724=CARTESIAN_POINT('',(408.408263819216,447.035444478829,3.32168986829167));
#6725=CARTESIAN_POINT('',(408.525383512306,446.275655892314,2.94682623211069));
#6726=CARTESIAN_POINT('',(408.85319218794,446.680675788375,3.20171452954084));
#6727=CARTESIAN_POINT('',(408.451641455738,447.093271491585,3.08779918527439));
#6728=CARTESIAN_POINT('',(408.683024320012,446.388014691505,2.8423993884085));
#6729=CARTESIAN_POINT('',(408.825010101013,446.742794629336,3.06330911980854));
#6730=CARTESIAN_POINT('',(408.620961605873,447.098715148867,2.89199885333279));
#6731=CARTESIAN_POINT('',(408.882927122665,446.504515703305,2.76416803420726));
#6732=CARTESIAN_POINT('',(408.93357125409,446.787249608448,2.88247529706589));
#6733=CARTESIAN_POINT('',(408.866399326853,447.061233394395,2.74531506420553));
#6734=CARTESIAN_POINT('',(409.101462010982,446.611287273712,2.71079080134947));
#6735=CARTESIAN_POINT('',(409.139875659197,446.805627653467,2.73312177689463));
#6736=CARTESIAN_POINT('',(409.159022685306,446.985092246864,2.64523275259718));
#6737=CARTESIAN_POINT('',(409.271226237437,446.604370111898,2.6917654513338));
#6738=CARTESIAN_POINT('',(409.386506299289,446.692165693056,2.67612100353032));
#6739=CARTESIAN_POINT('',(409.492627574597,446.772346179916,2.60956022131779));
#6740=CARTESIAN_POINT('',(409.226936144192,446.386793293826,2.72711717776913));
#6741=CARTESIAN_POINT('',(409.451149002336,446.440851779136,2.78091387637942));
#6742=CARTESIAN_POINT('',(409.665258697014,446.452727390169,2.67584470838407));
#6743=CARTESIAN_POINT('',(409.136312545658,446.167946523797,2.7882548453324));
#6744=CARTESIAN_POINT('',(409.43861165358,446.267019879485,2.94292642933969));
#6745=CARTESIAN_POINT('',(409.750631897532,446.185701301218,2.79047783506511));
#6746=CARTESIAN_POINT('',(409.035616333503,445.969524354142,2.87506848581001));
#6747=CARTESIAN_POINT('',(409.391252320848,446.197143027238,3.12216263309102));
#6748=CARTESIAN_POINT('',(409.792547924742,445.965492080284,2.95325341096065));
#6749=CARTESIAN_POINT('',(408.973195359792,445.87390536387,2.95054678809282));
#6750=CARTESIAN_POINT('',(409.348439655413,446.236664926116,3.18043402251181));
#6751=CARTESIAN_POINT('',(409.78612827139,445.875820222135,3.09477522774088));
#6752=CARTESIAN_POINT('',(408.945920557625,445.842333823539,2.99033698093618));
#6753=CARTESIAN_POINT('',(409.329639927769,446.251722552846,3.18671333814372));
#6754=CARTESIAN_POINT('',(409.771236625228,445.854110510374,3.16938183932217));
#6755=CARTESIAN_POINT('',(435.076258000485,420.303984269919,3.27830124451419));
#6756=CARTESIAN_POINT('',(435.40426268362,420.671712518747,3.26354096516607));
#6757=CARTESIAN_POINT('',(435.342443773932,420.872941452278,3.70931483351789));
#6758=CARTESIAN_POINT('',(435.041863690202,420.325127277497,3.26259884459586));
#6759=CARTESIAN_POINT('',(435.378753791299,420.711483622849,3.23893615702223));
#6760=CARTESIAN_POINT('',(435.256339408338,420.953024192132,3.67987283367101));
#6761=CARTESIAN_POINT('',(434.97278746369,420.3574014959,3.21460290609983));
#6762=CARTESIAN_POINT('',(435.360176003973,420.77820300583,3.16788706870567));
#6763=CARTESIAN_POINT('',(435.095495840508,421.094944577241,3.58988044899094));
#6764=CARTESIAN_POINT('',(434.923827168649,420.405355208886,3.10452437914257));
#6765=CARTESIAN_POINT('',(435.422394854168,420.824556870283,3.15794158861001));
#6766=CARTESIAN_POINT('',(434.951654499093,421.242030160623,3.38348321094612));
#6767=CARTESIAN_POINT('',(434.976281539379,420.478935397771,2.97879275903299));
#6768=CARTESIAN_POINT('',(435.383828642578,420.870690491463,3.21248832933463));
#6769=CARTESIAN_POINT('',(434.957212412098,421.316169160452,3.14773642324058));
#6770=CARTESIAN_POINT('',(435.1233901448,420.577931690871,2.86717722078769));
#6771=CARTESIAN_POINT('',(435.327719741935,420.935999168913,3.10924635904803));
#6772=CARTESIAN_POINT('',(435.100429025849,421.325022914605,2.93845728903076));
#6773=CARTESIAN_POINT('',(435.322515435786,420.68381470292,2.78222490038038));
#6774=CARTESIAN_POINT('',(435.407194958428,420.982695220638,2.92819131255361));
#6775=CARTESIAN_POINT('',(435.327664540026,421.284891870441,2.77917168826698));
#6776=CARTESIAN_POINT('',(435.540799274306,420.779674512692,2.72296522335129));
#6777=CARTESIAN_POINT('',(435.588531260748,420.997595821912,2.76891257894983));
#6778=CARTESIAN_POINT('',(435.600716509503,421.203447251441,2.66805979383759));
#6779=CARTESIAN_POINT('',(435.74955859769,420.816335085207,2.69101472287176));
#6780=CARTESIAN_POINT('',(435.842090457166,420.924241789332,2.67385393100727));
#6781=CARTESIAN_POINT('',(435.927103478498,421.023564963881,2.60815260543827));
#6782=CARTESIAN_POINT('',(435.741626220088,420.63337066236,2.71432596280931));
#6783=CARTESIAN_POINT('',(435.943072953976,420.6753064658,2.74359878066353));
#6784=CARTESIAN_POINT('',(436.130289286708,420.693615525036,2.65186118032128));
#6785=CARTESIAN_POINT('',(435.639881052791,420.414238742011,2.7694192586647));
#6786=CARTESIAN_POINT('',(435.927433978226,420.476575769826,2.89596328552603));
#6787=CARTESIAN_POINT('',(436.210251969401,420.407885755877,2.7551611100501));
#6788=CARTESIAN_POINT('',(435.52815883129,420.213641878987,2.84952152808999));
#6789=CARTESIAN_POINT('',(435.883423321671,420.376138626908,3.07720085046322));
#6790=CARTESIAN_POINT('',(436.25055631172,420.168340580558,2.90535286522245));
#6791=CARTESIAN_POINT('',(435.421119261536,420.057976502122,2.95609447538003));
#6792=CARTESIAN_POINT('',(435.820247313178,420.412729710082,3.20622616411217));
#6793=CARTESIAN_POINT('',(436.245817923145,420.006588915296,3.10517714139152));
#6794=CARTESIAN_POINT('',(435.339609836476,419.987909857692,3.08064278357358));
#6795=CARTESIAN_POINT('',(435.771250655593,420.474969250407,3.17191088433711));
#6796=CARTESIAN_POINT('',(436.18465312189,419.973397872534,3.33870521925402));
#6797=CARTESIAN_POINT('',(435.289012465189,420.022257652701,3.19678461087558));
#6798=CARTESIAN_POINT('',(435.72778816397,420.418644484502,3.15408259377272));
#6799=CARTESIAN_POINT('',(436.054226635711,420.097316137031,3.55647114544555));
#6800=CARTESIAN_POINT('',(435.246605862462,420.121932355001,3.27673726620226));
#6801=CARTESIAN_POINT('',(435.640601031436,420.42536441877,3.25364205455455));
#6802=CARTESIAN_POINT('',(435.860693242711,420.332738879664,3.70638237418302));
#6803=CARTESIAN_POINT('',(435.179153325391,420.230543450436,3.30881730560985));
#6804=CARTESIAN_POINT('',(435.510018508082,420.541053919539,3.31738433631169));
#6805=CARTESIAN_POINT('',(435.612122034073,420.614448138118,3.76653244807223));
#6806=CARTESIAN_POINT('',(435.110652310769,420.282841262342,3.29400364443253));
#6807=CARTESIAN_POINT('',(435.428963359914,420.633201510276,3.28736620201246));
#6808=CARTESIAN_POINT('',(435.428548139526,420.792858712424,3.73875683336477));
#6809=CARTESIAN_POINT('',(435.076258000485,420.303984269919,3.27830124451419));
#6810=CARTESIAN_POINT('',(435.40426268362,420.671712518747,3.26354096516607));
#6811=CARTESIAN_POINT('',(435.342443773932,420.872941452278,3.70931483351789));
#6812=CARTESIAN_POINT('',(459.795190160835,393.075650613929,3.09672082539737));
#6813=CARTESIAN_POINT('',(460.284362482174,393.460541409583,3.1701780636656));
#6814=CARTESIAN_POINT('',(459.878087016509,393.894471753249,3.36885154766059));
#6815=CARTESIAN_POINT('',(459.798443277304,393.096124453615,3.05715000158213));
#6816=CARTESIAN_POINT('',(460.288530053514,393.476292307697,3.17826709048428));
#6817=CARTESIAN_POINT('',(459.859329172693,393.931578339542,3.29465625300701));
#6818=CARTESIAN_POINT('',(459.839792412819,393.143717751949,2.97329497392476));
#6819=CARTESIAN_POINT('',(460.261383555722,393.509155823116,3.21157919872603));
#6820=CARTESIAN_POINT('',(459.870765380371,393.978167028664,3.13742807614942));
#6821=CARTESIAN_POINT('',(459.995142790895,393.233728598567,2.86316312644085));
#6822=CARTESIAN_POINT('',(460.213891770928,393.577251380257,3.10224746394848));
#6823=CARTESIAN_POINT('',(460.018070968281,393.975719018449,2.93093086211718));
#6824=CARTESIAN_POINT('',(460.202632546474,393.327383259137,2.77892782709526));
#6825=CARTESIAN_POINT('',(460.301786185924,393.617418966482,2.92012656858429));
#6826=CARTESIAN_POINT('',(460.245983115698,393.919375669604,2.77298967584409));
#6827=CARTESIAN_POINT('',(460.427322064536,393.409284054126,2.72076625057702));
#6828=CARTESIAN_POINT('',(460.488038817303,393.619588526642,2.76247536938101));
#6829=CARTESIAN_POINT('',(460.515648000987,393.819379687413,2.66393671987356));
#6830=CARTESIAN_POINT('',(460.632527570117,393.425586043238,2.69074276206827));
#6831=CARTESIAN_POINT('',(460.735609482834,393.522173934185,2.67306064710303));
#6832=CARTESIAN_POINT('',(460.830502824831,393.611165015125,2.60764267891822));
#6833=CARTESIAN_POINT('',(460.602515776175,393.236091458879,2.71658143061372));
#6834=CARTESIAN_POINT('',(460.811103249464,393.26456320017,2.75023070222525));
#6835=CARTESIAN_POINT('',(461.004021228366,393.267536689736,2.65609018244133));
#6836=CARTESIAN_POINT('',(460.487352653493,393.025304023035,2.77263434031069));
#6837=CARTESIAN_POINT('',(460.781993760278,393.072588032791,2.90413799221743));
#6838=CARTESIAN_POINT('',(461.063995117631,392.981172529749,2.76118938812302));
#6839=CARTESIAN_POINT('',(460.363264768657,392.833017669824,2.85401547301558));
#6840=CARTESIAN_POINT('',(460.730844556,392.980567598967,3.08573883264853));
#6841=CARTESIAN_POINT('',(461.087758242781,392.742228352758,2.91377901194476));
#6842=CARTESIAN_POINT('',(460.247769723068,392.687116911526,2.96199066623496));
#6843=CARTESIAN_POINT('',(460.670205508003,393.02712503132,3.20852719342368));
#6844=CARTESIAN_POINT('',(461.071084569608,392.585952194005,3.11623249923101));
#6845=CARTESIAN_POINT('',(460.164182069404,392.627361010089,3.08671489263025));
#6846=CARTESIAN_POINT('',(460.625998978284,393.086971123581,3.16819247949684));
#6847=CARTESIAN_POINT('',(461.005230702089,392.564566174561,3.3500904237222));
#6848=CARTESIAN_POINT('',(460.117302715679,392.668671945676,3.20113642147276));
#6849=CARTESIAN_POINT('',(460.578128246318,393.031726904205,3.15705340602786));
#6850=CARTESIAN_POINT('',(460.880473370331,392.702302294693,3.56463079030191));
#6851=CARTESIAN_POINT('',(460.080697704823,392.772258474638,3.27927940779965));
#6852=CARTESIAN_POINT('',(460.489590290368,393.049542145078,3.25822407859058));
#6853=CARTESIAN_POINT('',(460.699310650573,392.952543172875,3.71114888966487));
#6854=CARTESIAN_POINT('',(460.018091598239,392.884416375888,3.30899612477212));
#6855=CARTESIAN_POINT('',(460.365046827698,393.176431025129,3.31776199164917));
#6856=CARTESIAN_POINT('',(460.465722121104,393.250404610265,3.76686773398829));
#6857=CARTESIAN_POINT('',(459.919467810106,392.967060719355,3.28437129306858));
#6858=CARTESIAN_POINT('',(460.253916588056,393.321573382835,3.26779726785145));
#6859=CARTESIAN_POINT('',(460.208085376476,393.531473612724,3.72069617454412));
#6860=CARTESIAN_POINT('',(459.820273714007,393.020874713829,3.21071991681622));
#6861=CARTESIAN_POINT('',(460.237921897119,393.41794849062,3.16443105190392));
#6862=CARTESIAN_POINT('',(459.98331244327,393.755527510906,3.58259984407094));
#6863=CARTESIAN_POINT('',(459.791937044366,393.055176774242,3.13629164921262));
#6864=CARTESIAN_POINT('',(460.280221958572,393.444892735556,3.16214153502045));
#6865=CARTESIAN_POINT('',(459.896844860326,393.857365166956,3.44304684231418));
#6866=CARTESIAN_POINT('',(459.795190160835,393.075650613929,3.09672082539737));
#6867=CARTESIAN_POINT('',(460.284362482174,393.460541409583,3.1701780636656));
#6868=CARTESIAN_POINT('',(459.878087016509,393.894471753249,3.36885154766059));
#6869=CARTESIAN_POINT('',(483.146995944662,364.051935510988,3.29931121810946));
#6870=CARTESIAN_POINT('',(483.523741540333,364.325659862652,3.29875967859167));
#6871=CARTESIAN_POINT('',(483.635610403332,364.369179441828,3.74870853398231));
#6872=CARTESIAN_POINT('',(483.123402788499,364.086837503129,3.30215302446013));
#6873=CARTESIAN_POINT('',(483.487612583576,364.371318932704,3.30380694768764));
#6874=CARTESIAN_POINT('',(483.560660373076,364.470894862009,3.7540369208898));
#6875=CARTESIAN_POINT('',(483.06317525827,364.148568490478,3.28974870841188));
#6876=CARTESIAN_POINT('',(483.415340538063,364.47510940217,3.27812541051356));
#6877=CARTESIAN_POINT('',(483.400580685647,364.671920264715,3.7307788282993));
#6878=CARTESIAN_POINT('',(482.965002634962,364.210583291689,3.22099221492506));
#6879=CARTESIAN_POINT('',(483.392067833967,364.580120878734,3.17403959962482));
#6880=CARTESIAN_POINT('',(483.183703709,364.916887184312,3.60186040301155));
#6881=CARTESIAN_POINT('',(482.916344676662,364.263808754847,3.1130652303227));
#6882=CARTESIAN_POINT('',(483.459200033609,364.621101840603,3.15364605561956));
#6883=CARTESIAN_POINT('',(483.050462884245,365.086434392337,3.39949730688211));
#6884=CARTESIAN_POINT('',(482.970138660718,364.329599471343,2.98686631168806));
#6885=CARTESIAN_POINT('',(483.435399652146,364.668977511138,3.21279369421606));
#6886=CARTESIAN_POINT('',(483.055221380787,365.165796609275,3.16287433444222));
#6887=CARTESIAN_POINT('',(483.122457885603,364.409018553844,2.87408423943289));
#6888=CARTESIAN_POINT('',(483.381192490824,364.741056215108,3.12069386007433));
#6889=CARTESIAN_POINT('',(483.190930036114,365.161757280633,2.9514079489637));
#6890=CARTESIAN_POINT('',(483.331819722074,364.490818053878,2.78684315168185));
#6891=CARTESIAN_POINT('',(483.457567684064,364.781183672503,2.93973136499661));
#6892=CARTESIAN_POINT('',(483.408712744046,365.097664709646,2.78783090943059));
#6893=CARTESIAN_POINT('',(483.559487112694,364.56012043038,2.72604058670828));
#6894=CARTESIAN_POINT('',(483.634340305207,364.776278391931,2.77778694272567));
#6895=CARTESIAN_POINT('',(483.667941810295,364.985940346335,2.67382610010512));
#6896=CARTESIAN_POINT('',(483.778522320929,364.580294376077,2.69148433324719));
#6897=CARTESIAN_POINT('',(483.878655854864,364.683692696614,2.67529053264908));
#6898=CARTESIAN_POINT('',(483.97038204563,364.778962656003,2.60903312486565));
#6899=CARTESIAN_POINT('',(483.763051619103,364.407238484901,2.7117850505456));
#6900=CARTESIAN_POINT('',(483.962428006521,364.426137839271,2.73606401427903));
#6901=CARTESIAN_POINT('',(484.14502835262,364.426149625803,2.64709696979989));
#6902=CARTESIAN_POINT('',(483.636273074882,364.201487081161,2.7653803790875));
#6903=CARTESIAN_POINT('',(483.924064922241,364.225722559267,2.88548347636085));
#6904=CARTESIAN_POINT('',(484.191674044014,364.130368870491,2.74758821081627));
#6905=CARTESIAN_POINT('',(483.501499827481,364.014636688716,2.84370235032448));
#6906=CARTESIAN_POINT('',(483.869319462478,364.123946918029,3.06593420761447));
#6907=CARTESIAN_POINT('',(484.204877818221,363.884135588522,2.89444190688547));
#6908=CARTESIAN_POINT('',(483.37477122137,363.869320875956,2.94869969834777));
#6909=CARTESIAN_POINT('',(483.810299145385,364.159852608487,3.20256452815085));
#6910=CARTESIAN_POINT('',(484.182612710128,363.717640986815,3.09131193442917));
#6911=CARTESIAN_POINT('',(483.282651396091,363.803634341398,3.07259636378268));
#6912=CARTESIAN_POINT('',(483.768478681286,364.233370222168,3.17701131158016));
#6913=CARTESIAN_POINT('',(484.120818638454,363.682194862882,3.3236181821196));
#6914=CARTESIAN_POINT('',(483.234378252218,363.83790050927,3.18997397742288));
#6915=CARTESIAN_POINT('',(483.720395372923,364.186545300893,3.15040117549977));
#6916=CARTESIAN_POINT('',(484.009985437158,363.810805262091,3.54370120769501));
#6917=CARTESIAN_POINT('',(483.204734195246,363.939156537631,3.2726978703079));
#6918=CARTESIAN_POINT('',(483.637351193886,364.194773122389,3.2464309341926));
#6919=CARTESIAN_POINT('',(483.850280867183,364.061627743624,3.69880850685435));
#6920=CARTESIAN_POINT('',(483.170589100825,364.017033518847,3.2964694117588));
#6921=CARTESIAN_POINT('',(483.560093055577,364.279719527531,3.29368131774346));
#6922=CARTESIAN_POINT('',(483.710560433588,364.267464021646,3.74338014707482));
#6923=CARTESIAN_POINT('',(483.146995944662,364.051935510988,3.29931121810946));
#6924=CARTESIAN_POINT('',(483.523741540333,364.325659862652,3.29875967859167));
#6925=CARTESIAN_POINT('',(483.635610403332,364.369179441828,3.74870853398231));
#6926=CARTESIAN_POINT('',(119.029744145215,10.4109897868701,3.00000757869464));
#6927=CARTESIAN_POINT('',(103.872625392462,9.04805187981349,2.69833515292544));
#6928=CARTESIAN_POINT('',(103.98426290663,8.98362748352905,2.71858120839323));
#6929=CARTESIAN_POINT('',(104.110559482164,8.93816281348513,2.74729172272569));
#6930=CARTESIAN_POINT('',(104.273797907392,8.89621256149152,2.79476788128497));
#6931=CARTESIAN_POINT('',(104.431705729405,8.86536389653645,2.85659740634434));
#6932=CARTESIAN_POINT('',(104.579984803709,8.84706424725589,2.93761609721609));
#6933=CARTESIAN_POINT('',(104.718456359343,8.84984834550683,3.0641611444321));
#6934=CARTESIAN_POINT('',(104.723202750549,8.93967560043178,3.23133713882284));
#6935=CARTESIAN_POINT('',(104.645960466059,9.0900788778999,3.31012608765299));
#6936=CARTESIAN_POINT('',(104.646380826017,9.2718236079375,3.29403103075173));
#6937=CARTESIAN_POINT('',(104.696764724244,9.41751026787576,3.18353241682021));
#6938=CARTESIAN_POINT('',(104.624418692954,9.46307123433063,3.01355371382381));
#6939=CARTESIAN_POINT('',(104.481879922274,9.42906317416763,2.90885307593144));
#6940=CARTESIAN_POINT('',(104.334731053067,9.38013266706811,2.83347933508678));
#6941=CARTESIAN_POINT('',(104.181987016657,9.31734457394445,2.77692183001756));
#6942=CARTESIAN_POINT('',(104.054194490452,9.25688716617976,2.74065618114022));
#6943=CARTESIAN_POINT('',(103.959574262786,9.19652618832253,2.71781309812017));
#6944=CARTESIAN_POINT('',(103.885749167218,9.14462263447767,2.70227845180544));
#6945=CARTESIAN_POINT('',(103.872625392462,9.04805187981349,2.69833515292544));
#6946=CARTESIAN_POINT('',(103.98426290663,8.98362748352905,2.71858120839323));
#6947=CARTESIAN_POINT('',(104.110559482164,8.93816281348513,2.74729172272569));
#6948=CARTESIAN_POINT('',(103.95547017361,9.00207130428774,2.71374655752609));
#6949=CARTESIAN_POINT('',(122.443112546474,24.3554493859531,3.));
#6950=CARTESIAN_POINT('',(102.322204000492,20.2772497638079,2.70689136059595));
#6951=CARTESIAN_POINT('',(102.430679087451,20.2424386548834,2.72769151088852));
#6952=CARTESIAN_POINT('',(102.568301963539,20.2132056235687,2.76016616703486));
#6953=CARTESIAN_POINT('',(102.731142821532,20.1932621892586,2.81052121221167));
#6954=CARTESIAN_POINT('',(102.891409635882,20.1826414724085,2.87878841535884));
#6955=CARTESIAN_POINT('',(103.038829070688,20.1840444178103,2.96742862297743));
#6956=CARTESIAN_POINT('',(103.152053418256,20.218459486738,3.11661389720557));
#6957=CARTESIAN_POINT('',(103.098492156623,20.3264815409904,3.26384699845702));
#6958=CARTESIAN_POINT('',(103.017586962752,20.4826173692293,3.31582416144523));
#6959=CARTESIAN_POINT('',(103.025217831358,20.6605128544867,3.27221521338579));
#6960=CARTESIAN_POINT('',(103.042235857679,20.7895445512607,3.13277309984506));
#6961=CARTESIAN_POINT('',(102.93203248599,20.7879796076274,2.9772546212448));
#6962=CARTESIAN_POINT('',(102.794256272484,20.7335342516458,2.88525823858046));
#6963=CARTESIAN_POINT('',(102.651652521971,20.6642488076659,2.81574655225057));
#6964=CARTESIAN_POINT('',(102.507166102181,20.5831170983497,2.76357923769423));
#6965=CARTESIAN_POINT('',(102.389544139061,20.5048216266654,2.73030361650355));
#6966=CARTESIAN_POINT('',(102.305212047113,20.4332256695006,2.7095673193423));
#6967=CARTESIAN_POINT('',(102.248202627993,20.3476527595887,2.69601724384209));
#6968=CARTESIAN_POINT('',(102.322204000492,20.2772497638079,2.70689136059595));
#6969=CARTESIAN_POINT('',(102.430679087451,20.2424386548834,2.72769151088852));
#6970=CARTESIAN_POINT('',(102.568301963539,20.2132056235687,2.76016616703486));
#6971=CARTESIAN_POINT('',(102.403695583537,20.2520934891039,2.72292310453409));
#6972=CARTESIAN_POINT('',(120.313720184052,37.9347702595567,3.));
#6973=CARTESIAN_POINT('',(99.4260638938487,31.3768239009862,2.69717269281692));
#6974=CARTESIAN_POINT('',(99.5109631668644,31.2780336995397,2.70655982071377));
#6975=CARTESIAN_POINT('',(99.6599434765709,31.2710681710693,2.73604670604215));
#6976=CARTESIAN_POINT('',(99.8241383280367,31.2564084002894,2.77885539216208));
#6977=CARTESIAN_POINT('',(99.986938421185,31.2589754979723,2.83502912050929));
#6978=CARTESIAN_POINT('',(100.141709100508,31.2698367746989,2.91106196293944));
#6979=CARTESIAN_POINT('',(100.285954262031,31.2937001734098,3.01723927830787));
#6980=CARTESIAN_POINT('',(100.330408317877,31.3650062089424,3.18779918025753));
#6981=CARTESIAN_POINT('',(100.226691746587,31.481678996121,3.29569998095943));
#6982=CARTESIAN_POINT('',(100.159302273726,31.6498926980426,3.30925929344313));
#6983=CARTESIAN_POINT('',(100.174032615311,31.8180402812489,3.22785653827148));
#6984=CARTESIAN_POINT('',(100.131941968453,31.8949049828864,3.05987219502909));
#6985=CARTESIAN_POINT('',(100.002699775923,31.843253443695,2.93536031029116));
#6986=CARTESIAN_POINT('',(99.8268420507315,31.7429307333392,2.82661992250438));
#6987=CARTESIAN_POINT('',(99.6422893547763,31.612283243116,2.75716703703814));
#6988=CARTESIAN_POINT('',(99.500351078131,31.4854395858946,2.71675044971282));
#6989=CARTESIAN_POINT('',(99.4260638938487,31.3768239009862,2.69717269281692));
#6990=CARTESIAN_POINT('',(99.5109631668644,31.2780336995397,2.70655982071377));
#6991=CARTESIAN_POINT('',(99.6599434765709,31.2710681710693,2.73604670604215));
#6992=CARTESIAN_POINT('',(99.4925954298385,31.3104993981221,2.70539657043625));
#6993=CARTESIAN_POINT('',(106.702443949386,46.9501990096255,3.));
#6994=CARTESIAN_POINT('',(95.5753613553422,42.2355382713271,2.74674534177831));
#6995=CARTESIAN_POINT('',(95.4847640270301,42.1335472273751,2.71769363094755));
#6996=CARTESIAN_POINT('',(95.4201229932706,42.0212869067787,2.6978107804177));
#6997=CARTESIAN_POINT('',(95.4838298841701,41.9469321101049,2.70301617014934));
#6998=CARTESIAN_POINT('',(95.5718916363673,41.937679622162,2.71842780842686));
#6999=CARTESIAN_POINT('',(95.6836149496348,41.9307119994418,2.74133747302819));
#7000=CARTESIAN_POINT('',(95.8239066246478,41.9392978398191,2.77763400752504));
#7001=CARTESIAN_POINT('',(95.9854410253418,41.9574405924171,2.83331016956632));
#7002=CARTESIAN_POINT('',(96.1386491042803,41.9854347052903,2.90904049689289));
#7003=CARTESIAN_POINT('',(96.278544066855,42.0237311562048,3.01248615231574));
#7004=CARTESIAN_POINT('',(96.3218272421627,42.0980775008477,3.182110737563));
#7005=CARTESIAN_POINT('',(96.2081910730458,42.2011712201106,3.29339712116605));
#7006=CARTESIAN_POINT('',(96.1196387180494,42.3597853779189,3.31043699991746));
#7007=CARTESIAN_POINT('',(96.1146219138415,42.5290977015183,3.23257944180893));
#7008=CARTESIAN_POINT('',(96.0681928633479,42.6071244292595,3.06564116855531));
#7009=CARTESIAN_POINT('',(95.9457848572511,42.5436908029547,2.93851404757548));
#7010=CARTESIAN_POINT('',(95.8231862948846,42.4554043583462,2.85639321201152));
#7011=CARTESIAN_POINT('',(95.697929176456,42.3509458403704,2.79397441056807));
#7012=CARTESIAN_POINT('',(95.5753613553422,42.2355382713271,2.74674534177831));
#7013=CARTESIAN_POINT('',(95.4847640270301,42.1335472273751,2.71769363094755));
#7014=CARTESIAN_POINT('',(95.4201229932706,42.0212869067787,2.6978107804177));
#7015=CARTESIAN_POINT('',(95.4692568376646,42.1029265234396,2.71300279482627));
#7016=CARTESIAN_POINT('',(105.559126771929,60.9483340927163,3.));
#7017=CARTESIAN_POINT('',(90.4056261693156,52.0944829889283,2.71259412881047));
#7018=CARTESIAN_POINT('',(90.5165496962434,52.0963990464656,2.73398141935255));
#7019=CARTESIAN_POINT('',(90.6568243685924,52.117785966215,2.76857519183473));
#7020=CARTESIAN_POINT('',(90.8159054873415,52.1519455915255,2.82127655793966));
#7021=CARTESIAN_POINT('',(90.968407695787,52.194946664477,2.89305625079891));
#7022=CARTESIAN_POINT('',(91.107093009987,52.2461268826647,2.98896435845184));
#7023=CARTESIAN_POINT('',(91.175384003506,52.3200808414283,3.15029217370872));
#7024=CARTESIAN_POINT('',(91.0662366625759,52.4070845502507,3.28033143325877));
#7025=CARTESIAN_POINT('',(90.9488297905461,52.5421006841828,3.31488264423465));
#7026=CARTESIAN_POINT('',(90.9138972601157,52.7130958217712,3.25406774741327));
#7027=CARTESIAN_POINT('',(90.8755235567711,52.8157750146658,3.09851589327824));
#7028=CARTESIAN_POINT('',(90.7646395172183,52.7558620889292,2.95713487319868));
#7029=CARTESIAN_POINT('',(90.6520413114434,52.6573836220662,2.87047257788928));
#7030=CARTESIAN_POINT('',(90.5397051075197,52.54316613455,2.80488489923546));
#7031=CARTESIAN_POINT('',(90.4287340502311,52.4178976644703,2.75501214292686));
#7032=CARTESIAN_POINT('',(90.3471985926918,52.3037950872083,2.72379925580744));
#7033=CARTESIAN_POINT('',(90.288469304408,52.20279967793,2.70340278205683));
#7034=CARTESIAN_POINT('',(90.3074463061284,52.1061409492139,2.6975462449232));
#7035=CARTESIAN_POINT('',(90.4056261693156,52.0944829889283,2.71259412881047));
#7036=CARTESIAN_POINT('',(90.5165496962434,52.0963990464656,2.73398141935255));
#7037=CARTESIAN_POINT('',(90.6568243685924,52.117785966215,2.76857519183473));
#7038=CARTESIAN_POINT('',(90.488926832091,52.0971861552696,2.72915857400269));
#7039=CARTESIAN_POINT('',(104.234402684203,8.90708893694599,2.78447790086538));
#7040=CARTESIAN_POINT('',(103.971996429945,8.74287694504159,2.92072212555118));
#7041=CARTESIAN_POINT('',(103.853676252961,8.45735217217638,2.7833865907543));
#7042=CARTESIAN_POINT('',(104.159520628512,8.92498768501382,2.7606653356202));
#7043=CARTESIAN_POINT('',(103.932312883021,8.76309417248438,2.86684838215453));
#7044=CARTESIAN_POINT('',(103.802036305721,8.52572356903901,2.73873803091958));
#7045=CARTESIAN_POINT('',(104.007198050535,8.9672902551756,2.7216380276328));
#7046=CARTESIAN_POINT('',(103.834521718141,8.83072930747318,2.76477966032022));
#7047=CARTESIAN_POINT('',(103.695762325947,8.68241413151083,2.66556182844327));
#7048=CARTESIAN_POINT('',(103.827914025149,9.07226484815997,2.69082117726514));
#7049=CARTESIAN_POINT('',(103.687998406629,9.05098704595711,2.67336276726663));
#7050=CARTESIAN_POINT('',(103.559228596732,9.03135129660881,2.60778023400382));
#7051=CARTESIAN_POINT('',(103.956916495785,9.20920247621767,2.71574302164626));
#7052=CARTESIAN_POINT('',(103.771887652107,9.30514249536574,2.74759625643406));
#7053=CARTESIAN_POINT('',(103.613794924003,9.4120189066191,2.65450869221845));
#7054=CARTESIAN_POINT('',(104.172204541799,9.31450323100307,2.77153094864654));
#7055=CARTESIAN_POINT('',(103.906897626714,9.44578801906296,2.90025013707826));
#7056=CARTESIAN_POINT('',(103.730166717411,9.68027532734494,2.75911105534396));
#7057=CARTESIAN_POINT('',(104.38362786244,9.39929047964552,2.85255867287122));
#7058=CARTESIAN_POINT('',(104.002509448414,9.49249275503786,3.08030430543692));
#7059=CARTESIAN_POINT('',(103.84825997668,9.88805573795456,2.91103803826525));
#7060=CARTESIAN_POINT('',(104.562181983796,9.45154083408638,2.96021009715844));
#7061=CARTESIAN_POINT('',(104.028102218514,9.42255705163914,3.2044525178933));
#7062=CARTESIAN_POINT('',(103.952061228257,10.0058836494376,3.11288445880378));
#7063=CARTESIAN_POINT('',(104.666401123899,9.45257113178666,3.08460640668045));
#7064=CARTESIAN_POINT('',(104.030819161185,9.34729045139607,3.17071171332575));
#7065=CARTESIAN_POINT('',(104.01896843177,9.98726292833625,3.34612753915751));
#7066=CARTESIAN_POINT('',(104.683675139389,9.39310634855898,3.1992997712123));
#7067=CARTESIAN_POINT('',(104.099210544649,9.36143367395549,3.15878675840372));
#7068=CARTESIAN_POINT('',(104.042789276846,9.80744913714594,3.56117759765478));
#7069=CARTESIAN_POINT('',(104.655411902162,9.28759693344008,3.2785713403438));
#7070=CARTESIAN_POINT('',(104.161207033942,9.29736339513627,3.25753742670515));
#7071=CARTESIAN_POINT('',(104.046842968876,9.50053146856648,3.70981178977633));
#7072=CARTESIAN_POINT('',(104.641631530412,9.16074611990025,3.30887179949833));
#7073=CARTESIAN_POINT('',(104.189164939186,9.12550581299316,3.31728487040087));
#7074=CARTESIAN_POINT('',(104.064251270022,9.12721350333669,3.76662515069107));
#7075=CARTESIAN_POINT('',(104.672408430587,9.0357907911253,3.28531637478728));
#7076=CARTESIAN_POINT('',(104.195528320968,8.94393073060449,3.2700043086235));
#7077=CARTESIAN_POINT('',(104.109387483751,8.75033382668904,3.72245872935786));
#7078=CARTESIAN_POINT('',(104.720335470027,8.93340019904822,3.21204660480067));
#7079=CARTESIAN_POINT('',(104.153787169119,8.85462357705478,3.16837683784483));
#7080=CARTESIAN_POINT('',(104.160543933043,8.43694598763884,3.58507791063295));
#7081=CARTESIAN_POINT('',(104.724205390204,8.86629931296753,3.10108742460231));
#7082=CARTESIAN_POINT('',(104.079258072684,8.85597299286433,3.16164206403617));
#7083=CARTESIAN_POINT('',(104.176185363477,8.23716872896883,3.37702944776103));
#7084=CARTESIAN_POINT('',(104.634092573523,8.84333108737031,2.9756599462699));
#7085=CARTESIAN_POINT('',(104.080749120647,8.79289749919456,3.20898178036032));
#7086=CARTESIAN_POINT('',(104.122825987208,8.1871970659377,3.14185292588776));
#7087=CARTESIAN_POINT('',(104.456490384685,8.85989776676862,2.86451341910391));
#7088=CARTESIAN_POINT('',(104.078395938209,8.70991027692672,3.10176077448644));
#7089=CARTESIAN_POINT('',(104.005602009388,8.27218575033503,2.93345318745155));
#7090=CARTESIAN_POINT('',(104.309284739895,8.88919018887816,2.80829046611057));
#7091=CARTESIAN_POINT('',(104.014054490299,8.72144999513742,2.97781947008949));
#7092=CARTESIAN_POINT('',(103.905316200202,8.38898077531375,2.82803515058901));
#7093=CARTESIAN_POINT('',(104.234402684203,8.90708893694599,2.78447790086538));
#7094=CARTESIAN_POINT('',(103.971996429945,8.74287694504159,2.92072212555118));
#7095=CARTESIAN_POINT('',(103.853676252961,8.45735217217638,2.7833865907543));
#7096=CARTESIAN_POINT('',(59.2511199563391,85.7112458253823,2.78338659074579));
#7097=CARTESIAN_POINT('',(59.5575517515406,85.6709517179984,2.92072212553879));
#7098=CARTESIAN_POINT('',(59.8309666352632,85.8160962043412,2.78447790085218));
#7099=CARTESIAN_POINT('',(59.2845113492935,85.6323386207903,2.73873803091135));
#7100=CARTESIAN_POINT('',(59.5552186106374,85.6264761445273,2.86684838214208));
#7101=CARTESIAN_POINT('',(59.8090263779392,85.7422970677897,2.76066533560715));
#7102=CARTESIAN_POINT('',(59.3670723670382,85.4619573733076,2.66556182843553));
#7103=CARTESIAN_POINT('',(59.5648967732843,85.507968943979,2.76477966030804));
#7104=CARTESIAN_POINT('',(59.7695001893545,85.589230560609,2.72163802762004));
#7105=CARTESIAN_POINT('',(59.6009939517272,85.169247112782,2.60778023399569));
#7106=CARTESIAN_POINT('',(59.6823839144315,85.2709471647151,2.67336276725358));
#7107=CARTESIAN_POINT('',(59.7707688409335,85.381478743634,2.69082117725217));
#7108=CARTESIAN_POINT('',(59.9579449360321,85.026169133387,2.65450869221025));
#7109=CARTESIAN_POINT('',(59.9444336128724,85.2165196577026,2.74759625642107));
#7110=CARTESIAN_POINT('',(59.9538615408863,85.4247293463303,2.71574302163325));
#7111=CARTESIAN_POINT('',(60.2484477078132,84.9928218524025,2.75911105533484));
#7112=CARTESIAN_POINT('',(60.1337411966289,85.2631189636319,2.90025013706462));
#7113=CARTESIAN_POINT('',(60.1526986925776,85.5585238859213,2.77153094863301));
#7114=CARTESIAN_POINT('',(60.4874374514459,84.9912034096419,2.91103803825512));
#7115=CARTESIAN_POINT('',(60.221994595314,85.3225688621416,3.08030430542401));
#7116=CARTESIAN_POINT('',(60.3318382641414,85.6992282282303,2.85255867285715));
#7117=CARTESIAN_POINT('',(60.6413800418558,85.0221839747119,3.1128844587926));
#7118=CARTESIAN_POINT('',(60.1742248845919,85.3797007029034,3.20445251788422));
#7119=CARTESIAN_POINT('',(60.466365459125,85.8277354560584,2.96021009714377));
#7120=CARTESIAN_POINT('',(60.6587076261054,85.0894376732023,3.34612753914614));
#7121=CARTESIAN_POINT('',(60.1104005680568,85.4196869443998,3.17071171331921));
#7122=CARTESIAN_POINT('',(60.5193672931617,85.9174767301015,3.08460640666569));
#7123=CARTESIAN_POINT('',(60.5148947375241,85.1999740257738,3.5611775976447));
#7124=CARTESIAN_POINT('',(60.1568446498156,85.4718440086003,3.15878675839255));
#7125=CARTESIAN_POINT('',(60.4765062880035,85.9621688579577,3.19929977119822));
#7126=CARTESIAN_POINT('',(60.2511230856797,85.3569434603426,3.70981178976759));
#7127=CARTESIAN_POINT('',(60.1323564053801,85.5575696826838,3.25753742669199));
#7128=CARTESIAN_POINT('',(60.3710008355596,85.9904468840871,3.27857134033044));
#7129=CARTESIAN_POINT('',(59.9365243946739,85.5586784739875,3.766625150683));
#7130=CARTESIAN_POINT('',(59.9975023260346,85.6677107299337,3.31728487038782));
#7131=CARTESIAN_POINT('',(60.2542546226682,86.0419381388482,3.30887179948533));
#7132=CARTESIAN_POINT('',(59.6327051273903,85.786207420032,3.72245872934983));
#7133=CARTESIAN_POINT('',(59.8434353828827,85.764009121404,3.27000430861085));
#7134=CARTESIAN_POINT('',(60.1614285836976,86.1310693806366,3.2853163747743));
#7135=CARTESIAN_POINT('',(59.38688152218,85.9872041242106,3.58507791062426));
#7136=CARTESIAN_POINT('',(59.7452225432446,85.7725138002926,3.16837683783355));
#7137=CARTESIAN_POINT('',(60.0967192495691,86.2237707103574,3.21204660478733));
#7138=CARTESIAN_POINT('',(59.2216900562894,86.1006386296516,3.37702944775131));
#7139=CARTESIAN_POINT('',(59.7091266233976,85.7072950015532,3.16164206402875));
#7140=CARTESIAN_POINT('',(60.0405431376941,86.2606726025799,3.10108742458842));
#7141=CARTESIAN_POINT('',(59.1517336385001,86.0794138857852,3.14185292587774));
#7142=CARTESIAN_POINT('',(59.6552471675028,85.7401240338053,3.2089817803522));
#7143=CARTESIAN_POINT('',(59.9755956625045,86.1941167269225,2.97565994625586));
#7144=CARTESIAN_POINT('',(59.1667240093118,85.9354006008595,2.93345318744216));
#7145=CARTESIAN_POINT('',(59.5822015336086,85.779579729166,3.10176077447473));
#7146=CARTESIAN_POINT('',(59.9011417332983,86.0320253799178,2.86451341909022));
#7147=CARTESIAN_POINT('',(59.2177285633847,85.7901530299742,2.82803515058022));
#7148=CARTESIAN_POINT('',(59.5600244987753,85.7180885416514,2.97781947007716));
#7149=CARTESIAN_POINT('',(59.8529068925872,85.8898953408926,2.80829046609721));
#7150=CARTESIAN_POINT('',(59.2511199563391,85.7112458253823,2.78338659074579));
#7151=CARTESIAN_POINT('',(59.5575517515406,85.6709517179984,2.92072212553879));
#7152=CARTESIAN_POINT('',(59.8309666352632,85.8160962043412,2.78447790085218));
#7153=CARTESIAN_POINT('',(68.1846688282164,78.9471018704377,2.92171880091233));
#7154=CARTESIAN_POINT('',(68.565324903229,78.7551683301572,3.06781235477749));
#7155=CARTESIAN_POINT('',(68.9021973868553,78.9689004485273,2.85825002714664));
#7156=CARTESIAN_POINT('',(68.1952444761765,78.8826276460537,2.86246812711628));
#7157=CARTESIAN_POINT('',(68.5488756498868,78.7434890671274,3.01856681567938));
#7158=CARTESIAN_POINT('',(68.871020149434,78.9076236314042,2.82664966778876));
#7159=CARTESIAN_POINT('',(68.2336951813075,78.7289154320764,2.76099513060135));
#7160=CARTESIAN_POINT('',(68.5249245932765,78.680220496086,2.9027379505745));
#7161=CARTESIAN_POINT('',(68.808375392952,78.7698618291317,2.77253073631411));
#7162=CARTESIAN_POINT('',(68.3343393917391,78.4550356012617,2.65553258624724));
#7163=CARTESIAN_POINT('',(68.5238813592724,78.4863524433034,2.74923425232558));
#7164=CARTESIAN_POINT('',(68.7252025588443,78.544804986503,2.71628404599196));
#7165=CARTESIAN_POINT('',(68.5568286155675,78.1409771235074,2.60773272129674));
#7166=CARTESIAN_POINT('',(68.6372168177399,78.2433065658197,2.67326595241905));
#7167=CARTESIAN_POINT('',(68.7246815858524,78.3544199045293,2.69079078468503));
#7168=CARTESIAN_POINT('',(68.8955914694491,77.981938121039,2.66432194057407));
#7169=CARTESIAN_POINT('',(68.8943977906519,78.1836560895503,2.76288026480702));
#7170=CARTESIAN_POINT('',(68.9248690289183,78.4003676462341,2.72097170163292));
#7171=CARTESIAN_POINT('',(69.1746702556702,77.9215775307905,2.77372610952365));
#7172=CARTESIAN_POINT('',(69.0767581710253,78.2121169725363,2.91972999399611));
#7173=CARTESIAN_POINT('',(69.134516408202,78.5125500689025,2.77932059173936));
#7174=CARTESIAN_POINT('',(69.4047500411532,77.898651801582,2.93094497391425));
#7175=CARTESIAN_POINT('',(69.157090846052,78.2642568262228,3.09931133236169));
#7176=CARTESIAN_POINT('',(69.3243892374512,78.6332528911219,2.86317065274766));
#7177=CARTESIAN_POINT('',(69.5493373230264,77.9176211080043,3.13803803043759));
#7178=CARTESIAN_POINT('',(69.1033564916469,78.3257414396094,3.20845290087665));
#7179=CARTESIAN_POINT('',(69.4647092159496,78.7440826418761,2.97362028289343));
#7180=CARTESIAN_POINT('',(69.5566376647248,77.9890574162441,3.37222941315864));
#7181=CARTESIAN_POINT('',(69.0564875336366,78.3703702088453,3.16283474389261));
#7182=CARTESIAN_POINT('',(69.5158872083403,78.8234392008697,3.09852235367801));
#7183=CARTESIAN_POINT('',(69.4087074546319,78.1223405892741,3.58258005667096));
#7184=CARTESIAN_POINT('',(69.1112477451094,78.4207571054528,3.16709251216152));
#7185=CARTESIAN_POINT('',(69.4679046270465,78.8699654175984,3.21070936355123));
#7186=CARTESIAN_POINT('',(69.1565587742428,78.3121242341716,3.72074060084856));
#7187=CARTESIAN_POINT('',(69.0816920693314,78.5132455920857,3.2684076726686));
#7188=CARTESIAN_POINT('',(69.3630575077023,78.9104572066006,3.28439498711259));
#7189=CARTESIAN_POINT('',(68.8639111503088,78.5520786867391,3.76679851645401));
#7190=CARTESIAN_POINT('',(68.9527178554632,78.6396102122827,3.31740499826947));
#7191=CARTESIAN_POINT('',(69.2542436914318,78.9786599841239,3.30895920876887));
#7192=CARTESIAN_POINT('',(68.5917856880421,78.8104400716059,3.7113973837125));
#7193=CARTESIAN_POINT('',(68.8129261389796,78.7455848990671,3.2591767441336));
#7194=CARTESIAN_POINT('',(69.175696456774,79.0797061525515,3.27941193797337));
#7195=CARTESIAN_POINT('',(68.3766014081712,79.0294522631401,3.56501016386584));
#7196=CARTESIAN_POINT('',(68.723176209182,78.7512024443206,3.1602109600895));
#7197=CARTESIAN_POINT('',(69.1232010067183,79.1755659602657,3.20133875405514));
#7198=CARTESIAN_POINT('',(68.2331151738638,79.1459614070633,3.35084529739307));
#7199=CARTESIAN_POINT('',(68.6829934217714,78.6928426859392,3.16923424000578));
#7200=CARTESIAN_POINT('',(69.0698351484153,79.2086202701112,3.08711749193648));
#7201=CARTESIAN_POINT('',(68.1702412935466,79.1157607783805,3.11649917337767));
#7202=CARTESIAN_POINT('',(68.6294238294559,78.7437777220799,3.20543893254025));
#7203=CARTESIAN_POINT('',(68.9954388174797,79.1375227318702,2.96213289246144));
#7204=CARTESIAN_POINT('',(68.1740931802563,79.0115760948217,2.98096947470839));
#7205=CARTESIAN_POINT('',(68.5829457308359,78.7676794317947,3.12056533613212));
#7206=CARTESIAN_POINT('',(68.9333746242766,79.0301772656504,2.88985038650453));
#7207=CARTESIAN_POINT('',(68.1846688282164,78.9471018704377,2.92171880091233));
#7208=CARTESIAN_POINT('',(68.565324903229,78.7551683301572,3.06781235477749));
#7209=CARTESIAN_POINT('',(68.9021973868553,78.9689004485273,2.85825002714664));
#7210=CARTESIAN_POINT('',(76.4155768378822,70.7781139029491,2.74695198545517));
#7211=CARTESIAN_POINT('',(76.6815939492644,70.7050930980565,2.87411917397194));
#7212=CARTESIAN_POINT('',(76.9572458045628,70.7713249243532,2.76504105890499));
#7213=CARTESIAN_POINT('',(76.435375882579,70.6881121898044,2.70656806497343));
#7214=CARTESIAN_POINT('',(76.6723733620267,70.6521918724098,2.82208109625548));
#7215=CARTESIAN_POINT('',(76.9206047719096,70.7014974620381,2.74350296798137));
#7216=CARTESIAN_POINT('',(76.4880298809289,70.4924930871925,2.64134195101172));
#7217=CARTESIAN_POINT('',(76.6620703879048,70.5155138864905,2.72686568730879));
#7218=CARTESIAN_POINT('',(76.8508207868543,70.5558771997548,2.70871570720166));
#7219=CARTESIAN_POINT('',(76.7103359828932,70.1634510695499,2.61084677118599));
#7220=CARTESIAN_POINT('',(76.7865046450577,70.2747890138761,2.67826258404847));
#7221=CARTESIAN_POINT('',(76.8704283314616,70.3957948098747,2.69245161129541));
#7222=CARTESIAN_POINT('',(77.0266778655349,69.9992410140148,2.68050061669281));
#7223=CARTESIAN_POINT('',(77.0355673860976,70.2179012116226,2.78766783570612));
#7224=CARTESIAN_POINT('',(77.090759907584,70.4458199223906,2.729600328896));
#7225=CARTESIAN_POINT('',(77.2902240642714,69.9156779603568,2.79767075484403));
#7226=CARTESIAN_POINT('',(77.2042773094546,70.2317605428033,2.95083007069134));
#7227=CARTESIAN_POINT('',(77.3082357426646,70.5361259106131,2.79209106924633));
#7228=CARTESIAN_POINT('',(77.5054180722651,69.8764305450066,2.96376425682137));
#7229=CARTESIAN_POINT('',(77.2672838983218,70.2811604775081,3.12775270040305));
#7230=CARTESIAN_POINT('',(77.5042547934423,70.6363055175263,2.88067427030011));
#7231=CARTESIAN_POINT('',(77.63194440507,69.8896938311601,3.17803401022184));
#7232=CARTESIAN_POINT('',(77.2049201528909,70.3480548275133,3.20963153336532));
#7233=CARTESIAN_POINT('',(77.6424187223247,70.7282573575012,2.99495147211392));
#7234=CARTESIAN_POINT('',(77.6203486995933,69.973508088441,3.41220594112301));
#7235=CARTESIAN_POINT('',(77.1852645267245,70.392729210645,3.15301262305274));
#7236=CARTESIAN_POINT('',(77.6831411724357,70.7971194029537,3.11984316859446));
#7237=CARTESIAN_POINT('',(77.4671684363641,70.1338685223538,3.61176266686881));
#7238=CARTESIAN_POINT('',(77.2436758787255,70.4425580544316,3.18187663117507));
#7239=CARTESIAN_POINT('',(77.6267608567892,70.8462944895747,3.22627342232559));
#7240=CARTESIAN_POINT('',(77.2259785189943,70.3613799154406,3.7359038037554));
#7241=CARTESIAN_POINT('',(77.2034140678513,70.5479955769569,3.28375935916723));
#7242=CARTESIAN_POINT('',(77.5227218357263,70.9013456641532,3.29248202866507));
#7243=CARTESIAN_POINT('',(76.961475038174,70.6382061602176,3.76436314525893));
#7244=CARTESIAN_POINT('',(77.0808975947423,70.6902648848041,3.31468230058141));
#7245=CARTESIAN_POINT('',(77.4264348478523,70.9871368999151,3.30766034413365));
#7246=CARTESIAN_POINT('',(76.7271526713287,70.921191851097,3.69213928537551));
#7247=CARTESIAN_POINT('',(76.957996782375,70.7980906968382,3.24127989604928));
#7248=CARTESIAN_POINT('',(77.3655044501838,71.0981412127174,3.26914095219581));
#7249=CARTESIAN_POINT('',(76.5471810769193,71.1478798113401,3.53220060364035));
#7250=CARTESIAN_POINT('',(76.8778826840849,70.7919793870621,3.15083640619956));
#7251=CARTESIAN_POINT('',(77.3249945638629,71.1923408846356,3.18384032193705));
#7252=CARTESIAN_POINT('',(76.4280703098353,71.2546009627124,3.31027395540945));
#7253=CARTESIAN_POINT('',(76.8350899911641,70.7480747296755,3.18190071504112));
#7254=CARTESIAN_POINT('',(77.2710003928012,71.2152072528426,3.06547944288066));
#7255=CARTESIAN_POINT('',(76.3728781441681,71.2051397730762,3.07849908235715));
#7256=CARTESIAN_POINT('',(76.7836726752398,70.8191803989233,3.19508493388983));
#7257=CARTESIAN_POINT('',(77.1834912665488,71.1352120424981,2.94186617725268));
#7258=CARTESIAN_POINT('',(76.3692356127483,71.0325033660606,2.88364547390214));
#7259=CARTESIAN_POINT('',(76.7208742292123,70.8392713483582,3.05222824835462));
#7260=CARTESIAN_POINT('',(77.0706669827736,70.9748419736452,2.83794425274335));
#7261=CARTESIAN_POINT('',(76.3957777931854,70.8681156160937,2.7873359059369));
#7262=CARTESIAN_POINT('',(76.691320549802,70.7608974710915,2.92901303069092));
#7263=CARTESIAN_POINT('',(76.993886837216,70.8411523866682,2.7865791498286));
#7264=CARTESIAN_POINT('',(76.4155768378822,70.7781139029491,2.74695198545517));
#7265=CARTESIAN_POINT('',(76.6815939492644,70.7050930980565,2.87411917397194));
#7266=CARTESIAN_POINT('',(76.9572458045628,70.7713249243532,2.76504105890499));
#7267=CARTESIAN_POINT('',(84.3494880089321,61.1287863994674,2.75840113328055));
#7268=CARTESIAN_POINT('',(84.3212808049744,61.4138713634905,2.88907064660378));
#7269=CARTESIAN_POINT('',(84.4460073767205,61.6778428857897,2.77114727108073));
#7270=CARTESIAN_POINT('',(84.4322631008246,61.0936666819623,2.80013954800912));
#7271=CARTESIAN_POINT('',(84.3748270073225,61.4141983828072,2.94476825321385));
#7272=CARTESIAN_POINT('',(84.5208733899089,61.7006115644819,2.79340775893597));
#7273=CARTESIAN_POINT('',(84.5851725130797,61.0389594990676,2.89935321304651));
#7274=CARTESIAN_POINT('',(84.450666047869,61.43108337205,3.06850595132218));
#7275=CARTESIAN_POINT('',(84.6653858200981,61.7505719426239,2.84632171362257));
#7276=CARTESIAN_POINT('',(84.7469262905406,61.0144696021652,3.09780755352723));
#7277=CARTESIAN_POINT('',(84.4318371263939,61.4988924097552,3.20095907897717));
#7278=CARTESIAN_POINT('',(84.8384604208705,61.8292924582302,2.95216402854562));
#7279=CARTESIAN_POINT('',(84.7942436817161,61.066875278532,3.33126642922222));
#7280=CARTESIAN_POINT('',(84.3784234866227,61.5600688923376,3.17539614775791));
#7281=CARTESIAN_POINT('',(84.9248577965587,61.8984246512497,3.07667542891627));
#7282=CARTESIAN_POINT('',(84.7014347319716,61.2122571185827,3.54912593748708));
#7283=CARTESIAN_POINT('',(84.435892450391,61.5937669535696,3.15505404948716));
#7284=CARTESIAN_POINT('',(84.9044164899829,61.954976284597,3.19286716665753));
#7285=CARTESIAN_POINT('',(84.5073231889212,61.440082909148,3.70253716973337));
#7286=CARTESIAN_POINT('',(84.447709739463,61.6777414385804,3.25072710905432));
#7287=CARTESIAN_POINT('',(84.8162368694231,62.0144455606395,3.27468649052223));
#7288=CARTESIAN_POINT('',(84.2743667039021,61.7296411410483,3.76601920104826));
#7289=CARTESIAN_POINT('',(84.3595498298305,61.8231712479048,3.31653486532975));
#7290=CARTESIAN_POINT('',(84.7207411222783,62.0987423770891,3.30854357389017));
#7291=CARTESIAN_POINT('',(84.0576125817233,62.0428863284372,3.72829884536948));
#7292=CARTESIAN_POINT('',(84.2442447097899,61.9670338511886,3.27603439356466));
#7293=CARTESIAN_POINT('',(84.6589822755429,62.211722669465,3.28842605086148));
#7294=CARTESIAN_POINT('',(83.886682894569,62.316445435803,3.59735405981422));
#7295=CARTESIAN_POINT('',(84.1520019200243,62.0155306793526,3.17408062036709));
#7296=CARTESIAN_POINT('',(84.6268254725124,62.3218935935325,3.21858883189868));
#7297=CARTESIAN_POINT('',(83.7627378558214,62.4872814350515,3.39172019812442));
#7298=CARTESIAN_POINT('',(84.0942986810053,61.9656506861586,3.15759304992692));
#7299=CARTESIAN_POINT('',(84.5871274782473,62.3805384160632,3.10891743899745));
#7300=CARTESIAN_POINT('',(83.6869585147352,62.4999552058567,3.15686060149893));
#7301=CARTESIAN_POINT('',(84.0542602007456,62.0058243013149,3.20990118785709));
#7302=CARTESIAN_POINT('',(84.507332169203,62.3447886290408,2.98365898746386));
#7303=CARTESIAN_POINT('',(83.6524929543915,62.3666530107908,2.9456833555631));
#7304=CARTESIAN_POINT('',(83.9989027422577,62.0728536253551,3.11267900596307));
#7305=CARTESIAN_POINT('',(84.3867712917959,62.2199589744394,2.87103112296474));
#7306=CARTESIAN_POINT('',(83.6524941473732,62.1405846478096,2.78433598259882));
#7307=CARTESIAN_POINT('',(83.9390026887443,62.0075130790877,2.93362980408095));
#7308=CARTESIAN_POINT('',(84.2498635397748,62.0436383667952,2.78497919071717));
#7309=CARTESIAN_POINT('',(83.6856579349549,61.8617988187059,2.67156399812629));
#7310=CARTESIAN_POINT('',(83.8936186634994,61.8361531711483,2.77403347520909));
#7311=CARTESIAN_POINT('',(84.1194864517102,61.8464477153305,2.72483413233168));
#7312=CARTESIAN_POINT('',(83.8010619084697,61.5128049483241,2.6086305288309));
#7313=CARTESIAN_POINT('',(83.9165266829909,61.5758221036703,2.6747241203134));
#7314=CARTESIAN_POINT('',(84.0420186519845,61.6446513030625,2.69126961537429));
#7315=CARTESIAN_POINT('',(84.0885219617247,61.2496778040986,2.64892272467509));
#7316=CARTESIAN_POINT('',(84.1403138706297,61.4266714499408,2.7388111155382));
#7317=CARTESIAN_POINT('',(84.2161897409678,61.6139598704707,2.71275878649115));
#7318=CARTESIAN_POINT('',(84.2667129170396,61.1639061169726,2.71666271855198));
#7319=CARTESIAN_POINT('',(84.2705975936975,61.4135618291371,2.83635106165387));
#7320=CARTESIAN_POINT('',(84.3711413635321,61.6550742070975,2.74888678322549));
#7321=CARTESIAN_POINT('',(84.3494880089321,61.1287863994674,2.75840113328055));
#7322=CARTESIAN_POINT('',(84.3212808049744,61.4138713634905,2.88907064660378));
#7323=CARTESIAN_POINT('',(84.4460073767205,61.6778428857897,2.77114727108073));
#7324=CARTESIAN_POINT('',(90.9694409943067,52.1974115607261,2.89905450421591));
#7325=CARTESIAN_POINT('',(90.6274737321658,51.9066994029764,3.12504212211892));
#7326=CARTESIAN_POINT('',(90.8004372722087,51.4522468106596,2.99822719540483));
#7327=CARTESIAN_POINT('',(90.9108222484865,52.177934840643,2.86406553317939));
#7328=CARTESIAN_POINT('',(90.6262340352865,51.8872090298254,3.08636920682594));
#7329=CARTESIAN_POINT('',(90.749298005862,51.4654100863834,2.93262287471136));
#7330=CARTESIAN_POINT('',(90.7722356653291,52.1401248150994,2.80256931651947));
#7331=CARTESIAN_POINT('',(90.5908004453091,51.8596039488579,2.97541979129586));
#7332=CARTESIAN_POINT('',(90.6199894642089,51.5163384432855,2.817317468474));
#7333=CARTESIAN_POINT('',(90.5417675878683,52.0971487740415,2.73662795178211));
#7334=CARTESIAN_POINT('',(90.4336991825823,51.8759261788224,2.80749012939835));
#7335=CARTESIAN_POINT('',(90.3844096896077,51.6490067435917,2.69367740959146));
#7336=CARTESIAN_POINT('',(90.3061998136806,52.0832686740291,2.69501693606587));
#7337=CARTESIAN_POINT('',(90.203963731348,51.9657148575043,2.68596289109131));
#7338=CARTESIAN_POINT('',(90.1124853100583,51.8570749148468,2.6156567551235));
#7339=CARTESIAN_POINT('',(90.2821622000698,52.2246221132822,2.7035946447515));
#7340=CARTESIAN_POINT('',(90.1018840032023,52.2180738119526,2.71160141591626));
#7341=CARTESIAN_POINT('',(89.9382472267219,52.2209878028608,2.63173995890908));
#7342=CARTESIAN_POINT('',(90.4284827028895,52.4179848205931,2.75258368058842));
#7343=CARTESIAN_POINT('',(90.1585889553548,52.4330129646536,2.85110593057297));
#7344=CARTESIAN_POINT('',(89.9179651858875,52.5344593305829,2.72359440110326));
#7345=CARTESIAN_POINT('',(90.5828549082086,52.5910010331329,2.82582789674938));
#7346=CARTESIAN_POINT('',(90.2241939953804,52.5491698543198,3.02675944070651));
#7347=CARTESIAN_POINT('',(89.9284548818239,52.7905084210656,2.86092730640519));
#7348=CARTESIAN_POINT('',(90.7295308862686,52.7290010215288,2.92460839385571));
#7349=CARTESIAN_POINT('',(90.2837879123296,52.5361929944635,3.18131726386983));
#7350=CARTESIAN_POINT('',(89.96557995331,52.9703955584126,3.04614073847943));
#7351=CARTESIAN_POINT('',(90.8406087676764,52.8017070928377,3.04679309258451));
#7352=CARTESIAN_POINT('',(90.3204103827092,52.4479769565296,3.1925672732884));
#7353=CARTESIAN_POINT('',(90.0264168493464,53.0305688088201,3.27523704859597));
#7354=CARTESIAN_POINT('',(90.8957956463447,52.7805803235765,3.16827454198399));
#7355=CARTESIAN_POINT('',(90.3671849023864,52.4687414461459,3.14627705438883));
#7356=CARTESIAN_POINT('',(90.1154452100858,52.9237850791092,3.50301476621998));
#7357=CARTESIAN_POINT('',(90.9162969406094,52.686518013262,3.25951581750619));
#7358=CARTESIAN_POINT('',(90.4435748035274,52.4751327246459,3.22569180675359));
#7359=CARTESIAN_POINT('',(90.2369132048569,52.6781324567711,3.67409215782415));
#7360=CARTESIAN_POINT('',(90.9470071012189,52.5652545920958,3.30536145896872));
#7361=CARTESIAN_POINT('',(90.5384350618329,52.3565774856073,3.30984863728425));
#7362=CARTESIAN_POINT('',(90.398411316241,52.3567591476746,3.76005273556633));
#7363=CARTESIAN_POINT('',(91.0171807392594,52.456587717701,3.29794805996758));
#7364=CARTESIAN_POINT('',(90.6317341729463,52.1895052325292,3.29461957453091));
#7365=CARTESIAN_POINT('',(90.5945756550913,52.0249188222348,3.74615261243927));
#7366=CARTESIAN_POINT('',(91.1079981497324,52.3767687648062,3.23850662311093));
#7367=CARTESIAN_POINT('',(90.6626730304591,52.0667026355711,3.19613175759381));
#7368=CARTESIAN_POINT('',(90.7859028222436,51.7409109841882,3.63469991833299));
#7369=CARTESIAN_POINT('',(91.162822960866,52.3153408790225,3.1369786271443));
#7370=CARTESIAN_POINT('',(90.5997329225902,52.02308039305,3.14760839632503));
#7371=CARTESIAN_POINT('',(90.9146245710678,51.5376530802861,3.44433492589557));
#7372=CARTESIAN_POINT('',(91.1239481402501,52.2569851355979,3.01250314273857));
#7373=CARTESIAN_POINT('',(90.5910800700956,51.9825098178524,3.20671700564003));
#7374=CARTESIAN_POINT('',(90.926825062289,51.4373587889424,3.21094339263482));
#7375=CARTESIAN_POINT('',(91.0280597401268,52.2168882808092,2.93404347525242));
#7376=CARTESIAN_POINT('',(90.6288001508015,51.9275532057055,3.1664203625575));
#7377=CARTESIAN_POINT('',(90.8515765385554,51.4390835349357,3.0638315160983));
#7378=CARTESIAN_POINT('',(90.9694409943067,52.1974115607261,2.89905450421591));
#7379=CARTESIAN_POINT('',(90.6274737321658,51.9066994029764,3.12504212211892));
#7380=CARTESIAN_POINT('',(90.8004372722087,51.4522468106596,2.99822719540483));
#7381=CARTESIAN_POINT('',(95.6375824780831,42.2934661935155,2.77114727108505));
#7382=CARTESIAN_POINT('',(95.3466131480209,42.3174355750051,2.8890706466093));
#7383=CARTESIAN_POINT('',(95.1138259289179,42.4844062122158,2.75840113328446));
#7384=CARTESIAN_POINT('',(95.694733738835,42.3469177234704,2.79340775894043));
#7385=CARTESIAN_POINT('',(95.3736694562304,42.3636444368557,2.94476825321949));
#7386=CARTESIAN_POINT('',(95.1247989073308,42.5736514033476,2.80013954801331));
#7387=CARTESIAN_POINT('',(95.8102569105826,42.4470889701053,2.84632171362736));
#7388=CARTESIAN_POINT('',(95.4262118061299,42.4208804779446,3.06850595132782));
#7389=CARTESIAN_POINT('',(95.1538758033019,42.7334284302848,2.8993532130513));
#7390=CARTESIAN_POINT('',(95.9649681772815,42.5576157133199,2.95216402855087));
#7391=CARTESIAN_POINT('',(95.4755216946498,42.3706696347666,3.2009590789804));
#7392=CARTESIAN_POINT('',(95.2135438191783,42.8857562591734,3.09780755353288));
#7393=CARTESIAN_POINT('',(96.0680371004979,42.5978719389745,3.07667542892163));
#7394=CARTESIAN_POINT('',(95.5017952627946,42.2938238245269,3.17539614775864));
#7395=CARTESIAN_POINT('',(95.282587161802,42.900531483786,3.33126642922805));
#7396=CARTESIAN_POINT('',(96.1067915983128,42.5518934315182,3.19286716666243));
#7397=CARTESIAN_POINT('',(95.5597131217644,42.3267443764644,3.15505404949057));
#7398=CARTESIAN_POINT('',(95.3620870536622,42.7474656555807,3.54912593749205));
#7399=CARTESIAN_POINT('',(96.1142036918296,42.4457930019954,3.27468649052641));
#7400=CARTESIAN_POINT('',(95.6383458035893,42.2949912064969,3.25072710905894));
#7401=CARTESIAN_POINT('',(95.4623342044039,42.4654472328474,3.70253716973702));
#7402=CARTESIAN_POINT('',(96.139459002761,42.3209428507898,3.30854357389361));
#7403=CARTESIAN_POINT('',(95.7202117581153,42.1459275804963,3.31653486533329));
#7404=CARTESIAN_POINT('',(95.596620746595,42.1189218828941,3.76601920105051));
#7405=CARTESIAN_POINT('',(96.2064233827183,42.2109679744211,3.28842605086425));
#7406=CARTESIAN_POINT('',(95.7871478671929,41.9741391157131,3.27603439356688));
#7407=CARTESIAN_POINT('',(95.7595219753976,41.7745847130186,3.72829884537047));
#7408=CARTESIAN_POINT('',(96.2857558002039,42.128033904059,3.21858883190098));
#7409=CARTESIAN_POINT('',(95.7830259575025,41.870006102379,3.17408062036904));
#7410=CARTESIAN_POINT('',(95.9109662682354,41.4897757080005,3.59735405981433));
#7411=CARTESIAN_POINT('',(96.3166947091831,42.0643320212812,3.10891743899948));
#7412=CARTESIAN_POINT('',(95.7109769967466,41.8449736281056,3.15759304992964));
#7413=CARTESIAN_POINT('',(95.996942064091,41.2970181561492,3.39172019812403));
#7414=CARTESIAN_POINT('',(96.2458368309193,42.0131021500577,2.98365898746595));
#7415=CARTESIAN_POINT('',(95.7257491279047,41.7902124794934,3.20990118785896));
#7416=CARTESIAN_POINT('',(95.9700282010261,41.2250544362855,3.15686060149864));
#7417=CARTESIAN_POINT('',(96.0774507401852,41.9711081948217,2.87103112296702));
#7418=CARTESIAN_POINT('',(95.7561194960774,41.7087568521345,3.11267900596394));
#7419=CARTESIAN_POINT('',(95.8373523335466,41.2618574830062,2.94568335556319));
#7420=CARTESIAN_POINT('',(95.8562987387448,41.9407029074191,2.78497919071966));
#7421=CARTESIAN_POINT('',(95.6695828963558,41.6895521572387,2.93362980408192));
#7422=CARTESIAN_POINT('',(95.6415719847039,41.3748926976504,2.7843359825993));
#7423=CARTESIAN_POINT('',(95.6203380811559,41.9263883628169,2.72483413233435));
#7424=CARTESIAN_POINT('',(95.4984888502676,41.7359283924217,2.77403347521042));
#7425=CARTESIAN_POINT('',(95.416718268276,41.5430062947351,2.67156399812711));
#7426=CARTESIAN_POINT('',(95.4068433618801,41.9601974864156,2.69126961537751));
#7427=CARTESIAN_POINT('',(95.2844895421854,41.8859328529936,2.67472412031641));
#7428=CARTESIAN_POINT('',(95.1721826975193,41.8174460026904,2.60863052883278));
#7429=CARTESIAN_POINT('',(95.4673493460712,42.1263797903762,2.71275878649505));
#7430=CARTESIAN_POINT('',(95.2672148808863,42.1543135693943,2.73881111554319));
#7431=CARTESIAN_POINT('',(95.0880379328244,42.1979572834943,2.64892272467824));
#7432=CARTESIAN_POINT('',(95.5804312173312,42.2400146635607,2.74888678322966));
#7433=CARTESIAN_POINT('',(95.3210034777695,42.2736973936713,2.83635106165928));
#7434=CARTESIAN_POINT('',(95.1028529505049,42.3951610210841,2.71666271855562));
#7435=CARTESIAN_POINT('',(95.6375824780831,42.2934661935155,2.77114727108505));
#7436=CARTESIAN_POINT('',(95.3466131480209,42.3174355750051,2.8890706466093));
#7437=CARTESIAN_POINT('',(95.1138259289179,42.4844062122158,2.75840113328446));
#7438=CARTESIAN_POINT('',(99.7683881462562,31.2612674098583,2.76504105891169));
#7439=CARTESIAN_POINT('',(99.5732037744927,31.0556618137177,2.8741191739783));
#7440=CARTESIAN_POINT('',(99.503433090843,30.7887738349724,2.74695198545943));
#7441=CARTESIAN_POINT('',(99.6895952736837,31.2644490759176,2.74350296798801));
#7442=CARTESIAN_POINT('',(99.5227796755732,31.0741271637557,2.82208109626184));
#7443=CARTESIAN_POINT('',(99.4353888432243,30.8509211672232,2.70656806497757));
#7444=CARTESIAN_POINT('',(99.5285924347146,31.2768245032249,2.70871570720819));
#7445=CARTESIAN_POINT('',(99.3992615805696,31.133543519392,2.72686568731508));
#7446=CARTESIAN_POINT('',(99.2923047300728,30.994330418712,2.64134195101568));
#7447=CARTESIAN_POINT('',(99.3997607906863,31.3738463299013,2.69245161130207));
#7448=CARTESIAN_POINT('',(99.2530048541416,31.3616691834948,2.6782625840552));
#7449=CARTESIAN_POINT('',(99.1184990348658,31.3513741592507,2.61084677119018));
#7450=CARTESIAN_POINT('',(99.5532495970101,31.5396465158203,2.72960032890271));
#7451=CARTESIAN_POINT('',(99.3282699427415,31.6058077454973,2.78766783571285));
#7452=CARTESIAN_POINT('',(99.1344598965343,31.7074392936666,2.68050061669709));
#7453=CARTESIAN_POINT('',(99.7401947944631,31.6828331195977,2.79209106925335));
#7454=CARTESIAN_POINT('',(99.4246274373001,31.7449851594037,2.95083007069836));
#7455=CARTESIAN_POINT('',(99.1938652686157,31.9774585236724,2.79767075484886));
#7456=CARTESIAN_POINT('',(99.9249624043777,31.8025007937395,2.88067427030734));
#7457=CARTESIAN_POINT('',(99.4989123301312,31.7748504986146,3.12775270040925));
#7458=CARTESIAN_POINT('',(99.267473013885,32.1834457090116,2.9637642568266));
#7459=CARTESIAN_POINT('',(100.07367699816,31.87617834605,2.99495147212144));
#7460=CARTESIAN_POINT('',(99.5256626638887,31.6873947357935,3.20963153336927));
#7461=CARTESIAN_POINT('',(99.3422225230331,32.2863890843906,3.17803401022758));
#7462=CARTESIAN_POINT('',(100.153674503932,31.8770139996231,3.1198431686019));
#7463=CARTESIAN_POINT('',(99.554524001496,31.6480352726424,3.1530126230566));
#7464=CARTESIAN_POINT('',(99.4090099462982,32.2344397802309,3.4122059411286));
#7465=CARTESIAN_POINT('',(100.168071220354,31.8035996706888,3.22627342233261));
#7466=CARTESIAN_POINT('',(99.6268827220566,31.6737065654511,3.1818766311812));
#7467=CARTESIAN_POINT('',(99.471296024213,32.0216015639591,3.61176266687362));
#7468=CARTESIAN_POINT('',(100.163727425515,31.685973648174,3.29248202867185));
#7469=CARTESIAN_POINT('',(99.6980633896379,31.5861200531678,3.28375935917397));
#7470=CARTESIAN_POINT('',(99.5477317115911,31.6989692718368,3.73590380375976));
#7471=CARTESIAN_POINT('',(100.18988132117,31.5596910527405,3.30766034414029));
#7472=CARTESIAN_POINT('',(99.7600139878577,31.4088830211493,3.31468230058805));
#7473=CARTESIAN_POINT('',(99.6552185315917,31.3314894156691,3.76436314526302));
#7474=CARTESIAN_POINT('',(100.255548677152,31.451421624096,3.2691409522025));
#7475=CARTESIAN_POINT('',(99.7919434740799,31.2485348894763,3.2412798960557));
#7476=CARTESIAN_POINT('',(99.7831301453781,30.9870674478671,3.69213928537971));
#7477=CARTESIAN_POINT('',(100.316873042902,31.369239197479,3.18384032194397));
#7478=CARTESIAN_POINT('',(99.7465938754194,31.1822097000434,3.15083640620491));
#7479=CARTESIAN_POINT('',(99.8894618804766,30.7178634950281,3.53220060364497));
#7480=CARTESIAN_POINT('',(100.309678813132,31.3110456895802,3.06547944288785));
#7481=CARTESIAN_POINT('',(99.6871749803173,31.1671024695716,3.18190071504459));
#7482=CARTESIAN_POINT('',(99.9223297251451,30.561349969183,3.31027395541458));
#7483=CARTESIAN_POINT('',(100.196646365669,31.2752581683554,2.94186617725985));
#7484=CARTESIAN_POINT('',(99.7230456382762,31.0870209331642,3.19508493389456));
#7485=CARTESIAN_POINT('',(99.8518989955867,30.5382827464432,3.07849908236225));
#7486=CARTESIAN_POINT('',(100.00134967015,31.2577345068693,2.83794425275031));
#7487=CARTESIAN_POINT('',(99.709045687861,31.0225904088692,3.05222824836085));
#7488=CARTESIAN_POINT('',(99.7005702157845,30.6214464252074,2.88364547390684));
#7489=CARTESIAN_POINT('',(99.8471810188287,31.258085743799,2.78657914983538));
#7490=CARTESIAN_POINT('',(99.6263950794513,31.036183110358,2.92901303069727));
#7491=CARTESIAN_POINT('',(99.5714773384616,30.7266265027216,2.78733590594129));
#7492=CARTESIAN_POINT('',(99.7683881462562,31.2612674098583,2.76504105891169));
#7493=CARTESIAN_POINT('',(99.5732037744927,31.0556618137177,2.8741191739783));
#7494=CARTESIAN_POINT('',(99.503433090843,30.7887738349724,2.74695198545943));
#7495=CARTESIAN_POINT('',(102.840172590775,20.1866030893221,2.85825002715616));
#7496=CARTESIAN_POINT('',(102.486638904846,20.001729019851,3.06781235478489));
#7497=CARTESIAN_POINT('',(102.462530189061,19.5761044186448,2.9217188009178));
#7498=CARTESIAN_POINT('',(102.771516691773,20.1902412182572,2.82664966779824));
#7499=CARTESIAN_POINT('',(102.468299739694,19.9933231800986,3.01856681568707));
#7500=CARTESIAN_POINT('',(102.411981696836,19.6175003106321,2.86246812712168));
#7501=CARTESIAN_POINT('',(102.620889093095,20.2048701688667,2.77253073632352));
#7502=CARTESIAN_POINT('',(102.401532021608,20.0042152421478,2.90273795058256));
#7503=CARTESIAN_POINT('',(102.298088367226,19.7276557050584,2.76099513060663));
#7504=CARTESIAN_POINT('',(102.384397733032,20.2453688029404,2.71628404600125));
#7505=CARTESIAN_POINT('',(102.233115745916,20.1002458013913,2.74923425233368));
#7506=CARTESIAN_POINT('',(102.111223581374,19.9517560634458,2.65553258625235));
#7507=CARTESIAN_POINT('',(102.219258929053,20.3401101680834,2.69079078469495));
#7508=CARTESIAN_POINT('',(102.07929957097,20.3199201263173,2.67326595242913));
#7509=CARTESIAN_POINT('',(101.950485573283,20.3014666222285,2.60773272130302));
#7510=CARTESIAN_POINT('',(102.359144562146,20.4905037084437,2.72097170164325));
#7511=CARTESIAN_POINT('',(102.156231229626,20.5724706203616,2.76288026481812));
#7512=CARTESIAN_POINT('',(101.982135183892,20.6743633607809,2.6643219405811));
#7513=CARTESIAN_POINT('',(102.561121079673,20.6159724534055,2.7793205917503));
#7514=CARTESIAN_POINT('',(102.27205926749,20.7161689009142,2.91972999400801));
#7515=CARTESIAN_POINT('',(102.069400772458,20.94623297443,2.77372610953181));
#7516=CARTESIAN_POINT('',(102.760589204645,20.7200557359131,2.86317065275927));
#7517=CARTESIAN_POINT('',(102.357380042842,20.7596691113952,3.09931133237281));
#7518=CARTESIAN_POINT('',(102.164586401303,21.1569507781586,2.93094497392363));
#7519=CARTESIAN_POINT('',(102.926730573539,20.7861615265727,2.9736202829056));
#7520=CARTESIAN_POINT('',(102.383760102771,20.6823914887296,3.20845290088331));
#7521=CARTESIAN_POINT('',(102.253307943491,21.2726823841114,3.13803803044801));
#7522=CARTESIAN_POINT('',(103.021044365776,20.7908046885991,3.09852235369024));
#7523=CARTESIAN_POINT('',(102.398975271664,20.6194873958299,3.16283474389727));
#7524=CARTESIAN_POINT('',(102.318823772027,21.2432865113552,3.37222941316918));
#7525=CARTESIAN_POINT('',(103.037345960755,20.7259874458939,3.21070936356268));
#7526=CARTESIAN_POINT('',(102.469991709881,20.6417176817784,3.16709251217098));
#7527=CARTESIAN_POINT('',(102.36028528072,21.0485336049101,3.58258005668002));
#7528=CARTESIAN_POINT('',(103.019989319002,20.6149412825266,3.28439498712314));
#7529=CARTESIAN_POINT('',(102.535311250972,20.5698774724094,3.26840767267943));
#7530=CARTESIAN_POINT('',(102.398568398228,20.7352746197132,3.72074060085594));
#7531=CARTESIAN_POINT('',(103.02464774881,20.4866043645921,3.30895920877872));
#7532=CARTESIAN_POINT('',(102.580259115267,20.3950002166666,3.3174049982793));
#7533=CARTESIAN_POINT('',(102.460051237936,20.3618571167459,3.76679851646009));
#7534=CARTESIAN_POINT('',(103.072882680296,20.3680573797683,3.27941193798279));
#7535=CARTESIAN_POINT('',(102.602140027939,20.220949695561,3.25917674414236));
#7536=CARTESIAN_POINT('',(102.547736029454,19.9970088609744,3.71139738371774));
#7537=CARTESIAN_POINT('',(103.129651983951,20.2746650825806,3.20133875406446));
#7538=CARTESIAN_POINT('',(102.562129999938,20.1404152037421,3.16021096009726));
#7539=CARTESIAN_POINT('',(102.629814011126,19.7011477123456,3.56501016387091));
#7540=CARTESIAN_POINT('',(103.131594926832,20.2119217386733,3.087117491946));
#7541=CARTESIAN_POINT('',(102.491497572916,20.1347957682409,3.16923424001181));
#7542=CARTESIAN_POINT('',(102.658970772384,19.5186304163817,3.3508452973985));
#7543=CARTESIAN_POINT('',(103.032824487103,20.1830413952559,2.96213289247105));
#7544=CARTESIAN_POINT('',(102.508823811998,20.0629356223565,3.20543893254639));
#7545=CARTESIAN_POINT('',(102.601379320577,19.4792803531346,3.11649917338329));
#7546=CARTESIAN_POINT('',(102.908828489776,20.1829649603869,2.88985038651408));
#7547=CARTESIAN_POINT('',(102.506284250496,20.0107335533753,3.12056533613919));
#7548=CARTESIAN_POINT('',(102.513078681286,19.5347085266575,2.98096947471391));
#7549=CARTESIAN_POINT('',(102.840172590775,20.1866030893221,2.85825002715616));
#7550=CARTESIAN_POINT('',(102.486638904846,20.001729019851,3.06781235478489));
#7551=CARTESIAN_POINT('',(102.462530189061,19.5761044186448,2.9217188009178));
#7552=CARTESIAN_POINT('',(637.594981175053,4.10000000000004,2.6));
#7553=CARTESIAN_POINT('',(637.594981175053,4.10000000000004,2.60000000000001));
#7554=CARTESIAN_POINT('',(637.594981175053,2.90000000000004,2.60000000000001));
#7555=CARTESIAN_POINT('',(637.594981175053,2.90000000000004,3.2));
#7556=CARTESIAN_POINT('',(637.594981175053,2.90000000000004,3.79999999999999));
#7557=CARTESIAN_POINT('',(637.594981175053,2.90000000000004,3.8));
#7558=CARTESIAN_POINT('',(637.594981175053,4.10000000000004,3.8));
#7559=CARTESIAN_POINT('',(637.594981175053,4.10000000000004,3.2));
#7560=MECHANICAL_DESIGN_GEOMETRIC_PRESENTATION_REPRESENTATION('',(#2893),
#7561);
#7561=(
GEOMETRIC_REPRESENTATION_CONTEXT(3)
GLOBAL_UNCERTAINTY_ASSIGNED_CONTEXT((#7562))
GLOBAL_UNIT_ASSIGNED_CONTEXT((#7565,#7564,#7563))
REPRESENTATION_CONTEXT('P2_Frame_V2.0','TOP_LEVEL_ASSEMBLY_PART')
);
#7562=UNCERTAINTY_MEASURE_WITH_UNIT(LENGTH_MEASURE(0.005),#7565,
'DISTANCE_ACCURACY_VALUE','Maximum Tolerance applied to model');
#7563=(
NAMED_UNIT(*)
SI_UNIT($,.STERADIAN.)
SOLID_ANGLE_UNIT()
);
#7564=(
NAMED_UNIT(*)
PLANE_ANGLE_UNIT()
SI_UNIT($,.RADIAN.)
);
#7565=(
LENGTH_UNIT()
NAMED_UNIT(*)
SI_UNIT(.MILLI.,.METRE.)
);
#7566=PRODUCT_DEFINITION_SHAPE('','',#7567);
#7567=PRODUCT_DEFINITION('','',#7569,#7568);
#7568=PRODUCT_DEFINITION_CONTEXT('',#7575,'design');
#7569=PRODUCT_DEFINITION_FORMATION_WITH_SPECIFIED_SOURCE('','',#7571,
 .NOT_KNOWN.);
#7570=PRODUCT_RELATED_PRODUCT_CATEGORY('','',(#7571));
#7571=PRODUCT('P2_Frame_V2.0','P2_Frame_V2.0','P2_Frame_V2.0',(#7573));
#7572=PRODUCT_CATEGORY('','');
#7573=PRODUCT_CONTEXT('',#7575,'mechanical');
#7574=APPLICATION_PROTOCOL_DEFINITION('international standard',
'automotive_design',2010,#7575);
#7575=APPLICATION_CONTEXT(
'core data for automotive mechanical design processes');
ENDSEC;
END-ISO-10303-21;
