ISO-10303-21;
HEADER;
/* Generated by software containing ST-Developer
 * from STEP Tools, Inc. (www.steptools.com) 
 */
/* OPTION: strings as raw bytes, not using required /X/ escapes */

FILE_DESCRIPTION(
/* description */ ('Unknown'),
/* implementation_level */ '2;1');

FILE_NAME(
/* name */ 'P2_Frame_V1',
/* time_stamp */ '2024-11-25T16:01:22+01:00',
/* author */ ('cgoblin'),
/* organization */ ('Unknown'),
/* preprocessor_version */ 'ST-DEVELOPER v18.102',
/* originating_system */ 'Solid Edge',
/* authorisation */ 'Unknown');

FILE_SCHEMA (('AUTOMOTIVE_DESIGN {1 0 10303 214 3 1 1}'));
ENDSEC;

DATA;
#10=PROPERTY_DEFINITION_REPRESENTATION(#14,#12);
#11=PROPERTY_DEFINITION_REPRESENTATION(#15,#13);
#12=REPRESENTATION('',(#16),#7808);
#13=REPRESENTATION('',(#17),#7808);
#14=PROPERTY_DEFINITION('pmi validation property','',#7813);
#15=PROPERTY_DEFINITION('pmi validation property','',#7813);
#16=VALUE_REPRESENTATION_ITEM('number of annotations',COUNT_MEASURE(0.));
#17=VALUE_REPRESENTATION_ITEM('number of views',COUNT_MEASURE(0.));
#18=SHAPE_REPRESENTATION_RELATIONSHIP('','',#2877,#19);
#19=ADVANCED_BREP_SHAPE_REPRESENTATION('',(#2875),#7808);
#20=SPHERICAL_SURFACE('',#3158,1.);
#21=SPHERICAL_SURFACE('',#3191,1.);
#22=(
BOUNDED_SURFACE()
B_SPLINE_SURFACE(3,2,((#5652,#5653,#5654),(#5655,#5656,#5657),(#5658,#5659,
#5660),(#5661,#5662,#5663),(#5664,#5665,#5666),(#5667,#5668,#5669),(#5670,
#5671,#5672),(#5673,#5674,#5675),(#5676,#5677,#5678),(#5679,#5680,#5681),
(#5682,#5683,#5684),(#5685,#5686,#5687),(#5688,#5689,#5690),(#5691,#5692,
#5693),(#5694,#5695,#5696),(#5697,#5698,#5699),(#5700,#5701,#5702),(#5703,
#5704,#5705),(#5706,#5707,#5708)),.UNSPECIFIED.,.T.,.F.,.F.)
B_SPLINE_SURFACE_WITH_KNOTS((1,3,1,1,1,1,1,1,1,1,1,1,1,1,1,1,1,3,1),(3,
3),(-0.000612682382453867,0.,0.000612682382453866,0.00122536476490773,0.0018380471473616,
0.00245072952981547,0.00306341191226933,0.0036760942947232,0.00428877667717706,
0.00490145905963093,0.0055141414420848,0.00612682382453866,0.00673950620699253,
0.0073521885894464,0.00796487097190026,0.00857755335435413,0.00919023573680799,
0.00980291811926186,0.0104156005017157),(0.,1.),.UNSPECIFIED.)
GEOMETRIC_REPRESENTATION_ITEM()
RATIONAL_B_SPLINE_SURFACE(((1.,0.911432419713459,1.),(1.,0.894536501108752,
1.),(1.,0.845358631662403,1.),(1.,0.755031206152422,1.),(1.,0.697185431123642,
1.),(1.,0.73342550196241,1.),(1.,0.82272554939016,1.),(1.,0.902893927930163,
1.),(1.,0.946530285985971,1.),(1.,0.919866408927023,1.),(1.,0.845815431988679,
1.),(1.,0.755395155308144,1.),(1.,0.697143061466988,1.),(1.,0.733429390290818,
1.),(1.,0.822889782652658,1.),(1.,0.903253104076401,1.),(1.,0.946734143290645,
1.),(1.,0.928328338318166,1.),(1.,0.911432419713459,1.)))
REPRESENTATION_ITEM('')
SURFACE()
);
#23=(
BOUNDED_SURFACE()
B_SPLINE_SURFACE(3,2,((#5710,#5711,#5712),(#5713,#5714,#5715),(#5716,#5717,
#5718),(#5719,#5720,#5721),(#5722,#5723,#5724),(#5725,#5726,#5727),(#5728,
#5729,#5730),(#5731,#5732,#5733),(#5734,#5735,#5736),(#5737,#5738,#5739),
(#5740,#5741,#5742),(#5743,#5744,#5745),(#5746,#5747,#5748),(#5749,#5750,
#5751),(#5752,#5753,#5754),(#5755,#5756,#5757),(#5758,#5759,#5760),(#5761,
#5762,#5763),(#5764,#5765,#5766)),.UNSPECIFIED.,.T.,.F.,.F.)
B_SPLINE_SURFACE_WITH_KNOTS((1,3,1,1,1,1,1,1,1,1,1,1,1,1,1,1,1,3,1),(3,
3),(-0.000612023347162078,0.,0.00061202334716208,0.00122404669432416,0.00183607004148624,
0.00244809338864832,0.0030601167358104,0.00367214008297248,0.00428416343013456,
0.00489618677729664,0.00550821012445872,0.0061202334716208,0.00673225681878287,
0.00734428016594495,0.00795630351310703,0.00856832686026911,0.00918035020743119,
0.00979237355459327,0.0104043969017554),(0.,1.),.UNSPECIFIED.)
GEOMETRIC_REPRESENTATION_ITEM()
RATIONAL_B_SPLINE_SURFACE(((1.,0.894707336295241,1.),(1.,0.873601144447609,
1.),(1.,0.819623127265169,1.),(1.,0.731492465700028,1.),(1.,0.697511082020749,
1.),(1.,0.757713831047108,1.),(1.,0.848454734032022,1.),(1.,0.921249919876988,
1.),(1.,0.946192653631115,1.),(1.,0.901224976181945,1.),(1.,0.819663321916963,
1.),(1.,0.731238956373302,1.),(1.,0.697551934040365,1.),(1.,0.758019507491305,
1.),(1.,0.848781289245267,1.),(1.,0.92134529475,1.),(1.,0.946260278350959,
1.),(1.,0.915813528142873,1.),(1.,0.894707336295241,1.)))
REPRESENTATION_ITEM('')
SURFACE()
);
#24=(
BOUNDED_SURFACE()
B_SPLINE_SURFACE(3,2,((#5767,#5768,#5769),(#5770,#5771,#5772),(#5773,#5774,
#5775),(#5776,#5777,#5778),(#5779,#5780,#5781),(#5782,#5783,#5784),(#5785,
#5786,#5787),(#5788,#5789,#5790),(#5791,#5792,#5793),(#5794,#5795,#5796),
(#5797,#5798,#5799),(#5800,#5801,#5802),(#5803,#5804,#5805),(#5806,#5807,
#5808),(#5809,#5810,#5811),(#5812,#5813,#5814),(#5815,#5816,#5817),(#5818,
#5819,#5820),(#5821,#5822,#5823)),.UNSPECIFIED.,.T.,.F.,.F.)
B_SPLINE_SURFACE_WITH_KNOTS((1,3,1,1,1,1,1,1,1,1,1,1,1,1,1,1,1,3,1),(3,
3),(-0.000612027096092944,0.,0.000612027096092944,0.00122405419218589,0.00183608128827883,
0.00244810838437178,0.00306013548046472,0.00367216257655767,0.00428418967265061,
0.00489621676874356,0.0055082438648365,0.00612027096092944,0.00673229805702239,
0.00734432515311533,0.00795635224920828,0.00856837934530122,0.00918040644139417,
0.00979243353748711,0.0104044606335801),(0.,1.),.UNSPECIFIED.)
GEOMETRIC_REPRESENTATION_ITEM()
RATIONAL_B_SPLINE_SURFACE(((1.,0.894783274492244,1.),(1.,0.873692563833792,
1.),(1.,0.819731659005475,1.),(1.,0.73158170789443,1.),(1.,0.697490694746719,
1.),(1.,0.757608450046198,1.),(1.,0.848352582621421,1.),(1.,0.92118264858285,
1.),(1.,0.946208233866611,1.),(1.,0.901306924108075,1.),(1.,0.819772330942977,
1.),(1.,0.73132944177778,1.),(1.,0.697530719646437,1.),(1.,0.75791329410792,
1.),(1.,0.848678611893596,1.),(1.,0.921278750620948,1.),(1.,0.946275922956188,
1.),(1.,0.915873985150696,1.),(1.,0.894783274492244,1.)))
REPRESENTATION_ITEM('')
SURFACE()
);
#25=(
BOUNDED_SURFACE()
B_SPLINE_SURFACE(3,2,((#5824,#5825,#5826),(#5827,#5828,#5829),(#5830,#5831,
#5832),(#5833,#5834,#5835),(#5836,#5837,#5838),(#5839,#5840,#5841),(#5842,
#5843,#5844),(#5845,#5846,#5847),(#5848,#5849,#5850),(#5851,#5852,#5853),
(#5854,#5855,#5856),(#5857,#5858,#5859),(#5860,#5861,#5862),(#5863,#5864,
#5865),(#5866,#5867,#5868),(#5869,#5870,#5871),(#5872,#5873,#5874),(#5875,
#5876,#5877),(#5878,#5879,#5880)),.UNSPECIFIED.,.T.,.F.,.F.)
B_SPLINE_SURFACE_WITH_KNOTS((1,3,1,1,1,1,1,1,1,1,1,1,1,1,1,1,1,3,1),(3,
3),(-0.00061233806412578,0.,0.00061233806412578,0.00122467612825156,0.00183701419237734,
0.00244935225650312,0.0030616903206289,0.00367402838475468,0.00428636644888046,
0.00489870451300624,0.00551104257713202,0.0061233806412578,0.00673571870538358,
0.00734805676950936,0.00796039483363513,0.00857273289776091,0.00918507096188669,
0.00979740902601247,0.0104097470901383),(0.,1.),.UNSPECIFIED.)
GEOMETRIC_REPRESENTATION_ITEM()
RATIONAL_B_SPLINE_SURFACE(((1.,0.848257743339323,1.),(1.,0.875318703302085,
1.),(1.,0.923013654957947,1.),(1.,0.945827052423716,1.),(1.,0.898813215574768,
1.),(1.,0.81721017416687,1.),(1.,0.729176368562107,1.),(1.,0.698069477779407,
1.),(1.,0.760497406373585,1.),(1.,0.850958942339548,1.),(1.,0.923307288770956,
1.),(1.,0.945729471014336,1.),(1.,0.89872582336038,1.),(1.,0.817007637419827,
1.),(1.,0.728854487747443,1.),(1.,0.69821158602092,1.),(1.,0.760647895181376,
1.),(1.,0.821196783376562,1.),(1.,0.848257743339323,1.)))
REPRESENTATION_ITEM('')
SURFACE()
);
#26=(
BOUNDED_SURFACE()
B_SPLINE_SURFACE(3,2,((#5881,#5882,#5883),(#5884,#5885,#5886),(#5887,#5888,
#5889),(#5890,#5891,#5892),(#5893,#5894,#5895),(#5896,#5897,#5898),(#5899,
#5900,#5901),(#5902,#5903,#5904),(#5905,#5906,#5907),(#5908,#5909,#5910),
(#5911,#5912,#5913),(#5914,#5915,#5916),(#5917,#5918,#5919),(#5920,#5921,
#5922),(#5923,#5924,#5925),(#5926,#5927,#5928),(#5929,#5930,#5931),(#5932,
#5933,#5934),(#5935,#5936,#5937)),.UNSPECIFIED.,.T.,.F.,.F.)
B_SPLINE_SURFACE_WITH_KNOTS((1,3,1,1,1,1,1,1,1,1,1,1,1,1,1,1,1,3,1),(3,
3),(-0.000614070455135934,0.,0.000614070455135933,0.00122814091027187,0.0018422113654078,
0.00245628182054373,0.00307035227567967,0.0036844227308156,0.00429849318595153,
0.00491256364108747,0.0055266340962234,0.00614070455135933,0.00675477500649527,
0.0073688454616312,0.00798291591676713,0.00859698637190306,0.009211056827039,
0.00982512728217493,0.0104391977373109),(0.,1.),.UNSPECIFIED.)
GEOMETRIC_REPRESENTATION_ITEM()
RATIONAL_B_SPLINE_SURFACE(((1.,0.825902466063569,1.),(1.,0.854100615951146,
1.),(1.,0.906810016932248,1.),(1.,0.947047282881004,1.),(1.,0.91630785386243,
1.),(1.,0.841086220578869,1.),(1.,0.750629591711132,1.),(1.,0.696469300271823,
1.),(1.,0.73770761819045,1.),(1.,0.827737089565463,1.),(1.,0.907014463367739,
1.),(1.,0.947051940711557,1.),(1.,0.916206523226323,1.),(1.,0.840998256973252,
1.),(1.,0.750980711976166,1.),(1.,0.696426851030607,1.),(1.,0.737621117606786,
1.),(1.,0.797704316175992,1.),(1.,0.825902466063569,1.)))
REPRESENTATION_ITEM('')
SURFACE()
);
#27=(
BOUNDED_SURFACE()
B_SPLINE_SURFACE(3,2,((#5938,#5939,#5940),(#5941,#5942,#5943),(#5944,#5945,
#5946),(#5947,#5948,#5949),(#5950,#5951,#5952),(#5953,#5954,#5955),(#5956,
#5957,#5958),(#5959,#5960,#5961),(#5962,#5963,#5964),(#5965,#5966,#5967),
(#5968,#5969,#5970),(#5971,#5972,#5973),(#5974,#5975,#5976),(#5977,#5978,
#5979),(#5980,#5981,#5982),(#5983,#5984,#5985),(#5986,#5987,#5988),(#5989,
#5990,#5991),(#5992,#5993,#5994)),.UNSPECIFIED.,.T.,.F.,.F.)
B_SPLINE_SURFACE_WITH_KNOTS((1,3,1,1,1,1,1,1,1,1,1,1,1,1,1,1,1,3,1),(3,
3),(-0.00061357338432272,0.,0.000613573384322721,0.00122714676864544,0.00184072015296816,
0.00245429353729088,0.0030678669216136,0.00368144030593632,0.00429501369025904,
0.00490858707458177,0.00552216045890449,0.00613573384322721,0.00674930722754993,
0.00736288061187265,0.00797645399619537,0.00859002738051809,0.00920360076484081,
0.00981717414916353,0.0104307475334863),(0.,1.),.UNSPECIFIED.)
GEOMETRIC_REPRESENTATION_ITEM()
RATIONAL_B_SPLINE_SURFACE(((1.,0.835168436905685,1.),(1.,0.863018344646552,
1.),(1.,0.913821380291482,1.),(1.,0.947258214457586,1.),(1.,0.909397175520065,
1.),(1.,0.831353171431344,1.),(1.,0.741328204094866,1.),(1.,0.696230221700697,
1.),(1.,0.746708956144644,1.),(1.,0.837328148159401,1.),(1.,0.914102960662067,
1.),(1.,0.94720717439729,1.),(1.,0.909256895042883,1.),(1.,0.831306525289435,
1.),(1.,0.741206198586036,1.),(1.,0.696262010707525,1.),(1.,0.746721933846275,
1.),(1.,0.807318529164817,1.),(1.,0.835168436905685,1.)))
REPRESENTATION_ITEM('')
SURFACE()
);
#28=(
BOUNDED_SURFACE()
B_SPLINE_SURFACE(3,2,((#5995,#5996,#5997),(#5998,#5999,#6000),(#6001,#6002,
#6003),(#6004,#6005,#6006),(#6007,#6008,#6009),(#6010,#6011,#6012),(#6013,
#6014,#6015),(#6016,#6017,#6018),(#6019,#6020,#6021),(#6022,#6023,#6024),
(#6025,#6026,#6027),(#6028,#6029,#6030),(#6031,#6032,#6033),(#6034,#6035,
#6036),(#6037,#6038,#6039),(#6040,#6041,#6042),(#6043,#6044,#6045),(#6046,
#6047,#6048),(#6049,#6050,#6051)),.UNSPECIFIED.,.T.,.F.,.F.)
B_SPLINE_SURFACE_WITH_KNOTS((1,3,1,1,1,1,1,1,1,1,1,1,1,1,1,1,1,3,1),(3,
3),(-0.000613980889204195,0.,0.000613980889204194,0.00122796177840839,0.00184194266761258,
0.00245592355681678,0.00306990444602097,0.00368388533522516,0.00429786622442936,
0.00491184711363355,0.00552582800283775,0.00613980889204194,0.00675378978124614,
0.00736777067045033,0.00798175155965452,0.00859573244885872,0.00920971333806291,
0.00982369422726711,0.0104376751164713),(0.,1.),.UNSPECIFIED.)
GEOMETRIC_REPRESENTATION_ITEM()
RATIONAL_B_SPLINE_SURFACE(((1.,0.819949747616927,1.),(1.,0.848281776908402,
1.),(1.,0.9020618406742,1.),(1.,0.94636375133538,1.),(1.,0.920557165139628,
1.),(1.,0.847276581013807,1.),(1.,0.757331503799851,1.),(1.,0.697396085836841,
1.),(1.,0.731874798879805,1.),(1.,0.820806797234577,1.),(1.,0.902116804445002,
1.),(1.,0.94639130744765,1.),(1.,0.920505824771389,1.),(1.,0.847283669494872,
1.),(1.,0.757203416355375,1.),(1.,0.697319025460557,1.),(1.,0.73206966492535,
1.),(1.,0.791617718325452,1.),(1.,0.819949747616927,1.)))
REPRESENTATION_ITEM('')
SURFACE()
);
#29=(
BOUNDED_SURFACE()
B_SPLINE_SURFACE(3,2,((#6052,#6053,#6054),(#6055,#6056,#6057),(#6058,#6059,
#6060),(#6061,#6062,#6063),(#6064,#6065,#6066),(#6067,#6068,#6069),(#6070,
#6071,#6072),(#6073,#6074,#6075),(#6076,#6077,#6078),(#6079,#6080,#6081),
(#6082,#6083,#6084),(#6085,#6086,#6087),(#6088,#6089,#6090),(#6091,#6092,
#6093),(#6094,#6095,#6096),(#6097,#6098,#6099),(#6100,#6101,#6102),(#6103,
#6104,#6105),(#6106,#6107,#6108)),.UNSPECIFIED.,.T.,.F.,.F.)
B_SPLINE_SURFACE_WITH_KNOTS((1,3,1,1,1,1,1,1,1,1,1,1,1,1,1,1,1,3,1),(3,
3),(-0.000612529599005563,0.,0.000612529599005563,0.00122505919801113,0.00183758879701669,
0.00245011839602225,0.00306264799502781,0.00367517759403338,0.00428770719303894,
0.0049002367920445,0.00551276639105006,0.00612529599005563,0.00673782558906119,
0.00735035518806675,0.00796288478707231,0.00857541438607788,0.00918794398508344,
0.009800473584089,0.0104130031830946),(0.,1.),.UNSPECIFIED.)
GEOMETRIC_REPRESENTATION_ITEM()
RATIONAL_B_SPLINE_SURFACE(((1.,0.846448256291927,1.),(1.,0.873638460696406,
1.),(1.,0.921794637128252,1.),(1.,0.946146278318831,1.),(1.,0.900362788958569,
1.),(1.,0.819233276323891,1.),(1.,0.730828955969726,1.),(1.,0.697638498918324,
1.),(1.,0.758511330591162,1.),(1.,0.849050938662491,1.),(1.,0.922076085924558,
1.),(1.,0.946057578749339,1.),(1.,0.900284668048394,1.),(1.,0.819036981271332,
1.),(1.,0.730511026199925,1.),(1.,0.697768856308219,1.),(1.,0.758653410701377,
1.),(1.,0.819258051887448,1.),(1.,0.846448256291927,1.)))
REPRESENTATION_ITEM('')
SURFACE()
);
#30=(
BOUNDED_SURFACE()
B_SPLINE_SURFACE(3,2,((#6109,#6110,#6111),(#6112,#6113,#6114),(#6115,#6116,
#6117),(#6118,#6119,#6120),(#6121,#6122,#6123),(#6124,#6125,#6126),(#6127,
#6128,#6129),(#6130,#6131,#6132),(#6133,#6134,#6135),(#6136,#6137,#6138),
(#6139,#6140,#6141),(#6142,#6143,#6144),(#6145,#6146,#6147),(#6148,#6149,
#6150),(#6151,#6152,#6153),(#6154,#6155,#6156),(#6157,#6158,#6159),(#6160,
#6161,#6162),(#6163,#6164,#6165)),.UNSPECIFIED.,.T.,.F.,.F.)
B_SPLINE_SURFACE_WITH_KNOTS((1,3,1,1,1,1,1,1,1,1,1,1,1,1,1,1,1,3,1),(3,
3),(-0.000613270278852256,0.,0.000613270278852257,0.00122654055770451,0.00183981083655677,
0.00245308111540903,0.00306635139426129,0.00367962167311354,0.0042928919519658,
0.00490616223081806,0.00551943250967031,0.00613270278852257,0.00674597306737483,
0.00735924334622708,0.00797251362507934,0.0085857839039316,0.00919905418278386,
0.00981232446163611,0.0104255947404884),(0.,1.),.UNSPECIFIED.)
GEOMETRIC_REPRESENTATION_ITEM()
RATIONAL_B_SPLINE_SURFACE(((1.,0.926945050203224,1.),(1.,0.916572786853645,
1.),(1.,0.875544281214139,1.),(1.,0.788498987885138,1.),(1.,0.709740829290307,
1.),(1.,0.709212507131296,1.),(1.,0.788616027259395,1.),(1.,0.875947027770153,
1.),(1.,0.937318925513509,1.),(1.,0.937621142083287,1.),(1.,0.876099768593274,
1.),(1.,0.789006224916336,1.),(1.,0.709554986718477,1.),(1.,0.709399016875342,
1.),(1.,0.788933426806828,1.),(1.,0.876580706722182,1.),(1.,0.937777861311612,
1.),(1.,0.937317313552803,1.),(1.,0.926945050203224,1.)))
REPRESENTATION_ITEM('')
SURFACE()
);
#31=(
BOUNDED_SURFACE()
B_SPLINE_SURFACE(3,2,((#6183,#6184,#6185),(#6186,#6187,#6188),(#6189,#6190,
#6191),(#6192,#6193,#6194),(#6195,#6196,#6197),(#6198,#6199,#6200),(#6201,
#6202,#6203),(#6204,#6205,#6206),(#6207,#6208,#6209),(#6210,#6211,#6212),
(#6213,#6214,#6215),(#6216,#6217,#6218),(#6219,#6220,#6221)),
 .UNSPECIFIED.,.F.,.F.,.F.)
B_SPLINE_SURFACE_WITH_KNOTS((4,1,1,1,1,1,1,1,1,1,4),(3,3),(0.0068064262972415,
0.00730252438166814,0.00779862246609479,0.00829472055052143,0.00854276959273476,
0.00879081863494808,0.0090388676771614,0.00928691671937473,0.00978301480380137,
0.010279112888228,0.0107752109726547),(0.,1.),.UNSPECIFIED.)
GEOMETRIC_REPRESENTATION_ITEM()
RATIONAL_B_SPLINE_SURFACE(((1.,0.574058751559008,1.),(1.,0.563313969802741,
1.),(1.,0.538874545923184,1.),(1.,0.489013499217324,1.),(1.,0.437098619919677,
1.),(1.,0.406105943001055,1.),(1.,0.396972124465004,1.),(1.,0.406020618060677,
1.),(1.,0.437095900638667,1.),(1.,0.488865504819559,1.),(1.,0.538602037515728,
1.),(1.,0.563410355342995,1.),(1.,0.57405875155901,1.)))
REPRESENTATION_ITEM('')
SURFACE()
);
#32=(
BOUNDED_SURFACE()
B_SPLINE_SURFACE(3,2,((#6224,#6225,#6226),(#6227,#6228,#6229),(#6230,#6231,
#6232),(#6233,#6234,#6235),(#6236,#6237,#6238),(#6239,#6240,#6241),(#6242,
#6243,#6244),(#6245,#6246,#6247),(#6248,#6249,#6250),(#6251,#6252,#6253),
(#6254,#6255,#6256)),.UNSPECIFIED.,.F.,.F.,.F.)
B_SPLINE_SURFACE_WITH_KNOTS((4,1,1,1,1,1,1,1,4),(3,3),(0.,0.00114823934706412,
0.00229647869412825,0.00344471804119237,0.0045929573882565,0.00574119673532062,
0.00688943608238475,0.00803767542944888,0.009185914776513),(0.,1.),
 .UNSPECIFIED.)
GEOMETRIC_REPRESENTATION_ITEM()
RATIONAL_B_SPLINE_SURFACE(((1.,0.574058751559008,1.),(1.,0.629824818142021,
1.),(1.,0.699488300572028,1.),(1.,0.748407863045385,1.),(1.,0.770370301775895,
1.),(1.,0.776675482665474,1.),(1.,0.770509194375719,1.),(1.,0.748721065533999,
1.),(1.,0.700035907239791,1.),(1.,0.629388163866082,1.),(1.,0.574058751559014,
1.)))
REPRESENTATION_ITEM('')
SURFACE()
);
#33=(
BOUNDED_SURFACE()
B_SPLINE_SURFACE(3,2,((#6723,#6724,#6725),(#6726,#6727,#6728),(#6729,#6730,
#6731),(#6732,#6733,#6734),(#6735,#6736,#6737),(#6738,#6739,#6740),(#6741,
#6742,#6743),(#6744,#6745,#6746),(#6747,#6748,#6749),(#6750,#6751,#6752),
(#6753,#6754,#6755),(#6756,#6757,#6758),(#6759,#6760,#6761),(#6762,#6763,
#6764),(#6765,#6766,#6767),(#6768,#6769,#6770),(#6771,#6772,#6773),(#6774,
#6775,#6776),(#6777,#6778,#6779)),.UNSPECIFIED.,.T.,.F.,.F.)
B_SPLINE_SURFACE_WITH_KNOTS((1,3,1,1,1,1,1,1,1,1,1,1,1,1,1,1,1,3,1),(3,
3),(-0.000615112173741651,0.,0.000615112173741651,0.0012302243474833,0.00184533652122495,
0.0024604486949666,0.00307556086870825,0.0036906730424499,0.00430578521619155,
0.0049208973899332,0.00553600956367485,0.00615112173741651,0.00676623391115816,
0.00738134608489981,0.00799645825864146,0.00861157043238311,0.00922668260612476,
0.00984179477986641,0.0104569069536081),(0.,1.),.UNSPECIFIED.)
GEOMETRIC_REPRESENTATION_ITEM()
RATIONAL_B_SPLINE_SURFACE(((1.,0.739251473298323,1.),(1.,0.717149208911998,
1.),(1.,0.690251021138524,1.),(1.,0.748827092557352,1.),(1.,0.84222495269712,
1.),(1.,0.917878189233187,1.),(1.,0.947021617898477,1.),(1.,0.904121336242464,
1.),(1.,0.822965569462694,1.),(1.,0.730753697449203,1.),(1.,0.690199993160264,
1.),(1.,0.748869647151727,1.),(1.,0.84224143162536,1.),(1.,0.917914260655352,
1.),(1.,0.947018126969351,1.),(1.,0.90405880179623,1.),(1.,0.822864607456473,
1.),(1.,0.761353737684648,1.),(1.,0.739251473298323,1.)))
REPRESENTATION_ITEM('')
SURFACE()
);
#34=(
BOUNDED_SURFACE()
B_SPLINE_SURFACE(3,2,((#6780,#6781,#6782),(#6783,#6784,#6785),(#6786,#6787,
#6788),(#6789,#6790,#6791),(#6792,#6793,#6794),(#6795,#6796,#6797),(#6798,
#6799,#6800),(#6801,#6802,#6803),(#6804,#6805,#6806),(#6807,#6808,#6809),
(#6810,#6811,#6812),(#6813,#6814,#6815),(#6816,#6817,#6818)),
 .UNSPECIFIED.,.F.,.F.,.F.)
B_SPLINE_SURFACE_WITH_KNOTS((4,1,1,1,1,1,1,1,1,1,4),(3,3),(0.00327239419028777,
0.00376868497613393,0.0042649757619801,0.00476126654782627,0.00500941194074936,
0.00525755733367244,0.00550570272659552,0.00575384811951861,0.00625013890536478,
0.00674642969121094,0.00724272047705711),(0.,1.),.UNSPECIFIED.)
GEOMETRIC_REPRESENTATION_ITEM()
RATIONAL_B_SPLINE_SURFACE(((1.,0.574057280635346,1.),(1.,0.563444359513541,
1.),(1.,0.538541300296225,1.),(1.,0.489441570672543,1.),(1.,0.437589845260069,
1.),(1.,0.406400469712358,1.),(1.,0.396974196419943,1.),(1.,0.405722230634011,
1.),(1.,0.436494430368624,1.),(1.,0.488347375990831,1.),(1.,0.538636193972489,
1.),(1.,0.563302610564175,1.),(1.,0.574057280635349,1.)))
REPRESENTATION_ITEM('')
SURFACE()
);
#35=(
BOUNDED_SURFACE()
B_SPLINE_SURFACE(3,2,((#6821,#6822,#6823),(#6824,#6825,#6826),(#6827,#6828,
#6829),(#6830,#6831,#6832),(#6833,#6834,#6835),(#6836,#6837,#6838),(#6839,
#6840,#6841),(#6842,#6843,#6844),(#6845,#6846,#6847),(#6848,#6849,#6850),
(#6851,#6852,#6853)),.UNSPECIFIED.,.F.,.F.,.F.)
B_SPLINE_SURFACE_WITH_KNOTS((4,1,1,1,1,1,1,1,4),(3,3),(-0.00461658948255514,
-0.00346329162011385,-0.00230999375767255,-0.00115669589523126,-3.39803278996079E-6,
0.00114989982965133,0.00230319769209263,0.00345649555453393,0.00460979341697522),
(0.,1.),.UNSPECIFIED.)
GEOMETRIC_REPRESENTATION_ITEM()
RATIONAL_B_SPLINE_SURFACE(((1.,0.574057280635382,1.),(1.,0.629576160633607,
1.),(1.,0.69967093032538,1.),(1.,0.748513453916081,1.),(1.,0.770356033193744,
1.),(1.,0.776687793761106,1.),(1.,0.770472462063672,1.),(1.,0.748733730872916,
1.),(1.,0.699927206446014,1.),(1.,0.629694405994312,1.),(1.,0.574057280635361,
1.)))
REPRESENTATION_ITEM('')
SURFACE()
);
#36=(
BOUNDED_SURFACE()
B_SPLINE_SURFACE(3,2,((#6855,#6856,#6857),(#6858,#6859,#6860),(#6861,#6862,
#6863),(#6864,#6865,#6866),(#6867,#6868,#6869),(#6870,#6871,#6872),(#6873,
#6874,#6875),(#6876,#6877,#6878),(#6879,#6880,#6881),(#6882,#6883,#6884),
(#6885,#6886,#6887),(#6888,#6889,#6890),(#6891,#6892,#6893),(#6894,#6895,
#6896),(#6897,#6898,#6899),(#6900,#6901,#6902),(#6903,#6904,#6905),(#6906,
#6907,#6908),(#6909,#6910,#6911)),.UNSPECIFIED.,.T.,.F.,.F.)
B_SPLINE_SURFACE_WITH_KNOTS((1,3,1,1,1,1,1,1,1,1,1,1,1,1,1,1,1,3,1),(3,
3),(-0.000612394776662074,0.,0.000612394776662074,0.00122478955332415,0.00183718432998622,
0.00244957910664829,0.00306197388331037,0.00367436865997244,0.00428676343663452,
0.00489915821329659,0.00551155298995866,0.00612394776662074,0.00673634254328281,
0.00734873731994488,0.00796113209660696,0.00857352687326903,0.00918592164993111,
0.00979831642659318,0.0104107112032553),(0.,1.),.UNSPECIFIED.)
GEOMETRIC_REPRESENTATION_ITEM()
RATIONAL_B_SPLINE_SURFACE(((1.,0.833126907837527,1.),(1.,0.80470788800428,
1.),(1.,0.742936926348659,1.),(1.,0.689664446754294,1.),(1.,0.736184378429906,
1.),(1.,0.829288946416935,1.),(1.,0.90888654439988,1.),(1.,0.947474470713851,
1.),(1.,0.913450072517425,1.),(1.,0.836000871454415,1.),(1.,0.742386396521353,
1.),(1.,0.689697526376401,1.),(1.,0.736549822527624,1.),(1.,0.829493383064044,
1.),(1.,0.908928919421727,1.),(1.,0.94746900080271,1.),(1.,0.91345104534814,
1.),(1.,0.861545927670774,1.),(1.,0.833126907837527,1.)))
REPRESENTATION_ITEM('')
SURFACE()
);
#37=(
BOUNDED_SURFACE()
B_SPLINE_SURFACE(3,2,((#6912,#6913,#6914),(#6915,#6916,#6917),(#6918,#6919,
#6920),(#6921,#6922,#6923),(#6924,#6925,#6926),(#6927,#6928,#6929),(#6930,
#6931,#6932),(#6933,#6934,#6935),(#6936,#6937,#6938),(#6939,#6940,#6941),
(#6942,#6943,#6944),(#6945,#6946,#6947),(#6948,#6949,#6950),(#6951,#6952,
#6953),(#6954,#6955,#6956),(#6957,#6958,#6959),(#6960,#6961,#6962),(#6963,
#6964,#6965),(#6966,#6967,#6968)),.UNSPECIFIED.,.T.,.F.,.F.)
B_SPLINE_SURFACE_WITH_KNOTS((1,3,1,1,1,1,1,1,1,1,1,1,1,1,1,1,1,3,1),(3,
3),(-0.000615502422597404,0.,0.000615502422597404,0.00123100484519481,0.00184650726779221,
0.00246200969038962,0.00307751211298702,0.00369301453558442,0.00430851695818183,
0.00492401938077923,0.00553952180337663,0.00615502422597404,0.00677052664857144,
0.00738602907116885,0.00800153149376625,0.00861703391636365,0.00923253633896106,
0.00984803876155846,0.0104635411841559),(0.,1.),.UNSPECIFIED.)
GEOMETRIC_REPRESENTATION_ITEM()
RATIONAL_B_SPLINE_SURFACE(((1.,0.813489209300745,1.),(1.,0.842618968257579,
1.),(1.,0.898248518143933,1.),(1.,0.945933377758638,1.),(1.,0.922824032965402,
1.),(1.,0.849749412080803,1.),(1.,0.757239500942755,1.),(1.,0.691782938172262,
1.),(1.,0.723460082055846,1.),(1.,0.814480389918059,1.),(1.,0.898387298987917,
1.),(1.,0.945944576356987,1.),(1.,0.922813650511461,1.),(1.,0.849634706811338,
1.),(1.,0.757367959143001,1.),(1.,0.691740067573141,1.),(1.,0.723469964402928,
1.),(1.,0.784359450343911,1.),(1.,0.813489209300745,1.)))
REPRESENTATION_ITEM('')
SURFACE()
);
#38=(
BOUNDED_SURFACE()
B_SPLINE_SURFACE(3,2,((#6969,#6970,#6971),(#6972,#6973,#6974),(#6975,#6976,
#6977),(#6978,#6979,#6980),(#6981,#6982,#6983),(#6984,#6985,#6986),(#6987,
#6988,#6989),(#6990,#6991,#6992),(#6993,#6994,#6995),(#6996,#6997,#6998),
(#6999,#7000,#7001),(#7002,#7003,#7004),(#7005,#7006,#7007),(#7008,#7009,
#7010),(#7011,#7012,#7013),(#7014,#7015,#7016),(#7017,#7018,#7019),(#7020,
#7021,#7022),(#7023,#7024,#7025)),.UNSPECIFIED.,.T.,.F.,.F.)
B_SPLINE_SURFACE_WITH_KNOTS((1,3,1,1,1,1,1,1,1,1,1,1,1,1,1,1,1,3,1),(3,
3),(-0.00061313285592679,0.,0.00061313285592679,0.00122626571185358,0.00183939856778037,
0.00245253142370716,0.00306566427963395,0.00367879713556074,0.00429192999148753,
0.00490506284741432,0.00551819570334111,0.0061313285592679,0.00674446141519469,
0.00735759427112148,0.00797072712704828,0.00858385998297507,0.00919699283890186,
0.00981012569482865,0.0104232585507554),(0.,1.),.UNSPECIFIED.)
GEOMETRIC_REPRESENTATION_ITEM()
RATIONAL_B_SPLINE_SURFACE(((1.,0.887312321482122,1.),(1.,0.864555825479565,
1.),(1.,0.808091914385905,1.),(1.,0.718532075462648,1.),(1.,0.693490670857101,
1.),(1.,0.7633207006106,1.),(1.,0.855644631731919,1.),(1.,0.926615269665587,
1.),(1.,0.944598582448855,1.),(1.,0.893343996820882,1.),(1.,0.807870161044456,
1.),(1.,0.718757864150186,1.),(1.,0.693377578322116,1.),(1.,0.763225585957819,
1.),(1.,0.855677028162014,1.),(1.,0.92672321046952,1.),(1.,0.94463089040125,
1.),(1.,0.91006881748468,1.),(1.,0.887312321482122,1.)))
REPRESENTATION_ITEM('')
SURFACE()
);
#39=(
BOUNDED_SURFACE()
B_SPLINE_SURFACE(3,2,((#7026,#7027,#7028),(#7029,#7030,#7031),(#7032,#7033,
#7034),(#7035,#7036,#7037),(#7038,#7039,#7040),(#7041,#7042,#7043),(#7044,
#7045,#7046),(#7047,#7048,#7049),(#7050,#7051,#7052),(#7053,#7054,#7055),
(#7056,#7057,#7058),(#7059,#7060,#7061),(#7062,#7063,#7064),(#7065,#7066,
#7067),(#7068,#7069,#7070),(#7071,#7072,#7073),(#7074,#7075,#7076),(#7077,
#7078,#7079),(#7080,#7081,#7082)),.UNSPECIFIED.,.T.,.F.,.F.)
B_SPLINE_SURFACE_WITH_KNOTS((1,3,1,1,1,1,1,1,1,1,1,1,1,1,1,1,1,3,1),(3,
3),(-0.000616448127504157,0.,0.000616448127504156,0.00123289625500831,0.00184934438251247,
0.00246579251001663,0.00308224063752078,0.00369868876502494,0.00431513689252909,
0.00493158502003325,0.00554803314753741,0.00616448127504156,0.00678092940254572,
0.00739737753004988,0.00801382565755403,0.00863027378505819,0.00924672191256234,
0.0098631700400665,0.0104796181675707),(0.,1.),.UNSPECIFIED.)
GEOMETRIC_REPRESENTATION_ITEM()
RATIONAL_B_SPLINE_SURFACE(((1.,0.76231000564806,1.),(1.,0.788795606725453,
1.),(1.,0.850704344434278,1.),(1.,0.92345271493267,1.),(1.,0.945736837849877,
1.),(1.,0.897508338961739,1.),(1.,0.81370533233787,1.),(1.,0.722966646134504,
1.),(1.,0.691915368329882,1.),(1.,0.757802876256763,1.),(1.,0.850619292273395,
1.),(1.,0.923436592191973,1.),(1.,0.945772119024006,1.),(1.,0.897352894739972,
1.),(1.,0.813702140861539,1.),(1.,0.723358234554495,1.),(1.,0.691790737969921,
1.),(1.,0.735824404570667,1.),(1.,0.76231000564806,1.)))
REPRESENTATION_ITEM('')
SURFACE()
);
#40=(
BOUNDED_SURFACE()
B_SPLINE_SURFACE(3,2,((#7083,#7084,#7085),(#7086,#7087,#7088),(#7089,#7090,
#7091),(#7092,#7093,#7094),(#7095,#7096,#7097),(#7098,#7099,#7100),(#7101,
#7102,#7103),(#7104,#7105,#7106),(#7107,#7108,#7109),(#7110,#7111,#7112),
(#7113,#7114,#7115),(#7116,#7117,#7118),(#7119,#7120,#7121),(#7122,#7123,
#7124),(#7125,#7126,#7127),(#7128,#7129,#7130),(#7131,#7132,#7133),(#7134,
#7135,#7136),(#7137,#7138,#7139)),.UNSPECIFIED.,.T.,.F.,.F.)
B_SPLINE_SURFACE_WITH_KNOTS((1,3,1,1,1,1,1,1,1,1,1,1,1,1,1,1,1,3,1),(3,
3),(-0.000611520067395902,0.,0.000611520067395902,0.0012230401347918,0.00183456020218771,
0.00244608026958361,0.00305760033697951,0.00366912040437541,0.00428064047177132,
0.00489216053916722,0.00550368060656312,0.00611520067395902,0.00672672074135493,
0.00733824080875083,0.00794976087614673,0.00856128094354263,0.00917280101093853,
0.00978432107833444,0.0103958411457303),(0.,1.),.UNSPECIFIED.)
GEOMETRIC_REPRESENTATION_ITEM()
RATIONAL_B_SPLINE_SURFACE(((1.,0.823818159023963,1.),(1.,0.795044818277275,
1.),(1.,0.733761690746947,1.),(1.,0.689826685820046,1.),(1.,0.745615945916601,
1.),(1.,0.839043590667995,1.),(1.,0.915749402883844,1.),(1.,0.947299975744802,
1.),(1.,0.906431141783032,1.),(1.,0.826189741428749,1.),(1.,0.733164815798177,
1.),(1.,0.689912296843839,1.),(1.,0.745986884317427,1.),(1.,0.839259665294088,
1.),(1.,0.915725643140028,1.),(1.,0.947305571732159,1.),(1.,0.906401735227078,
1.),(1.,0.852591499770652,1.),(1.,0.823818159023963,1.)))
REPRESENTATION_ITEM('')
SURFACE()
);
#41=(
BOUNDED_SURFACE()
B_SPLINE_SURFACE(3,2,((#7140,#7141,#7142),(#7143,#7144,#7145),(#7146,#7147,
#7148),(#7149,#7150,#7151),(#7152,#7153,#7154),(#7155,#7156,#7157),(#7158,
#7159,#7160),(#7161,#7162,#7163),(#7164,#7165,#7166),(#7167,#7168,#7169),
(#7170,#7171,#7172),(#7173,#7174,#7175),(#7176,#7177,#7178),(#7179,#7180,
#7181),(#7182,#7183,#7184),(#7185,#7186,#7187),(#7188,#7189,#7190),(#7191,
#7192,#7193),(#7194,#7195,#7196)),.UNSPECIFIED.,.T.,.F.,.F.)
B_SPLINE_SURFACE_WITH_KNOTS((1,3,1,1,1,1,1,1,1,1,1,1,1,1,1,1,1,3,1),(3,
3),(-0.000616210729019814,0.,0.000616210729019813,0.00123242145803963,0.00184863218705944,
0.00246484291607925,0.00308105364509906,0.00369726437411888,0.00431347510313869,
0.0049296858321585,0.00554589656117832,0.00616210729019813,0.00677831801921794,
0.00739452874823776,0.00801073947725757,0.00862695020627738,0.00924316093529719,
0.00985937166431701,0.0104755823933368),(0.,1.),.UNSPECIFIED.)
GEOMETRIC_REPRESENTATION_ITEM()
RATIONAL_B_SPLINE_SURFACE(((1.,0.758859968373969,1.),(1.,0.78486160378558,
1.),(1.,0.846878829507011,1.),(1.,0.920954753625877,1.),(1.,0.946386798155999,
1.),(1.,0.900736111058081,1.),(1.,0.817803844123157,1.),(1.,0.727004732419347,
1.),(1.,0.690876289336728,1.),(1.,0.753303854066986,1.),(1.,0.846513150903295,
1.),(1.,0.920784488213176,1.),(1.,0.946484545443916,1.),(1.,0.900597911660685,
1.),(1.,0.817916371195458,1.),(1.,0.726776346802514,1.),(1.,0.690869017037343,
1.),(1.,0.732858332962357,1.),(1.,0.758859968373969,1.)))
REPRESENTATION_ITEM('')
SURFACE()
);
#42=(
BOUNDED_SURFACE()
B_SPLINE_SURFACE(3,2,((#7197,#7198,#7199),(#7200,#7201,#7202),(#7203,#7204,
#7205),(#7206,#7207,#7208),(#7209,#7210,#7211),(#7212,#7213,#7214),(#7215,
#7216,#7217),(#7218,#7219,#7220),(#7221,#7222,#7223),(#7224,#7225,#7226),
(#7227,#7228,#7229),(#7230,#7231,#7232),(#7233,#7234,#7235),(#7236,#7237,
#7238),(#7239,#7240,#7241),(#7242,#7243,#7244),(#7245,#7246,#7247),(#7248,
#7249,#7250),(#7251,#7252,#7253)),.UNSPECIFIED.,.T.,.F.,.F.)
B_SPLINE_SURFACE_WITH_KNOTS((1,3,1,1,1,1,1,1,1,1,1,1,1,1,1,1,1,3,1),(3,
3),(-0.000613376640331408,0.,0.000613376640331408,0.00122675328066282,0.00184012992099423,
0.00245350656132563,0.00306688320165704,0.00368025984198845,0.00429363648231986,
0.00490701312265127,0.00552038976298268,0.00613376640331408,0.00674714304364549,
0.0073605196839769,0.00797389632430831,0.00858727296463972,0.00920064960497113,
0.00981402624530253,0.0104274028856339),(0.,1.),.UNSPECIFIED.)
GEOMETRIC_REPRESENTATION_ITEM()
RATIONAL_B_SPLINE_SURFACE(((1.,0.932437835698614,1.),(1.,0.938735671070834,
1.),(1.,0.928402817622591,1.),(1.,0.858608317785764,1.),(1.,0.766710550752958,
1.),(1.,0.694773480955157,1.),(1.,0.715740655972562,1.),(1.,0.80493295514826,
1.),(1.,0.89058745640998,1.),(1.,0.943799416301449,1.),(1.,0.928472898489484,
1.),(1.,0.85858346328192,1.),(1.,0.766549200557787,1.),(1.,0.694822958081325,
1.),(1.,0.715784791806939,1.),(1.,0.804993251755949,1.),(1.,0.89061580538927,
1.),(1.,0.926140000326393,1.),(1.,0.932437835698614,1.)))
REPRESENTATION_ITEM('')
SURFACE()
);
#43=(
BOUNDED_SURFACE()
B_SPLINE_SURFACE(3,2,((#7254,#7255,#7256),(#7257,#7258,#7259),(#7260,#7261,
#7262),(#7263,#7264,#7265),(#7266,#7267,#7268),(#7269,#7270,#7271),(#7272,
#7273,#7274),(#7275,#7276,#7277),(#7278,#7279,#7280),(#7281,#7282,#7283),
(#7284,#7285,#7286),(#7287,#7288,#7289),(#7290,#7291,#7292),(#7293,#7294,
#7295),(#7296,#7297,#7298),(#7299,#7300,#7301),(#7302,#7303,#7304),(#7305,
#7306,#7307),(#7308,#7309,#7310)),.UNSPECIFIED.,.T.,.F.,.F.)
B_SPLINE_SURFACE_WITH_KNOTS((1,3,1,1,1,1,1,1,1,1,1,1,1,1,1,1,1,3,1),(3,
3),(-0.000613123756636543,0.,0.000613123756636544,0.00122624751327309,0.00183937126990963,
0.00245249502654618,0.00306561878318272,0.00367874253981927,0.00429186629645581,
0.00490499005309236,0.0055181138097289,0.00613123756636545,0.00674436132300199,
0.00735748507963853,0.00797060883627508,0.00858373259291162,0.00919685634954817,
0.00980998010618471,0.0104231038628213),(0.,1.),.UNSPECIFIED.)
GEOMETRIC_REPRESENTATION_ITEM()
RATIONAL_B_SPLINE_SURFACE(((1.,0.882708735730018,1.),(1.,0.859177373837597,
1.),(1.,0.801813120126578,1.),(1.,0.713857523978794,1.),(1.,0.69570965708022,
1.),(1.,0.769648905484947,1.),(1.,0.861309131143715,1.),(1.,0.930030068760526,
1.),(1.,0.942987601573757,1.),(1.,0.888306581686765,1.),(1.,0.801549712250325,
1.),(1.,0.713996039213011,1.),(1.,0.695624691644721,1.),(1.,0.769595945064318,
1.),(1.,0.861348776635112,1.),(1.,0.930111422143915,1.),(1.,0.943001291481102,
1.),(1.,0.906240097622439,1.),(1.,0.882708735730018,1.)))
REPRESENTATION_ITEM('')
SURFACE()
);
#44=(
BOUNDED_SURFACE()
B_SPLINE_SURFACE(3,2,((#7311,#7312,#7313),(#7314,#7315,#7316),(#7317,#7318,
#7319),(#7320,#7321,#7322),(#7323,#7324,#7325),(#7326,#7327,#7328),(#7329,
#7330,#7331),(#7332,#7333,#7334),(#7335,#7336,#7337),(#7338,#7339,#7340),
(#7341,#7342,#7343),(#7344,#7345,#7346),(#7347,#7348,#7349),(#7350,#7351,
#7352),(#7353,#7354,#7355),(#7356,#7357,#7358),(#7359,#7360,#7361),(#7362,
#7363,#7364),(#7365,#7366,#7367)),.UNSPECIFIED.,.T.,.F.,.F.)
B_SPLINE_SURFACE_WITH_KNOTS((1,3,1,1,1,1,1,1,1,1,1,1,1,1,1,1,1,3,1),(3,
3),(-0.000611058617589245,0.,0.000611058617589244,0.00122211723517849,0.00183317585276773,
0.00244423447035698,0.00305529308794622,0.00366635170553547,0.00427741032312471,
0.00488846894071395,0.0054995275583032,0.00611058617589244,0.00672164479348169,
0.00733270341107093,0.00794376202866017,0.00855482064624942,0.00916587926383866,
0.00977693788142791,0.0103879964990172),(0.,1.),.UNSPECIFIED.)
GEOMETRIC_REPRESENTATION_ITEM()
RATIONAL_B_SPLINE_SURFACE(((1.,0.737305473281227,1.),(1.,0.715722089661946,
1.),(1.,0.690710972692513,1.),(1.,0.751025545813488,1.),(1.,0.844387436434937,
1.),(1.,0.919273553879033,1.),(1.,0.946795353825056,1.),(1.,0.902536194973382,
1.),(1.,0.820555149733739,1.),(1.,0.728986835575264,1.),(1.,0.690497196781456,
1.),(1.,0.750925525949867,1.),(1.,0.844380948099857,1.),(1.,0.919363794790862,
1.),(1.,0.94679059536661,1.),(1.,0.902327911665093,1.),(1.,0.820211274408198,
1.),(1.,0.758888856900508,1.),(1.,0.737305473281227,1.)))
REPRESENTATION_ITEM('')
SURFACE()
);
#45=(
BOUNDED_SURFACE()
B_SPLINE_SURFACE(3,2,((#7368,#7369,#7370),(#7371,#7372,#7373),(#7374,#7375,
#7376),(#7377,#7378,#7379),(#7380,#7381,#7382),(#7383,#7384,#7385),(#7386,
#7387,#7388),(#7389,#7390,#7391),(#7392,#7393,#7394),(#7395,#7396,#7397),
(#7398,#7399,#7400),(#7401,#7402,#7403),(#7404,#7405,#7406),(#7407,#7408,
#7409),(#7410,#7411,#7412),(#7413,#7414,#7415),(#7416,#7417,#7418),(#7419,
#7420,#7421),(#7422,#7423,#7424)),.UNSPECIFIED.,.T.,.F.,.F.)
B_SPLINE_SURFACE_WITH_KNOTS((1,3,1,1,1,1,1,1,1,1,1,1,1,1,1,1,1,3,1),(3,
3),(-0.000614610549480792,0.,0.000614610549480792,0.00122922109896158,0.00184383164844237,
0.00245844219792317,0.00307305274740396,0.00368766329688475,0.00430227384636554,
0.00491688439584633,0.00553149494532712,0.00614610549480792,0.00676071604428871,
0.0073753265937695,0.00798993714325029,0.00860454769273108,0.00921915824221187,
0.00983376879169267,0.0104483793411735),(0.,1.),.UNSPECIFIED.)
GEOMETRIC_REPRESENTATION_ITEM()
RATIONAL_B_SPLINE_SURFACE(((1.,0.706416990662967,1.),(1.,0.704583599756106,
1.),(1.,0.734037339381958,1.),(1.,0.82674339340125,1.),(1.,0.907050636926793,
1.),(1.,0.947365633888004,1.),(1.,0.915137215137888,1.),(1.,0.838149417828061,
1.),(1.,0.745129572049753,1.),(1.,0.689853755775049,1.),(1.,0.734016884772535,
1.),(1.,0.826900941397008,1.),(1.,0.907250007801674,1.),(1.,0.947358744017293,
1.),(1.,0.915021109313806,1.),(1.,0.838076415801496,1.),(1.,0.745037684823125,
1.),(1.,0.708250381569828,1.),(1.,0.706416990662967,1.)))
REPRESENTATION_ITEM('')
SURFACE()
);
#46=(
BOUNDED_SURFACE()
B_SPLINE_SURFACE(3,2,((#7425,#7426,#7427),(#7428,#7429,#7430),(#7431,#7432,
#7433),(#7434,#7435,#7436),(#7437,#7438,#7439),(#7440,#7441,#7442),(#7443,
#7444,#7445),(#7446,#7447,#7448),(#7449,#7450,#7451),(#7452,#7453,#7454),
(#7455,#7456,#7457),(#7458,#7459,#7460),(#7461,#7462,#7463),(#7464,#7465,
#7466),(#7467,#7468,#7469),(#7470,#7471,#7472),(#7473,#7474,#7475),(#7476,
#7477,#7478),(#7479,#7480,#7481)),.UNSPECIFIED.,.T.,.F.,.F.)
B_SPLINE_SURFACE_WITH_KNOTS((1,3,1,1,1,1,1,1,1,1,1,1,1,1,1,1,1,3,1),(3,
3),(-0.000615946262625426,0.,0.000615946262625425,0.00123189252525085,0.00184783878787628,
0.0024637850505017,0.00307973131312713,0.00369567757575255,0.00431162383837798,
0.0049275701010034,0.00554351636362883,0.00615946262625425,0.00677540888887968,
0.00739135515150511,0.00800730141413053,0.00862324767675596,0.00923919393938138,
0.00985514020200681,0.0104710864646322),(0.,1.),.UNSPECIFIED.)
GEOMETRIC_REPRESENTATION_ITEM()
RATIONAL_B_SPLINE_SURFACE(((1.,0.770529687412321,1.),(1.,0.797943075051442,
1.),(1.,0.859279159376944,1.),(1.,0.928663327534455,1.),(1.,0.943756508961016,
1.),(1.,0.890376696026273,1.),(1.,0.804844413947715,1.),(1.,0.716029916021171,
1.),(1.,0.694679555852518,1.),(1.,0.766385487410857,1.),(1.,0.85898071489423,
1.),(1.,0.928550137209459,1.),(1.,0.943751909456534,1.),(1.,0.890302878212005,
1.),(1.,0.804324562514695,1.),(1.,0.715566262217597,1.),(1.,0.694798833542222,
1.),(1.,0.743116299773201,1.),(1.,0.770529687412321,1.)))
REPRESENTATION_ITEM('')
SURFACE()
);
#47=(
BOUNDED_SURFACE()
B_SPLINE_SURFACE(3,2,((#7482,#7483,#7484),(#7485,#7486,#7487),(#7488,#7489,
#7490),(#7491,#7492,#7493),(#7494,#7495,#7496),(#7497,#7498,#7499),(#7500,
#7501,#7502),(#7503,#7504,#7505),(#7506,#7507,#7508),(#7509,#7510,#7511),
(#7512,#7513,#7514),(#7515,#7516,#7517),(#7518,#7519,#7520),(#7521,#7522,
#7523),(#7524,#7525,#7526),(#7527,#7528,#7529),(#7530,#7531,#7532),(#7533,
#7534,#7535),(#7536,#7537,#7538)),.UNSPECIFIED.,.T.,.F.,.F.)
B_SPLINE_SURFACE_WITH_KNOTS((1,3,1,1,1,1,1,1,1,1,1,1,1,1,1,1,1,3,1),(3,
3),(-0.000616398382092646,0.,0.000616398382092645,0.00123279676418529,0.00184919514627794,
0.00246559352837058,0.00308199191046323,0.00369839029255587,0.00431478867464852,
0.00493118705674116,0.00554758543883381,0.00616398382092645,0.0067803822030191,
0.00739678058511174,0.00801317896720439,0.00862957734929703,0.00924597573138968,
0.00986237411348232,0.010478772495575),(0.,1.),.UNSPECIFIED.)
GEOMETRIC_REPRESENTATION_ITEM()
RATIONAL_B_SPLINE_SURFACE(((1.,0.71646156032794,1.),(1.,0.729730628390985,
1.),(1.,0.784160047504033,1.),(1.,0.873754212369619,1.),(1.,0.936869321529296,
1.),(1.,0.9381104119146,1.),(1.,0.87628434573624,1.),(1.,0.7873938442486,
1.),(1.,0.704663099487215,1.),(1.,0.702320995986091,1.),(1.,0.783916048229552,
1.),(1.,0.873499086078412,1.),(1.,0.936802753940072,1.),(1.,0.93818810278058,
1.),(1.,0.876379751609479,1.),(1.,0.787481043931725,1.),(1.,0.704545639125764,
1.),(1.,0.703192492264895,1.),(1.,0.71646156032794,1.)))
REPRESENTATION_ITEM('')
SURFACE()
);
#48=(
BOUNDED_SURFACE()
B_SPLINE_SURFACE(3,2,((#7539,#7540,#7541),(#7542,#7543,#7544),(#7545,#7546,
#7547),(#7548,#7549,#7550),(#7551,#7552,#7553),(#7554,#7555,#7556),(#7557,
#7558,#7559),(#7560,#7561,#7562),(#7563,#7564,#7565),(#7566,#7567,#7568),
(#7569,#7570,#7571),(#7572,#7573,#7574),(#7575,#7576,#7577),(#7578,#7579,
#7580),(#7581,#7582,#7583),(#7584,#7585,#7586),(#7587,#7588,#7589),(#7590,
#7591,#7592),(#7593,#7594,#7595)),.UNSPECIFIED.,.T.,.F.,.F.)
B_SPLINE_SURFACE_WITH_KNOTS((1,3,1,1,1,1,1,1,1,1,1,1,1,1,1,1,1,3,1),(3,
3),(-0.000616546935423547,0.,0.000616546935423546,0.00123309387084709,0.00184964080627064,
0.00246618774169419,0.00308273467711773,0.00369928161254128,0.00431582854796483,
0.00493237548338837,0.00554892241881192,0.00616546935423547,0.00678201628965901,
0.00739856322508256,0.0080151101605061,0.00863165709592965,0.0092482040313532,
0.00986475096677674,0.0104812979022003),(0.,1.),.UNSPECIFIED.)
GEOMETRIC_REPRESENTATION_ITEM()
RATIONAL_B_SPLINE_SURFACE(((1.,0.719487373299182,1.),(1.,0.734438042524119,
1.),(1.,0.790756972232339,1.),(1.,0.879188550256622,1.),(1.,0.939454119484595,
1.),(1.,0.935342764255225,1.),(1.,0.870797935581381,1.),(1.,0.780530037695882,
1.),(1.,0.700832492234688,1.),(1.,0.706534035673192,1.),(1.,0.790858518888103,
1.),(1.,0.879422104874597,1.),(1.,0.939511098666943,1.),(1.,0.935248626698204,
1.),(1.,0.87064461067792,1.),(1.,0.78073057535593,1.),(1.,0.701052956882713,
1.),(1.,0.704536704074244,1.),(1.,0.719487373299182,1.)))
REPRESENTATION_ITEM('')
SURFACE()
);
#49=(
BOUNDED_SURFACE()
B_SPLINE_SURFACE(3,2,((#7596,#7597,#7598),(#7599,#7600,#7601),(#7602,#7603,
#7604),(#7605,#7606,#7607),(#7608,#7609,#7610),(#7611,#7612,#7613),(#7614,
#7615,#7616),(#7617,#7618,#7619),(#7620,#7621,#7622),(#7623,#7624,#7625),
(#7626,#7627,#7628),(#7629,#7630,#7631),(#7632,#7633,#7634),(#7635,#7636,
#7637),(#7638,#7639,#7640),(#7641,#7642,#7643),(#7644,#7645,#7646),(#7647,
#7648,#7649),(#7650,#7651,#7652)),.UNSPECIFIED.,.T.,.F.,.F.)
B_SPLINE_SURFACE_WITH_KNOTS((1,3,1,1,1,1,1,1,1,1,1,1,1,1,1,1,1,3,1),(3,
3),(-0.000616118008580286,0.,0.000616118008580287,0.00123223601716057,0.00184835402574086,
0.00246447203432115,0.00308059004290143,0.00369670805148172,0.00431282606006201,
0.00492894406864229,0.00554506207722258,0.00616118008580287,0.00677729809438316,
0.00739341610296344,0.00800953411154373,0.00862565212012402,0.0092417701287043,
0.00985788813728459,0.0104740061458649),(0.,1.),.UNSPECIFIED.)
GEOMETRIC_REPRESENTATION_ITEM()
RATIONAL_B_SPLINE_SURFACE(((1.,0.935413995906769,1.),(1.,0.935488990499418,
1.),(1.,0.911438842172347,1.),(1.,0.833081356518718,1.),(1.,0.740226093195799,
1.),(1.,0.689578184849474,1.),(1.,0.73884635136636,1.),(1.,0.832138829262835,
1.),(1.,0.91093839847041,1.),(1.,0.947486581886247,1.),(1.,0.911596325750999,
1.),(1.,0.832854620911934,1.),(1.,0.740522022475633,1.),(1.,0.689522699358462,
1.),(1.,0.738778587381729,1.),(1.,0.8321448015684,1.),(1.,0.910988874616452,
1.),(1.,0.93533900131412,1.),(1.,0.935413995906769,1.)))
REPRESENTATION_ITEM('')
SURFACE()
);
#50=(
BOUNDED_SURFACE()
B_SPLINE_SURFACE(3,2,((#7653,#7654,#7655),(#7656,#7657,#7658),(#7659,#7660,
#7661),(#7662,#7663,#7664),(#7665,#7666,#7667),(#7668,#7669,#7670),(#7671,
#7672,#7673),(#7674,#7675,#7676),(#7677,#7678,#7679),(#7680,#7681,#7682),
(#7683,#7684,#7685),(#7686,#7687,#7688),(#7689,#7690,#7691),(#7692,#7693,
#7694),(#7695,#7696,#7697),(#7698,#7699,#7700),(#7701,#7702,#7703),(#7704,
#7705,#7706),(#7707,#7708,#7709)),.UNSPECIFIED.,.T.,.F.,.F.)
B_SPLINE_SURFACE_WITH_KNOTS((1,3,1,1,1,1,1,1,1,1,1,1,1,1,1,1,1,3,1),(3,
3),(-0.000615471279660114,0.,0.000615471279660115,0.00123094255932023,0.00184641383898034,
0.00246188511864046,0.00307735639830057,0.00369282767796069,0.00430829895762081,
0.00492377023728092,0.00553924151694103,0.00615471279660115,0.00677018407626126,
0.00738565535592138,0.00800112663558149,0.00861659791524161,0.00923206919490173,
0.00984754047456184,0.010463011754222),(0.,1.),.UNSPECIFIED.)
GEOMETRIC_REPRESENTATION_ITEM()
RATIONAL_B_SPLINE_SURFACE(((1.,0.804373140163371,1.),(1.,0.833521735790551,
1.),(1.,0.890638735092329,1.),(1.,0.94377537769046,1.),(1.,0.928497421282381,
1.),(1.,0.858819095517123,1.),(1.,0.76739421183322,1.),(1.,0.695019293872541,
1.),(1.,0.715434584083018,1.),(1.,0.804139016734508,1.),(1.,0.890486469415996,
1.),(1.,0.943765995916316,1.),(1.,0.928583666564001,1.),(1.,0.858831248179337,
1.),(1.,0.767221557980716,1.),(1.,0.694721655664979,1.),(1.,0.715747161329246,
1.),(1.,0.77522454453619,1.),(1.,0.804373140163371,1.)))
REPRESENTATION_ITEM('')
SURFACE()
);
#51=(
BOUNDED_SURFACE()
B_SPLINE_SURFACE(3,2,((#7710,#7711,#7712),(#7713,#7714,#7715),(#7716,#7717,
#7718),(#7719,#7720,#7721),(#7722,#7723,#7724),(#7725,#7726,#7727),(#7728,
#7729,#7730),(#7731,#7732,#7733),(#7734,#7735,#7736),(#7737,#7738,#7739),
(#7740,#7741,#7742),(#7743,#7744,#7745),(#7746,#7747,#7748),(#7749,#7750,
#7751),(#7752,#7753,#7754),(#7755,#7756,#7757),(#7758,#7759,#7760),(#7761,
#7762,#7763),(#7764,#7765,#7766)),.UNSPECIFIED.,.T.,.F.,.F.)
B_SPLINE_SURFACE_WITH_KNOTS((1,3,1,1,1,1,1,1,1,1,1,1,1,1,1,1,1,3,1),(3,
3),(-0.000616476404707772,0.,0.000616476404707772,0.00123295280941554,0.00184942921412331,
0.00246590561883109,0.00308238202353886,0.00369885842824663,0.0043153348329544,
0.00493181123766217,0.00554828764236994,0.00616476404707772,0.00678124045178549,
0.00739771685649326,0.00801419326120103,0.0086306696659088,0.00924714607061657,
0.00986362247532434,0.0104800988800321),(0.,1.),.UNSPECIFIED.)
GEOMETRIC_REPRESENTATION_ITEM()
RATIONAL_B_SPLINE_SURFACE(((1.,0.761588313287316,1.),(1.,0.787976418935329,
1.),(1.,0.849926090939211,1.),(1.,0.92295661798817,1.),(1.,0.945883882277442,
1.),(1.,0.898144397460562,1.),(1.,0.814525892601233,1.),(1.,0.723642061887246,
1.),(1.,0.691715591631748,1.),(1.,0.75698574300849,1.),(1.,0.849823163028616,
1.),(1.,0.922883750339838,1.),(1.,0.945898310543679,1.),(1.,0.898223407729071,
1.),(1.,0.814359598638706,1.),(1.,0.724040056722727,1.),(1.,0.691597457051131,
1.),(1.,0.735200207639302,1.),(1.,0.761588313287316,1.)))
REPRESENTATION_ITEM('')
SURFACE()
);
#52=CONICAL_SURFACE('',#3032,605.439230484538,0.523598775598283);
#53=CONICAL_SURFACE('',#3043,601.78349364905,0.523598775598282);
#54=CONICAL_SURFACE('',#3051,5.43923048453535,0.523598775598296);
#55=CONICAL_SURFACE('',#3060,1.78349364904801,0.52359877559829);
#56=CONICAL_SURFACE('',#3077,5.43923048454113,0.523598775598297);
#57=CONICAL_SURFACE('',#3086,1.78349364905379,0.523598775598289);
#58=CONICAL_SURFACE('',#3093,104.560769515464,0.523598775598305);
#59=CONICAL_SURFACE('',#3102,108.216506350951,0.523598775598297);
#60=CONICAL_SURFACE('',#3109,5.43923048453724,0.523598775598297);
#61=CONICAL_SURFACE('',#3118,1.78349364904988,0.52359877559829);
#62=CONICAL_SURFACE('',#3134,5.43923048452606,0.523598775598287);
#63=CONICAL_SURFACE('',#3142,1.7834936490387,0.523598775598286);
#64=TOROIDAL_SURFACE('',#2992,606.499999999999,1.00000000000003);
#65=TOROIDAL_SURFACE('',#3028,604.833012701889,0.249999999999992);
#66=TOROIDAL_SURFACE('',#3034,605.092820323024,0.4);
#67=TOROIDAL_SURFACE('',#3038,601.307179676969,0.4);
#68=TOROIDAL_SURFACE('',#3045,601.566987298104,0.25);
#69=TOROIDAL_SURFACE('',#3048,4.83301270188628,0.249999999999992);
#70=TOROIDAL_SURFACE('',#3053,5.09282032302158,0.4);
#71=TOROIDAL_SURFACE('',#3056,1.30717967696658,0.4);
#72=TOROIDAL_SURFACE('',#3062,1.56698729810189,0.25);
#73=TOROIDAL_SURFACE('',#3074,4.83301270189207,0.249999999999992);
#74=TOROIDAL_SURFACE('',#3079,5.09282032302737,0.4);
#75=TOROIDAL_SURFACE('',#3082,1.30717967697236,0.4);
#76=TOROIDAL_SURFACE('',#3088,1.56698729810768,0.25);
#77=TOROIDAL_SURFACE('',#3090,105.166987298113,0.249999999999992);
#78=TOROIDAL_SURFACE('',#3095,104.907179676977,0.4);
#79=TOROIDAL_SURFACE('',#3098,108.692820323032,0.4);
#80=TOROIDAL_SURFACE('',#3104,108.433012701897,0.25);
#81=TOROIDAL_SURFACE('',#3106,4.83301270188816,0.249999999999992);
#82=TOROIDAL_SURFACE('',#3111,5.09282032302346,0.4);
#83=TOROIDAL_SURFACE('',#3114,1.30717967696846,0.4);
#84=TOROIDAL_SURFACE('',#3120,1.56698729810377,0.25);
#85=TOROIDAL_SURFACE('',#3132,4.83301270187698,0.249999999999992);
#86=TOROIDAL_SURFACE('',#3136,5.09282032301222,0.4);
#87=TOROIDAL_SURFACE('',#3140,1.30717967695722,0.4);
#88=TOROIDAL_SURFACE('',#3144,1.56698729809259,0.25);
#89=TOROIDAL_SURFACE('',#3154,103.499999999944,1.);
#90=TOROIDAL_SURFACE('',#3157,3.00000834848163,1.);
#91=TOROIDAL_SURFACE('',#3171,3.00000000000933,1.00000000000003);
#92=B_SPLINE_CURVE_WITH_KNOTS('',3,(#4204,#4205,#4206,#4207,#4208,#4209,
#4210,#4211,#4212,#4213,#4214),.UNSPECIFIED.,.T.,.F.,(1,1,1,1,1,1,1,1,1,
1,1,1,1,1,1),(-0.00117228924955656,-0.000781526166350307,-0.000390763083144052,
6.22044713187277E-14,0.00039076308326846,0.000781526166474716,0.00117228924968097,
0.00156305233288723,0.00195381541609348,0.00234457849929974,0.002735341582506,
0.00312610466571225,0.00351686774891851,0.00390763083212476,0.00429839391533102),
 .UNSPECIFIED.);
#93=B_SPLINE_CURVE_WITH_KNOTS('',3,(#4217,#4218,#4219,#4220,#4221,#4222,
#4223,#4224,#4225,#4226,#4227),.UNSPECIFIED.,.T.,.F.,(1,1,1,1,1,1,1,1,1,
1,1,1,1,1,1),(-0.00117228924915518,-0.000781526166103451,-0.000390763083051725,
4.33680868994202E-19,0.000390763083051726,0.000781526166103452,0.00117228924915518,
0.0015630523322069,0.00195381541525863,0.00234457849831035,0.00273534158136208,
0.00312610466441381,0.00351686774746553,0.00390763083051726,0.00429839391356898),
 .UNSPECIFIED.);
#94=B_SPLINE_CURVE_WITH_KNOTS('',3,(#4230,#4231,#4232,#4233,#4234,#4235,
#4236,#4237,#4238,#4239,#4240),.UNSPECIFIED.,.T.,.F.,(1,1,1,1,1,1,1,1,1,
1,1,1,1,1,1),(-0.00117228924915509,-0.000781526166103374,-0.000390763083051659,
5.61846914156535E-17,0.000390763083051772,0.000781526166103487,0.0011722892491552,
0.00156305233220692,0.00195381541525863,0.00234457849831035,0.00273534158136206,
0.00312610466441378,0.0035168677474655,0.00390763083051721,0.00429839391356893),
 .UNSPECIFIED.);
#95=B_SPLINE_CURVE_WITH_KNOTS('',3,(#4243,#4244,#4245,#4246,#4247,#4248,
#4249,#4250,#4251,#4252,#4253),.UNSPECIFIED.,.T.,.F.,(1,1,1,1,1,1,1,1,1,
1,1,1,1,1,1),(-0.00117228924915511,-0.000781526166103406,-0.000390763083051703,
0.,0.000390763083051703,0.000781526166103406,0.00117228924915511,0.00156305233220681,
0.00195381541525852,0.00234457849831022,0.00273534158136192,0.00312610466441363,
0.00351686774746533,0.00390763083051703,0.00429839391356873),
 .UNSPECIFIED.);
#96=B_SPLINE_CURVE_WITH_KNOTS('',3,(#4256,#4257,#4258,#4259,#4260,#4261,
#4262,#4263,#4264,#4265,#4266),.UNSPECIFIED.,.T.,.F.,(1,1,1,1,1,1,1,1,1,
1,1,1,1,1,1),(-0.00117228924915513,-0.000781526166103419,-0.00039076308305171,
0.,0.00039076308305171,0.000781526166103419,0.00117228924915513,0.00156305233220684,
0.00195381541525855,0.00234457849831026,0.00273534158136197,0.00312610466441368,
0.00351686774746539,0.0039076308305171,0.0042983939135688),
 .UNSPECIFIED.);
#97=B_SPLINE_CURVE_WITH_KNOTS('',3,(#4269,#4270,#4271,#4272,#4273,#4274,
#4275,#4276,#4277,#4278,#4279),.UNSPECIFIED.,.T.,.F.,(1,1,1,1,1,1,1,1,1,
1,1,1,1,1,1),(-0.00117228924915511,-0.000781526166103407,-0.000390763083051704,
0.,0.000390763083051704,0.000781526166103408,0.00117228924915511,0.00156305233220682,
0.00195381541525852,0.00234457849831022,0.00273534158136193,0.00312610466441363,
0.00351686774746533,0.00390763083051704,0.00429839391356874),
 .UNSPECIFIED.);
#98=B_SPLINE_CURVE_WITH_KNOTS('',3,(#4282,#4283,#4284,#4285,#4286,#4287,
#4288,#4289,#4290,#4291,#4292),.UNSPECIFIED.,.T.,.F.,(1,1,1,1,1,1,1,1,1,
1,1,1,1,1,1),(-0.00117228924915508,-0.000781526166103385,-0.000390763083051692,
0.,0.000390763083051693,0.000781526166103385,0.00117228924915508,0.00156305233220677,
0.00195381541525846,0.00234457849831016,0.00273534158136185,0.00312610466441354,
0.00351686774746523,0.00390763083051693,0.00429839391356862),
 .UNSPECIFIED.);
#99=B_SPLINE_CURVE_WITH_KNOTS('',3,(#4295,#4296,#4297,#4298,#4299,#4300,
#4301,#4302,#4303,#4304,#4305),.UNSPECIFIED.,.T.,.F.,(1,1,1,1,1,1,1,1,1,
1,1,1,1,1,1),(-0.0011722892491551,-0.000781526166103401,-0.000390763083051701,
0.,0.0003907630830517,0.000781526166103401,0.0011722892491551,0.0015630523322068,
0.0019538154152585,0.0023445784983102,0.0027353415813619,0.0031261046644136,
0.0035168677474653,0.003907630830517,0.0042983939135687),.UNSPECIFIED.);
#100=B_SPLINE_CURVE_WITH_KNOTS('',3,(#4308,#4309,#4310,#4311,#4312,#4313,
#4314,#4315,#4316,#4317,#4318),.UNSPECIFIED.,.T.,.F.,(1,1,1,1,1,1,1,1,1,
1,1,1,1,1,1),(-0.00117228924915508,-0.000781526166103385,-0.000390763083051685,
1.40461728539134E-17,0.000390763083051713,0.000781526166103413,0.00117228924915511,
0.00156305233220681,0.00195381541525851,0.00234457849831021,0.00273534158136191,
0.00312610466441361,0.00351686774746531,0.00390763083051701,0.00429839391356871),
 .UNSPECIFIED.);
#101=B_SPLINE_CURVE_WITH_KNOTS('',3,(#4321,#4322,#4323,#4324,#4325,#4326,
#4327,#4328,#4329,#4330,#4331),.UNSPECIFIED.,.T.,.F.,(1,1,1,1,1,1,1,1,1,
1,1,1,1,1,1),(-0.0011722892491551,-0.000781526166103401,-0.000390763083051701,
0.,0.0003907630830517,0.000781526166103401,0.0011722892491551,0.0015630523322068,
0.0019538154152585,0.0023445784983102,0.0027353415813619,0.0031261046644136,
0.0035168677474653,0.003907630830517,0.0042983939135687),.UNSPECIFIED.);
#102=B_SPLINE_CURVE_WITH_KNOTS('',3,(#4339,#4340,#4341,#4342,#4343,#4344,
#4345,#4346,#4347,#4348,#4349),.UNSPECIFIED.,.T.,.F.,(1,1,1,1,1,1,1,1,1,
1,1,1,1,1,1),(-0.00117228924915514,-0.000781526166103425,-0.000390763083051712,
4.33680868994202E-19,0.000390763083051713,0.000781526166103426,0.00117228924915514,
0.00156305233220685,0.00195381541525856,0.00234457849831028,0.00273534158136199,
0.0031261046644137,0.00351686774746541,0.00390763083051713,0.00429839391356884),
 .UNSPECIFIED.);
#103=B_SPLINE_CURVE_WITH_KNOTS('',3,(#4352,#4353,#4354,#4355,#4356,#4357,
#4358,#4359,#4360,#4361,#4362),.UNSPECIFIED.,.T.,.F.,(1,1,1,1,1,1,1,1,1,
1,1,1,1,1,1),(-0.00117228924924545,-0.000781526166159005,-0.000390763083072557,
1.38905841945463E-14,0.000390763083100338,0.000781526166186786,0.00117228924927323,
0.00156305233235968,0.00195381541544613,0.00234457849853258,0.00273534158161903,
0.00312610466470547,0.00351686774779192,0.00390763083087837,0.00429839391396482),
 .UNSPECIFIED.);
#104=B_SPLINE_CURVE_WITH_KNOTS('',3,(#4365,#4366,#4367,#4368,#4369,#4370,
#4371,#4372,#4373,#4374,#4375),.UNSPECIFIED.,.T.,.F.,(1,1,1,1,1,1,1,1,1,
1,1,1,1,1,1),(-0.00117228924932505,-0.000781526166207935,-0.000390763083090816,
2.63041120150431E-14,0.000390763083143423,0.000781526166260543,0.00117228924937766,
0.00156305233249478,0.0019538154156119,0.00234457849872902,0.00273534158184614,
0.00312610466496326,0.00351686774808038,0.0039076308311975,0.00429839391431462),
 .UNSPECIFIED.);
#105=B_SPLINE_CURVE_WITH_KNOTS('',3,(#4378,#4379,#4380,#4381,#4382,#4383,
#4384,#4385,#4386,#4387,#4388),.UNSPECIFIED.,.T.,.F.,(1,1,1,1,1,1,1,1,1,
1,1,1,1,1,1),(-0.00117228924939384,-0.000781526166250232,-0.000390763083106624,
3.69845844490892E-14,0.000390763083180593,0.000781526166324202,0.00117228924946781,
0.00156305233261142,0.00195381541575503,0.00234457849889864,0.00273534158204224,
0.00312610466518585,0.00351686774832946,0.00390763083147307,0.00429839391461668),
 .UNSPECIFIED.);
#106=B_SPLINE_CURVE_WITH_KNOTS('',3,(#4391,#4392,#4393,#4394,#4395,#4396,
#4397,#4398,#4399,#4400,#4401),.UNSPECIFIED.,.T.,.F.,(1,1,1,1,1,1,1,1,1,
1,1,1,1,1,1),(-0.00117228924945177,-0.000781526166285899,-0.000390763083120031,
4.58376326514609E-14,0.000390763083211706,0.000781526166377574,0.00117228924954344,
0.00156305233270931,0.00195381541587518,0.00234457849904105,0.00273534158220691,
0.00312610466537278,0.00351686774853865,0.00390763083170452,0.00429839391487039),
 .UNSPECIFIED.);
#107=B_SPLINE_CURVE_WITH_KNOTS('',3,(#4404,#4405,#4406,#4407,#4408,#4409,
#4410,#4411,#4412,#4413,#4414),.UNSPECIFIED.,.T.,.F.,(1,1,1,1,1,1,1,1,1,
1,1,1,1,1,1),(-0.00117228924949818,-0.000781526166314412,-0.000390763083130647,
5.31188616638628E-14,0.000390763083236884,0.00078152616642065,0.00117228924960442,
0.00156305233278818,0.00195381541597195,0.00234457849915571,0.00273534158233948,
0.00312610466552324,0.00351686774870701,0.00390763083189077,0.00429839391507454),
 .UNSPECIFIED.);
#108=B_SPLINE_CURVE_WITH_KNOTS('',3,(#4416,#4417,#4418,#4419,#4420,#4421,
#4422,#4423,#4424,#4425,#4426),.UNSPECIFIED.,.T.,.F.,(1,1,1,1,1,1,1,1,1,
1,1,1,1,1,1),(-0.0011722892495332,-0.000781526166335954,-0.000390763083138707,
5.85404924261429E-14,0.000390763083255787,0.000781526166453034,0.00117228924965028,
0.00156305233284753,0.00195381541604477,0.00234457849924202,0.00273534158243927,
0.00312610466563652,0.00351686774883376,0.00390763083203101,0.00429839391522826),
 .UNSPECIFIED.);
#109=B_SPLINE_CURVE_WITH_KNOTS('',3,(#4428,#4429,#4430,#4431,#4432,#4433,
#4434,#4435,#4436,#4437,#4438,#4439,#4440,#4441,#4442,#4443,#4444,#4445,
#4446,#4447,#4448),.UNSPECIFIED.,.T.,.F.,(1,1,1,1,1,1,1,1,1,1,1,1,1,1,1,
1,1,1,1,1,1,1,1,1,1),(-0.000924955175044072,-0.000693716381283039,-0.000462477587522007,
5.89869754982739E-17,0.000462477587522125,0.00092495517504419,0.00138743276256626,
0.00184991035008832,0.00231238793761039,0.00277486552513245,0.00300610431889349,
0.00323734311265452,0.00369982070017658,0.00416229828769865,0.00462477587522071,
0.00508725346274278,0.00554973105026485,0.00601220863778691,0.00647468622530898,
0.00670592501907001,0.00693716381283104,0.00739964140035311,0.00786211898787517,
0.00832459657539724,0.0087870741629193),.UNSPECIFIED.);
#110=B_SPLINE_CURVE_WITH_KNOTS('',3,(#4450,#4451,#4452,#4453,#4454,#4455,
#4456,#4457,#4458,#4459,#4460,#4461,#4462,#4463,#4464,#4465,#4466,#4467,
#4468,#4469,#4470,#4471,#4472),.UNSPECIFIED.,.T.,.F.,(1,1,1,1,1,1,1,1,1,
1,1,1,1,1,1,1,1,1,1,1,1,1,1,1,1,1,1),(-0.000930413767574283,-0.000697810325680698,
-0.000465206883787112,5.9439598087735E-17,0.000465206883787231,0.000930413767574403,
0.00139562065136157,0.00186082753514875,0.00232603441893592,0.0025586378608295,
0.00279124130272309,0.00302384474461668,0.00325644818651026,0.00372165507029743,
0.0041868619540846,0.00465206883787178,0.00511727572165895,0.00558248260544612,
0.00604768948923329,0.00628029293112688,0.00651289637302046,0.00674549981491405,
0.00697810325680764,0.00744331014059481,0.00790851702438198,0.00837372390816915,
0.00883893079195632),.UNSPECIFIED.);
#111=B_SPLINE_CURVE_WITH_KNOTS('',3,(#4474,#4475,#4476,#4477,#4478,#4479,
#4480,#4481,#4482,#4483,#4484,#4485,#4486,#4487,#4488,#4489,#4490,#4491,
#4492,#4493,#4494,#4495),.UNSPECIFIED.,.T.,.F.,(1,1,1,1,1,1,1,1,1,1,1,1,
1,1,1,1,1,1,1,1,1,1,1,1,1,1),(-0.0013901534497757,-0.000926768966517078,
-0.00046338448325846,1.57478116890963E-16,0.000463384483258775,0.000926768966517393,
0.00139015344977601,0.00162184569140532,0.00185353793303463,0.00208523017466394,
0.00231692241629325,0.00278030689955187,0.00324369138281048,0.0037070758660691,
0.00417046034932772,0.00463384483258634,0.00509722931584496,0.00532892155747427,
0.00556061379910357,0.00602399828236219,0.00648738276562081,0.00695076724887943,
0.00741415173213805,0.00787753621539666,0.00834092069865528,0.0088043051819139),
 .UNSPECIFIED.);
#112=B_SPLINE_CURVE_WITH_KNOTS('',3,(#4497,#4498,#4499,#4500,#4501,#4502,
#4503,#4504,#4505,#4506,#4507,#4508,#4509,#4510,#4511,#4512,#4513,#4514,
#4515,#4516,#4517),.UNSPECIFIED.,.T.,.F.,(1,1,1,1,1,1,1,1,1,1,1,1,1,1,1,
1,1,1,1,1,1,1,1,1,1),(-0.000927681796704679,-0.000463840898352337,-0.000231920449176166,
5.20417042793042E-18,0.000463840898352348,0.00092768179670469,0.00139152269505703,
0.00185536359340937,0.00231920449176172,0.00278304539011406,0.0032468862884664,
0.00347880673764257,0.00371072718681874,0.00417456808517109,0.00463840898352343,
0.00510224988187577,0.00556609078022811,0.00602993167858046,0.0064937725769328,
0.00695761347528514,0.00718953392446131,0.00742145437363748,0.00788529527198983,
0.00834913617034217,0.00881297706869451),.UNSPECIFIED.);
#113=B_SPLINE_CURVE_WITH_KNOTS('',3,(#4519,#4520,#4521,#4522,#4523,#4524,
#4525,#4526,#4527,#4528,#4529,#4530,#4531,#4532,#4533,#4534,#4535,#4536,
#4537,#4538,#4539),.UNSPECIFIED.,.T.,.F.,(1,1,1,1,1,1,1,1,1,1,1,1,1,1,1,
1,1,1,1,1,1,1,1,1,1),(-0.000930975064919066,-0.000465487532459516,-0.000232743766229742,
3.25260651745651E-17,0.000465487532459582,0.000930975064919132,0.00139646259737868,
0.00186195012983823,0.00232743766229778,0.00279292519475733,0.00325841272721688,
0.00349115649344665,0.00372390025967643,0.00418938779213598,0.00465487532459553,
0.00512036285705508,0.00558585038951463,0.00605133792197418,0.00651682545443373,
0.00698231298689328,0.00721505675312305,0.00744780051935283,0.00791328805181237,
0.00837877558427192,0.00884426311673147),.UNSPECIFIED.);
#114=B_SPLINE_CURVE_WITH_KNOTS('',3,(#4541,#4542,#4543,#4544,#4545,#4546,
#4547,#4548,#4549,#4550,#4551,#4552,#4553,#4554,#4555,#4556,#4557,#4558,
#4559,#4560,#4561,#4562,#4563),.UNSPECIFIED.,.T.,.F.,(1,1,1,1,1,1,1,1,1,
1,1,1,1,1,1,1,1,1,1,1,1,1,1,1,1,1,1),(-0.000926055174266654,-0.000694541380699991,
-0.000463027587133327,1.73472347597681E-18,0.00046302758713333,0.000926055174266658,
0.00138908276139999,0.00185211034853331,0.00231513793566664,0.00254665172923331,
0.00277816552279997,0.00300967931636663,0.0032411931099333,0.00370422069706663,
0.00416724828419995,0.00463027587133328,0.00509330345846661,0.00555633104559994,
0.00601935863273327,0.00625087242629993,0.00648238621986659,0.00671390001343326,
0.00694541380699992,0.00740844139413325,0.00787146898126658,0.00833449656839991,
0.00879752415553323),.UNSPECIFIED.);
#115=B_SPLINE_CURVE_WITH_KNOTS('',3,(#4565,#4566,#4567,#4568,#4569,#4570,
#4571,#4572,#4573,#4574,#4575,#4576,#4577,#4578,#4579,#4580,#4581,#4582,
#4583,#4584,#4585),.UNSPECIFIED.,.T.,.F.,(1,1,1,1,1,1,1,1,1,1,1,1,1,1,1,
1,1,1,1,1,1,1,1,1,1),(-0.000926937100297576,-0.00046346855014878,-0.000231734275074382,
1.64798730217797E-17,0.000463468550148813,0.000926937100297609,0.00139040565044641,
0.0018538742005952,0.002317342750744,0.00278081130089279,0.00324427985104159,
0.00347601412611599,0.00370774840119039,0.00417121695133918,0.00463468550148798,
0.00509815405163678,0.00556162260178557,0.00602509115193437,0.00648855970208317,
0.00695202825223196,0.00718376252730636,0.00741549680238076,0.00787896535252955,
0.00834243390267835,0.00880590245282715),.UNSPECIFIED.);
#116=B_SPLINE_CURVE_WITH_KNOTS('',3,(#4587,#4588,#4589,#4590,#4591,#4592,
#4593,#4594,#4595,#4596,#4597,#4598,#4599,#4600,#4601,#4602,#4603,#4604,
#4605,#4606,#4607),.UNSPECIFIED.,.T.,.F.,(1,1,1,1,1,1,1,1,1,1,1,1,1,1,1,
1,1,1,1,1,1,1,1,1,1),(-0.00186885104813969,-0.000934425524069846,-0.000467212762034921,
3.46944695195361E-18,0.000233606381017466,0.000467212762034928,0.00070081914305239,
0.000934425524069852,0.00140163828610478,0.0018688510481397,0.00280327657220955,
0.00327048933424447,0.0037377020962794,0.00397130847729686,0.00420491485831432,
0.00443852123933179,0.00467212762034925,0.00513934038238417,0.0056065531444191,
0.00654097866848895,0.00700819143052387,0.0074754041925588,0.00770901057357626,
0.00794261695459372,0.00817622333561118),.UNSPECIFIED.);
#117=B_SPLINE_CURVE_WITH_KNOTS('',3,(#4609,#4610,#4611,#4612,#4613,#4614,
#4615,#4616,#4617,#4618,#4619,#4620,#4621,#4622,#4623,#4624,#4625,#4626,
#4627,#4628,#4629,#4630),.UNSPECIFIED.,.T.,.F.,(1,1,1,1,1,1,1,1,1,1,1,1,
1,1,1,1,1,1,1,1,1,1,1,1,1,1),(-0.00139148628755454,-0.000927657525036357,
-0.000463828762518177,2.60208521396521E-18,0.000463828762518182,0.000695743143777272,
0.000927657525036362,0.00139148628755454,0.00185531505007272,0.0023191438125909,
0.00278297257510908,0.00324680133762726,0.00371063010014544,0.00417445886266362,
0.00440637324392271,0.0046382876251818,0.00487020200644089,0.00510211638769998,
0.00556594515021816,0.00602977391273634,0.00649360267525452,0.0069574314377727,
0.00742126020029088,0.00788508896280906,0.00811700334406815,0.00834891772532724),
 .UNSPECIFIED.);
#118=B_SPLINE_CURVE_WITH_KNOTS('',3,(#4632,#4633,#4634,#4635,#4636,#4637,
#4638,#4639,#4640,#4641,#4642,#4643,#4644,#4645,#4646,#4647,#4648,#4649,
#4650,#4651,#4652,#4653,#4654),.UNSPECIFIED.,.T.,.F.,(1,1,1,1,1,1,1,1,1,
1,1,1,1,1,1,1,1,1,1,1,1,1,1,1,1,1,1),(-0.00139255656281735,-0.000928371041878237,
-0.000464185520939119,4.33680868994202E-19,0.000464185520939119,0.000928371041878237,
0.00139255656281736,0.00162464932328692,0.00185674208375647,0.00208883484422603,
0.00232092760469559,0.00278511312563471,0.00324929864657383,0.00371348416751295,
0.00417766968845207,0.00464185520939119,0.0051060407303303,0.00533813349079986,
0.00557022625126942,0.00580231901173898,0.00603441177220854,0.00649859729314766,
0.00696278281408678,0.0074269683350259,0.00789115385596502,0.00835533937690413,
0.00881952489784325),.UNSPECIFIED.);
#119=B_SPLINE_CURVE_WITH_KNOTS('',3,(#4656,#4657,#4658,#4659,#4660,#4661,
#4662,#4663,#4664,#4665,#4666,#4667,#4668,#4669,#4670,#4671,#4672,#4673,
#4674,#4675,#4676),.UNSPECIFIED.,.T.,.F.,(1,1,1,1,1,1,1,1,1,1,1,1,1,1,1,
1,1,1,1,1,1,1,1,1,1),(-0.000933849643934108,-0.000700387232950572,-0.000466924821967037,
3.52217222475536E-17,0.000466924821967107,0.000933849643934178,0.00140077446590125,
0.00186769928786832,0.00233462410983539,0.00280154893180246,0.003035011342786,
0.00326847375376954,0.00373539857573661,0.00420232339770368,0.00466924821967075,
0.00513617304163782,0.00560309786360489,0.00607002268557196,0.00653694750753903,
0.00677040991852257,0.00700387232950611,0.00747079715147318,0.00793772197344025,
0.00840464679540732,0.00887157161737439),.UNSPECIFIED.);
#120=B_SPLINE_CURVE_WITH_KNOTS('',3,(#4678,#4679,#4680,#4681,#4682,#4683,
#4684,#4685,#4686,#4687,#4688,#4689,#4690,#4691,#4692,#4693,#4694,#4695,
#4696,#4697,#4698),.UNSPECIFIED.,.T.,.F.,(1,1,1,1,1,1,1,1,1,1,1,1,1,1,1,
1,1,1,1,1,1,1,1,1,1),(-0.00138020752048022,-0.000920138346986814,-0.000460069173493404,
5.63785129692462E-18,0.000460069173493415,0.00069010376024012,0.000920138346986825,
0.00138020752048023,0.00184027669397364,0.00230034586746705,0.00276041504096046,
0.00322048421445387,0.00368055338794728,0.00414062256144069,0.0043706571481874,
0.0046006917349341,0.00506076090842751,0.00552083008192092,0.00598089925541433,
0.00644096842890774,0.00690103760240115,0.00736110677589456,0.00782117594938797,
0.00805121053613468,0.00828124512288138),.UNSPECIFIED.);
#121=B_SPLINE_CURVE_WITH_KNOTS('',3,(#4700,#4701,#4702,#4703,#4704,#4705,
#4706,#4707,#4708,#4709,#4710,#4711,#4712,#4713,#4714,#4715,#4716,#4717,
#4718,#4719,#4720),.UNSPECIFIED.,.T.,.F.,(1,1,1,1,1,1,1,1,1,1,1,1,1,1,1,
1,1,1,1,1,1,1,1,1,1),(-0.000929606385930777,-0.000697204789448074,-0.000464803192965372,
3.36822372752406E-17,0.000464803192965439,0.000929606385930845,0.00139440957889625,
0.00185921277186166,0.00232401596482706,0.00278881915779247,0.00302122075427517,
0.00325362235075787,0.00371842554372328,0.00418322873668868,0.00464803192965409,
0.00511283512261949,0.0055776383155849,0.00604244150855031,0.00650724470151571,
0.00673964629799841,0.00697204789448112,0.00743685108744652,0.00790165428041193,
0.00836645747337733,0.00883126066634274),.UNSPECIFIED.);
#122=B_SPLINE_CURVE_WITH_KNOTS('',3,(#4722,#4723,#4724,#4725,#4726,#4727,
#4728,#4729,#4730,#4731,#4732,#4733,#4734,#4735,#4736,#4737,#4738,#4739,
#4740,#4741,#4742,#4743,#4744),.UNSPECIFIED.,.T.,.F.,(1,1,1,1,1,1,1,1,1,
1,1,1,1,1,1,1,1,1,1,1,1,1,1,1,1,1,1),(-0.00138415493112144,-0.000922769954080953,
-0.000461384977040462,2.92115535216619E-17,0.000461384977040521,0.000692077465560766,
0.000922769954081012,0.00115346244260126,0.0013841549311215,0.001845539908162,
0.00230692488520249,0.00276830986224298,0.00322969483928347,0.00369107981632396,
0.00415246479336445,0.0043831572818847,0.00461384977040494,0.00484454225892519,
0.00507523474744544,0.00553661972448593,0.00599800470152642,0.00645938967856691,
0.0069207746556074,0.00738215963264789,0.00784354460968838,0.00807423709820863,
0.00830492958672887),.UNSPECIFIED.);
#123=B_SPLINE_CURVE_WITH_KNOTS('',3,(#4746,#4747,#4748,#4749,#4750,#4751,
#4752,#4753,#4754,#4755,#4756,#4757,#4758,#4759,#4760,#4761,#4762,#4763,
#4764,#4765,#4766,#4767,#4768),.UNSPECIFIED.,.T.,.F.,(1,1,1,1,1,1,1,1,1,
1,1,1,1,1,1,1,1,1,1,1,1,1,1,1,1,1,1),(-0.000927202122980993,-0.000695401592235743,
-0.000463601061490493,7.152448122691E-18,0.000463601061490507,0.000927202122981007,
0.00139080318447151,0.00185440424596201,0.00231800530745251,0.00254980583819776,
0.00278160636894301,0.00301340689968826,0.00324520743043351,0.00370880849192401,
0.00417240955341451,0.004636010614905,0.0050996116763955,0.005563212737886,
0.0060268137993765,0.00625861433012175,0.006490414860867,0.00672221539161225,
0.0069540159223575,0.007417616983848,0.0078812180453385,0.008344819106829,
0.0088084201683195),.UNSPECIFIED.);
#124=B_SPLINE_CURVE_WITH_KNOTS('',3,(#4770,#4771,#4772,#4773,#4774,#4775,
#4776,#4777,#4778,#4779,#4780,#4781,#4782,#4783,#4784,#4785,#4786,#4787,
#4788,#4789,#4790),.UNSPECIFIED.,.T.,.F.,(1,1,1,1,1,1,1,1,1,1,1,1,1,1,1,
1,1,1,1,1,1,1,1,1,1),(-0.00138045570309568,-0.000920303802063779,-0.000460151901031877,
2.5018537765542E-17,0.000460151901031927,0.000690227851547878,0.000920303802063829,
0.00138045570309573,0.00184060760412763,0.00230075950515954,0.00276091140619144,
0.00322106330722334,0.00368121520825524,0.00414136710928715,0.0043714430598031,
0.00460151901031905,0.00506167091135095,0.00552182281238285,0.00598197471341475,
0.00644212661444666,0.00690227851547856,0.00736243041651046,0.00782258231754236,
0.00805265826805831,0.00828273421857426),.UNSPECIFIED.);
#125=B_SPLINE_CURVE_WITH_KNOTS('',3,(#4794,#4795,#4796,#4797,#4798,#4799,
#4800,#4801,#4802,#4803,#4804,#4805,#4806,#4807,#4808,#4809,#4810,#4811,
#4812,#4813,#4814),.UNSPECIFIED.,.T.,.F.,(1,1,1,1,1,1,1,1,1,1,1,1,1,1,1,
1,1,1,1,1,1,1,1,1,1),(-0.00138894819052869,-0.00092596546035244,-0.000462982730176189,
6.20163642661709E-17,0.000231491365088188,0.000462982730176313,0.000925965460352565,
0.00138894819052882,0.00185193092070507,0.00231491365088132,0.00277789638105757,
0.00324087911123382,0.00370386184141007,0.0039353532064982,0.00416684457158632,
0.00462982730176258,0.00509281003193883,0.00555579276211508,0.00601877549229133,
0.00648175822246758,0.00694474095264383,0.00740772368282008,0.00763921504790821,
0.00787070641299633,0.00833368914317258),.UNSPECIFIED.);
#126=B_SPLINE_CURVE_WITH_KNOTS('',3,(#4821,#4822,#4823,#4824,#4825,#4826,
#4827),.UNSPECIFIED.,.F.,.F.,(4,1,1,1,4),(1.74052942263589E-14,0.00171921600546568,
0.00343843201091396,0.00515764801636223,0.00687686402181051),
 .UNSPECIFIED.);
#127=B_SPLINE_CURVE_WITH_KNOTS('',3,(#4834,#4835,#4836,#4837,#4838,#4839,
#4840,#4841,#4842,#4843,#4844),.UNSPECIFIED.,.T.,.F.,(1,1,1,1,1,1,1,1,1,
1,1,1,1,1,1),(-0.00515824327735905,-0.0034388288515727,-0.00171941442578635,
4.33680868994202E-19,0.00171941442578635,0.0034388288515727,0.00515824327735905,
0.0068776577031454,0.00859707212893175,0.0103164865547181,0.0120359009805045,
0.0137553154062908,0.0154747298320772,0.0171941442578635,0.0189135586836499),
 .UNSPECIFIED.);
#128=B_SPLINE_CURVE_WITH_KNOTS('',3,(#4850,#4851,#4852,#4853,#4854,#4855,
#4856,#4857,#4858,#4859,#4860),.UNSPECIFIED.,.T.,.F.,(1,1,1,1,1,1,1,1,1,
1,1,1,1,1,1),(-0.00117229077966063,-0.000781527186438731,-0.000390763593216827,
5.07655957173137E-15,0.00039076359322698,0.000781527186448884,0.00117229077967079,
0.00156305437289269,0.0019538179661146,0.0023445815593365,0.0027353451525584,
0.00312610874578031,0.00351687233900221,0.00390763593222411,0.00429839952544602),
 .UNSPECIFIED.);
#129=B_SPLINE_CURVE_WITH_KNOTS('',3,(#4863,#4864,#4865,#4866,#4867,#4868,
#4869,#4870,#4871,#4872,#4873),.UNSPECIFIED.,.T.,.F.,(1,1,1,1,1,1,1,1,1,
1,1,1,1,1,1),(-0.00117229077965325,-0.000781527186434191,-0.000390763593215128,
3.93542889131299E-15,0.000390763593222998,0.000781527186442062,0.00117229077966112,
0.00156305437288019,0.00195381796609925,0.00234458155931831,0.00273534515253738,
0.00312610874575644,0.0035168723389755,0.00390763593219457,0.00429839952541363),
 .UNSPECIFIED.);
#130=B_SPLINE_CURVE_WITH_KNOTS('',3,(#4876,#4877,#4878,#4879,#4880,#4881,
#4882,#4883,#4884,#4885,#4886),.UNSPECIFIED.,.T.,.F.,(1,1,1,1,1,1,1,1,1,
1,1,1,1,1,1),(-0.00117229077964232,-0.000781527186427476,-0.000390763593212631,
2.21417321070351E-15,0.000390763593217059,0.000781527186431905,0.00117229077964675,
0.0015630543728616,0.00195381796607644,0.00234458155929129,0.00273534515250613,
0.00312610874572098,0.00351687233893582,0.00390763593215067,0.00429839952536551),
 .UNSPECIFIED.);
#131=B_SPLINE_CURVE_WITH_KNOTS('',3,(#4889,#4890,#4891,#4892,#4893,#4894,
#4895,#4896,#4897,#4898,#4899),.UNSPECIFIED.,.T.,.F.,(1,1,1,1,1,1,1,1,1,
1,1,1,1,1,1),(-0.0011722907796279,-0.000781527186418597,-0.000390763593209299,
0.,0.000390763593209298,0.000781527186418597,0.0011722907796279,0.00156305437283719,
0.00195381796604649,0.00234458155925579,0.00273534515246509,0.00312610874567439,
0.00351687233888369,0.00390763593209298,0.00429839952530228),
 .UNSPECIFIED.);
#132=B_SPLINE_CURVE_WITH_KNOTS('',3,(#4907,#4908,#4909,#4910,#4911,#4912,
#4913,#4914,#4915,#4916,#4917),.UNSPECIFIED.,.T.,.F.,(1,1,1,1,1,1,1,1,1,
1,1,1,1,1,1),(-0.00117229077962789,-0.000781527186418592,-0.000390763593209295,
1.78811203067275E-18,0.000390763593209299,0.000781527186418595,0.00117229077962789,
0.00156305437283719,0.00195381796604649,0.00234458155925578,0.00273534515246508,
0.00312610874567438,0.00351687233888367,0.00390763593209297,0.00429839952530227),
 .UNSPECIFIED.);
#133=B_SPLINE_CURVE_WITH_KNOTS('',3,(#4920,#4921,#4922,#4923,#4924,#4925,
#4926,#4927,#4928,#4929,#4930),.UNSPECIFIED.,.T.,.F.,(1,1,1,1,1,1,1,1,1,
1,1,1,1,1,1),(-0.00117229077962789,-0.00078152718641859,-0.000390763593209293,
3.49644694633735E-18,0.0003907635932093,0.000781527186418596,0.00117229077962789,
0.00156305437283719,0.00195381796604649,0.00234458155925578,0.00273534515246508,
0.00312610874567437,0.00351687233888367,0.00390763593209297,0.00429839952530226),
 .UNSPECIFIED.);
#134=B_SPLINE_CURVE_WITH_KNOTS('',3,(#4933,#4934,#4935,#4936,#4937,#4938,
#4939,#4940,#4941,#4942,#4943),.UNSPECIFIED.,.T.,.F.,(1,1,1,1,1,1,1,1,1,
1,1,1,1,1,1),(-0.00117229077962789,-0.000781527186418594,-0.000390763593209297,
0.,0.000390763593209297,0.000781527186418594,0.00117229077962789,0.00156305437283719,
0.00195381796604649,0.00234458155925578,0.00273534515246508,0.00312610874567438,
0.00351687233888367,0.00390763593209297,0.00429839952530227),
 .UNSPECIFIED.);
#135=B_SPLINE_CURVE_WITH_KNOTS('',3,(#4946,#4947,#4948,#4949,#4950,#4951,
#4952,#4953,#4954,#4955,#4956),.UNSPECIFIED.,.T.,.F.,(1,1,1,1,1,1,1,1,1,
1,1,1,1,1,1),(-0.00117229077962788,-0.000781527186418589,-0.000390763593209294,
0.,0.000390763593209294,0.000781527186418589,0.00117229077962788,0.00156305437283718,
0.00195381796604647,0.00234458155925577,0.00273534515246506,0.00312610874567436,
0.00351687233888365,0.00390763593209294,0.00429839952530224),
 .UNSPECIFIED.);
#136=B_SPLINE_CURVE_WITH_KNOTS('',3,(#4958,#4959,#4960,#4961,#4962,#4963,
#4964,#4965,#4966,#4967,#4968),.UNSPECIFIED.,.T.,.F.,(1,1,1,1,1,1,1,1,1,
1,1,1,1,1,1),(-0.00117229077962789,-0.000781527186418596,-0.000390763593209298,
0.,0.000390763593209298,0.000781527186418596,0.00117229077962789,0.00156305437283719,
0.00195381796604649,0.00234458155925579,0.00273534515246509,0.00312610874567439,
0.00351687233888368,0.00390763593209298,0.00429839952530228),
 .UNSPECIFIED.);
#137=B_SPLINE_CURVE_WITH_KNOTS('',3,(#5211,#5212,#5213,#5214,#5215,#5216,
#5217,#5218,#5219,#5220,#5221,#5222,#5223,#5224,#5225,#5226,#5227,#5228,
#5229,#5230,#5231),.UNSPECIFIED.,.T.,.F.,(1,1,1,1,1,1,1,1,1,1,1,1,1,1,1,
1,1,1,1,1,1,1,1,1,1),(-0.000528133845492186,-0.000396100384119131,-0.000264066922746075,
3.55512521017773E-17,0.000264066922746146,0.000528133845492257,0.000792200768238368,
0.00105626769098448,0.00132033461373059,0.0015844015364767,0.00171643499784975,
0.00184846845922281,0.00211253538196892,0.00237660230471503,0.00264066922746114,
0.00290473615020725,0.00316880307295336,0.00343286999569947,0.00369693691844558,
0.00382897037981864,0.0039610038411917,0.00422507076393781,0.00448913768668392,
0.00475320460943003,0.00501727153217614),.UNSPECIFIED.);
#138=B_SPLINE_CURVE_WITH_KNOTS('',3,(#5234,#5235,#5236,#5237,#5238,#5239,
#5240,#5241,#5242,#5243,#5244,#5245,#5246,#5247,#5248,#5249,#5250,#5251,
#5252,#5253),.UNSPECIFIED.,.T.,.F.,(1,1,1,1,1,1,1,1,1,1,1,1,1,1,1,1,1,1,
1,1,1,1,1,1),(-0.000787814644197198,-0.000525209762798131,-0.000262604881399064,
2.16840434497101E-18,0.000262604881399069,0.000525209762798135,0.000787814644197201,
0.00105041952559627,0.00131302440699533,0.0015756292883944,0.00170693172909393,
0.00183823416979347,0.00210083905119253,0.0023634439325916,0.00262604881399067,
0.00288865369538973,0.0031512585767888,0.00341386345818786,0.00367646833958693,
0.003939073220986,0.00420167810238506,0.00446428298378413,0.0047268878651832,
0.00498949274658226),.UNSPECIFIED.);
#139=B_SPLINE_CURVE_WITH_KNOTS('',3,(#5256,#5257,#5258,#5259,#5260,#5261,
#5262,#5263,#5264,#5265,#5266,#5267,#5268,#5269,#5270,#5271,#5272,#5273,
#5274,#5275,#5276),.UNSPECIFIED.,.T.,.F.,(1,1,1,1,1,1,1,1,1,1,1,1,1,1,1,
1,1,1,1,1,1,1,1,1,1),(-0.000806179086937853,-0.000537452724624236,-0.000268726362310619,
2.99821852350575E-15,0.000134363181159807,0.000268726362316616,0.000537452724630233,
0.00080617908694385,0.00107490544925747,0.00134363181157108,0.0016123581738847,
0.00188108453619832,0.00214981089851194,0.00228417407966875,0.00241853726082555,
0.00268726362313917,0.00295598998545279,0.00322471634776641,0.00349344271008002,
0.00376216907239364,0.00403089543470726,0.00429962179702088,0.00443398497817768,
0.00456834815933449,0.00483707452164811),.UNSPECIFIED.);
#140=B_SPLINE_CURVE_WITH_KNOTS('',3,(#5279,#5280,#5281,#5282,#5283,#5284,
#5285,#5286,#5287,#5288,#5289,#5290,#5291,#5292,#5293,#5294,#5295,#5296,
#5297,#5298,#5299),.UNSPECIFIED.,.T.,.F.,(1,1,1,1,1,1,1,1,1,1,1,1,1,1,1,
1,1,1,1,1,1,1,1,1,1),(-0.000802011575985791,-0.000534674383990519,-0.000267337191995246,
2.57447224643739E-17,0.000267337191995298,0.000401005787992934,0.000534674383990571,
0.000802011575985843,0.00106934876798112,0.00133668595997639,0.00160402315197166,
0.00187136034396693,0.0021386975359622,0.00240603472795748,0.00253970332395511,
0.00267337191995275,0.00294070911194802,0.00320804630394329,0.00347538349593857,
0.00374272068793384,0.00401005787992911,0.00427739507192438,0.00454473226391966,
0.00467840085991729,0.00481206945591493),.UNSPECIFIED.);
#141=B_SPLINE_CURVE_WITH_KNOTS('',3,(#5302,#5303,#5304,#5305,#5306,#5307,
#5308,#5309,#5310,#5311,#5312,#5313,#5314,#5315,#5316,#5317,#5318,#5319,
#5320,#5321,#5322,#5323,#5324),.UNSPECIFIED.,.T.,.F.,(1,1,1,1,1,1,1,1,1,
1,1,1,1,1,1,1,1,1,1,1,1,1,1,1,1,1,1),(-0.000789367077719772,-0.000526244718479833,
-0.000263122359239894,4.47343445558316E-17,0.000131561179620014,0.000263122359239984,
0.000394683538859953,0.000526244718479923,0.000789367077719862,0.0010524894369598,
0.00131561179619974,0.00157873415543968,0.00184185651467962,0.00210497887391956,
0.00223654005353953,0.0023681012331595,0.00249966241277947,0.00263122359239943,
0.00289434595163937,0.00315746831087931,0.00342059067011925,0.00368371302935919,
0.00394683538859913,0.00420995774783907,0.00434151892745904,0.00447308010707901,
0.00460464128669898),.UNSPECIFIED.);
#142=B_SPLINE_CURVE_WITH_KNOTS('',3,(#5327,#5328,#5329,#5330,#5331,#5332,
#5333,#5334,#5335,#5336,#5337,#5338,#5339,#5340,#5341,#5342,#5343,#5344,
#5345,#5346,#5347,#5348,#5349),.UNSPECIFIED.,.T.,.F.,(1,1,1,1,1,1,1,1,1,
1,1,1,1,1,1,1,1,1,1,1,1,1,1,1,1,1,1),(-0.000393243738851347,-0.000262162492567562,
-0.000131081246283777,7.41074193791804E-18,0.000262162492567577,0.000524324985135147,
0.000786487477702717,0.00104864997027029,0.00131081246283786,0.00157297495540543,
0.00170405620168921,0.001835137447973,0.00196621869425678,0.00209729994054057,
0.00235946243310814,0.00262162492567571,0.00288378741824328,0.00314594991081085,
0.00340811240337842,0.00367027489594599,0.00380135614222977,0.00393243738851356,
0.00406351863479734,0.00419459988108113,0.0044567623736487,0.00471892486621627,
0.00498108735878384),.UNSPECIFIED.);
#143=B_SPLINE_CURVE_WITH_KNOTS('',3,(#5352,#5353,#5354,#5355,#5356,#5357,
#5358,#5359,#5360,#5361,#5362,#5363,#5364,#5365,#5366,#5367,#5368,#5369,
#5370,#5371,#5372),.UNSPECIFIED.,.T.,.F.,(1,1,1,1,1,1,1,1,1,1,1,1,1,1,1,
1,1,1,1,1,1,1,1,1,1),(-0.000525909148622604,-0.000262954574311266,-0.000131477287155598,
7.11236625150491E-17,0.000262954574311409,0.000525909148622746,0.000788863722934084,
0.00105181829724542,0.00131477287155676,0.0015777274458681,0.00184068202017943,
0.0019721593073351,0.00210363659449077,0.00236659116880211,0.00262954574311345,
0.00289250031742478,0.00315545489173612,0.00341840946604746,0.0036813640403588,
0.00394431861467013,0.0040757959018258,0.00420727318898147,0.00447022776329281,
0.00473318233760415,0.00499613691191548),.UNSPECIFIED.);
#144=B_SPLINE_CURVE_WITH_KNOTS('',3,(#5375,#5376,#5377,#5378,#5379,#5380,
#5381,#5382,#5383,#5384,#5385,#5386,#5387,#5388,#5389,#5390,#5391,#5392,
#5393,#5394,#5395),.UNSPECIFIED.,.T.,.F.,(1,1,1,1,1,1,1,1,1,1,1,1,1,1,1,
1,1,1,1,1,1,1,1,1,1),(-0.000799115315116062,-0.000532743543410474,-0.000266371771704885,
7.02989598817898E-16,0.000133185885853497,0.000266371771706291,0.000532743543411879,
0.000799115315117468,0.00106548708682306,0.00133185885852864,0.00159823063023423,
0.00186460240193982,0.00213097417364541,0.0022641600594982,0.002397345945351,
0.00266371771705659,0.00293008948876217,0.00319646126046776,0.00346283303217335,
0.00372920480387894,0.00399557657558453,0.00426194834729011,0.00439513423314291,
0.0045283201189957,0.00479469189070129),.UNSPECIFIED.);
#145=B_SPLINE_CURVE_WITH_KNOTS('',3,(#5398,#5399,#5400,#5401,#5402,#5403,
#5404,#5405,#5406,#5407,#5408,#5409,#5410,#5411,#5412,#5413,#5414,#5415,
#5416,#5417,#5418,#5419,#5420),.UNSPECIFIED.,.T.,.F.,(1,1,1,1,1,1,1,1,1,
1,1,1,1,1,1,1,1,1,1,1,1,1,1,1,1,1,1),(-0.00080108707221371,-0.000534058048142464,
-0.000267029024071217,2.88324401482344E-17,0.000133514512035652,0.000267029024071275,
0.000400543536106898,0.000534058048142521,0.000801087072213767,0.00106811609628501,
0.00133514512035626,0.00160217414442751,0.00186920316849875,0.00213623219257,
0.00226974670460562,0.00240326121664124,0.00253677572867687,0.00267029024071249,
0.00293731926478374,0.00320434828885498,0.00347137731292623,0.00373840633699747,
0.00400543536106872,0.00427246438513997,0.00440597889717559,0.00453949340921121,
0.00467300792124684),.UNSPECIFIED.);
#146=B_SPLINE_CURVE_WITH_KNOTS('',3,(#5423,#5424,#5425,#5426,#5427,#5428,
#5429,#5430,#5431,#5432,#5433,#5434,#5435,#5436,#5437,#5438,#5439,#5440,
#5441,#5442,#5443),.UNSPECIFIED.,.T.,.F.,(1,1,1,1,1,1,1,1,1,1,1,1,1,1,1,
1,1,1,1,1,1,1,1,1,1),(-0.00138233383953623,-0.000921555893024156,-0.000460777946512078,
4.33680868994202E-19,0.000460777946512078,0.000921555893024156,0.00138233383953623,
0.00184311178604831,0.00207350075930435,0.00230388973256039,0.00276466767907247,
0.00322544562558454,0.00368622357209662,0.0041470015186087,0.00460777946512078,
0.00506855741163285,0.00552933535814493,0.00575972433140097,0.00599011330465701,
0.00645089125116909,0.00691166919768116,0.00737244714419324,0.00783322509070532,
0.0082940030372174,0.00875478098372947),.UNSPECIFIED.);
#147=B_SPLINE_CURVE_WITH_KNOTS('',3,(#5445,#5446,#5447,#5448,#5449,#5450,
#5451,#5452,#5453,#5454,#5455,#5456,#5457,#5458,#5459,#5460,#5461,#5462,
#5463,#5464),.UNSPECIFIED.,.T.,.F.,(1,1,1,1,1,1,1,1,1,1,1,1,1,1,1,1,1,1,
1,1,1,1,1,1),(-0.00184811596319071,-0.00138608697239303,-0.000924057981595355,
4.33680868994202E-19,0.000462028990797678,0.000924057981595355,0.00115507247699419,
0.00138608697239303,0.00161710146779187,0.00184811596319071,0.00231014495398839,
0.00277217394478606,0.00369623192638142,0.0041582609171791,0.00462028990797677,
0.00508231889877445,0.00531333339417329,0.00554434788957213,0.0060063768803698,
0.00646840587116748,0.00739246385276284,0.00785449284356051,0.00831652183435819,
0.00854753632975703),.UNSPECIFIED.);
#148=B_SPLINE_CURVE_WITH_KNOTS('',3,(#5466,#5467,#5468,#5469,#5470,#5471,
#5472,#5473,#5474,#5475,#5476,#5477,#5478,#5479,#5480,#5481,#5482,#5483,
#5484,#5485,#5486),.UNSPECIFIED.,.T.,.F.,(1,1,1,1,1,1,1,1,1,1,1,1,1,1,1,
1,1,1,1,1,1,1,1,1,1),(-0.00139203109986763,-0.000928020733245085,-0.000464010366622535,
1.467482759935E-17,0.000464010366622564,0.000928020733245114,0.00116002591655639,
0.00139203109986766,0.00185604146649021,0.00232005183311276,0.00278406219973531,
0.00324807256635786,0.00371208293298041,0.00417609329960296,0.00464010366622551,
0.00487210884953679,0.00510411403284806,0.00556812439947061,0.00603213476609316,
0.00649614513271571,0.00696015549933826,0.00742416586596081,0.00788817623258336,
0.00835218659920591,0.00858419178251718),.UNSPECIFIED.);
#149=B_SPLINE_CURVE_WITH_KNOTS('',3,(#5488,#5489,#5490,#5491,#5492,#5493,
#5494,#5495,#5496,#5497,#5498,#5499,#5500,#5501,#5502,#5503,#5504,#5505,
#5506,#5507,#5508,#5509,#5510),.UNSPECIFIED.,.T.,.F.,(1,1,1,1,1,1,1,1,1,
1,1,1,1,1,1,1,1,1,1,1,1,1,1,1,1,1,1),(-0.00138395596256958,-0.000922637308379718,
-0.000461318654189852,1.41196261246345E-17,0.00046131865418988,0.000922637308379746,
0.00115329663547468,0.00138395596256961,0.00161461528966455,0.00184527461675948,
0.00230659327094935,0.00276791192513921,0.00322923057932908,0.00369054923351894,
0.00415186788770881,0.00461318654189868,0.00484384586899361,0.00507450519608854,
0.00530516452318348,0.00553582385027841,0.00599714250446827,0.00645846115865814,
0.00691977981284801,0.00738109846703787,0.00784241712122774,0.0083037357754176,
0.00853439510251254),.UNSPECIFIED.);
#150=B_SPLINE_CURVE_WITH_KNOTS('',3,(#5512,#5513,#5514,#5515,#5516,#5517,
#5518,#5519,#5520,#5521,#5522,#5523,#5524,#5525,#5526,#5527,#5528,#5529,
#5530,#5531,#5532),.UNSPECIFIED.,.T.,.F.,(1,1,1,1,1,1,1,1,1,1,1,1,1,1,1,
1,1,1,1,1,1,1,1,1,1),(-0.0013891750201765,-0.000926116680117656,-0.00046305834005881,
3.56595396625576E-17,0.000463058340058881,0.000926116680117727,0.00115764585014715,
0.00138917502017657,0.00185223336023542,0.00231529170029426,0.00277835004035311,
0.00324140838041195,0.0037044667204708,0.00416752506052964,0.00463058340058849,
0.00486211257061791,0.00509364174064734,0.00555670008070618,0.00601975842076503,
0.00648281676082387,0.00694587510088272,0.00740893344094156,0.00787199178100041,
0.00833505012105925,0.00856657929108868),.UNSPECIFIED.);
#151=B_SPLINE_CURVE_WITH_KNOTS('',3,(#5534,#5535,#5536,#5537,#5538,#5539,
#5540,#5541,#5542,#5543,#5544,#5545,#5546,#5547,#5548,#5549,#5550,#5551,
#5552),.UNSPECIFIED.,.T.,.F.,(1,1,1,1,1,1,1,1,1,1,1,1,1,1,1,1,1,1,1,1,1,
1,1),(-0.00184893188286588,-0.00138669891214941,-0.000924465941432939,4.33680868994202E-19,
0.00046223297071647,0.000924465941432939,0.00138669891214941,0.00161781539750764,
0.00184893188286588,0.00231116485358235,0.00277339782429882,0.00369786376573175,
0.00416009673644822,0.00462232970716469,0.00508456267788116,0.0053156791632394,
0.00554679564859763,0.0060090286193141,0.00647126159003057,0.00739572753146351,
0.00785796050217998,0.00832019347289645,0.00878242644361292),
 .UNSPECIFIED.);
#152=B_SPLINE_CURVE_WITH_KNOTS('',3,(#5554,#5555,#5556,#5557,#5558,#5559,
#5560,#5561,#5562,#5563,#5564,#5565,#5566,#5567,#5568,#5569,#5570,#5571,
#5572,#5573,#5574),.UNSPECIFIED.,.T.,.F.,(1,1,1,1,1,1,1,1,1,1,1,1,1,1,1,
1,1,1,1,1,1,1,1,1,1),(-0.00114692893083206,-0.000917543144665637,-0.000458771572332782,
7.25479525978903E-17,0.000458771572332927,0.000917543144665782,0.00137631471699864,
0.00183508628933149,0.00229385786166435,0.00252324364783077,0.0027526294339972,
0.00321140100633006,0.00367017257866291,0.00412894415099577,0.00458771572332862,
0.00504648729566148,0.00550525886799433,0.00596403044032718,0.00619341622649361,
0.00642280201266004,0.00688157358499289,0.00734034515732575,0.0077991167296586,
0.00825788830199146,0.00871665987432431),.UNSPECIFIED.);
#153=B_SPLINE_CURVE_WITH_KNOTS('',3,(#5576,#5577,#5578,#5579,#5580,#5581,
#5582,#5583,#5584,#5585,#5586,#5587,#5588,#5589,#5590,#5591,#5592,#5593,
#5594,#5595,#5596,#5597),.UNSPECIFIED.,.T.,.F.,(1,1,1,1,1,1,1,1,1,1,1,1,
1,1,1,1,1,1,1,1,1,1,1,1,1,1),(-0.000919392074758773,-0.000689544056069078,
-0.000459696037379385,3.5762240613455E-18,0.000459696037379392,0.00091939207475878,
0.00137908811213817,0.00183878414951756,0.00229848018689694,0.00252832820558664,
0.00275817622427633,0.00321787226165572,0.00367756829903511,0.0041372643364145,
0.00459696037379388,0.00505665641117327,0.00551635244855266,0.00597604848593205,
0.00620589650462174,0.00643574452331144,0.00666559254200113,0.00689544056069082,
0.00735513659807021,0.0078148326354496,0.00827452867282899,0.00873422471020838),
 .UNSPECIFIED.);
#154=B_SPLINE_CURVE_WITH_KNOTS('',3,(#5601,#5602,#5603,#5604,#5605,#5606,
#5607,#5608,#5609,#5610,#5611,#5612,#5613,#5614,#5615,#5616,#5617,#5618,
#5619,#5620,#5621),.UNSPECIFIED.,.T.,.F.,(1,1,1,1,1,1,1,1,1,1,1,1,1,1,1,
1,1,1,1,1,1,1,1,1,1),(-0.00115173635732581,-0.000921389085860649,-0.000460694542930324,
0.,0.000460694542930324,0.000921389085860649,0.00138208362879097,0.0018427781717213,
0.00230347271465162,0.00253381998611678,0.00276416725758195,0.00322486180051227,
0.00368555634344259,0.00414625088637292,0.00460694542930324,0.00506763997223357,
0.00552833451516389,0.00598902905809422,0.00621937632955938,0.00644972360102454,
0.00691041814395487,0.00737111268688519,0.00783180722981551,0.00829250177274584,
0.00875319631567616),.UNSPECIFIED.);
#155=B_SPLINE_CURVE_WITH_KNOTS('',3,(#5626,#5627,#5628,#5629,#5630,#5631,
#5632,#5633,#5634,#5635,#5636),.UNSPECIFIED.,.F.,.F.,(4,1,1,1,1,1,1,1,4),
(0.,0.000649440205890763,0.00129888041178153,0.00194832061767229,0.00259776082356305,
0.00324720102945381,0.00389664123534458,0.00454608144123534,0.0051955216471261),
 .UNSPECIFIED.);
#156=B_SPLINE_CURVE_WITH_KNOTS('',3,(#5639,#5640,#5641,#5642,#5643,#5644,
#5645,#5646,#5647,#5648,#5649,#5650,#5651),.UNSPECIFIED.,.F.,.F.,(4,1,1,
1,1,1,1,1,1,1,4),(0.,0.000390773997360683,0.000781547994721365,0.00117232199208205,
0.00136770899076239,0.00156309598944273,0.00175848298812307,0.00195386998680341,
0.0023446439841641,0.00273541798152478,0.00312619197888546),
 .UNSPECIFIED.);
#157=B_SPLINE_CURVE_WITH_KNOTS('',3,(#6172,#6173,#6174,#6175,#6176,#6177,
#6178,#6179,#6180,#6181,#6182),.UNSPECIFIED.,.F.,.F.,(4,1,1,1,1,1,1,1,4),
(0.,0.0011636034951935,0.002327206990387,0.0034908104855805,0.004654413980774,
0.0058180174759675,0.00698162097116099,0.00814522446635449,0.00930882796154799),
 .UNSPECIFIED.);
#158=B_SPLINE_CURVE_WITH_KNOTS('',3,(#6265,#6266,#6267,#6268,#6269,#6270,
#6271,#6272,#6273,#6274,#6275),.UNSPECIFIED.,.F.,.F.,(4,1,1,1,1,1,1,1,4),
(-0.0046697247574916,-0.00350154509076667,-0.00233336542404173,-0.0011651857573168,
2.99390940812841E-6,0.00117117357613306,0.00233935324285799,0.00350753290958292,
0.00467571257630785),.UNSPECIFIED.);
#159=B_SPLINE_CURVE_WITH_KNOTS('',3,(#6277,#6278,#6279,#6280,#6281,#6282,
#6283,#6284,#6285,#6286,#6287),.UNSPECIFIED.,.F.,.F.,(4,1,1,1,1,1,1,1,4),
(-0.00260012755981882,-0.00195059060602424,-0.00130105365222965,-0.00065151669843506,
-1.97974464047216E-6,0.000647557209154116,0.0012970941629487,0.00194663111674329,
0.00259616807053788),.UNSPECIFIED.);
#160=B_SPLINE_CURVE_WITH_KNOTS('',3,(#6290,#6291,#6292,#6293,#6294,#6295,
#6296,#6297,#6298,#6299,#6300,#6301,#6302),.UNSPECIFIED.,.F.,.F.,(4,1,1,
1,1,1,1,1,1,1,4),(0.,0.000390499752581975,0.00078099950516395,0.00117149925774593,
0.00136674913403691,0.0015619990103279,0.00175724888661889,0.00195249876290988,
0.00234299851549185,0.00273349826807383,0.0031239980206558),
 .UNSPECIFIED.);
#161=B_SPLINE_CURVE_WITH_KNOTS('',3,(#6304,#6305,#6306,#6307,#6308,#6309,
#6310,#6311,#6312,#6313,#6314,#6315,#6316,#6317,#6318,#6319,#6320,#6321,
#6322,#6323,#6324,#6325,#6326),.UNSPECIFIED.,.T.,.F.,(1,1,1,1,1,1,1,1,1,
1,1,1,1,1,1,1,1,1,1,1,1,1,1,1,1,1,1),(-0.000805181162839171,-0.000536787441892768,
-0.000268393720946366,3.72889897650857E-17,0.00026839372094644,0.000402590581419642,
0.000536787441892843,0.000670984302366045,0.000805181162839246,0.00107357488378565,
0.00134196860473205,0.00161036232567846,0.00187875604662486,0.00214714976757126,
0.00241554348851766,0.00254974034899087,0.00268393720946407,0.00281813406993727,
0.00295233093041047,0.00322072465135687,0.00348911837230328,0.00375751209324968,
0.00402590581419608,0.00429429953514248,0.00456269325608889,0.00469689011656209,
0.00483108697703529),.UNSPECIFIED.);
#162=B_SPLINE_CURVE_WITH_KNOTS('',3,(#6329,#6330,#6331,#6332,#6333,#6334,
#6335,#6336,#6337,#6338,#6339,#6340,#6341,#6342,#6343,#6344,#6345,#6346,
#6347,#6348,#6349,#6350,#6351),.UNSPECIFIED.,.T.,.F.,(1,1,1,1,1,1,1,1,1,
1,1,1,1,1,1,1,1,1,1,1,1,1,1,1,1,1,1),(-0.000403032729792582,-0.000268688486528374,
-0.000134344243264166,4.33680868994202E-17,0.00026868848652846,0.000537376973056877,
0.000806065459585295,0.00107475394611371,0.00134344243264213,0.00161213091917055,
0.00174647516243475,0.00188081940569896,0.00201516364896317,0.00214950789222738,
0.0024181963787558,0.00268688486528421,0.00295557335181263,0.00322426183834105,
0.00349295032486947,0.00376163881139788,0.00389598305466209,0.0040303272979263,
0.00416467154119051,0.00429901578445472,0.00456770427098313,0.00483639275751155,
0.00510508124403997),.UNSPECIFIED.);
#163=B_SPLINE_CURVE_WITH_KNOTS('',3,(#6354,#6355,#6356,#6357,#6358,#6359,
#6360,#6361,#6362,#6363,#6364,#6365,#6366,#6367,#6368,#6369,#6370,#6371,
#6372,#6373,#6374,#6375,#6376),.UNSPECIFIED.,.T.,.F.,(1,1,1,1,1,1,1,1,1,
1,1,1,1,1,1,1,1,1,1,1,1,1,1,1,1,1,1),(-0.000809769031554447,-0.000539846021036293,
-0.000269923010518139,1.51478215358021E-17,0.000134961505259092,0.000269923010518169,
0.000404884515777246,0.000539846021036323,0.000809769031554477,0.00107969204207263,
0.00134961505259078,0.00161953806310894,0.00188946107362709,0.00215938408414525,
0.00229434558940432,0.0024293070946634,0.00256426859992248,0.00269923010518155,
0.00296915311569971,0.00323907612621786,0.00350899913673602,0.00377892214725417,
0.00404884515777232,0.00431876816829048,0.00445372967354955,0.00458869117880863,
0.00472365268406771),.UNSPECIFIED.);
#164=B_SPLINE_CURVE_WITH_KNOTS('',3,(#6379,#6380,#6381,#6382,#6383,#6384,
#6385,#6386,#6387,#6388,#6389,#6390,#6391,#6392,#6393,#6394,#6395,#6396,
#6397,#6398,#6399,#6400),.UNSPECIFIED.,.T.,.F.,(1,1,1,1,1,1,1,1,1,1,1,1,
1,1,1,1,1,1,1,1,1,1,1,1,1,1),(-0.000676615127517387,-0.000541292102013854,
-0.000270646051006788,2.78037807516138E-16,0.000270646051007344,0.000405969076510878,
0.000541292102014411,0.000811938153021477,0.00108258420402854,0.00135323025503561,
0.00148855328053914,0.00162387630604268,0.00189452235704974,0.00216516840805681,
0.00243581445906388,0.00270646051007094,0.00297710656107801,0.00324775261208507,
0.00351839866309214,0.00365372168859567,0.00378904471409921,0.00405969076510627,
0.00433033681611334,0.00460098286712041,0.00473630589262394,0.00487162891812747),
 .UNSPECIFIED.);
#165=B_SPLINE_CURVE_WITH_KNOTS('',3,(#6403,#6404,#6405,#6406,#6407,#6408,
#6409,#6410,#6411,#6412,#6413,#6414,#6415,#6416,#6417,#6418,#6419,#6420,
#6421,#6422,#6423,#6424,#6425),.UNSPECIFIED.,.T.,.F.,(1,1,1,1,1,1,1,1,1,
1,1,1,1,1,1,1,1,1,1,1,1,1,1,1,1,1,1),(-0.000800200187519864,-0.000533466791679909,
-0.000266733395839954,1.30104260698261E-18,0.000266733395839957,0.000400100093759935,
0.000533466791679912,0.00066683348959989,0.000800200187519868,0.00106693358335982,
0.00133366697919978,0.00160040037503973,0.00186713377087969,0.00213386716671965,
0.0024006005625596,0.00253396726047958,0.00266733395839956,0.00280070065631953,
0.00293406735423951,0.00320080075007947,0.00346753414591942,0.00373426754175938,
0.00400100093759933,0.00426773433343929,0.00453446772927924,0.00466783442719922,
0.0048012011251192),.UNSPECIFIED.);
#166=B_SPLINE_CURVE_WITH_KNOTS('',3,(#6428,#6429,#6430,#6431,#6432,#6433,
#6434,#6435,#6436,#6437,#6438,#6439,#6440,#6441,#6442,#6443,#6444,#6445,
#6446,#6447,#6448,#6449),.UNSPECIFIED.,.T.,.F.,(1,1,1,1,1,1,1,1,1,1,1,1,
1,1,1,1,1,1,1,1,1,1,1,1,1,1),(-0.000674016674449943,-0.000539213339559795,
-0.000269606669779498,7.99409370044492E-16,0.000269606669781097,0.000539213339561394,
0.000808820009341692,0.00107842667912199,0.00134803334890229,0.00148283668379244,
0.00161764001868258,0.00188724668846288,0.00215685335824318,0.00242646002802348,
0.00256126336291362,0.00269606669780377,0.00296567336758407,0.00323528003736437,
0.00350488670714467,0.00363969004203481,0.00377449337692496,0.00404410004670526,
0.00431370671648556,0.00458331338626585,0.00485292005604615,0.00512252672582645),
 .UNSPECIFIED.);
#167=B_SPLINE_CURVE_WITH_KNOTS('',3,(#6452,#6453,#6454,#6455,#6456,#6457,
#6458,#6459,#6460,#6461,#6462,#6463,#6464,#6465,#6466,#6467,#6468,#6469,
#6470,#6471,#6472,#6473,#6474),.UNSPECIFIED.,.T.,.F.,(1,1,1,1,1,1,1,1,1,
1,1,1,1,1,1,1,1,1,1,1,1,1,1,1,1,1,1),(-0.000535140881809394,-0.000267570440904697,
-0.000133785220452349,0.,0.000133785220452348,0.000267570440904697,0.000535140881809394,
0.00080271132271409,0.00107028176361879,0.00133785220452348,0.00160542264542818,
0.00187299308633288,0.00200677830678523,0.00214056352723757,0.00227434874768992,
0.00240813396814227,0.00267570440904697,0.00294327484995166,0.00321084529085636,
0.00347841573176106,0.00374598617266575,0.00401355661357045,0.0041473418340228,
0.00428112705447515,0.0044149122749275,0.00454869749537984,0.00481626793628454),
 .UNSPECIFIED.);
#168=B_SPLINE_CURVE_WITH_KNOTS('',3,(#6477,#6478,#6479,#6480,#6481,#6482,
#6483,#6484,#6485,#6486,#6487,#6488,#6489,#6490,#6491,#6492,#6493,#6494,
#6495,#6496,#6497,#6498,#6499),.UNSPECIFIED.,.T.,.F.,(1,1,1,1,1,1,1,1,1,
1,1,1,1,1,1,1,1,1,1,1,1,1,1,1,1,1,1),(-0.000812317494266289,-0.000541544996177526,
-0.000270772498088763,8.67361737988404E-19,0.000270772498088764,0.000406158747133146,
0.000541544996177528,0.00067693124522191,0.000812317494266291,0.00108308999235505,
0.00135386249044382,0.00162463498853258,0.00189540748662135,0.00216617998471011,
0.00243695248279887,0.00257233873184325,0.00270772498088764,0.00284311122993202,
0.0029784974789764,0.00324926997706516,0.00352004247515393,0.00379081497324269,
0.00406158747133145,0.00433235996942022,0.00460313246750898,0.00473851871655336,
0.00487390496559774),.UNSPECIFIED.);
#169=B_SPLINE_CURVE_WITH_KNOTS('',3,(#6502,#6503,#6504,#6505,#6506,#6507,
#6508,#6509,#6510,#6511,#6512,#6513,#6514,#6515,#6516,#6517,#6518,#6519,
#6520,#6521,#6522,#6523,#6524),.UNSPECIFIED.,.T.,.F.,(1,1,1,1,1,1,1,1,1,
1,1,1,1,1,1,1,1,1,1,1,1,1,1,1,1,1,1),(-0.000803871083328619,-0.000535914055552412,
-0.000267957027776205,1.30104260698261E-18,0.000267957027776208,0.000535914055552415,
0.000669892569440519,0.000803871083328622,0.000937849597216726,0.00107182811110483,
0.00133978513888104,0.00160774216665724,0.00187569919443345,0.00214365622220966,
0.00241161324998586,0.00267957027776207,0.00281354879165017,0.00294752730553828,
0.00308150581942638,0.00321548433331448,0.00348344136109069,0.0037513983888669,
0.00401935541664311,0.00428731244441931,0.00455526947219552,0.00482322649997173,
0.00495720501385983),.UNSPECIFIED.);
#170=B_SPLINE_CURVE_WITH_KNOTS('',3,(#6527,#6528,#6529,#6530,#6531,#6532,
#6533,#6534,#6535,#6536,#6537,#6538,#6539,#6540,#6541,#6542,#6543,#6544,
#6545,#6546,#6547),.UNSPECIFIED.,.T.,.F.,(1,1,1,1,1,1,1,1,1,1,1,1,1,1,1,
1,1,1,1,1,1,1,1,1,1),(-0.000813966324171849,-0.000542644216114556,-0.000271322108057262,
3.07913416985883E-17,0.000271322108057324,0.000542644216114618,0.000813966324171911,
0.000949627378200558,0.0010852884322292,0.0013566105402865,0.00162793264834379,
0.00189925475640109,0.00217057686445838,0.00244189897251567,0.00271322108057297,
0.00298454318863026,0.00312020424265891,0.00325586529668755,0.00352718740474485,
0.00379850951280214,0.00406983162085943,0.00434115372891673,0.00461247583697402,
0.00488379794503131,0.00515512005308861),.UNSPECIFIED.);
#171=B_SPLINE_CURVE_WITH_KNOTS('',3,(#6550,#6551,#6552,#6553,#6554,#6555,
#6556,#6557,#6558,#6559,#6560,#6561,#6562,#6563,#6564,#6565,#6566,#6567,
#6568,#6569,#6570,#6571,#6572),.UNSPECIFIED.,.T.,.F.,(1,1,1,1,1,1,1,1,1,
1,1,1,1,1,1,1,1,1,1,1,1,1,1,1,1,1,1),(-0.000543242685962988,-0.000407432014472239,
-0.000271621342981488,1.21430643318376E-17,0.000271621342981512,0.000543242685963012,
0.000814864028944512,0.00108648537192601,0.00135810671490751,0.00149391738639826,
0.00162972805788901,0.00176553872937976,0.00190134940087051,0.00217297074385201,
0.00244459208683351,0.00271621342981501,0.00298783477279651,0.00325945611577801,
0.00353107745875951,0.00366688813025026,0.00380269880174101,0.00393850947323176,
0.00407432014472251,0.00434594148770401,0.00461756283068551,0.00488918417366701,
0.00516080551664851),.UNSPECIFIED.);
#172=B_SPLINE_CURVE_WITH_KNOTS('',3,(#6575,#6576,#6577,#6578,#6579,#6580,
#6581,#6582,#6583,#6584,#6585,#6586,#6587,#6588,#6589,#6590,#6591,#6592,
#6593,#6594,#6595,#6596),.UNSPECIFIED.,.T.,.F.,(1,1,1,1,1,1,1,1,1,1,1,1,
1,1,1,1,1,1,1,1,1,1,1,1,1,1),(-0.000530947680215183,-0.000398210760161387,
-0.000265473840107592,4.33680868994202E-19,0.000265473840107592,0.000530947680215183,
0.000796421520322775,0.00106189536043037,0.00132736920053796,0.00159284304064555,
0.00172557996069935,0.00185831688075314,0.00212379072086073,0.00238926456096832,
0.00265473840107592,0.00278747532112971,0.00292021224118351,0.0031856860812911,
0.00345115992139869,0.00371663376150628,0.00384937068156008,0.00398210760161387,
0.00424758144172147,0.00451305528182906,0.00477852912193665,0.00504400296204424),
 .UNSPECIFIED.);
#173=B_SPLINE_CURVE_WITH_KNOTS('',3,(#6599,#6600,#6601,#6602,#6603,#6604,
#6605,#6606,#6607,#6608,#6609,#6610,#6611,#6612,#6613,#6614,#6615,#6616,
#6617,#6618,#6619,#6620,#6621),.UNSPECIFIED.,.T.,.F.,(1,1,1,1,1,1,1,1,1,
1,1,1,1,1,1,1,1,1,1,1,1,1,1,1,1,1,1),(-0.000545923426229157,-0.000272961713114578,
-0.000136480856557288,1.30104260698261E-18,0.000136480856557291,0.000272961713114581,
0.00054592342622916,0.00081888513934374,0.00109184685245832,0.0013648085655729,
0.00163777027868748,0.00191073199180206,0.00204721284835935,0.00218369370491664,
0.00232017456147393,0.00245665541803122,0.0027296171311458,0.00300257884426038,
0.00327554055737496,0.00354850227048954,0.00382146398360411,0.00409442569671869,
0.00423090655327598,0.00436738740983327,0.00450386826639056,0.00464034912294785,
0.00491331083606243),.UNSPECIFIED.);
#174=B_SPLINE_CURVE_WITH_KNOTS('',3,(#6624,#6625,#6626,#6627,#6628,#6629,
#6630,#6631,#6632,#6633,#6634,#6635,#6636,#6637,#6638,#6639,#6640,#6641,
#6642,#6643,#6644,#6645,#6646),.UNSPECIFIED.,.T.,.F.,(1,1,1,1,1,1,1,1,1,
1,1,1,1,1,1,1,1,1,1,1,1,1,1,1,1,1,1),(-0.000814085681203215,-0.000542723787468806,
-0.000271361893734396,1.43114686768087E-17,0.000135680946867219,0.000271361893734424,
0.000542723787468833,0.000814085681203243,0.00108544757493765,0.00122112852180486,
0.00135680946867206,0.00162817136240647,0.00189953325614088,0.00217089514987529,
0.0023065760967425,0.0024422570436097,0.00271361893734411,0.00298498083107852,
0.00325634272481293,0.00339202367168013,0.00352770461854734,0.00379906651228175,
0.00407042840601616,0.00434179029975057,0.00447747124661777,0.00461315219348498,
0.00488451408721939),.UNSPECIFIED.);
#175=B_SPLINE_CURVE_WITH_KNOTS('',3,(#6649,#6650,#6651,#6652,#6653,#6654,
#6655,#6656,#6657,#6658,#6659,#6660,#6661,#6662,#6663,#6664,#6665,#6666,
#6667,#6668,#6669,#6670,#6671),.UNSPECIFIED.,.T.,.F.,(1,1,1,1,1,1,1,1,1,
1,1,1,1,1,1,1,1,1,1,1,1,1,1,1,1,1,1),(-0.000674039774156115,-0.000539231819324892,
-0.000269615909662445,8.67361737988404E-19,0.000269615909662447,0.000539231819324894,
0.000808847728987341,0.00107846363864979,0.00121327159348101,0.00134807954831223,
0.00148288750314346,0.00161769545797468,0.00188731136763713,0.00215692727729957,
0.00242654318696202,0.00269615909662447,0.00296577500628691,0.00323539091594936,
0.00337019887078058,0.00350500682561181,0.00363981478044303,0.00377462273527425,
0.0040442386449367,0.00431385455459915,0.00458347046426159,0.00485308637392404,
0.00512270228358649),.UNSPECIFIED.);
#176=B_SPLINE_CURVE_WITH_KNOTS('',3,(#6674,#6675,#6676,#6677,#6678,#6679,
#6680,#6681,#6682,#6683,#6684,#6685,#6686,#6687,#6688,#6689,#6690,#6691,
#6692,#6693,#6694,#6695,#6696),.UNSPECIFIED.,.T.,.F.,(1,1,1,1,1,1,1,1,1,
1,1,1,1,1,1,1,1,1,1,1,1,1,1,1,1,1,1),(-0.000533881490098666,-0.000400411117573983,
-0.0002669407450493,6.63970934102082E-17,0.000266940745049433,0.0005338814900988,
0.000800822235148166,0.00106776298019753,0.0013347037252469,0.00146817409777158,
0.00160164447029627,0.00173511484282095,0.00186858521534563,0.002135525960395,
0.00240246670544437,0.00266940745049373,0.0029363481955431,0.00320328894059247,
0.00347022968564183,0.00360370005816652,0.0037371704306912,0.00387064080321588,
0.00400411117574057,0.00427105192078993,0.0045379926658393,0.00480493341088867,
0.00507187415593803),.UNSPECIFIED.);
#177=B_SPLINE_CURVE_WITH_KNOTS('',3,(#6699,#6700,#6701,#6702,#6703,#6704,
#6705,#6706,#6707,#6708,#6709,#6710,#6711,#6712,#6713,#6714,#6715,#6716,
#6717,#6718,#6719,#6720,#6721),.UNSPECIFIED.,.T.,.F.,(1,1,1,1,1,1,1,1,1,
1,1,1,1,1,1,1,1,1,1,1,1,1,1,1,1,1,1),(-0.000678763890605628,-0.000543011112484475,
-0.000271505556242169,1.36977949718855E-16,0.000271505556242443,0.000543011112484749,
0.000814516668727055,0.00108602222496936,0.00122177500309051,0.00135752778121167,
0.00149328055933282,0.00162903333745397,0.00190053889369628,0.00217204444993858,
0.00244355000618089,0.0027150555624232,0.0029865611186655,0.00325806667490781,
0.00339381945302896,0.00352957223115011,0.00366532500927127,0.00380107778739242,
0.00407258334363473,0.00434408889987703,0.00461559445611934,0.00488710001236164,
0.00515860556860395),.UNSPECIFIED.);
#178=CYLINDRICAL_SURFACE('',#2973,602.999999999995);
#179=CYLINDRICAL_SURFACE('',#2995,615.);
#180=CYLINDRICAL_SURFACE('',#2996,95.0000000000003);
#181=CYLINDRICAL_SURFACE('',#2997,107.);
#182=CYLINDRICAL_SURFACE('',#3018,599.999999999995);
#183=CYLINDRICAL_SURFACE('',#3021,110.);
#184=CYLINDRICAL_SURFACE('',#3064,0.249999999999992);
#185=CYLINDRICAL_SURFACE('',#3067,0.4);
#186=CYLINDRICAL_SURFACE('',#3069,0.4);
#187=CYLINDRICAL_SURFACE('',#3072,0.25);
#188=CYLINDRICAL_SURFACE('',#3122,0.249999999999992);
#189=CYLINDRICAL_SURFACE('',#3125,0.4);
#190=CYLINDRICAL_SURFACE('',#3127,0.4);
#191=CYLINDRICAL_SURFACE('',#3130,0.25);
#192=CYLINDRICAL_SURFACE('',#3145,0.500000000000001);
#193=CYLINDRICAL_SURFACE('',#3146,0.5);
#194=CYLINDRICAL_SURFACE('',#3147,0.499999999999999);
#195=CYLINDRICAL_SURFACE('',#3148,0.499999999999997);
#196=CYLINDRICAL_SURFACE('',#3149,0.500000000000002);
#197=CYLINDRICAL_SURFACE('',#3150,0.500000000000001);
#198=CYLINDRICAL_SURFACE('',#3151,0.5);
#199=CYLINDRICAL_SURFACE('',#3152,0.499999999999999);
#200=CYLINDRICAL_SURFACE('',#3153,0.499999999999997);
#201=CYLINDRICAL_SURFACE('',#3159,2.2);
#202=CYLINDRICAL_SURFACE('',#3167,2.19999999999997);
#203=CYLINDRICAL_SURFACE('',#3172,0.500000000000001);
#204=CYLINDRICAL_SURFACE('',#3173,0.499999999999999);
#205=CYLINDRICAL_SURFACE('',#3174,0.500000000000004);
#206=CYLINDRICAL_SURFACE('',#3175,0.499999999999989);
#207=CYLINDRICAL_SURFACE('',#3176,0.499999999999995);
#208=CYLINDRICAL_SURFACE('',#3177,0.500000000000008);
#209=CYLINDRICAL_SURFACE('',#3178,0.499999999999996);
#210=CYLINDRICAL_SURFACE('',#3179,0.500000000000013);
#211=CYLINDRICAL_SURFACE('',#3180,0.500000000000018);
#212=CYLINDRICAL_SURFACE('',#3181,0.500000000000001);
#213=CYLINDRICAL_SURFACE('',#3182,0.499999999999999);
#214=CYLINDRICAL_SURFACE('',#3183,0.500000000000004);
#215=CYLINDRICAL_SURFACE('',#3184,0.499999999999989);
#216=CYLINDRICAL_SURFACE('',#3185,0.499999999999995);
#217=CYLINDRICAL_SURFACE('',#3186,0.500000000000008);
#218=CYLINDRICAL_SURFACE('',#3187,0.499999999999996);
#219=CYLINDRICAL_SURFACE('',#3188,0.500000000000013);
#220=CYLINDRICAL_SURFACE('',#3192,1.5);
#221=CYLINDRICAL_SURFACE('',#3193,1.5);
#222=CYLINDRICAL_SURFACE('',#3194,1.5);
#223=CYLINDRICAL_SURFACE('',#3195,1.5);
#224=CYLINDRICAL_SURFACE('',#3196,1.5);
#225=CYLINDRICAL_SURFACE('',#3197,1.5);
#226=CYLINDRICAL_SURFACE('',#3198,1.5);
#227=CYLINDRICAL_SURFACE('',#3199,1.5);
#228=CYLINDRICAL_SURFACE('',#3200,1.5);
#229=CYLINDRICAL_SURFACE('',#3201,1.5);
#230=CYLINDRICAL_SURFACE('',#3202,1.5);
#231=CYLINDRICAL_SURFACE('',#3203,1.5);
#232=CYLINDRICAL_SURFACE('',#3204,1.5);
#233=CYLINDRICAL_SURFACE('',#3205,1.5);
#234=CYLINDRICAL_SURFACE('',#3206,1.5);
#235=CYLINDRICAL_SURFACE('',#3207,1.5);
#236=CYLINDRICAL_SURFACE('',#3208,1.5);
#237=CYLINDRICAL_SURFACE('',#3209,1.5);
#238=CYLINDRICAL_SURFACE('',#3210,1.5);
#239=CYLINDRICAL_SURFACE('',#3211,1.5);
#240=CYLINDRICAL_SURFACE('',#3212,1.5);
#241=CYLINDRICAL_SURFACE('',#3213,1.5);
#242=CYLINDRICAL_SURFACE('',#3214,1.5);
#243=CYLINDRICAL_SURFACE('',#3215,1.5);
#244=CYLINDRICAL_SURFACE('',#3216,1.5);
#245=CYLINDRICAL_SURFACE('',#3217,1.5);
#246=CYLINDRICAL_SURFACE('',#3218,1.75000000000003);
#247=CYLINDRICAL_SURFACE('',#3219,1.75000000000003);
#248=CYLINDRICAL_SURFACE('',#3220,1.74999999999997);
#249=CYLINDRICAL_SURFACE('',#3221,1.75000000000777);
#250=CYLINDRICAL_SURFACE('',#3222,1.75);
#251=CYLINDRICAL_SURFACE('',#3223,1.75000000000776);
#252=CYLINDRICAL_SURFACE('',#3224,1.75);
#253=CYLINDRICAL_SURFACE('',#3225,1.75);
#254=CYLINDRICAL_SURFACE('',#3226,1.75);
#255=CYLINDRICAL_SURFACE('',#3227,1.74999999999997);
#256=CYLINDRICAL_SURFACE('',#3228,1.75000000000003);
#257=CYLINDRICAL_SURFACE('',#3229,1.75000000000003);
#258=CYLINDRICAL_SURFACE('',#3230,1.74999999999997);
#259=CYLINDRICAL_SURFACE('',#3231,1.74999999999997);
#260=LINE('',#4076,#317);
#261=LINE('',#4080,#318);
#262=LINE('',#4084,#319);
#263=LINE('',#4088,#320);
#264=LINE('',#4164,#321);
#265=LINE('',#4173,#322);
#266=LINE('',#4183,#323);
#267=LINE('',#4187,#324);
#268=LINE('',#4334,#325);
#269=LINE('',#4335,#326);
#270=LINE('',#4819,#327);
#271=LINE('',#4820,#328);
#272=LINE('',#4830,#329);
#273=LINE('',#4832,#330);
#274=LINE('',#4833,#331);
#275=LINE('',#4902,#332);
#276=LINE('',#4903,#333);
#277=LINE('',#4973,#334);
#278=LINE('',#4981,#335);
#279=LINE('',#4989,#336);
#280=LINE('',#4993,#337);
#281=LINE('',#4999,#338);
#282=LINE('',#5000,#339);
#283=LINE('',#5002,#340);
#284=LINE('',#5004,#341);
#285=LINE('',#5008,#342);
#286=LINE('',#5010,#343);
#287=LINE('',#5013,#344);
#288=LINE('',#5015,#345);
#289=LINE('',#5027,#346);
#290=LINE('',#5028,#347);
#291=LINE('',#5048,#348);
#292=LINE('',#5049,#349);
#293=LINE('',#5058,#350);
#294=LINE('',#5072,#351);
#295=LINE('',#5080,#352);
#296=LINE('',#5082,#353);
#297=LINE('',#5084,#354);
#298=LINE('',#5088,#355);
#299=LINE('',#5090,#356);
#300=LINE('',#5094,#357);
#301=LINE('',#5096,#358);
#302=LINE('',#5098,#359);
#303=LINE('',#5106,#360);
#304=LINE('',#5120,#361);
#305=LINE('',#5130,#362);
#306=LINE('',#5144,#363);
#307=LINE('',#5154,#364);
#308=LINE('',#5168,#365);
#309=LINE('',#5176,#366);
#310=LINE('',#5178,#367);
#311=LINE('',#5180,#368);
#312=LINE('',#5184,#369);
#313=LINE('',#5186,#370);
#314=LINE('',#5190,#371);
#315=LINE('',#5192,#372);
#316=LINE('',#5194,#373);
#317=VECTOR('',#3312,1000.);
#318=VECTOR('',#3315,1000.);
#319=VECTOR('',#3318,1000.);
#320=VECTOR('',#3321,1000.);
#321=VECTOR('',#3398,1000.);
#322=VECTOR('',#3405,1000.);
#323=VECTOR('',#3414,1000.);
#324=VECTOR('',#3417,1000.);
#325=VECTOR('',#3454,1000.);
#326=VECTOR('',#3455,1000.);
#327=VECTOR('',#3478,1000.);
#328=VECTOR('',#3479,1000.);
#329=VECTOR('',#3480,1000.);
#330=VECTOR('',#3483,1000.);
#331=VECTOR('',#3484,1000.);
#332=VECTOR('',#3497,1000.);
#333=VECTOR('',#3498,1000.);
#334=VECTOR('',#3513,1000.);
#335=VECTOR('',#3520,1000.);
#336=VECTOR('',#3527,1000.);
#337=VECTOR('',#3530,1000.);
#338=VECTOR('',#3537,1000.);
#339=VECTOR('',#3538,1000.);
#340=VECTOR('',#3541,1000.);
#341=VECTOR('',#3542,1000.);
#342=VECTOR('',#3547,1000.);
#343=VECTOR('',#3550,1000.);
#344=VECTOR('',#3555,1000.);
#345=VECTOR('',#3558,1000.);
#346=VECTOR('',#3573,1000.);
#347=VECTOR('',#3574,1000.);
#348=VECTOR('',#3597,1000.);
#349=VECTOR('',#3598,1000.);
#350=VECTOR('',#3613,1000.);
#351=VECTOR('',#3632,1000.);
#352=VECTOR('',#3643,1000.);
#353=VECTOR('',#3646,1000.);
#354=VECTOR('',#3647,1000.);
#355=VECTOR('',#3652,1000.);
#356=VECTOR('',#3655,1000.);
#357=VECTOR('',#3658,1000.);
#358=VECTOR('',#3661,1000.);
#359=VECTOR('',#3662,1000.);
#360=VECTOR('',#3675,1000.);
#361=VECTOR('',#3694,1000.);
#362=VECTOR('',#3709,1000.);
#363=VECTOR('',#3728,1000.);
#364=VECTOR('',#3743,1000.);
#365=VECTOR('',#3762,1000.);
#366=VECTOR('',#3773,1000.);
#367=VECTOR('',#3776,1000.);
#368=VECTOR('',#3777,1000.);
#369=VECTOR('',#3782,1000.);
#370=VECTOR('',#3785,1000.);
#371=VECTOR('',#3788,1000.);
#372=VECTOR('',#3791,1000.);
#373=VECTOR('',#3792,1000.);
#374=ORIENTED_EDGE('',*,*,#1082,.F.);
#375=ORIENTED_EDGE('',*,*,#1083,.T.);
#376=ORIENTED_EDGE('',*,*,#1084,.T.);
#377=ORIENTED_EDGE('',*,*,#1085,.T.);
#378=ORIENTED_EDGE('',*,*,#1086,.F.);
#379=ORIENTED_EDGE('',*,*,#1087,.F.);
#380=ORIENTED_EDGE('',*,*,#1088,.T.);
#381=ORIENTED_EDGE('',*,*,#1089,.T.);
#382=ORIENTED_EDGE('',*,*,#1090,.T.);
#383=ORIENTED_EDGE('',*,*,#1091,.T.);
#384=ORIENTED_EDGE('',*,*,#1092,.T.);
#385=ORIENTED_EDGE('',*,*,#1093,.T.);
#386=ORIENTED_EDGE('',*,*,#1094,.T.);
#387=ORIENTED_EDGE('',*,*,#1095,.T.);
#388=ORIENTED_EDGE('',*,*,#1096,.T.);
#389=ORIENTED_EDGE('',*,*,#1097,.T.);
#390=ORIENTED_EDGE('',*,*,#1098,.T.);
#391=ORIENTED_EDGE('',*,*,#1099,.T.);
#392=ORIENTED_EDGE('',*,*,#1100,.T.);
#393=ORIENTED_EDGE('',*,*,#1101,.T.);
#394=ORIENTED_EDGE('',*,*,#1102,.T.);
#395=ORIENTED_EDGE('',*,*,#1103,.T.);
#396=ORIENTED_EDGE('',*,*,#1104,.T.);
#397=ORIENTED_EDGE('',*,*,#1105,.T.);
#398=ORIENTED_EDGE('',*,*,#1106,.T.);
#399=ORIENTED_EDGE('',*,*,#1107,.T.);
#400=ORIENTED_EDGE('',*,*,#1108,.T.);
#401=ORIENTED_EDGE('',*,*,#1109,.T.);
#402=ORIENTED_EDGE('',*,*,#1110,.T.);
#403=ORIENTED_EDGE('',*,*,#1111,.T.);
#404=ORIENTED_EDGE('',*,*,#1112,.T.);
#405=ORIENTED_EDGE('',*,*,#1113,.T.);
#406=ORIENTED_EDGE('',*,*,#1114,.T.);
#407=ORIENTED_EDGE('',*,*,#1115,.T.);
#408=ORIENTED_EDGE('',*,*,#1116,.T.);
#409=ORIENTED_EDGE('',*,*,#1117,.T.);
#410=ORIENTED_EDGE('',*,*,#1118,.T.);
#411=ORIENTED_EDGE('',*,*,#1119,.F.);
#412=ORIENTED_EDGE('',*,*,#1120,.F.);
#413=ORIENTED_EDGE('',*,*,#1121,.F.);
#414=ORIENTED_EDGE('',*,*,#1122,.F.);
#415=ORIENTED_EDGE('',*,*,#1123,.F.);
#416=ORIENTED_EDGE('',*,*,#1124,.F.);
#417=ORIENTED_EDGE('',*,*,#1125,.F.);
#418=ORIENTED_EDGE('',*,*,#1126,.F.);
#419=ORIENTED_EDGE('',*,*,#1127,.F.);
#420=ORIENTED_EDGE('',*,*,#1128,.F.);
#421=ORIENTED_EDGE('',*,*,#1129,.F.);
#422=ORIENTED_EDGE('',*,*,#1130,.T.);
#423=ORIENTED_EDGE('',*,*,#1131,.T.);
#424=ORIENTED_EDGE('',*,*,#1132,.T.);
#425=ORIENTED_EDGE('',*,*,#1133,.T.);
#426=ORIENTED_EDGE('',*,*,#1134,.T.);
#427=ORIENTED_EDGE('',*,*,#1135,.T.);
#428=ORIENTED_EDGE('',*,*,#1136,.T.);
#429=ORIENTED_EDGE('',*,*,#1137,.T.);
#430=ORIENTED_EDGE('',*,*,#1138,.F.);
#431=ORIENTED_EDGE('',*,*,#1139,.F.);
#432=ORIENTED_EDGE('',*,*,#1140,.F.);
#433=ORIENTED_EDGE('',*,*,#1141,.F.);
#434=ORIENTED_EDGE('',*,*,#1142,.F.);
#435=ORIENTED_EDGE('',*,*,#1143,.F.);
#436=ORIENTED_EDGE('',*,*,#1144,.F.);
#437=ORIENTED_EDGE('',*,*,#1145,.F.);
#438=ORIENTED_EDGE('',*,*,#1146,.F.);
#439=ORIENTED_EDGE('',*,*,#1147,.F.);
#440=ORIENTED_EDGE('',*,*,#1148,.F.);
#441=ORIENTED_EDGE('',*,*,#1149,.F.);
#442=ORIENTED_EDGE('',*,*,#1150,.F.);
#443=ORIENTED_EDGE('',*,*,#1151,.F.);
#444=ORIENTED_EDGE('',*,*,#1152,.F.);
#445=ORIENTED_EDGE('',*,*,#1153,.F.);
#446=ORIENTED_EDGE('',*,*,#1154,.F.);
#447=ORIENTED_EDGE('',*,*,#1155,.F.);
#448=ORIENTED_EDGE('',*,*,#1156,.F.);
#449=ORIENTED_EDGE('',*,*,#1157,.F.);
#450=ORIENTED_EDGE('',*,*,#1158,.F.);
#451=ORIENTED_EDGE('',*,*,#1159,.F.);
#452=ORIENTED_EDGE('',*,*,#1160,.F.);
#453=ORIENTED_EDGE('',*,*,#1161,.F.);
#454=ORIENTED_EDGE('',*,*,#1162,.F.);
#455=ORIENTED_EDGE('',*,*,#1163,.F.);
#456=ORIENTED_EDGE('',*,*,#1164,.T.);
#457=ORIENTED_EDGE('',*,*,#1165,.T.);
#458=ORIENTED_EDGE('',*,*,#1166,.T.);
#459=ORIENTED_EDGE('',*,*,#1167,.T.);
#460=ORIENTED_EDGE('',*,*,#1168,.T.);
#461=ORIENTED_EDGE('',*,*,#1169,.T.);
#462=ORIENTED_EDGE('',*,*,#1170,.T.);
#463=ORIENTED_EDGE('',*,*,#1171,.T.);
#464=ORIENTED_EDGE('',*,*,#1172,.T.);
#465=ORIENTED_EDGE('',*,*,#1173,.T.);
#466=ORIENTED_EDGE('',*,*,#1174,.T.);
#467=ORIENTED_EDGE('',*,*,#1175,.T.);
#468=ORIENTED_EDGE('',*,*,#1176,.F.);
#469=ORIENTED_EDGE('',*,*,#1177,.F.);
#470=ORIENTED_EDGE('',*,*,#1178,.F.);
#471=ORIENTED_EDGE('',*,*,#1179,.F.);
#472=ORIENTED_EDGE('',*,*,#1180,.F.);
#473=ORIENTED_EDGE('',*,*,#1181,.F.);
#474=ORIENTED_EDGE('',*,*,#1182,.F.);
#475=ORIENTED_EDGE('',*,*,#1183,.T.);
#476=ORIENTED_EDGE('',*,*,#1184,.F.);
#477=ORIENTED_EDGE('',*,*,#1185,.F.);
#478=ORIENTED_EDGE('',*,*,#1186,.F.);
#479=ORIENTED_EDGE('',*,*,#1187,.T.);
#480=ORIENTED_EDGE('',*,*,#1188,.F.);
#481=ORIENTED_EDGE('',*,*,#1189,.F.);
#482=ORIENTED_EDGE('',*,*,#1190,.F.);
#483=ORIENTED_EDGE('',*,*,#1191,.F.);
#484=ORIENTED_EDGE('',*,*,#1192,.F.);
#485=ORIENTED_EDGE('',*,*,#1193,.F.);
#486=ORIENTED_EDGE('',*,*,#1194,.F.);
#487=ORIENTED_EDGE('',*,*,#1195,.F.);
#488=ORIENTED_EDGE('',*,*,#1196,.F.);
#489=ORIENTED_EDGE('',*,*,#1197,.F.);
#490=ORIENTED_EDGE('',*,*,#1198,.F.);
#491=ORIENTED_EDGE('',*,*,#1199,.F.);
#492=ORIENTED_EDGE('',*,*,#1200,.F.);
#493=ORIENTED_EDGE('',*,*,#1201,.F.);
#494=ORIENTED_EDGE('',*,*,#1202,.F.);
#495=ORIENTED_EDGE('',*,*,#1203,.T.);
#496=ORIENTED_EDGE('',*,*,#1121,.T.);
#497=ORIENTED_EDGE('',*,*,#1204,.F.);
#498=ORIENTED_EDGE('',*,*,#1205,.F.);
#499=ORIENTED_EDGE('',*,*,#1206,.F.);
#500=ORIENTED_EDGE('',*,*,#1207,.F.);
#501=ORIENTED_EDGE('',*,*,#1208,.F.);
#502=ORIENTED_EDGE('',*,*,#1209,.F.);
#503=ORIENTED_EDGE('',*,*,#1210,.F.);
#504=ORIENTED_EDGE('',*,*,#1211,.F.);
#505=ORIENTED_EDGE('',*,*,#1212,.F.);
#506=ORIENTED_EDGE('',*,*,#1213,.F.);
#507=ORIENTED_EDGE('',*,*,#1214,.F.);
#508=ORIENTED_EDGE('',*,*,#1215,.F.);
#509=ORIENTED_EDGE('',*,*,#1216,.F.);
#510=ORIENTED_EDGE('',*,*,#1217,.F.);
#511=ORIENTED_EDGE('',*,*,#1218,.F.);
#512=ORIENTED_EDGE('',*,*,#1219,.T.);
#513=ORIENTED_EDGE('',*,*,#1220,.T.);
#514=ORIENTED_EDGE('',*,*,#1221,.T.);
#515=ORIENTED_EDGE('',*,*,#1222,.T.);
#516=ORIENTED_EDGE('',*,*,#1223,.T.);
#517=ORIENTED_EDGE('',*,*,#1224,.T.);
#518=ORIENTED_EDGE('',*,*,#1225,.T.);
#519=ORIENTED_EDGE('',*,*,#1226,.T.);
#520=ORIENTED_EDGE('',*,*,#1227,.T.);
#521=ORIENTED_EDGE('',*,*,#1228,.T.);
#522=ORIENTED_EDGE('',*,*,#1229,.T.);
#523=ORIENTED_EDGE('',*,*,#1230,.T.);
#524=ORIENTED_EDGE('',*,*,#1231,.T.);
#525=ORIENTED_EDGE('',*,*,#1232,.T.);
#526=ORIENTED_EDGE('',*,*,#1233,.T.);
#527=ORIENTED_EDGE('',*,*,#1234,.T.);
#528=ORIENTED_EDGE('',*,*,#1235,.T.);
#529=ORIENTED_EDGE('',*,*,#1236,.T.);
#530=ORIENTED_EDGE('',*,*,#1237,.T.);
#531=ORIENTED_EDGE('',*,*,#1172,.F.);
#532=ORIENTED_EDGE('',*,*,#1238,.F.);
#533=ORIENTED_EDGE('',*,*,#1123,.T.);
#534=ORIENTED_EDGE('',*,*,#1239,.T.);
#535=ORIENTED_EDGE('',*,*,#1240,.T.);
#536=ORIENTED_EDGE('',*,*,#1241,.T.);
#537=ORIENTED_EDGE('',*,*,#1174,.F.);
#538=ORIENTED_EDGE('',*,*,#1242,.F.);
#539=ORIENTED_EDGE('',*,*,#1125,.T.);
#540=ORIENTED_EDGE('',*,*,#1243,.T.);
#541=ORIENTED_EDGE('',*,*,#1244,.T.);
#542=ORIENTED_EDGE('',*,*,#1245,.F.);
#543=ORIENTED_EDGE('',*,*,#1246,.T.);
#544=ORIENTED_EDGE('',*,*,#1247,.F.);
#545=ORIENTED_EDGE('',*,*,#1248,.F.);
#546=ORIENTED_EDGE('',*,*,#1249,.F.);
#547=ORIENTED_EDGE('',*,*,#1250,.T.);
#548=ORIENTED_EDGE('',*,*,#1251,.F.);
#549=ORIENTED_EDGE('',*,*,#1252,.F.);
#550=ORIENTED_EDGE('',*,*,#1253,.F.);
#551=ORIENTED_EDGE('',*,*,#1254,.T.);
#552=ORIENTED_EDGE('',*,*,#1119,.T.);
#553=ORIENTED_EDGE('',*,*,#1255,.F.);
#554=ORIENTED_EDGE('',*,*,#1256,.F.);
#555=ORIENTED_EDGE('',*,*,#1257,.F.);
#556=ORIENTED_EDGE('',*,*,#1258,.F.);
#557=ORIENTED_EDGE('',*,*,#1259,.T.);
#558=ORIENTED_EDGE('',*,*,#1260,.F.);
#559=ORIENTED_EDGE('',*,*,#1261,.F.);
#560=ORIENTED_EDGE('',*,*,#1262,.F.);
#561=ORIENTED_EDGE('',*,*,#1263,.T.);
#562=ORIENTED_EDGE('',*,*,#1264,.F.);
#563=ORIENTED_EDGE('',*,*,#1265,.T.);
#564=ORIENTED_EDGE('',*,*,#1266,.F.);
#565=ORIENTED_EDGE('',*,*,#1267,.F.);
#566=ORIENTED_EDGE('',*,*,#1268,.F.);
#567=ORIENTED_EDGE('',*,*,#1269,.F.);
#568=ORIENTED_EDGE('',*,*,#1270,.F.);
#569=ORIENTED_EDGE('',*,*,#1271,.F.);
#570=ORIENTED_EDGE('',*,*,#1272,.F.);
#571=ORIENTED_EDGE('',*,*,#1273,.F.);
#572=ORIENTED_EDGE('',*,*,#1274,.T.);
#573=ORIENTED_EDGE('',*,*,#1275,.T.);
#574=ORIENTED_EDGE('',*,*,#1276,.T.);
#575=ORIENTED_EDGE('',*,*,#1277,.T.);
#576=ORIENTED_EDGE('',*,*,#1173,.F.);
#577=ORIENTED_EDGE('',*,*,#1239,.F.);
#578=ORIENTED_EDGE('',*,*,#1126,.T.);
#579=ORIENTED_EDGE('',*,*,#1242,.T.);
#580=ORIENTED_EDGE('',*,*,#1278,.F.);
#581=ORIENTED_EDGE('',*,*,#1279,.T.);
#582=ORIENTED_EDGE('',*,*,#1274,.F.);
#583=ORIENTED_EDGE('',*,*,#1280,.F.);
#584=ORIENTED_EDGE('',*,*,#1281,.F.);
#585=ORIENTED_EDGE('',*,*,#1282,.T.);
#586=ORIENTED_EDGE('',*,*,#1275,.F.);
#587=ORIENTED_EDGE('',*,*,#1279,.F.);
#588=ORIENTED_EDGE('',*,*,#1283,.F.);
#589=ORIENTED_EDGE('',*,*,#1284,.T.);
#590=ORIENTED_EDGE('',*,*,#1276,.F.);
#591=ORIENTED_EDGE('',*,*,#1282,.F.);
#592=ORIENTED_EDGE('',*,*,#1285,.F.);
#593=ORIENTED_EDGE('',*,*,#1280,.T.);
#594=ORIENTED_EDGE('',*,*,#1277,.F.);
#595=ORIENTED_EDGE('',*,*,#1284,.F.);
#596=ORIENTED_EDGE('',*,*,#1175,.F.);
#597=ORIENTED_EDGE('',*,*,#1243,.F.);
#598=ORIENTED_EDGE('',*,*,#1124,.T.);
#599=ORIENTED_EDGE('',*,*,#1238,.T.);
#600=ORIENTED_EDGE('',*,*,#1120,.T.);
#601=ORIENTED_EDGE('',*,*,#1254,.F.);
#602=ORIENTED_EDGE('',*,*,#1286,.F.);
#603=ORIENTED_EDGE('',*,*,#1204,.T.);
#604=ORIENTED_EDGE('',*,*,#1122,.T.);
#605=ORIENTED_EDGE('',*,*,#1203,.F.);
#606=ORIENTED_EDGE('',*,*,#1287,.F.);
#607=ORIENTED_EDGE('',*,*,#1255,.T.);
#608=ORIENTED_EDGE('',*,*,#1184,.T.);
#609=ORIENTED_EDGE('',*,*,#1182,.T.);
#610=ORIENTED_EDGE('',*,*,#1217,.T.);
#611=ORIENTED_EDGE('',*,*,#1215,.T.);
#612=ORIENTED_EDGE('',*,*,#1213,.T.);
#613=ORIENTED_EDGE('',*,*,#1211,.T.);
#614=ORIENTED_EDGE('',*,*,#1209,.T.);
#615=ORIENTED_EDGE('',*,*,#1207,.T.);
#616=ORIENTED_EDGE('',*,*,#1205,.T.);
#617=ORIENTED_EDGE('',*,*,#1286,.T.);
#618=ORIENTED_EDGE('',*,*,#1253,.T.);
#619=ORIENTED_EDGE('',*,*,#1251,.T.);
#620=ORIENTED_EDGE('',*,*,#1249,.T.);
#621=ORIENTED_EDGE('',*,*,#1247,.T.);
#622=ORIENTED_EDGE('',*,*,#1245,.T.);
#623=ORIENTED_EDGE('',*,*,#1264,.T.);
#624=ORIENTED_EDGE('',*,*,#1262,.T.);
#625=ORIENTED_EDGE('',*,*,#1260,.T.);
#626=ORIENTED_EDGE('',*,*,#1258,.T.);
#627=ORIENTED_EDGE('',*,*,#1256,.T.);
#628=ORIENTED_EDGE('',*,*,#1287,.T.);
#629=ORIENTED_EDGE('',*,*,#1202,.T.);
#630=ORIENTED_EDGE('',*,*,#1200,.T.);
#631=ORIENTED_EDGE('',*,*,#1198,.T.);
#632=ORIENTED_EDGE('',*,*,#1196,.T.);
#633=ORIENTED_EDGE('',*,*,#1194,.T.);
#634=ORIENTED_EDGE('',*,*,#1192,.T.);
#635=ORIENTED_EDGE('',*,*,#1190,.T.);
#636=ORIENTED_EDGE('',*,*,#1188,.T.);
#637=ORIENTED_EDGE('',*,*,#1186,.T.);
#638=ORIENTED_EDGE('',*,*,#1278,.T.);
#639=ORIENTED_EDGE('',*,*,#1285,.T.);
#640=ORIENTED_EDGE('',*,*,#1283,.T.);
#641=ORIENTED_EDGE('',*,*,#1281,.T.);
#642=ORIENTED_EDGE('',*,*,#1288,.T.);
#643=ORIENTED_EDGE('',*,*,#1289,.T.);
#644=ORIENTED_EDGE('',*,*,#1166,.F.);
#645=ORIENTED_EDGE('',*,*,#1290,.F.);
#646=ORIENTED_EDGE('',*,*,#1291,.T.);
#647=ORIENTED_EDGE('',*,*,#1292,.T.);
#648=ORIENTED_EDGE('',*,*,#1288,.F.);
#649=ORIENTED_EDGE('',*,*,#1293,.F.);
#650=ORIENTED_EDGE('',*,*,#1294,.T.);
#651=ORIENTED_EDGE('',*,*,#1295,.T.);
#652=ORIENTED_EDGE('',*,*,#1291,.F.);
#653=ORIENTED_EDGE('',*,*,#1296,.F.);
#654=ORIENTED_EDGE('',*,*,#1297,.T.);
#655=ORIENTED_EDGE('',*,*,#1298,.T.);
#656=ORIENTED_EDGE('',*,*,#1299,.F.);
#657=ORIENTED_EDGE('',*,*,#1300,.F.);
#658=ORIENTED_EDGE('',*,*,#1301,.T.);
#659=ORIENTED_EDGE('',*,*,#1302,.T.);
#660=ORIENTED_EDGE('',*,*,#1297,.F.);
#661=ORIENTED_EDGE('',*,*,#1303,.F.);
#662=ORIENTED_EDGE('',*,*,#1273,.T.);
#663=ORIENTED_EDGE('',*,*,#1304,.T.);
#664=ORIENTED_EDGE('',*,*,#1301,.F.);
#665=ORIENTED_EDGE('',*,*,#1305,.F.);
#666=ORIENTED_EDGE('',*,*,#1290,.T.);
#667=ORIENTED_EDGE('',*,*,#1165,.F.);
#668=ORIENTED_EDGE('',*,*,#1306,.F.);
#669=ORIENTED_EDGE('',*,*,#1307,.T.);
#670=ORIENTED_EDGE('',*,*,#1307,.F.);
#671=ORIENTED_EDGE('',*,*,#1308,.F.);
#672=ORIENTED_EDGE('',*,*,#1309,.T.);
#673=ORIENTED_EDGE('',*,*,#1293,.T.);
#674=ORIENTED_EDGE('',*,*,#1309,.F.);
#675=ORIENTED_EDGE('',*,*,#1310,.F.);
#676=ORIENTED_EDGE('',*,*,#1311,.T.);
#677=ORIENTED_EDGE('',*,*,#1296,.T.);
#678=ORIENTED_EDGE('',*,*,#1312,.F.);
#679=ORIENTED_EDGE('',*,*,#1313,.F.);
#680=ORIENTED_EDGE('',*,*,#1314,.T.);
#681=ORIENTED_EDGE('',*,*,#1300,.T.);
#682=ORIENTED_EDGE('',*,*,#1314,.F.);
#683=ORIENTED_EDGE('',*,*,#1315,.F.);
#684=ORIENTED_EDGE('',*,*,#1316,.T.);
#685=ORIENTED_EDGE('',*,*,#1303,.T.);
#686=ORIENTED_EDGE('',*,*,#1316,.F.);
#687=ORIENTED_EDGE('',*,*,#1317,.F.);
#688=ORIENTED_EDGE('',*,*,#1266,.T.);
#689=ORIENTED_EDGE('',*,*,#1305,.T.);
#690=ORIENTED_EDGE('',*,*,#1306,.T.);
#691=ORIENTED_EDGE('',*,*,#1164,.F.);
#692=ORIENTED_EDGE('',*,*,#1318,.F.);
#693=ORIENTED_EDGE('',*,*,#1319,.T.);
#694=ORIENTED_EDGE('',*,*,#1319,.F.);
#695=ORIENTED_EDGE('',*,*,#1320,.F.);
#696=ORIENTED_EDGE('',*,*,#1321,.T.);
#697=ORIENTED_EDGE('',*,*,#1308,.T.);
#698=ORIENTED_EDGE('',*,*,#1321,.F.);
#699=ORIENTED_EDGE('',*,*,#1322,.F.);
#700=ORIENTED_EDGE('',*,*,#1323,.T.);
#701=ORIENTED_EDGE('',*,*,#1310,.T.);
#702=ORIENTED_EDGE('',*,*,#1324,.F.);
#703=ORIENTED_EDGE('',*,*,#1325,.F.);
#704=ORIENTED_EDGE('',*,*,#1326,.T.);
#705=ORIENTED_EDGE('',*,*,#1313,.T.);
#706=ORIENTED_EDGE('',*,*,#1326,.F.);
#707=ORIENTED_EDGE('',*,*,#1327,.F.);
#708=ORIENTED_EDGE('',*,*,#1328,.T.);
#709=ORIENTED_EDGE('',*,*,#1315,.T.);
#710=ORIENTED_EDGE('',*,*,#1328,.F.);
#711=ORIENTED_EDGE('',*,*,#1329,.F.);
#712=ORIENTED_EDGE('',*,*,#1267,.T.);
#713=ORIENTED_EDGE('',*,*,#1317,.T.);
#714=ORIENTED_EDGE('',*,*,#1318,.T.);
#715=ORIENTED_EDGE('',*,*,#1171,.F.);
#716=ORIENTED_EDGE('',*,*,#1330,.F.);
#717=ORIENTED_EDGE('',*,*,#1331,.T.);
#718=ORIENTED_EDGE('',*,*,#1331,.F.);
#719=ORIENTED_EDGE('',*,*,#1332,.F.);
#720=ORIENTED_EDGE('',*,*,#1333,.T.);
#721=ORIENTED_EDGE('',*,*,#1320,.T.);
#722=ORIENTED_EDGE('',*,*,#1333,.F.);
#723=ORIENTED_EDGE('',*,*,#1334,.F.);
#724=ORIENTED_EDGE('',*,*,#1335,.T.);
#725=ORIENTED_EDGE('',*,*,#1322,.T.);
#726=ORIENTED_EDGE('',*,*,#1336,.F.);
#727=ORIENTED_EDGE('',*,*,#1337,.F.);
#728=ORIENTED_EDGE('',*,*,#1338,.T.);
#729=ORIENTED_EDGE('',*,*,#1325,.T.);
#730=ORIENTED_EDGE('',*,*,#1338,.F.);
#731=ORIENTED_EDGE('',*,*,#1339,.F.);
#732=ORIENTED_EDGE('',*,*,#1340,.T.);
#733=ORIENTED_EDGE('',*,*,#1327,.T.);
#734=ORIENTED_EDGE('',*,*,#1340,.F.);
#735=ORIENTED_EDGE('',*,*,#1341,.F.);
#736=ORIENTED_EDGE('',*,*,#1268,.T.);
#737=ORIENTED_EDGE('',*,*,#1329,.T.);
#738=ORIENTED_EDGE('',*,*,#1330,.T.);
#739=ORIENTED_EDGE('',*,*,#1170,.F.);
#740=ORIENTED_EDGE('',*,*,#1342,.F.);
#741=ORIENTED_EDGE('',*,*,#1343,.T.);
#742=ORIENTED_EDGE('',*,*,#1343,.F.);
#743=ORIENTED_EDGE('',*,*,#1344,.F.);
#744=ORIENTED_EDGE('',*,*,#1345,.T.);
#745=ORIENTED_EDGE('',*,*,#1332,.T.);
#746=ORIENTED_EDGE('',*,*,#1345,.F.);
#747=ORIENTED_EDGE('',*,*,#1346,.F.);
#748=ORIENTED_EDGE('',*,*,#1347,.T.);
#749=ORIENTED_EDGE('',*,*,#1334,.T.);
#750=ORIENTED_EDGE('',*,*,#1348,.F.);
#751=ORIENTED_EDGE('',*,*,#1349,.F.);
#752=ORIENTED_EDGE('',*,*,#1350,.T.);
#753=ORIENTED_EDGE('',*,*,#1337,.T.);
#754=ORIENTED_EDGE('',*,*,#1350,.F.);
#755=ORIENTED_EDGE('',*,*,#1351,.F.);
#756=ORIENTED_EDGE('',*,*,#1352,.T.);
#757=ORIENTED_EDGE('',*,*,#1339,.T.);
#758=ORIENTED_EDGE('',*,*,#1352,.F.);
#759=ORIENTED_EDGE('',*,*,#1353,.F.);
#760=ORIENTED_EDGE('',*,*,#1269,.T.);
#761=ORIENTED_EDGE('',*,*,#1341,.T.);
#762=ORIENTED_EDGE('',*,*,#1342,.T.);
#763=ORIENTED_EDGE('',*,*,#1169,.F.);
#764=ORIENTED_EDGE('',*,*,#1354,.F.);
#765=ORIENTED_EDGE('',*,*,#1355,.T.);
#766=ORIENTED_EDGE('',*,*,#1355,.F.);
#767=ORIENTED_EDGE('',*,*,#1356,.F.);
#768=ORIENTED_EDGE('',*,*,#1357,.T.);
#769=ORIENTED_EDGE('',*,*,#1344,.T.);
#770=ORIENTED_EDGE('',*,*,#1357,.F.);
#771=ORIENTED_EDGE('',*,*,#1358,.F.);
#772=ORIENTED_EDGE('',*,*,#1359,.T.);
#773=ORIENTED_EDGE('',*,*,#1346,.T.);
#774=ORIENTED_EDGE('',*,*,#1360,.F.);
#775=ORIENTED_EDGE('',*,*,#1361,.F.);
#776=ORIENTED_EDGE('',*,*,#1362,.T.);
#777=ORIENTED_EDGE('',*,*,#1349,.T.);
#778=ORIENTED_EDGE('',*,*,#1362,.F.);
#779=ORIENTED_EDGE('',*,*,#1363,.F.);
#780=ORIENTED_EDGE('',*,*,#1364,.T.);
#781=ORIENTED_EDGE('',*,*,#1351,.T.);
#782=ORIENTED_EDGE('',*,*,#1364,.F.);
#783=ORIENTED_EDGE('',*,*,#1365,.F.);
#784=ORIENTED_EDGE('',*,*,#1270,.T.);
#785=ORIENTED_EDGE('',*,*,#1353,.T.);
#786=ORIENTED_EDGE('',*,*,#1354,.T.);
#787=ORIENTED_EDGE('',*,*,#1168,.F.);
#788=ORIENTED_EDGE('',*,*,#1366,.F.);
#789=ORIENTED_EDGE('',*,*,#1367,.T.);
#790=ORIENTED_EDGE('',*,*,#1367,.F.);
#791=ORIENTED_EDGE('',*,*,#1368,.F.);
#792=ORIENTED_EDGE('',*,*,#1369,.T.);
#793=ORIENTED_EDGE('',*,*,#1356,.T.);
#794=ORIENTED_EDGE('',*,*,#1369,.F.);
#795=ORIENTED_EDGE('',*,*,#1370,.F.);
#796=ORIENTED_EDGE('',*,*,#1371,.T.);
#797=ORIENTED_EDGE('',*,*,#1358,.T.);
#798=ORIENTED_EDGE('',*,*,#1372,.F.);
#799=ORIENTED_EDGE('',*,*,#1373,.F.);
#800=ORIENTED_EDGE('',*,*,#1374,.T.);
#801=ORIENTED_EDGE('',*,*,#1361,.T.);
#802=ORIENTED_EDGE('',*,*,#1374,.F.);
#803=ORIENTED_EDGE('',*,*,#1375,.F.);
#804=ORIENTED_EDGE('',*,*,#1376,.T.);
#805=ORIENTED_EDGE('',*,*,#1363,.T.);
#806=ORIENTED_EDGE('',*,*,#1376,.F.);
#807=ORIENTED_EDGE('',*,*,#1377,.F.);
#808=ORIENTED_EDGE('',*,*,#1271,.T.);
#809=ORIENTED_EDGE('',*,*,#1365,.T.);
#810=ORIENTED_EDGE('',*,*,#1366,.T.);
#811=ORIENTED_EDGE('',*,*,#1167,.F.);
#812=ORIENTED_EDGE('',*,*,#1289,.F.);
#813=ORIENTED_EDGE('',*,*,#1378,.T.);
#814=ORIENTED_EDGE('',*,*,#1378,.F.);
#815=ORIENTED_EDGE('',*,*,#1292,.F.);
#816=ORIENTED_EDGE('',*,*,#1379,.T.);
#817=ORIENTED_EDGE('',*,*,#1368,.T.);
#818=ORIENTED_EDGE('',*,*,#1379,.F.);
#819=ORIENTED_EDGE('',*,*,#1295,.F.);
#820=ORIENTED_EDGE('',*,*,#1380,.T.);
#821=ORIENTED_EDGE('',*,*,#1370,.T.);
#822=ORIENTED_EDGE('',*,*,#1294,.F.);
#823=ORIENTED_EDGE('',*,*,#1311,.F.);
#824=ORIENTED_EDGE('',*,*,#1323,.F.);
#825=ORIENTED_EDGE('',*,*,#1335,.F.);
#826=ORIENTED_EDGE('',*,*,#1347,.F.);
#827=ORIENTED_EDGE('',*,*,#1359,.F.);
#828=ORIENTED_EDGE('',*,*,#1371,.F.);
#829=ORIENTED_EDGE('',*,*,#1380,.F.);
#830=ORIENTED_EDGE('',*,*,#1381,.T.);
#831=ORIENTED_EDGE('',*,*,#1372,.T.);
#832=ORIENTED_EDGE('',*,*,#1360,.T.);
#833=ORIENTED_EDGE('',*,*,#1348,.T.);
#834=ORIENTED_EDGE('',*,*,#1336,.T.);
#835=ORIENTED_EDGE('',*,*,#1324,.T.);
#836=ORIENTED_EDGE('',*,*,#1312,.T.);
#837=ORIENTED_EDGE('',*,*,#1299,.T.);
#838=ORIENTED_EDGE('',*,*,#1381,.F.);
#839=ORIENTED_EDGE('',*,*,#1298,.F.);
#840=ORIENTED_EDGE('',*,*,#1382,.T.);
#841=ORIENTED_EDGE('',*,*,#1373,.T.);
#842=ORIENTED_EDGE('',*,*,#1382,.F.);
#843=ORIENTED_EDGE('',*,*,#1302,.F.);
#844=ORIENTED_EDGE('',*,*,#1383,.T.);
#845=ORIENTED_EDGE('',*,*,#1375,.T.);
#846=ORIENTED_EDGE('',*,*,#1383,.F.);
#847=ORIENTED_EDGE('',*,*,#1304,.F.);
#848=ORIENTED_EDGE('',*,*,#1272,.T.);
#849=ORIENTED_EDGE('',*,*,#1377,.T.);
#850=ORIENTED_EDGE('',*,*,#1384,.T.);
#851=ORIENTED_EDGE('',*,*,#1257,.T.);
#852=ORIENTED_EDGE('',*,*,#1385,.T.);
#853=ORIENTED_EDGE('',*,*,#1259,.F.);
#854=ORIENTED_EDGE('',*,*,#1386,.T.);
#855=ORIENTED_EDGE('',*,*,#1261,.T.);
#856=ORIENTED_EDGE('',*,*,#1387,.T.);
#857=ORIENTED_EDGE('',*,*,#1263,.F.);
#858=ORIENTED_EDGE('',*,*,#1388,.T.);
#859=ORIENTED_EDGE('',*,*,#1265,.F.);
#860=ORIENTED_EDGE('',*,*,#1389,.T.);
#861=ORIENTED_EDGE('',*,*,#1252,.T.);
#862=ORIENTED_EDGE('',*,*,#1390,.T.);
#863=ORIENTED_EDGE('',*,*,#1250,.F.);
#864=ORIENTED_EDGE('',*,*,#1391,.T.);
#865=ORIENTED_EDGE('',*,*,#1248,.T.);
#866=ORIENTED_EDGE('',*,*,#1392,.T.);
#867=ORIENTED_EDGE('',*,*,#1246,.F.);
#868=ORIENTED_EDGE('',*,*,#1393,.T.);
#869=ORIENTED_EDGE('',*,*,#1394,.T.);
#870=ORIENTED_EDGE('',*,*,#1395,.T.);
#871=ORIENTED_EDGE('',*,*,#1396,.T.);
#872=ORIENTED_EDGE('',*,*,#1397,.T.);
#873=ORIENTED_EDGE('',*,*,#1398,.T.);
#874=ORIENTED_EDGE('',*,*,#1399,.T.);
#875=ORIENTED_EDGE('',*,*,#1400,.T.);
#876=ORIENTED_EDGE('',*,*,#1401,.T.);
#877=ORIENTED_EDGE('',*,*,#1402,.T.);
#878=ORIENTED_EDGE('',*,*,#1403,.F.);
#879=ORIENTED_EDGE('',*,*,#1404,.T.);
#880=ORIENTED_EDGE('',*,*,#1405,.T.);
#881=ORIENTED_EDGE('',*,*,#1403,.T.);
#882=ORIENTED_EDGE('',*,*,#1389,.F.);
#883=ORIENTED_EDGE('',*,*,#1402,.F.);
#884=ORIENTED_EDGE('',*,*,#1401,.F.);
#885=ORIENTED_EDGE('',*,*,#1384,.F.);
#886=ORIENTED_EDGE('',*,*,#1400,.F.);
#887=ORIENTED_EDGE('',*,*,#1399,.F.);
#888=ORIENTED_EDGE('',*,*,#1385,.F.);
#889=ORIENTED_EDGE('',*,*,#1386,.F.);
#890=ORIENTED_EDGE('',*,*,#1398,.F.);
#891=ORIENTED_EDGE('',*,*,#1397,.F.);
#892=ORIENTED_EDGE('',*,*,#1387,.F.);
#893=ORIENTED_EDGE('',*,*,#1396,.F.);
#894=ORIENTED_EDGE('',*,*,#1388,.F.);
#895=ORIENTED_EDGE('',*,*,#1395,.F.);
#896=ORIENTED_EDGE('',*,*,#1392,.F.);
#897=ORIENTED_EDGE('',*,*,#1391,.F.);
#898=ORIENTED_EDGE('',*,*,#1394,.F.);
#899=ORIENTED_EDGE('',*,*,#1393,.F.);
#900=ORIENTED_EDGE('',*,*,#1390,.F.);
#901=ORIENTED_EDGE('',*,*,#1244,.F.);
#902=ORIENTED_EDGE('',*,*,#1406,.F.);
#903=ORIENTED_EDGE('',*,*,#1407,.F.);
#904=ORIENTED_EDGE('',*,*,#1406,.T.);
#905=ORIENTED_EDGE('',*,*,#1408,.T.);
#906=ORIENTED_EDGE('',*,*,#1409,.F.);
#907=ORIENTED_EDGE('',*,*,#1405,.F.);
#908=ORIENTED_EDGE('',*,*,#1410,.F.);
#909=ORIENTED_EDGE('',*,*,#1407,.T.);
#910=ORIENTED_EDGE('',*,*,#1410,.T.);
#911=ORIENTED_EDGE('',*,*,#1404,.F.);
#912=ORIENTED_EDGE('',*,*,#1409,.T.);
#913=ORIENTED_EDGE('',*,*,#1408,.F.);
#914=ORIENTED_EDGE('',*,*,#1241,.F.);
#915=ORIENTED_EDGE('',*,*,#1411,.T.);
#916=ORIENTED_EDGE('',*,*,#1412,.T.);
#917=ORIENTED_EDGE('',*,*,#1413,.T.);
#918=ORIENTED_EDGE('',*,*,#1411,.F.);
#919=ORIENTED_EDGE('',*,*,#1240,.F.);
#920=ORIENTED_EDGE('',*,*,#1413,.F.);
#921=ORIENTED_EDGE('',*,*,#1414,.T.);
#922=ORIENTED_EDGE('',*,*,#1415,.T.);
#923=ORIENTED_EDGE('',*,*,#1416,.T.);
#924=ORIENTED_EDGE('',*,*,#1237,.F.);
#925=ORIENTED_EDGE('',*,*,#1417,.T.);
#926=ORIENTED_EDGE('',*,*,#1201,.T.);
#927=ORIENTED_EDGE('',*,*,#1418,.T.);
#928=ORIENTED_EDGE('',*,*,#1199,.T.);
#929=ORIENTED_EDGE('',*,*,#1419,.T.);
#930=ORIENTED_EDGE('',*,*,#1197,.T.);
#931=ORIENTED_EDGE('',*,*,#1420,.T.);
#932=ORIENTED_EDGE('',*,*,#1195,.T.);
#933=ORIENTED_EDGE('',*,*,#1421,.T.);
#934=ORIENTED_EDGE('',*,*,#1193,.T.);
#935=ORIENTED_EDGE('',*,*,#1422,.T.);
#936=ORIENTED_EDGE('',*,*,#1191,.T.);
#937=ORIENTED_EDGE('',*,*,#1423,.T.);
#938=ORIENTED_EDGE('',*,*,#1189,.T.);
#939=ORIENTED_EDGE('',*,*,#1424,.T.);
#940=ORIENTED_EDGE('',*,*,#1187,.F.);
#941=ORIENTED_EDGE('',*,*,#1425,.T.);
#942=ORIENTED_EDGE('',*,*,#1185,.T.);
#943=ORIENTED_EDGE('',*,*,#1426,.T.);
#944=ORIENTED_EDGE('',*,*,#1206,.T.);
#945=ORIENTED_EDGE('',*,*,#1427,.T.);
#946=ORIENTED_EDGE('',*,*,#1208,.T.);
#947=ORIENTED_EDGE('',*,*,#1428,.T.);
#948=ORIENTED_EDGE('',*,*,#1210,.T.);
#949=ORIENTED_EDGE('',*,*,#1429,.T.);
#950=ORIENTED_EDGE('',*,*,#1212,.T.);
#951=ORIENTED_EDGE('',*,*,#1430,.T.);
#952=ORIENTED_EDGE('',*,*,#1214,.T.);
#953=ORIENTED_EDGE('',*,*,#1431,.T.);
#954=ORIENTED_EDGE('',*,*,#1216,.T.);
#955=ORIENTED_EDGE('',*,*,#1432,.T.);
#956=ORIENTED_EDGE('',*,*,#1218,.T.);
#957=ORIENTED_EDGE('',*,*,#1433,.T.);
#958=ORIENTED_EDGE('',*,*,#1183,.F.);
#959=ORIENTED_EDGE('',*,*,#1426,.F.);
#960=ORIENTED_EDGE('',*,*,#1236,.F.);
#961=ORIENTED_EDGE('',*,*,#1434,.F.);
#962=ORIENTED_EDGE('',*,*,#1416,.F.);
#963=ORIENTED_EDGE('',*,*,#1435,.F.);
#964=ORIENTED_EDGE('',*,*,#1412,.F.);
#965=ORIENTED_EDGE('',*,*,#1435,.T.);
#966=ORIENTED_EDGE('',*,*,#1415,.F.);
#967=ORIENTED_EDGE('',*,*,#1434,.T.);
#968=ORIENTED_EDGE('',*,*,#1414,.F.);
#969=ORIENTED_EDGE('',*,*,#1235,.F.);
#970=ORIENTED_EDGE('',*,*,#1417,.F.);
#971=ORIENTED_EDGE('',*,*,#1234,.F.);
#972=ORIENTED_EDGE('',*,*,#1418,.F.);
#973=ORIENTED_EDGE('',*,*,#1233,.F.);
#974=ORIENTED_EDGE('',*,*,#1419,.F.);
#975=ORIENTED_EDGE('',*,*,#1232,.F.);
#976=ORIENTED_EDGE('',*,*,#1420,.F.);
#977=ORIENTED_EDGE('',*,*,#1231,.F.);
#978=ORIENTED_EDGE('',*,*,#1421,.F.);
#979=ORIENTED_EDGE('',*,*,#1230,.F.);
#980=ORIENTED_EDGE('',*,*,#1422,.F.);
#981=ORIENTED_EDGE('',*,*,#1229,.F.);
#982=ORIENTED_EDGE('',*,*,#1423,.F.);
#983=ORIENTED_EDGE('',*,*,#1228,.F.);
#984=ORIENTED_EDGE('',*,*,#1227,.F.);
#985=ORIENTED_EDGE('',*,*,#1424,.F.);
#986=ORIENTED_EDGE('',*,*,#1425,.F.);
#987=ORIENTED_EDGE('',*,*,#1226,.F.);
#988=ORIENTED_EDGE('',*,*,#1225,.F.);
#989=ORIENTED_EDGE('',*,*,#1433,.F.);
#990=ORIENTED_EDGE('',*,*,#1432,.F.);
#991=ORIENTED_EDGE('',*,*,#1224,.F.);
#992=ORIENTED_EDGE('',*,*,#1431,.F.);
#993=ORIENTED_EDGE('',*,*,#1223,.F.);
#994=ORIENTED_EDGE('',*,*,#1430,.F.);
#995=ORIENTED_EDGE('',*,*,#1222,.F.);
#996=ORIENTED_EDGE('',*,*,#1429,.F.);
#997=ORIENTED_EDGE('',*,*,#1221,.F.);
#998=ORIENTED_EDGE('',*,*,#1428,.F.);
#999=ORIENTED_EDGE('',*,*,#1220,.F.);
#1000=ORIENTED_EDGE('',*,*,#1427,.F.);
#1001=ORIENTED_EDGE('',*,*,#1219,.F.);
#1002=ORIENTED_EDGE('',*,*,#1163,.T.);
#1003=ORIENTED_EDGE('',*,*,#1118,.F.);
#1004=ORIENTED_EDGE('',*,*,#1162,.T.);
#1005=ORIENTED_EDGE('',*,*,#1117,.F.);
#1006=ORIENTED_EDGE('',*,*,#1161,.T.);
#1007=ORIENTED_EDGE('',*,*,#1116,.F.);
#1008=ORIENTED_EDGE('',*,*,#1160,.T.);
#1009=ORIENTED_EDGE('',*,*,#1115,.F.);
#1010=ORIENTED_EDGE('',*,*,#1159,.T.);
#1011=ORIENTED_EDGE('',*,*,#1114,.F.);
#1012=ORIENTED_EDGE('',*,*,#1158,.T.);
#1013=ORIENTED_EDGE('',*,*,#1113,.F.);
#1014=ORIENTED_EDGE('',*,*,#1157,.T.);
#1015=ORIENTED_EDGE('',*,*,#1112,.F.);
#1016=ORIENTED_EDGE('',*,*,#1156,.T.);
#1017=ORIENTED_EDGE('',*,*,#1111,.F.);
#1018=ORIENTED_EDGE('',*,*,#1155,.T.);
#1019=ORIENTED_EDGE('',*,*,#1110,.F.);
#1020=ORIENTED_EDGE('',*,*,#1154,.T.);
#1021=ORIENTED_EDGE('',*,*,#1109,.F.);
#1022=ORIENTED_EDGE('',*,*,#1153,.T.);
#1023=ORIENTED_EDGE('',*,*,#1108,.F.);
#1024=ORIENTED_EDGE('',*,*,#1152,.T.);
#1025=ORIENTED_EDGE('',*,*,#1107,.F.);
#1026=ORIENTED_EDGE('',*,*,#1151,.T.);
#1027=ORIENTED_EDGE('',*,*,#1106,.F.);
#1028=ORIENTED_EDGE('',*,*,#1150,.T.);
#1029=ORIENTED_EDGE('',*,*,#1105,.F.);
#1030=ORIENTED_EDGE('',*,*,#1149,.T.);
#1031=ORIENTED_EDGE('',*,*,#1104,.F.);
#1032=ORIENTED_EDGE('',*,*,#1148,.T.);
#1033=ORIENTED_EDGE('',*,*,#1103,.F.);
#1034=ORIENTED_EDGE('',*,*,#1147,.T.);
#1035=ORIENTED_EDGE('',*,*,#1102,.F.);
#1036=ORIENTED_EDGE('',*,*,#1146,.T.);
#1037=ORIENTED_EDGE('',*,*,#1101,.F.);
#1038=ORIENTED_EDGE('',*,*,#1145,.T.);
#1039=ORIENTED_EDGE('',*,*,#1100,.F.);
#1040=ORIENTED_EDGE('',*,*,#1144,.T.);
#1041=ORIENTED_EDGE('',*,*,#1099,.F.);
#1042=ORIENTED_EDGE('',*,*,#1143,.T.);
#1043=ORIENTED_EDGE('',*,*,#1098,.F.);
#1044=ORIENTED_EDGE('',*,*,#1142,.T.);
#1045=ORIENTED_EDGE('',*,*,#1097,.F.);
#1046=ORIENTED_EDGE('',*,*,#1141,.T.);
#1047=ORIENTED_EDGE('',*,*,#1096,.F.);
#1048=ORIENTED_EDGE('',*,*,#1140,.T.);
#1049=ORIENTED_EDGE('',*,*,#1095,.F.);
#1050=ORIENTED_EDGE('',*,*,#1139,.T.);
#1051=ORIENTED_EDGE('',*,*,#1094,.F.);
#1052=ORIENTED_EDGE('',*,*,#1138,.T.);
#1053=ORIENTED_EDGE('',*,*,#1093,.F.);
#1054=ORIENTED_EDGE('',*,*,#1137,.F.);
#1055=ORIENTED_EDGE('',*,*,#1092,.F.);
#1056=ORIENTED_EDGE('',*,*,#1136,.F.);
#1057=ORIENTED_EDGE('',*,*,#1091,.F.);
#1058=ORIENTED_EDGE('',*,*,#1135,.F.);
#1059=ORIENTED_EDGE('',*,*,#1090,.F.);
#1060=ORIENTED_EDGE('',*,*,#1134,.F.);
#1061=ORIENTED_EDGE('',*,*,#1089,.F.);
#1062=ORIENTED_EDGE('',*,*,#1133,.F.);
#1063=ORIENTED_EDGE('',*,*,#1088,.F.);
#1064=ORIENTED_EDGE('',*,*,#1176,.T.);
#1065=ORIENTED_EDGE('',*,*,#1087,.T.);
#1066=ORIENTED_EDGE('',*,*,#1177,.T.);
#1067=ORIENTED_EDGE('',*,*,#1127,.T.);
#1068=ORIENTED_EDGE('',*,*,#1178,.T.);
#1069=ORIENTED_EDGE('',*,*,#1086,.T.);
#1070=ORIENTED_EDGE('',*,*,#1179,.T.);
#1071=ORIENTED_EDGE('',*,*,#1128,.T.);
#1072=ORIENTED_EDGE('',*,*,#1132,.F.);
#1073=ORIENTED_EDGE('',*,*,#1085,.F.);
#1074=ORIENTED_EDGE('',*,*,#1131,.F.);
#1075=ORIENTED_EDGE('',*,*,#1084,.F.);
#1076=ORIENTED_EDGE('',*,*,#1130,.F.);
#1077=ORIENTED_EDGE('',*,*,#1083,.F.);
#1078=ORIENTED_EDGE('',*,*,#1180,.T.);
#1079=ORIENTED_EDGE('',*,*,#1082,.T.);
#1080=ORIENTED_EDGE('',*,*,#1181,.T.);
#1081=ORIENTED_EDGE('',*,*,#1129,.T.);
#1082=EDGE_CURVE('',#1436,#1436,#1697,.T.);
#1083=EDGE_CURVE('',#1437,#1437,#1698,.T.);
#1084=EDGE_CURVE('',#1438,#1438,#1699,.T.);
#1085=EDGE_CURVE('',#1439,#1439,#1700,.T.);
#1086=EDGE_CURVE('',#1440,#1440,#1701,.T.);
#1087=EDGE_CURVE('',#1441,#1441,#1702,.T.);
#1088=EDGE_CURVE('',#1442,#1442,#1703,.T.);
#1089=EDGE_CURVE('',#1443,#1443,#1704,.T.);
#1090=EDGE_CURVE('',#1444,#1444,#1705,.T.);
#1091=EDGE_CURVE('',#1445,#1445,#1706,.T.);
#1092=EDGE_CURVE('',#1446,#1446,#1707,.T.);
#1093=EDGE_CURVE('',#1447,#1447,#1708,.T.);
#1094=EDGE_CURVE('',#1448,#1448,#1709,.T.);
#1095=EDGE_CURVE('',#1449,#1449,#1710,.T.);
#1096=EDGE_CURVE('',#1450,#1450,#1711,.T.);
#1097=EDGE_CURVE('',#1451,#1451,#1712,.T.);
#1098=EDGE_CURVE('',#1452,#1452,#1713,.T.);
#1099=EDGE_CURVE('',#1453,#1453,#1714,.T.);
#1100=EDGE_CURVE('',#1454,#1454,#1715,.T.);
#1101=EDGE_CURVE('',#1455,#1455,#1716,.T.);
#1102=EDGE_CURVE('',#1456,#1456,#1717,.T.);
#1103=EDGE_CURVE('',#1457,#1457,#1718,.T.);
#1104=EDGE_CURVE('',#1458,#1458,#1719,.T.);
#1105=EDGE_CURVE('',#1459,#1459,#1720,.T.);
#1106=EDGE_CURVE('',#1460,#1460,#1721,.T.);
#1107=EDGE_CURVE('',#1461,#1461,#1722,.T.);
#1108=EDGE_CURVE('',#1462,#1462,#1723,.T.);
#1109=EDGE_CURVE('',#1463,#1463,#1724,.T.);
#1110=EDGE_CURVE('',#1464,#1464,#1725,.T.);
#1111=EDGE_CURVE('',#1465,#1465,#1726,.T.);
#1112=EDGE_CURVE('',#1466,#1466,#1727,.T.);
#1113=EDGE_CURVE('',#1467,#1467,#1728,.T.);
#1114=EDGE_CURVE('',#1468,#1468,#1729,.T.);
#1115=EDGE_CURVE('',#1469,#1469,#1730,.T.);
#1116=EDGE_CURVE('',#1470,#1470,#1731,.T.);
#1117=EDGE_CURVE('',#1471,#1471,#1732,.T.);
#1118=EDGE_CURVE('',#1472,#1472,#1733,.T.);
#1119=EDGE_CURVE('',#1473,#1474,#1734,.T.);
#1120=EDGE_CURVE('',#1475,#1473,#260,.T.);
#1121=EDGE_CURVE('',#1476,#1475,#1735,.T.);
#1122=EDGE_CURVE('',#1474,#1476,#261,.T.);
#1123=EDGE_CURVE('',#1477,#1478,#1736,.T.);
#1124=EDGE_CURVE('',#1479,#1477,#262,.T.);
#1125=EDGE_CURVE('',#1480,#1479,#1737,.T.);
#1126=EDGE_CURVE('',#1478,#1480,#263,.T.);
#1127=EDGE_CURVE('',#1481,#1481,#1738,.T.);
#1128=EDGE_CURVE('',#1482,#1482,#1739,.T.);
#1129=EDGE_CURVE('',#1483,#1483,#1740,.T.);
#1130=EDGE_CURVE('',#1484,#1484,#1741,.F.);
#1131=EDGE_CURVE('',#1485,#1485,#1742,.F.);
#1132=EDGE_CURVE('',#1486,#1486,#1743,.F.);
#1133=EDGE_CURVE('',#1487,#1487,#1744,.F.);
#1134=EDGE_CURVE('',#1488,#1488,#1745,.F.);
#1135=EDGE_CURVE('',#1489,#1489,#1746,.F.);
#1136=EDGE_CURVE('',#1490,#1490,#1747,.F.);
#1137=EDGE_CURVE('',#1491,#1491,#1748,.F.);
#1138=EDGE_CURVE('',#1492,#1492,#1749,.T.);
#1139=EDGE_CURVE('',#1493,#1493,#1750,.T.);
#1140=EDGE_CURVE('',#1494,#1494,#1751,.T.);
#1141=EDGE_CURVE('',#1495,#1495,#1752,.T.);
#1142=EDGE_CURVE('',#1496,#1496,#1753,.T.);
#1143=EDGE_CURVE('',#1497,#1497,#1754,.T.);
#1144=EDGE_CURVE('',#1498,#1498,#1755,.T.);
#1145=EDGE_CURVE('',#1499,#1499,#1756,.T.);
#1146=EDGE_CURVE('',#1500,#1500,#1757,.T.);
#1147=EDGE_CURVE('',#1501,#1501,#1758,.T.);
#1148=EDGE_CURVE('',#1502,#1502,#1759,.T.);
#1149=EDGE_CURVE('',#1503,#1503,#1760,.T.);
#1150=EDGE_CURVE('',#1504,#1504,#1761,.T.);
#1151=EDGE_CURVE('',#1505,#1505,#1762,.T.);
#1152=EDGE_CURVE('',#1506,#1506,#1763,.T.);
#1153=EDGE_CURVE('',#1507,#1507,#1764,.T.);
#1154=EDGE_CURVE('',#1508,#1508,#1765,.T.);
#1155=EDGE_CURVE('',#1509,#1509,#1766,.T.);
#1156=EDGE_CURVE('',#1510,#1510,#1767,.T.);
#1157=EDGE_CURVE('',#1511,#1511,#1768,.T.);
#1158=EDGE_CURVE('',#1512,#1512,#1769,.T.);
#1159=EDGE_CURVE('',#1513,#1513,#1770,.T.);
#1160=EDGE_CURVE('',#1514,#1514,#1771,.T.);
#1161=EDGE_CURVE('',#1515,#1515,#1772,.T.);
#1162=EDGE_CURVE('',#1516,#1516,#1773,.T.);
#1163=EDGE_CURVE('',#1517,#1517,#1774,.T.);
#1164=EDGE_CURVE('',#1518,#1519,#264,.T.);
#1165=EDGE_CURVE('',#1519,#1520,#1775,.T.);
#1166=EDGE_CURVE('',#1520,#1521,#1776,.T.);
#1167=EDGE_CURVE('',#1521,#1522,#1777,.T.);
#1168=EDGE_CURVE('',#1522,#1523,#265,.T.);
#1169=EDGE_CURVE('',#1523,#1524,#1778,.T.);
#1170=EDGE_CURVE('',#1524,#1525,#1779,.T.);
#1171=EDGE_CURVE('',#1525,#1518,#1780,.T.);
#1172=EDGE_CURVE('',#1526,#1527,#1781,.T.);
#1173=EDGE_CURVE('',#1527,#1528,#266,.T.);
#1174=EDGE_CURVE('',#1528,#1529,#1782,.T.);
#1175=EDGE_CURVE('',#1529,#1526,#267,.T.);
#1176=EDGE_CURVE('',#1530,#1530,#1783,.T.);
#1177=EDGE_CURVE('',#1531,#1531,#1784,.T.);
#1178=EDGE_CURVE('',#1532,#1532,#1785,.T.);
#1179=EDGE_CURVE('',#1533,#1533,#1786,.T.);
#1180=EDGE_CURVE('',#1534,#1534,#1787,.T.);
#1181=EDGE_CURVE('',#1535,#1535,#1788,.T.);
#1182=EDGE_CURVE('',#1536,#1537,#1789,.T.);
#1183=EDGE_CURVE('',#1536,#1536,#92,.T.);
#1184=EDGE_CURVE('',#1538,#1536,#1790,.T.);
#1185=EDGE_CURVE('',#1538,#1538,#93,.T.);
#1186=EDGE_CURVE('',#1539,#1538,#1791,.T.);
#1187=EDGE_CURVE('',#1539,#1539,#94,.T.);
#1188=EDGE_CURVE('',#1540,#1539,#1792,.T.);
#1189=EDGE_CURVE('',#1540,#1540,#95,.T.);
#1190=EDGE_CURVE('',#1541,#1540,#1793,.T.);
#1191=EDGE_CURVE('',#1541,#1541,#96,.T.);
#1192=EDGE_CURVE('',#1542,#1541,#1794,.T.);
#1193=EDGE_CURVE('',#1542,#1542,#97,.T.);
#1194=EDGE_CURVE('',#1543,#1542,#1795,.T.);
#1195=EDGE_CURVE('',#1543,#1543,#98,.T.);
#1196=EDGE_CURVE('',#1544,#1543,#1796,.T.);
#1197=EDGE_CURVE('',#1544,#1544,#99,.T.);
#1198=EDGE_CURVE('',#1545,#1544,#1797,.T.);
#1199=EDGE_CURVE('',#1545,#1545,#100,.T.);
#1200=EDGE_CURVE('',#1546,#1545,#1798,.T.);
#1201=EDGE_CURVE('',#1546,#1546,#101,.T.);
#1202=EDGE_CURVE('',#1547,#1546,#1799,.T.);
#1203=EDGE_CURVE('',#1547,#1476,#268,.T.);
#1204=EDGE_CURVE('',#1548,#1475,#269,.T.);
#1205=EDGE_CURVE('',#1549,#1548,#1800,.T.);
#1206=EDGE_CURVE('',#1549,#1549,#102,.T.);
#1207=EDGE_CURVE('',#1550,#1549,#1801,.T.);
#1208=EDGE_CURVE('',#1550,#1550,#103,.T.);
#1209=EDGE_CURVE('',#1551,#1550,#1802,.T.);
#1210=EDGE_CURVE('',#1551,#1551,#104,.T.);
#1211=EDGE_CURVE('',#1552,#1551,#1803,.T.);
#1212=EDGE_CURVE('',#1552,#1552,#105,.T.);
#1213=EDGE_CURVE('',#1553,#1552,#1804,.T.);
#1214=EDGE_CURVE('',#1553,#1553,#106,.T.);
#1215=EDGE_CURVE('',#1554,#1553,#1805,.T.);
#1216=EDGE_CURVE('',#1554,#1554,#107,.T.);
#1217=EDGE_CURVE('',#1537,#1554,#1806,.T.);
#1218=EDGE_CURVE('',#1537,#1537,#108,.T.);
#1219=EDGE_CURVE('',#1555,#1555,#109,.T.);
#1220=EDGE_CURVE('',#1556,#1556,#110,.T.);
#1221=EDGE_CURVE('',#1557,#1557,#111,.T.);
#1222=EDGE_CURVE('',#1558,#1558,#112,.T.);
#1223=EDGE_CURVE('',#1559,#1559,#113,.T.);
#1224=EDGE_CURVE('',#1560,#1560,#114,.T.);
#1225=EDGE_CURVE('',#1561,#1561,#115,.T.);
#1226=EDGE_CURVE('',#1562,#1562,#116,.T.);
#1227=EDGE_CURVE('',#1563,#1563,#117,.T.);
#1228=EDGE_CURVE('',#1564,#1564,#118,.T.);
#1229=EDGE_CURVE('',#1565,#1565,#119,.T.);
#1230=EDGE_CURVE('',#1566,#1566,#120,.T.);
#1231=EDGE_CURVE('',#1567,#1567,#121,.T.);
#1232=EDGE_CURVE('',#1568,#1568,#122,.T.);
#1233=EDGE_CURVE('',#1569,#1569,#123,.T.);
#1234=EDGE_CURVE('',#1570,#1570,#124,.T.);
#1235=EDGE_CURVE('',#1571,#1571,#1807,.T.);
#1236=EDGE_CURVE('',#1572,#1572,#125,.T.);
#1237=EDGE_CURVE('',#1573,#1573,#1808,.F.);
#1238=EDGE_CURVE('',#1477,#1526,#270,.T.);
#1239=EDGE_CURVE('',#1478,#1527,#271,.T.);
#1240=EDGE_CURVE('',#1574,#1575,#126,.T.);
#1241=EDGE_CURVE('',#1575,#1574,#272,.F.);
#1242=EDGE_CURVE('',#1480,#1528,#273,.T.);
#1243=EDGE_CURVE('',#1479,#1529,#274,.T.);
#1244=EDGE_CURVE('',#1576,#1576,#127,.T.);
#1245=EDGE_CURVE('',#1577,#1578,#1809,.T.);
#1246=EDGE_CURVE('',#1577,#1577,#128,.T.);
#1247=EDGE_CURVE('',#1579,#1577,#1810,.T.);
#1248=EDGE_CURVE('',#1579,#1579,#129,.T.);
#1249=EDGE_CURVE('',#1580,#1579,#1811,.T.);
#1250=EDGE_CURVE('',#1580,#1580,#130,.T.);
#1251=EDGE_CURVE('',#1581,#1580,#1812,.T.);
#1252=EDGE_CURVE('',#1581,#1581,#131,.T.);
#1253=EDGE_CURVE('',#1582,#1581,#1813,.T.);
#1254=EDGE_CURVE('',#1582,#1473,#275,.T.);
#1255=EDGE_CURVE('',#1583,#1474,#276,.T.);
#1256=EDGE_CURVE('',#1584,#1583,#1814,.T.);
#1257=EDGE_CURVE('',#1584,#1584,#132,.T.);
#1258=EDGE_CURVE('',#1585,#1584,#1815,.T.);
#1259=EDGE_CURVE('',#1585,#1585,#133,.T.);
#1260=EDGE_CURVE('',#1586,#1585,#1816,.T.);
#1261=EDGE_CURVE('',#1586,#1586,#134,.T.);
#1262=EDGE_CURVE('',#1587,#1586,#1817,.T.);
#1263=EDGE_CURVE('',#1587,#1587,#135,.T.);
#1264=EDGE_CURVE('',#1578,#1587,#1818,.T.);
#1265=EDGE_CURVE('',#1578,#1578,#136,.T.);
#1266=EDGE_CURVE('',#1588,#1589,#1819,.T.);
#1267=EDGE_CURVE('',#1590,#1588,#277,.T.);
#1268=EDGE_CURVE('',#1591,#1590,#1820,.T.);
#1269=EDGE_CURVE('',#1592,#1591,#1821,.T.);
#1270=EDGE_CURVE('',#1593,#1592,#1822,.T.);
#1271=EDGE_CURVE('',#1594,#1593,#278,.T.);
#1272=EDGE_CURVE('',#1595,#1594,#1823,.T.);
#1273=EDGE_CURVE('',#1589,#1595,#1824,.T.);
#1274=EDGE_CURVE('',#1596,#1597,#1825,.T.);
#1275=EDGE_CURVE('',#1597,#1598,#279,.T.);
#1276=EDGE_CURVE('',#1598,#1599,#1826,.T.);
#1277=EDGE_CURVE('',#1599,#1596,#280,.T.);
#1278=EDGE_CURVE('',#1600,#1601,#1827,.T.);
#1279=EDGE_CURVE('',#1600,#1597,#281,.T.);
#1280=EDGE_CURVE('',#1601,#1596,#282,.T.);
#1281=EDGE_CURVE('',#1602,#1600,#283,.T.);
#1282=EDGE_CURVE('',#1602,#1598,#284,.T.);
#1283=EDGE_CURVE('',#1603,#1602,#1828,.F.);
#1284=EDGE_CURVE('',#1603,#1599,#285,.T.);
#1285=EDGE_CURVE('',#1601,#1603,#286,.T.);
#1286=EDGE_CURVE('',#1548,#1582,#287,.T.);
#1287=EDGE_CURVE('',#1583,#1547,#288,.T.);
#1288=EDGE_CURVE('',#1604,#1605,#1829,.T.);
#1289=EDGE_CURVE('',#1605,#1521,#1830,.F.);
#1290=EDGE_CURVE('',#1604,#1520,#1831,.F.);
#1291=EDGE_CURVE('',#1606,#1607,#1832,.T.);
#1292=EDGE_CURVE('',#1607,#1605,#289,.F.);
#1293=EDGE_CURVE('',#1606,#1604,#290,.F.);
#1294=EDGE_CURVE('',#1608,#1609,#1833,.T.);
#1295=EDGE_CURVE('',#1609,#1607,#1834,.F.);
#1296=EDGE_CURVE('',#1608,#1606,#1835,.F.);
#1297=EDGE_CURVE('',#1610,#1611,#1836,.T.);
#1298=EDGE_CURVE('',#1611,#1612,#1837,.F.);
#1299=EDGE_CURVE('',#1613,#1612,#1838,.T.);
#1300=EDGE_CURVE('',#1610,#1613,#1839,.F.);
#1301=EDGE_CURVE('',#1614,#1615,#1840,.T.);
#1302=EDGE_CURVE('',#1615,#1611,#291,.F.);
#1303=EDGE_CURVE('',#1614,#1610,#292,.F.);
#1304=EDGE_CURVE('',#1595,#1615,#1841,.F.);
#1305=EDGE_CURVE('',#1589,#1614,#1842,.F.);
#1306=EDGE_CURVE('',#1616,#1519,#1843,.F.);
#1307=EDGE_CURVE('',#1616,#1604,#1844,.T.);
#1308=EDGE_CURVE('',#1617,#1616,#293,.F.);
#1309=EDGE_CURVE('',#1617,#1606,#1845,.T.);
#1310=EDGE_CURVE('',#1618,#1617,#1846,.F.);
#1311=EDGE_CURVE('',#1618,#1608,#1847,.T.);
#1312=EDGE_CURVE('',#1619,#1613,#1848,.T.);
#1313=EDGE_CURVE('',#1620,#1619,#1849,.F.);
#1314=EDGE_CURVE('',#1620,#1610,#1850,.T.);
#1315=EDGE_CURVE('',#1621,#1620,#294,.F.);
#1316=EDGE_CURVE('',#1621,#1614,#1851,.T.);
#1317=EDGE_CURVE('',#1588,#1621,#1852,.F.);
#1318=EDGE_CURVE('',#1622,#1518,#1853,.F.);
#1319=EDGE_CURVE('',#1622,#1616,#295,.T.);
#1320=EDGE_CURVE('',#1623,#1622,#296,.F.);
#1321=EDGE_CURVE('',#1623,#1617,#297,.T.);
#1322=EDGE_CURVE('',#1624,#1623,#1854,.F.);
#1323=EDGE_CURVE('',#1624,#1618,#298,.T.);
#1324=EDGE_CURVE('',#1625,#1619,#299,.T.);
#1325=EDGE_CURVE('',#1626,#1625,#1855,.F.);
#1326=EDGE_CURVE('',#1626,#1620,#300,.T.);
#1327=EDGE_CURVE('',#1627,#1626,#301,.F.);
#1328=EDGE_CURVE('',#1627,#1621,#302,.T.);
#1329=EDGE_CURVE('',#1590,#1627,#1856,.F.);
#1330=EDGE_CURVE('',#1628,#1525,#1857,.F.);
#1331=EDGE_CURVE('',#1628,#1622,#1858,.T.);
#1332=EDGE_CURVE('',#1629,#1628,#303,.F.);
#1333=EDGE_CURVE('',#1629,#1623,#1859,.T.);
#1334=EDGE_CURVE('',#1630,#1629,#1860,.F.);
#1335=EDGE_CURVE('',#1630,#1624,#1861,.T.);
#1336=EDGE_CURVE('',#1631,#1625,#1862,.T.);
#1337=EDGE_CURVE('',#1632,#1631,#1863,.F.);
#1338=EDGE_CURVE('',#1632,#1626,#1864,.T.);
#1339=EDGE_CURVE('',#1633,#1632,#304,.F.);
#1340=EDGE_CURVE('',#1633,#1627,#1865,.T.);
#1341=EDGE_CURVE('',#1591,#1633,#1866,.F.);
#1342=EDGE_CURVE('',#1634,#1524,#1867,.F.);
#1343=EDGE_CURVE('',#1634,#1628,#1868,.T.);
#1344=EDGE_CURVE('',#1635,#1634,#305,.F.);
#1345=EDGE_CURVE('',#1635,#1629,#1869,.T.);
#1346=EDGE_CURVE('',#1636,#1635,#1870,.F.);
#1347=EDGE_CURVE('',#1636,#1630,#1871,.T.);
#1348=EDGE_CURVE('',#1637,#1631,#1872,.T.);
#1349=EDGE_CURVE('',#1638,#1637,#1873,.F.);
#1350=EDGE_CURVE('',#1638,#1632,#1874,.T.);
#1351=EDGE_CURVE('',#1639,#1638,#306,.F.);
#1352=EDGE_CURVE('',#1639,#1633,#1875,.T.);
#1353=EDGE_CURVE('',#1592,#1639,#1876,.F.);
#1354=EDGE_CURVE('',#1640,#1523,#1877,.F.);
#1355=EDGE_CURVE('',#1640,#1634,#1878,.T.);
#1356=EDGE_CURVE('',#1641,#1640,#307,.F.);
#1357=EDGE_CURVE('',#1641,#1635,#1879,.T.);
#1358=EDGE_CURVE('',#1642,#1641,#1880,.F.);
#1359=EDGE_CURVE('',#1642,#1636,#1881,.T.);
#1360=EDGE_CURVE('',#1643,#1637,#1882,.T.);
#1361=EDGE_CURVE('',#1644,#1643,#1883,.F.);
#1362=EDGE_CURVE('',#1644,#1638,#1884,.T.);
#1363=EDGE_CURVE('',#1645,#1644,#308,.F.);
#1364=EDGE_CURVE('',#1645,#1639,#1885,.T.);
#1365=EDGE_CURVE('',#1593,#1645,#1886,.F.);
#1366=EDGE_CURVE('',#1646,#1522,#1887,.F.);
#1367=EDGE_CURVE('',#1646,#1640,#309,.T.);
#1368=EDGE_CURVE('',#1647,#1646,#310,.F.);
#1369=EDGE_CURVE('',#1647,#1641,#311,.T.);
#1370=EDGE_CURVE('',#1648,#1647,#1888,.F.);
#1371=EDGE_CURVE('',#1648,#1642,#312,.T.);
#1372=EDGE_CURVE('',#1649,#1643,#313,.T.);
#1373=EDGE_CURVE('',#1650,#1649,#1889,.F.);
#1374=EDGE_CURVE('',#1650,#1644,#314,.T.);
#1375=EDGE_CURVE('',#1651,#1650,#315,.F.);
#1376=EDGE_CURVE('',#1651,#1645,#316,.T.);
#1377=EDGE_CURVE('',#1594,#1651,#1890,.F.);
#1378=EDGE_CURVE('',#1605,#1646,#1891,.T.);
#1379=EDGE_CURVE('',#1607,#1647,#1892,.T.);
#1380=EDGE_CURVE('',#1609,#1648,#1893,.T.);
#1381=EDGE_CURVE('',#1612,#1649,#1894,.T.);
#1382=EDGE_CURVE('',#1611,#1650,#1895,.T.);
#1383=EDGE_CURVE('',#1615,#1651,#1896,.T.);
#1384=EDGE_CURVE('',#1652,#1652,#137,.T.);
#1385=EDGE_CURVE('',#1653,#1653,#138,.T.);
#1386=EDGE_CURVE('',#1654,#1654,#139,.T.);
#1387=EDGE_CURVE('',#1655,#1655,#140,.T.);
#1388=EDGE_CURVE('',#1656,#1656,#141,.T.);
#1389=EDGE_CURVE('',#1657,#1657,#142,.T.);
#1390=EDGE_CURVE('',#1658,#1658,#143,.T.);
#1391=EDGE_CURVE('',#1659,#1659,#144,.T.);
#1392=EDGE_CURVE('',#1660,#1660,#145,.T.);
#1393=EDGE_CURVE('',#1661,#1661,#146,.T.);
#1394=EDGE_CURVE('',#1662,#1662,#147,.T.);
#1395=EDGE_CURVE('',#1663,#1663,#148,.T.);
#1396=EDGE_CURVE('',#1664,#1664,#149,.T.);
#1397=EDGE_CURVE('',#1665,#1665,#150,.T.);
#1398=EDGE_CURVE('',#1666,#1666,#151,.T.);
#1399=EDGE_CURVE('',#1667,#1667,#152,.T.);
#1400=EDGE_CURVE('',#1668,#1668,#153,.T.);
#1401=EDGE_CURVE('',#1669,#1669,#1897,.T.);
#1402=EDGE_CURVE('',#1670,#1670,#154,.T.);
#1403=EDGE_CURVE('',#1671,#1671,#1898,.F.);
#1404=EDGE_CURVE('',#1672,#1673,#155,.T.);
#1405=EDGE_CURVE('',#1673,#1672,#156,.T.);
#1406=EDGE_CURVE('',#1674,#1675,#1899,.T.);
#1407=EDGE_CURVE('',#1675,#1674,#1900,.T.);
#1408=EDGE_CURVE('',#1675,#1674,#157,.T.);
#1409=EDGE_CURVE('',#1672,#1674,#1901,.T.);
#1410=EDGE_CURVE('',#1675,#1673,#1902,.T.);
#1411=EDGE_CURVE('',#1575,#1574,#1903,.T.);
#1412=EDGE_CURVE('',#1676,#1677,#1904,.T.);
#1413=EDGE_CURVE('',#1677,#1676,#1905,.T.);
#1414=EDGE_CURVE('',#1677,#1676,#158,.T.);
#1415=EDGE_CURVE('',#1678,#1679,#159,.T.);
#1416=EDGE_CURVE('',#1679,#1678,#160,.T.);
#1417=EDGE_CURVE('',#1680,#1680,#161,.T.);
#1418=EDGE_CURVE('',#1681,#1681,#162,.T.);
#1419=EDGE_CURVE('',#1682,#1682,#163,.T.);
#1420=EDGE_CURVE('',#1683,#1683,#164,.T.);
#1421=EDGE_CURVE('',#1684,#1684,#165,.T.);
#1422=EDGE_CURVE('',#1685,#1685,#166,.T.);
#1423=EDGE_CURVE('',#1686,#1686,#167,.T.);
#1424=EDGE_CURVE('',#1687,#1687,#168,.T.);
#1425=EDGE_CURVE('',#1688,#1688,#169,.T.);
#1426=EDGE_CURVE('',#1689,#1689,#170,.T.);
#1427=EDGE_CURVE('',#1690,#1690,#171,.T.);
#1428=EDGE_CURVE('',#1691,#1691,#172,.T.);
#1429=EDGE_CURVE('',#1692,#1692,#173,.T.);
#1430=EDGE_CURVE('',#1693,#1693,#174,.T.);
#1431=EDGE_CURVE('',#1694,#1694,#175,.T.);
#1432=EDGE_CURVE('',#1695,#1695,#176,.T.);
#1433=EDGE_CURVE('',#1696,#1696,#177,.T.);
#1434=EDGE_CURVE('',#1678,#1676,#1906,.F.);
#1435=EDGE_CURVE('',#1677,#1679,#1907,.T.);
#1436=VERTEX_POINT('',#4000);
#1437=VERTEX_POINT('',#4002);
#1438=VERTEX_POINT('',#4004);
#1439=VERTEX_POINT('',#4006);
#1440=VERTEX_POINT('',#4008);
#1441=VERTEX_POINT('',#4010);
#1442=VERTEX_POINT('',#4012);
#1443=VERTEX_POINT('',#4014);
#1444=VERTEX_POINT('',#4016);
#1445=VERTEX_POINT('',#4018);
#1446=VERTEX_POINT('',#4020);
#1447=VERTEX_POINT('',#4022);
#1448=VERTEX_POINT('',#4024);
#1449=VERTEX_POINT('',#4026);
#1450=VERTEX_POINT('',#4028);
#1451=VERTEX_POINT('',#4030);
#1452=VERTEX_POINT('',#4032);
#1453=VERTEX_POINT('',#4034);
#1454=VERTEX_POINT('',#4036);
#1455=VERTEX_POINT('',#4038);
#1456=VERTEX_POINT('',#4040);
#1457=VERTEX_POINT('',#4042);
#1458=VERTEX_POINT('',#4044);
#1459=VERTEX_POINT('',#4046);
#1460=VERTEX_POINT('',#4048);
#1461=VERTEX_POINT('',#4050);
#1462=VERTEX_POINT('',#4052);
#1463=VERTEX_POINT('',#4054);
#1464=VERTEX_POINT('',#4056);
#1465=VERTEX_POINT('',#4058);
#1466=VERTEX_POINT('',#4060);
#1467=VERTEX_POINT('',#4062);
#1468=VERTEX_POINT('',#4064);
#1469=VERTEX_POINT('',#4066);
#1470=VERTEX_POINT('',#4068);
#1471=VERTEX_POINT('',#4070);
#1472=VERTEX_POINT('',#4072);
#1473=VERTEX_POINT('',#4074);
#1474=VERTEX_POINT('',#4075);
#1475=VERTEX_POINT('',#4077);
#1476=VERTEX_POINT('',#4079);
#1477=VERTEX_POINT('',#4082);
#1478=VERTEX_POINT('',#4083);
#1479=VERTEX_POINT('',#4085);
#1480=VERTEX_POINT('',#4087);
#1481=VERTEX_POINT('',#4090);
#1482=VERTEX_POINT('',#4092);
#1483=VERTEX_POINT('',#4094);
#1484=VERTEX_POINT('',#4097);
#1485=VERTEX_POINT('',#4099);
#1486=VERTEX_POINT('',#4101);
#1487=VERTEX_POINT('',#4103);
#1488=VERTEX_POINT('',#4105);
#1489=VERTEX_POINT('',#4107);
#1490=VERTEX_POINT('',#4109);
#1491=VERTEX_POINT('',#4111);
#1492=VERTEX_POINT('',#4113);
#1493=VERTEX_POINT('',#4115);
#1494=VERTEX_POINT('',#4117);
#1495=VERTEX_POINT('',#4119);
#1496=VERTEX_POINT('',#4121);
#1497=VERTEX_POINT('',#4123);
#1498=VERTEX_POINT('',#4125);
#1499=VERTEX_POINT('',#4127);
#1500=VERTEX_POINT('',#4129);
#1501=VERTEX_POINT('',#4131);
#1502=VERTEX_POINT('',#4133);
#1503=VERTEX_POINT('',#4135);
#1504=VERTEX_POINT('',#4137);
#1505=VERTEX_POINT('',#4139);
#1506=VERTEX_POINT('',#4141);
#1507=VERTEX_POINT('',#4143);
#1508=VERTEX_POINT('',#4145);
#1509=VERTEX_POINT('',#4147);
#1510=VERTEX_POINT('',#4149);
#1511=VERTEX_POINT('',#4151);
#1512=VERTEX_POINT('',#4153);
#1513=VERTEX_POINT('',#4155);
#1514=VERTEX_POINT('',#4157);
#1515=VERTEX_POINT('',#4159);
#1516=VERTEX_POINT('',#4161);
#1517=VERTEX_POINT('',#4163);
#1518=VERTEX_POINT('',#4165);
#1519=VERTEX_POINT('',#4166);
#1520=VERTEX_POINT('',#4168);
#1521=VERTEX_POINT('',#4170);
#1522=VERTEX_POINT('',#4172);
#1523=VERTEX_POINT('',#4174);
#1524=VERTEX_POINT('',#4176);
#1525=VERTEX_POINT('',#4178);
#1526=VERTEX_POINT('',#4181);
#1527=VERTEX_POINT('',#4182);
#1528=VERTEX_POINT('',#4184);
#1529=VERTEX_POINT('',#4186);
#1530=VERTEX_POINT('',#4189);
#1531=VERTEX_POINT('',#4191);
#1532=VERTEX_POINT('',#4193);
#1533=VERTEX_POINT('',#4195);
#1534=VERTEX_POINT('',#4197);
#1535=VERTEX_POINT('',#4199);
#1536=VERTEX_POINT('',#4202);
#1537=VERTEX_POINT('',#4203);
#1538=VERTEX_POINT('',#4216);
#1539=VERTEX_POINT('',#4229);
#1540=VERTEX_POINT('',#4242);
#1541=VERTEX_POINT('',#4255);
#1542=VERTEX_POINT('',#4268);
#1543=VERTEX_POINT('',#4281);
#1544=VERTEX_POINT('',#4294);
#1545=VERTEX_POINT('',#4307);
#1546=VERTEX_POINT('',#4320);
#1547=VERTEX_POINT('',#4333);
#1548=VERTEX_POINT('',#4336);
#1549=VERTEX_POINT('',#4338);
#1550=VERTEX_POINT('',#4351);
#1551=VERTEX_POINT('',#4364);
#1552=VERTEX_POINT('',#4377);
#1553=VERTEX_POINT('',#4390);
#1554=VERTEX_POINT('',#4403);
#1555=VERTEX_POINT('',#4449);
#1556=VERTEX_POINT('',#4473);
#1557=VERTEX_POINT('',#4496);
#1558=VERTEX_POINT('',#4518);
#1559=VERTEX_POINT('',#4540);
#1560=VERTEX_POINT('',#4564);
#1561=VERTEX_POINT('',#4586);
#1562=VERTEX_POINT('',#4608);
#1563=VERTEX_POINT('',#4631);
#1564=VERTEX_POINT('',#4655);
#1565=VERTEX_POINT('',#4677);
#1566=VERTEX_POINT('',#4699);
#1567=VERTEX_POINT('',#4721);
#1568=VERTEX_POINT('',#4745);
#1569=VERTEX_POINT('',#4769);
#1570=VERTEX_POINT('',#4791);
#1571=VERTEX_POINT('',#4793);
#1572=VERTEX_POINT('',#4815);
#1573=VERTEX_POINT('',#4817);
#1574=VERTEX_POINT('',#4828);
#1575=VERTEX_POINT('',#4829);
#1576=VERTEX_POINT('',#4845);
#1577=VERTEX_POINT('',#4848);
#1578=VERTEX_POINT('',#4849);
#1579=VERTEX_POINT('',#4862);
#1580=VERTEX_POINT('',#4875);
#1581=VERTEX_POINT('',#4888);
#1582=VERTEX_POINT('',#4901);
#1583=VERTEX_POINT('',#4904);
#1584=VERTEX_POINT('',#4906);
#1585=VERTEX_POINT('',#4919);
#1586=VERTEX_POINT('',#4932);
#1587=VERTEX_POINT('',#4945);
#1588=VERTEX_POINT('',#4971);
#1589=VERTEX_POINT('',#4972);
#1590=VERTEX_POINT('',#4974);
#1591=VERTEX_POINT('',#4976);
#1592=VERTEX_POINT('',#4978);
#1593=VERTEX_POINT('',#4980);
#1594=VERTEX_POINT('',#4982);
#1595=VERTEX_POINT('',#4984);
#1596=VERTEX_POINT('',#4987);
#1597=VERTEX_POINT('',#4988);
#1598=VERTEX_POINT('',#4990);
#1599=VERTEX_POINT('',#4992);
#1600=VERTEX_POINT('',#4997);
#1601=VERTEX_POINT('',#4998);
#1602=VERTEX_POINT('',#5003);
#1603=VERTEX_POINT('',#5007);
#1604=VERTEX_POINT('',#5019);
#1605=VERTEX_POINT('',#5020);
#1606=VERTEX_POINT('',#5025);
#1607=VERTEX_POINT('',#5026);
#1608=VERTEX_POINT('',#5031);
#1609=VERTEX_POINT('',#5032);
#1610=VERTEX_POINT('',#5037);
#1611=VERTEX_POINT('',#5038);
#1612=VERTEX_POINT('',#5040);
#1613=VERTEX_POINT('',#5042);
#1614=VERTEX_POINT('',#5046);
#1615=VERTEX_POINT('',#5047);
#1616=VERTEX_POINT('',#5055);
#1617=VERTEX_POINT('',#5059);
#1618=VERTEX_POINT('',#5063);
#1619=VERTEX_POINT('',#5067);
#1620=VERTEX_POINT('',#5069);
#1621=VERTEX_POINT('',#5073);
#1622=VERTEX_POINT('',#5079);
#1623=VERTEX_POINT('',#5083);
#1624=VERTEX_POINT('',#5087);
#1625=VERTEX_POINT('',#5091);
#1626=VERTEX_POINT('',#5093);
#1627=VERTEX_POINT('',#5097);
#1628=VERTEX_POINT('',#5103);
#1629=VERTEX_POINT('',#5107);
#1630=VERTEX_POINT('',#5111);
#1631=VERTEX_POINT('',#5115);
#1632=VERTEX_POINT('',#5117);
#1633=VERTEX_POINT('',#5121);
#1634=VERTEX_POINT('',#5127);
#1635=VERTEX_POINT('',#5131);
#1636=VERTEX_POINT('',#5135);
#1637=VERTEX_POINT('',#5139);
#1638=VERTEX_POINT('',#5141);
#1639=VERTEX_POINT('',#5145);
#1640=VERTEX_POINT('',#5151);
#1641=VERTEX_POINT('',#5155);
#1642=VERTEX_POINT('',#5159);
#1643=VERTEX_POINT('',#5163);
#1644=VERTEX_POINT('',#5165);
#1645=VERTEX_POINT('',#5169);
#1646=VERTEX_POINT('',#5175);
#1647=VERTEX_POINT('',#5179);
#1648=VERTEX_POINT('',#5183);
#1649=VERTEX_POINT('',#5187);
#1650=VERTEX_POINT('',#5189);
#1651=VERTEX_POINT('',#5193);
#1652=VERTEX_POINT('',#5232);
#1653=VERTEX_POINT('',#5254);
#1654=VERTEX_POINT('',#5277);
#1655=VERTEX_POINT('',#5300);
#1656=VERTEX_POINT('',#5325);
#1657=VERTEX_POINT('',#5350);
#1658=VERTEX_POINT('',#5373);
#1659=VERTEX_POINT('',#5396);
#1660=VERTEX_POINT('',#5421);
#1661=VERTEX_POINT('',#5444);
#1662=VERTEX_POINT('',#5465);
#1663=VERTEX_POINT('',#5487);
#1664=VERTEX_POINT('',#5511);
#1665=VERTEX_POINT('',#5533);
#1666=VERTEX_POINT('',#5553);
#1667=VERTEX_POINT('',#5575);
#1668=VERTEX_POINT('',#5598);
#1669=VERTEX_POINT('',#5600);
#1670=VERTEX_POINT('',#5622);
#1671=VERTEX_POINT('',#5624);
#1672=VERTEX_POINT('',#5637);
#1673=VERTEX_POINT('',#5638);
#1674=VERTEX_POINT('',#6168);
#1675=VERTEX_POINT('',#6169);
#1676=VERTEX_POINT('',#6261);
#1677=VERTEX_POINT('',#6262);
#1678=VERTEX_POINT('',#6288);
#1679=VERTEX_POINT('',#6289);
#1680=VERTEX_POINT('',#6327);
#1681=VERTEX_POINT('',#6352);
#1682=VERTEX_POINT('',#6377);
#1683=VERTEX_POINT('',#6401);
#1684=VERTEX_POINT('',#6426);
#1685=VERTEX_POINT('',#6450);
#1686=VERTEX_POINT('',#6475);
#1687=VERTEX_POINT('',#6500);
#1688=VERTEX_POINT('',#6525);
#1689=VERTEX_POINT('',#6548);
#1690=VERTEX_POINT('',#6573);
#1691=VERTEX_POINT('',#6597);
#1692=VERTEX_POINT('',#6622);
#1693=VERTEX_POINT('',#6647);
#1694=VERTEX_POINT('',#6672);
#1695=VERTEX_POINT('',#6697);
#1696=VERTEX_POINT('',#6722);
#1697=CIRCLE('',#2880,1.74999999999997);
#1698=CIRCLE('',#2881,1.75000000000003);
#1699=CIRCLE('',#2882,1.75000000000003);
#1700=CIRCLE('',#2883,1.74999999999997);
#1701=CIRCLE('',#2884,1.75);
#1702=CIRCLE('',#2885,1.75000000000776);
#1703=CIRCLE('',#2886,1.75);
#1704=CIRCLE('',#2887,1.75000000000777);
#1705=CIRCLE('',#2888,1.74999999999997);
#1706=CIRCLE('',#2889,1.75000000000003);
#1707=CIRCLE('',#2890,1.75000000000003);
#1708=CIRCLE('',#2891,1.5);
#1709=CIRCLE('',#2892,1.5);
#1710=CIRCLE('',#2893,1.5);
#1711=CIRCLE('',#2894,1.5);
#1712=CIRCLE('',#2895,1.5);
#1713=CIRCLE('',#2896,1.5);
#1714=CIRCLE('',#2897,1.5);
#1715=CIRCLE('',#2898,1.5);
#1716=CIRCLE('',#2899,1.5);
#1717=CIRCLE('',#2900,1.5);
#1718=CIRCLE('',#2901,1.5);
#1719=CIRCLE('',#2902,1.5);
#1720=CIRCLE('',#2903,1.5);
#1721=CIRCLE('',#2904,1.5);
#1722=CIRCLE('',#2905,1.5);
#1723=CIRCLE('',#2906,1.5);
#1724=CIRCLE('',#2907,1.5);
#1725=CIRCLE('',#2908,1.5);
#1726=CIRCLE('',#2909,1.5);
#1727=CIRCLE('',#2910,1.5);
#1728=CIRCLE('',#2911,1.5);
#1729=CIRCLE('',#2912,1.5);
#1730=CIRCLE('',#2913,1.5);
#1731=CIRCLE('',#2914,1.5);
#1732=CIRCLE('',#2915,1.5);
#1733=CIRCLE('',#2916,1.5);
#1734=CIRCLE('',#2917,107.);
#1735=CIRCLE('',#2918,602.999999999995);
#1736=CIRCLE('',#2919,615.);
#1737=CIRCLE('',#2920,95.0000000000003);
#1738=CIRCLE('',#2921,1.75);
#1739=CIRCLE('',#2922,1.75);
#1740=CIRCLE('',#2923,1.74999999999997);
#1741=CIRCLE('',#2925,1.75000000000003);
#1742=CIRCLE('',#2926,1.75000000000003);
#1743=CIRCLE('',#2927,1.74999999999997);
#1744=CIRCLE('',#2928,1.75);
#1745=CIRCLE('',#2929,1.75000000000777);
#1746=CIRCLE('',#2930,1.74999999999997);
#1747=CIRCLE('',#2931,1.75000000000003);
#1748=CIRCLE('',#2932,1.75000000000003);
#1749=CIRCLE('',#2933,1.5);
#1750=CIRCLE('',#2934,1.5);
#1751=CIRCLE('',#2935,1.5);
#1752=CIRCLE('',#2936,1.5);
#1753=CIRCLE('',#2937,1.5);
#1754=CIRCLE('',#2938,1.5);
#1755=CIRCLE('',#2939,1.5);
#1756=CIRCLE('',#2940,1.5);
#1757=CIRCLE('',#2941,1.5);
#1758=CIRCLE('',#2942,1.5);
#1759=CIRCLE('',#2943,1.5);
#1760=CIRCLE('',#2944,1.5);
#1761=CIRCLE('',#2945,1.5);
#1762=CIRCLE('',#2946,1.5);
#1763=CIRCLE('',#2947,1.5);
#1764=CIRCLE('',#2948,1.5);
#1765=CIRCLE('',#2949,1.5);
#1766=CIRCLE('',#2950,1.5);
#1767=CIRCLE('',#2951,1.5);
#1768=CIRCLE('',#2952,1.5);
#1769=CIRCLE('',#2953,1.5);
#1770=CIRCLE('',#2954,1.5);
#1771=CIRCLE('',#2955,1.5);
#1772=CIRCLE('',#2956,1.5);
#1773=CIRCLE('',#2957,1.5);
#1774=CIRCLE('',#2958,1.5);
#1775=CIRCLE('',#2959,4.83301270188628);
#1776=CIRCLE('',#2960,604.833012701889);
#1777=CIRCLE('',#2961,4.83301270187698);
#1778=CIRCLE('',#2962,4.83301270188816);
#1779=CIRCLE('',#2963,105.166987298113);
#1780=CIRCLE('',#2964,4.83301270189207);
#1781=CIRCLE('',#2965,615.);
#1782=CIRCLE('',#2966,95.0000000000003);
#1783=CIRCLE('',#2967,1.75000000000776);
#1784=CIRCLE('',#2968,1.75);
#1785=CIRCLE('',#2969,1.75);
#1786=CIRCLE('',#2970,1.75);
#1787=CIRCLE('',#2971,1.74999999999997);
#1788=CIRCLE('',#2972,1.74999999999997);
#1789=CIRCLE('',#2974,602.999999999995);
#1790=CIRCLE('',#2975,602.999999999995);
#1791=CIRCLE('',#2976,602.999999999995);
#1792=CIRCLE('',#2977,602.999999999995);
#1793=CIRCLE('',#2978,602.999999999995);
#1794=CIRCLE('',#2979,602.999999999995);
#1795=CIRCLE('',#2980,602.999999999995);
#1796=CIRCLE('',#2981,602.999999999995);
#1797=CIRCLE('',#2982,602.999999999995);
#1798=CIRCLE('',#2983,602.999999999995);
#1799=CIRCLE('',#2984,602.999999999995);
#1800=CIRCLE('',#2985,602.999999999995);
#1801=CIRCLE('',#2986,602.999999999995);
#1802=CIRCLE('',#2987,602.999999999995);
#1803=CIRCLE('',#2988,602.999999999995);
#1804=CIRCLE('',#2989,602.999999999995);
#1805=CIRCLE('',#2990,602.999999999995);
#1806=CIRCLE('',#2991,602.999999999995);
#1807=CIRCLE('',#2993,1.00000000000003);
#1808=CIRCLE('',#2994,1.00000000000003);
#1809=CIRCLE('',#2998,107.);
#1810=CIRCLE('',#2999,107.);
#1811=CIRCLE('',#3000,107.);
#1812=CIRCLE('',#3001,107.);
#1813=CIRCLE('',#3002,107.);
#1814=CIRCLE('',#3003,107.);
#1815=CIRCLE('',#3004,107.);
#1816=CIRCLE('',#3005,107.);
#1817=CIRCLE('',#3006,107.);
#1818=CIRCLE('',#3007,107.);
#1819=CIRCLE('',#3009,1.56698729810189);
#1820=CIRCLE('',#3010,1.56698729810768);
#1821=CIRCLE('',#3011,108.433012701897);
#1822=CIRCLE('',#3012,1.56698729810377);
#1823=CIRCLE('',#3013,1.56698729809259);
#1824=CIRCLE('',#3014,601.566987298104);
#1825=CIRCLE('',#3015,599.999999999995);
#1826=CIRCLE('',#3016,110.);
#1827=CIRCLE('',#3019,599.999999999995);
#1828=CIRCLE('',#3022,110.);
#1829=CIRCLE('',#3029,604.616506350943);
#1830=CIRCLE('',#3030,0.249999999999992);
#1831=CIRCLE('',#3031,0.249999999999992);
#1832=CIRCLE('',#3033,605.439230484538);
#1833=CIRCLE('',#3035,605.092820323024);
#1834=CIRCLE('',#3036,0.4);
#1835=CIRCLE('',#3037,0.4);
#1836=CIRCLE('',#3039,600.960769515455);
#1837=CIRCLE('',#3040,0.4);
#1838=CIRCLE('',#3041,601.307179676969);
#1839=CIRCLE('',#3042,0.4);
#1840=CIRCLE('',#3044,601.78349364905);
#1841=CIRCLE('',#3046,0.25);
#1842=CIRCLE('',#3047,0.25);
#1843=CIRCLE('',#3049,0.249999999999992);
#1844=CIRCLE('',#3050,4.61650635094017);
#1845=CIRCLE('',#3052,5.43923048453535);
#1846=CIRCLE('',#3054,0.4);
#1847=CIRCLE('',#3055,5.09282032302158);
#1848=CIRCLE('',#3057,1.30717967696658);
#1849=CIRCLE('',#3058,0.4);
#1850=CIRCLE('',#3059,0.960769515452804);
#1851=CIRCLE('',#3061,1.78349364904801);
#1852=CIRCLE('',#3063,0.25);
#1853=CIRCLE('',#3065,0.249999999999992);
#1854=CIRCLE('',#3068,0.4);
#1855=CIRCLE('',#3070,0.4);
#1856=CIRCLE('',#3073,0.25);
#1857=CIRCLE('',#3075,0.249999999999992);
#1858=CIRCLE('',#3076,4.61650635094596);
#1859=CIRCLE('',#3078,5.43923048454113);
#1860=CIRCLE('',#3080,0.4);
#1861=CIRCLE('',#3081,5.09282032302737);
#1862=CIRCLE('',#3083,1.30717967697237);
#1863=CIRCLE('',#3084,0.4);
#1864=CIRCLE('',#3085,0.960769515458593);
#1865=CIRCLE('',#3087,1.78349364905379);
#1866=CIRCLE('',#3089,0.25);
#1867=CIRCLE('',#3091,0.249999999999992);
#1868=CIRCLE('',#3092,105.383493649059);
#1869=CIRCLE('',#3094,104.560769515464);
#1870=CIRCLE('',#3096,0.4);
#1871=CIRCLE('',#3097,104.907179676977);
#1872=CIRCLE('',#3099,108.692820323032);
#1873=CIRCLE('',#3100,0.4);
#1874=CIRCLE('',#3101,109.039230484546);
#1875=CIRCLE('',#3103,108.216506350951);
#1876=CIRCLE('',#3105,0.25);
#1877=CIRCLE('',#3107,0.249999999999992);
#1878=CIRCLE('',#3108,4.61650635094205);
#1879=CIRCLE('',#3110,5.43923048453723);
#1880=CIRCLE('',#3112,0.4);
#1881=CIRCLE('',#3113,5.09282032302346);
#1882=CIRCLE('',#3115,1.30717967696846);
#1883=CIRCLE('',#3116,0.4);
#1884=CIRCLE('',#3117,0.960769515454682);
#1885=CIRCLE('',#3119,1.78349364904988);
#1886=CIRCLE('',#3121,0.25);
#1887=CIRCLE('',#3123,0.249999999999992);
#1888=CIRCLE('',#3126,0.4);
#1889=CIRCLE('',#3128,0.4);
#1890=CIRCLE('',#3131,0.25);
#1891=CIRCLE('',#3133,4.61650635093086);
#1892=CIRCLE('',#3135,5.43923048452606);
#1893=CIRCLE('',#3137,5.09282032301222);
#1894=CIRCLE('',#3139,1.30717967695722);
#1895=CIRCLE('',#3141,0.960769515443505);
#1896=CIRCLE('',#3143,1.7834936490387);
#1897=CIRCLE('',#3155,1.);
#1898=CIRCLE('',#3156,1.);
#1899=CIRCLE('',#3160,2.2);
#1900=CIRCLE('',#3161,2.2);
#1901=CIRCLE('',#3163,1.);
#1902=CIRCLE('',#3164,1.);
#1903=CIRCLE('',#3166,2.19999999999997);
#1904=CIRCLE('',#3168,2.19999999999997);
#1905=CIRCLE('',#3169,2.19999999999997);
#1906=CIRCLE('',#3189,1.);
#1907=CIRCLE('',#3190,1.);
#1908=EDGE_LOOP('',(#374));
#1909=EDGE_LOOP('',(#375));
#1910=EDGE_LOOP('',(#376));
#1911=EDGE_LOOP('',(#377));
#1912=EDGE_LOOP('',(#378));
#1913=EDGE_LOOP('',(#379));
#1914=EDGE_LOOP('',(#380));
#1915=EDGE_LOOP('',(#381));
#1916=EDGE_LOOP('',(#382));
#1917=EDGE_LOOP('',(#383));
#1918=EDGE_LOOP('',(#384));
#1919=EDGE_LOOP('',(#385));
#1920=EDGE_LOOP('',(#386));
#1921=EDGE_LOOP('',(#387));
#1922=EDGE_LOOP('',(#388));
#1923=EDGE_LOOP('',(#389));
#1924=EDGE_LOOP('',(#390));
#1925=EDGE_LOOP('',(#391));
#1926=EDGE_LOOP('',(#392));
#1927=EDGE_LOOP('',(#393));
#1928=EDGE_LOOP('',(#394));
#1929=EDGE_LOOP('',(#395));
#1930=EDGE_LOOP('',(#396));
#1931=EDGE_LOOP('',(#397));
#1932=EDGE_LOOP('',(#398));
#1933=EDGE_LOOP('',(#399));
#1934=EDGE_LOOP('',(#400));
#1935=EDGE_LOOP('',(#401));
#1936=EDGE_LOOP('',(#402));
#1937=EDGE_LOOP('',(#403));
#1938=EDGE_LOOP('',(#404));
#1939=EDGE_LOOP('',(#405));
#1940=EDGE_LOOP('',(#406));
#1941=EDGE_LOOP('',(#407));
#1942=EDGE_LOOP('',(#408));
#1943=EDGE_LOOP('',(#409));
#1944=EDGE_LOOP('',(#410));
#1945=EDGE_LOOP('',(#411,#412,#413,#414));
#1946=EDGE_LOOP('',(#415,#416,#417,#418));
#1947=EDGE_LOOP('',(#419));
#1948=EDGE_LOOP('',(#420));
#1949=EDGE_LOOP('',(#421));
#1950=EDGE_LOOP('',(#422));
#1951=EDGE_LOOP('',(#423));
#1952=EDGE_LOOP('',(#424));
#1953=EDGE_LOOP('',(#425));
#1954=EDGE_LOOP('',(#426));
#1955=EDGE_LOOP('',(#427));
#1956=EDGE_LOOP('',(#428));
#1957=EDGE_LOOP('',(#429));
#1958=EDGE_LOOP('',(#430));
#1959=EDGE_LOOP('',(#431));
#1960=EDGE_LOOP('',(#432));
#1961=EDGE_LOOP('',(#433));
#1962=EDGE_LOOP('',(#434));
#1963=EDGE_LOOP('',(#435));
#1964=EDGE_LOOP('',(#436));
#1965=EDGE_LOOP('',(#437));
#1966=EDGE_LOOP('',(#438));
#1967=EDGE_LOOP('',(#439));
#1968=EDGE_LOOP('',(#440));
#1969=EDGE_LOOP('',(#441));
#1970=EDGE_LOOP('',(#442));
#1971=EDGE_LOOP('',(#443));
#1972=EDGE_LOOP('',(#444));
#1973=EDGE_LOOP('',(#445));
#1974=EDGE_LOOP('',(#446));
#1975=EDGE_LOOP('',(#447));
#1976=EDGE_LOOP('',(#448));
#1977=EDGE_LOOP('',(#449));
#1978=EDGE_LOOP('',(#450));
#1979=EDGE_LOOP('',(#451));
#1980=EDGE_LOOP('',(#452));
#1981=EDGE_LOOP('',(#453));
#1982=EDGE_LOOP('',(#454));
#1983=EDGE_LOOP('',(#455));
#1984=EDGE_LOOP('',(#456,#457,#458,#459,#460,#461,#462,#463));
#1985=EDGE_LOOP('',(#464,#465,#466,#467));
#1986=EDGE_LOOP('',(#468));
#1987=EDGE_LOOP('',(#469));
#1988=EDGE_LOOP('',(#470));
#1989=EDGE_LOOP('',(#471));
#1990=EDGE_LOOP('',(#472));
#1991=EDGE_LOOP('',(#473));
#1992=EDGE_LOOP('',(#474,#475,#476,#477,#478,#479,#480,#481,#482,#483,#484,
#485,#486,#487,#488,#489,#490,#491,#492,#493,#494,#495,#496,#497,#498,#499,
#500,#501,#502,#503,#504,#505,#506,#507,#508,#509,#510,#511));
#1993=EDGE_LOOP('',(#512));
#1994=EDGE_LOOP('',(#513));
#1995=EDGE_LOOP('',(#514));
#1996=EDGE_LOOP('',(#515));
#1997=EDGE_LOOP('',(#516));
#1998=EDGE_LOOP('',(#517));
#1999=EDGE_LOOP('',(#518));
#2000=EDGE_LOOP('',(#519));
#2001=EDGE_LOOP('',(#520));
#2002=EDGE_LOOP('',(#521));
#2003=EDGE_LOOP('',(#522));
#2004=EDGE_LOOP('',(#523));
#2005=EDGE_LOOP('',(#524));
#2006=EDGE_LOOP('',(#525));
#2007=EDGE_LOOP('',(#526));
#2008=EDGE_LOOP('',(#527));
#2009=EDGE_LOOP('',(#528));
#2010=EDGE_LOOP('',(#529));
#2011=EDGE_LOOP('',(#530));
#2012=EDGE_LOOP('',(#531,#532,#533,#534));
#2013=EDGE_LOOP('',(#535,#536));
#2014=EDGE_LOOP('',(#537,#538,#539,#540));
#2015=EDGE_LOOP('',(#541));
#2016=EDGE_LOOP('',(#542,#543,#544,#545,#546,#547,#548,#549,#550,#551,#552,
#553,#554,#555,#556,#557,#558,#559,#560,#561,#562,#563));
#2017=EDGE_LOOP('',(#564,#565,#566,#567,#568,#569,#570,#571));
#2018=EDGE_LOOP('',(#572,#573,#574,#575));
#2019=EDGE_LOOP('',(#576,#577,#578,#579));
#2020=EDGE_LOOP('',(#580,#581,#582,#583));
#2021=EDGE_LOOP('',(#584,#585,#586,#587));
#2022=EDGE_LOOP('',(#588,#589,#590,#591));
#2023=EDGE_LOOP('',(#592,#593,#594,#595));
#2024=EDGE_LOOP('',(#596,#597,#598,#599));
#2025=EDGE_LOOP('',(#600,#601,#602,#603));
#2026=EDGE_LOOP('',(#604,#605,#606,#607));
#2027=EDGE_LOOP('',(#608,#609,#610,#611,#612,#613,#614,#615,#616,#617,#618,
#619,#620,#621,#622,#623,#624,#625,#626,#627,#628,#629,#630,#631,#632,#633,
#634,#635,#636,#637));
#2028=EDGE_LOOP('',(#638,#639,#640,#641));
#2029=EDGE_LOOP('',(#642,#643,#644,#645));
#2030=EDGE_LOOP('',(#646,#647,#648,#649));
#2031=EDGE_LOOP('',(#650,#651,#652,#653));
#2032=EDGE_LOOP('',(#654,#655,#656,#657));
#2033=EDGE_LOOP('',(#658,#659,#660,#661));
#2034=EDGE_LOOP('',(#662,#663,#664,#665));
#2035=EDGE_LOOP('',(#666,#667,#668,#669));
#2036=EDGE_LOOP('',(#670,#671,#672,#673));
#2037=EDGE_LOOP('',(#674,#675,#676,#677));
#2038=EDGE_LOOP('',(#678,#679,#680,#681));
#2039=EDGE_LOOP('',(#682,#683,#684,#685));
#2040=EDGE_LOOP('',(#686,#687,#688,#689));
#2041=EDGE_LOOP('',(#690,#691,#692,#693));
#2042=EDGE_LOOP('',(#694,#695,#696,#697));
#2043=EDGE_LOOP('',(#698,#699,#700,#701));
#2044=EDGE_LOOP('',(#702,#703,#704,#705));
#2045=EDGE_LOOP('',(#706,#707,#708,#709));
#2046=EDGE_LOOP('',(#710,#711,#712,#713));
#2047=EDGE_LOOP('',(#714,#715,#716,#717));
#2048=EDGE_LOOP('',(#718,#719,#720,#721));
#2049=EDGE_LOOP('',(#722,#723,#724,#725));
#2050=EDGE_LOOP('',(#726,#727,#728,#729));
#2051=EDGE_LOOP('',(#730,#731,#732,#733));
#2052=EDGE_LOOP('',(#734,#735,#736,#737));
#2053=EDGE_LOOP('',(#738,#739,#740,#741));
#2054=EDGE_LOOP('',(#742,#743,#744,#745));
#2055=EDGE_LOOP('',(#746,#747,#748,#749));
#2056=EDGE_LOOP('',(#750,#751,#752,#753));
#2057=EDGE_LOOP('',(#754,#755,#756,#757));
#2058=EDGE_LOOP('',(#758,#759,#760,#761));
#2059=EDGE_LOOP('',(#762,#763,#764,#765));
#2060=EDGE_LOOP('',(#766,#767,#768,#769));
#2061=EDGE_LOOP('',(#770,#771,#772,#773));
#2062=EDGE_LOOP('',(#774,#775,#776,#777));
#2063=EDGE_LOOP('',(#778,#779,#780,#781));
#2064=EDGE_LOOP('',(#782,#783,#784,#785));
#2065=EDGE_LOOP('',(#786,#787,#788,#789));
#2066=EDGE_LOOP('',(#790,#791,#792,#793));
#2067=EDGE_LOOP('',(#794,#795,#796,#797));
#2068=EDGE_LOOP('',(#798,#799,#800,#801));
#2069=EDGE_LOOP('',(#802,#803,#804,#805));
#2070=EDGE_LOOP('',(#806,#807,#808,#809));
#2071=EDGE_LOOP('',(#810,#811,#812,#813));
#2072=EDGE_LOOP('',(#814,#815,#816,#817));
#2073=EDGE_LOOP('',(#818,#819,#820,#821));
#2074=EDGE_LOOP('',(#822,#823,#824,#825,#826,#827,#828,#829));
#2075=EDGE_LOOP('',(#830,#831,#832,#833,#834,#835,#836,#837));
#2076=EDGE_LOOP('',(#838,#839,#840,#841));
#2077=EDGE_LOOP('',(#842,#843,#844,#845));
#2078=EDGE_LOOP('',(#846,#847,#848,#849));
#2079=EDGE_LOOP('',(#850));
#2080=EDGE_LOOP('',(#851));
#2081=EDGE_LOOP('',(#852));
#2082=EDGE_LOOP('',(#853));
#2083=EDGE_LOOP('',(#854));
#2084=EDGE_LOOP('',(#855));
#2085=EDGE_LOOP('',(#856));
#2086=EDGE_LOOP('',(#857));
#2087=EDGE_LOOP('',(#858));
#2088=EDGE_LOOP('',(#859));
#2089=EDGE_LOOP('',(#860));
#2090=EDGE_LOOP('',(#861));
#2091=EDGE_LOOP('',(#862));
#2092=EDGE_LOOP('',(#863));
#2093=EDGE_LOOP('',(#864));
#2094=EDGE_LOOP('',(#865));
#2095=EDGE_LOOP('',(#866));
#2096=EDGE_LOOP('',(#867));
#2097=EDGE_LOOP('',(#868));
#2098=EDGE_LOOP('',(#869));
#2099=EDGE_LOOP('',(#870));
#2100=EDGE_LOOP('',(#871));
#2101=EDGE_LOOP('',(#872));
#2102=EDGE_LOOP('',(#873));
#2103=EDGE_LOOP('',(#874));
#2104=EDGE_LOOP('',(#875));
#2105=EDGE_LOOP('',(#876));
#2106=EDGE_LOOP('',(#877));
#2107=EDGE_LOOP('',(#878));
#2108=EDGE_LOOP('',(#879,#880));
#2109=EDGE_LOOP('',(#881));
#2110=EDGE_LOOP('',(#882));
#2111=EDGE_LOOP('',(#883));
#2112=EDGE_LOOP('',(#884));
#2113=EDGE_LOOP('',(#885));
#2114=EDGE_LOOP('',(#886));
#2115=EDGE_LOOP('',(#887));
#2116=EDGE_LOOP('',(#888));
#2117=EDGE_LOOP('',(#889));
#2118=EDGE_LOOP('',(#890));
#2119=EDGE_LOOP('',(#891));
#2120=EDGE_LOOP('',(#892));
#2121=EDGE_LOOP('',(#893));
#2122=EDGE_LOOP('',(#894));
#2123=EDGE_LOOP('',(#895));
#2124=EDGE_LOOP('',(#896));
#2125=EDGE_LOOP('',(#897));
#2126=EDGE_LOOP('',(#898));
#2127=EDGE_LOOP('',(#899));
#2128=EDGE_LOOP('',(#900));
#2129=EDGE_LOOP('',(#901));
#2130=EDGE_LOOP('',(#902,#903));
#2131=EDGE_LOOP('',(#904,#905));
#2132=EDGE_LOOP('',(#906,#907,#908,#909));
#2133=EDGE_LOOP('',(#910,#911,#912,#913));
#2134=EDGE_LOOP('',(#914,#915));
#2135=EDGE_LOOP('',(#916,#917));
#2136=EDGE_LOOP('',(#918,#919));
#2137=EDGE_LOOP('',(#920,#921));
#2138=EDGE_LOOP('',(#922,#923));
#2139=EDGE_LOOP('',(#924));
#2140=EDGE_LOOP('',(#925));
#2141=EDGE_LOOP('',(#926));
#2142=EDGE_LOOP('',(#927));
#2143=EDGE_LOOP('',(#928));
#2144=EDGE_LOOP('',(#929));
#2145=EDGE_LOOP('',(#930));
#2146=EDGE_LOOP('',(#931));
#2147=EDGE_LOOP('',(#932));
#2148=EDGE_LOOP('',(#933));
#2149=EDGE_LOOP('',(#934));
#2150=EDGE_LOOP('',(#935));
#2151=EDGE_LOOP('',(#936));
#2152=EDGE_LOOP('',(#937));
#2153=EDGE_LOOP('',(#938));
#2154=EDGE_LOOP('',(#939));
#2155=EDGE_LOOP('',(#940));
#2156=EDGE_LOOP('',(#941));
#2157=EDGE_LOOP('',(#942));
#2158=EDGE_LOOP('',(#943));
#2159=EDGE_LOOP('',(#944));
#2160=EDGE_LOOP('',(#945));
#2161=EDGE_LOOP('',(#946));
#2162=EDGE_LOOP('',(#947));
#2163=EDGE_LOOP('',(#948));
#2164=EDGE_LOOP('',(#949));
#2165=EDGE_LOOP('',(#950));
#2166=EDGE_LOOP('',(#951));
#2167=EDGE_LOOP('',(#952));
#2168=EDGE_LOOP('',(#953));
#2169=EDGE_LOOP('',(#954));
#2170=EDGE_LOOP('',(#955));
#2171=EDGE_LOOP('',(#956));
#2172=EDGE_LOOP('',(#957));
#2173=EDGE_LOOP('',(#958));
#2174=EDGE_LOOP('',(#959));
#2175=EDGE_LOOP('',(#960));
#2176=EDGE_LOOP('',(#961,#962,#963,#964));
#2177=EDGE_LOOP('',(#965,#966,#967,#968));
#2178=EDGE_LOOP('',(#969));
#2179=EDGE_LOOP('',(#970));
#2180=EDGE_LOOP('',(#971));
#2181=EDGE_LOOP('',(#972));
#2182=EDGE_LOOP('',(#973));
#2183=EDGE_LOOP('',(#974));
#2184=EDGE_LOOP('',(#975));
#2185=EDGE_LOOP('',(#976));
#2186=EDGE_LOOP('',(#977));
#2187=EDGE_LOOP('',(#978));
#2188=EDGE_LOOP('',(#979));
#2189=EDGE_LOOP('',(#980));
#2190=EDGE_LOOP('',(#981));
#2191=EDGE_LOOP('',(#982));
#2192=EDGE_LOOP('',(#983));
#2193=EDGE_LOOP('',(#984));
#2194=EDGE_LOOP('',(#985));
#2195=EDGE_LOOP('',(#986));
#2196=EDGE_LOOP('',(#987));
#2197=EDGE_LOOP('',(#988));
#2198=EDGE_LOOP('',(#989));
#2199=EDGE_LOOP('',(#990));
#2200=EDGE_LOOP('',(#991));
#2201=EDGE_LOOP('',(#992));
#2202=EDGE_LOOP('',(#993));
#2203=EDGE_LOOP('',(#994));
#2204=EDGE_LOOP('',(#995));
#2205=EDGE_LOOP('',(#996));
#2206=EDGE_LOOP('',(#997));
#2207=EDGE_LOOP('',(#998));
#2208=EDGE_LOOP('',(#999));
#2209=EDGE_LOOP('',(#1000));
#2210=EDGE_LOOP('',(#1001));
#2211=EDGE_LOOP('',(#1002));
#2212=EDGE_LOOP('',(#1003));
#2213=EDGE_LOOP('',(#1004));
#2214=EDGE_LOOP('',(#1005));
#2215=EDGE_LOOP('',(#1006));
#2216=EDGE_LOOP('',(#1007));
#2217=EDGE_LOOP('',(#1008));
#2218=EDGE_LOOP('',(#1009));
#2219=EDGE_LOOP('',(#1010));
#2220=EDGE_LOOP('',(#1011));
#2221=EDGE_LOOP('',(#1012));
#2222=EDGE_LOOP('',(#1013));
#2223=EDGE_LOOP('',(#1014));
#2224=EDGE_LOOP('',(#1015));
#2225=EDGE_LOOP('',(#1016));
#2226=EDGE_LOOP('',(#1017));
#2227=EDGE_LOOP('',(#1018));
#2228=EDGE_LOOP('',(#1019));
#2229=EDGE_LOOP('',(#1020));
#2230=EDGE_LOOP('',(#1021));
#2231=EDGE_LOOP('',(#1022));
#2232=EDGE_LOOP('',(#1023));
#2233=EDGE_LOOP('',(#1024));
#2234=EDGE_LOOP('',(#1025));
#2235=EDGE_LOOP('',(#1026));
#2236=EDGE_LOOP('',(#1027));
#2237=EDGE_LOOP('',(#1028));
#2238=EDGE_LOOP('',(#1029));
#2239=EDGE_LOOP('',(#1030));
#2240=EDGE_LOOP('',(#1031));
#2241=EDGE_LOOP('',(#1032));
#2242=EDGE_LOOP('',(#1033));
#2243=EDGE_LOOP('',(#1034));
#2244=EDGE_LOOP('',(#1035));
#2245=EDGE_LOOP('',(#1036));
#2246=EDGE_LOOP('',(#1037));
#2247=EDGE_LOOP('',(#1038));
#2248=EDGE_LOOP('',(#1039));
#2249=EDGE_LOOP('',(#1040));
#2250=EDGE_LOOP('',(#1041));
#2251=EDGE_LOOP('',(#1042));
#2252=EDGE_LOOP('',(#1043));
#2253=EDGE_LOOP('',(#1044));
#2254=EDGE_LOOP('',(#1045));
#2255=EDGE_LOOP('',(#1046));
#2256=EDGE_LOOP('',(#1047));
#2257=EDGE_LOOP('',(#1048));
#2258=EDGE_LOOP('',(#1049));
#2259=EDGE_LOOP('',(#1050));
#2260=EDGE_LOOP('',(#1051));
#2261=EDGE_LOOP('',(#1052));
#2262=EDGE_LOOP('',(#1053));
#2263=EDGE_LOOP('',(#1054));
#2264=EDGE_LOOP('',(#1055));
#2265=EDGE_LOOP('',(#1056));
#2266=EDGE_LOOP('',(#1057));
#2267=EDGE_LOOP('',(#1058));
#2268=EDGE_LOOP('',(#1059));
#2269=EDGE_LOOP('',(#1060));
#2270=EDGE_LOOP('',(#1061));
#2271=EDGE_LOOP('',(#1062));
#2272=EDGE_LOOP('',(#1063));
#2273=EDGE_LOOP('',(#1064));
#2274=EDGE_LOOP('',(#1065));
#2275=EDGE_LOOP('',(#1066));
#2276=EDGE_LOOP('',(#1067));
#2277=EDGE_LOOP('',(#1068));
#2278=EDGE_LOOP('',(#1069));
#2279=EDGE_LOOP('',(#1070));
#2280=EDGE_LOOP('',(#1071));
#2281=EDGE_LOOP('',(#1072));
#2282=EDGE_LOOP('',(#1073));
#2283=EDGE_LOOP('',(#1074));
#2284=EDGE_LOOP('',(#1075));
#2285=EDGE_LOOP('',(#1076));
#2286=EDGE_LOOP('',(#1077));
#2287=EDGE_LOOP('',(#1078));
#2288=EDGE_LOOP('',(#1079));
#2289=EDGE_LOOP('',(#1080));
#2290=EDGE_LOOP('',(#1081));
#2291=FACE_BOUND('',#1908,.T.);
#2292=FACE_BOUND('',#1909,.T.);
#2293=FACE_BOUND('',#1910,.T.);
#2294=FACE_BOUND('',#1911,.T.);
#2295=FACE_BOUND('',#1912,.T.);
#2296=FACE_BOUND('',#1913,.T.);
#2297=FACE_BOUND('',#1914,.T.);
#2298=FACE_BOUND('',#1915,.T.);
#2299=FACE_BOUND('',#1916,.T.);
#2300=FACE_BOUND('',#1917,.T.);
#2301=FACE_BOUND('',#1918,.T.);
#2302=FACE_BOUND('',#1919,.T.);
#2303=FACE_BOUND('',#1920,.T.);
#2304=FACE_BOUND('',#1921,.T.);
#2305=FACE_BOUND('',#1922,.T.);
#2306=FACE_BOUND('',#1923,.T.);
#2307=FACE_BOUND('',#1924,.T.);
#2308=FACE_BOUND('',#1925,.T.);
#2309=FACE_BOUND('',#1926,.T.);
#2310=FACE_BOUND('',#1927,.T.);
#2311=FACE_BOUND('',#1928,.T.);
#2312=FACE_BOUND('',#1929,.T.);
#2313=FACE_BOUND('',#1930,.T.);
#2314=FACE_BOUND('',#1931,.T.);
#2315=FACE_BOUND('',#1932,.T.);
#2316=FACE_BOUND('',#1933,.T.);
#2317=FACE_BOUND('',#1934,.T.);
#2318=FACE_BOUND('',#1935,.T.);
#2319=FACE_BOUND('',#1936,.T.);
#2320=FACE_BOUND('',#1937,.T.);
#2321=FACE_BOUND('',#1938,.T.);
#2322=FACE_BOUND('',#1939,.T.);
#2323=FACE_BOUND('',#1940,.T.);
#2324=FACE_BOUND('',#1941,.T.);
#2325=FACE_BOUND('',#1942,.T.);
#2326=FACE_BOUND('',#1943,.T.);
#2327=FACE_BOUND('',#1944,.T.);
#2328=FACE_BOUND('',#1945,.T.);
#2329=FACE_BOUND('',#1946,.T.);
#2330=FACE_BOUND('',#1947,.T.);
#2331=FACE_BOUND('',#1948,.T.);
#2332=FACE_BOUND('',#1949,.T.);
#2333=FACE_BOUND('',#1950,.T.);
#2334=FACE_BOUND('',#1951,.T.);
#2335=FACE_BOUND('',#1952,.T.);
#2336=FACE_BOUND('',#1953,.T.);
#2337=FACE_BOUND('',#1954,.T.);
#2338=FACE_BOUND('',#1955,.T.);
#2339=FACE_BOUND('',#1956,.T.);
#2340=FACE_BOUND('',#1957,.T.);
#2341=FACE_BOUND('',#1958,.T.);
#2342=FACE_BOUND('',#1959,.T.);
#2343=FACE_BOUND('',#1960,.T.);
#2344=FACE_BOUND('',#1961,.T.);
#2345=FACE_BOUND('',#1962,.T.);
#2346=FACE_BOUND('',#1963,.T.);
#2347=FACE_BOUND('',#1964,.T.);
#2348=FACE_BOUND('',#1965,.T.);
#2349=FACE_BOUND('',#1966,.T.);
#2350=FACE_BOUND('',#1967,.T.);
#2351=FACE_BOUND('',#1968,.T.);
#2352=FACE_BOUND('',#1969,.T.);
#2353=FACE_BOUND('',#1970,.T.);
#2354=FACE_BOUND('',#1971,.T.);
#2355=FACE_BOUND('',#1972,.T.);
#2356=FACE_BOUND('',#1973,.T.);
#2357=FACE_BOUND('',#1974,.T.);
#2358=FACE_BOUND('',#1975,.T.);
#2359=FACE_BOUND('',#1976,.T.);
#2360=FACE_BOUND('',#1977,.T.);
#2361=FACE_BOUND('',#1978,.T.);
#2362=FACE_BOUND('',#1979,.T.);
#2363=FACE_BOUND('',#1980,.T.);
#2364=FACE_BOUND('',#1981,.T.);
#2365=FACE_BOUND('',#1982,.T.);
#2366=FACE_BOUND('',#1983,.T.);
#2367=FACE_BOUND('',#1984,.T.);
#2368=FACE_BOUND('',#1985,.T.);
#2369=FACE_BOUND('',#1986,.T.);
#2370=FACE_BOUND('',#1987,.T.);
#2371=FACE_BOUND('',#1988,.T.);
#2372=FACE_BOUND('',#1989,.T.);
#2373=FACE_BOUND('',#1990,.T.);
#2374=FACE_BOUND('',#1991,.T.);
#2375=FACE_BOUND('',#1992,.T.);
#2376=FACE_BOUND('',#1993,.T.);
#2377=FACE_BOUND('',#1994,.T.);
#2378=FACE_BOUND('',#1995,.T.);
#2379=FACE_BOUND('',#1996,.T.);
#2380=FACE_BOUND('',#1997,.T.);
#2381=FACE_BOUND('',#1998,.T.);
#2382=FACE_BOUND('',#1999,.T.);
#2383=FACE_BOUND('',#2000,.T.);
#2384=FACE_BOUND('',#2001,.T.);
#2385=FACE_BOUND('',#2002,.T.);
#2386=FACE_BOUND('',#2003,.T.);
#2387=FACE_BOUND('',#2004,.T.);
#2388=FACE_BOUND('',#2005,.T.);
#2389=FACE_BOUND('',#2006,.T.);
#2390=FACE_BOUND('',#2007,.T.);
#2391=FACE_BOUND('',#2008,.T.);
#2392=FACE_BOUND('',#2009,.T.);
#2393=FACE_BOUND('',#2010,.T.);
#2394=FACE_BOUND('',#2011,.T.);
#2395=FACE_BOUND('',#2012,.T.);
#2396=FACE_BOUND('',#2013,.T.);
#2397=FACE_BOUND('',#2014,.T.);
#2398=FACE_BOUND('',#2015,.T.);
#2399=FACE_BOUND('',#2016,.T.);
#2400=FACE_BOUND('',#2017,.T.);
#2401=FACE_BOUND('',#2018,.T.);
#2402=FACE_BOUND('',#2019,.T.);
#2403=FACE_BOUND('',#2020,.T.);
#2404=FACE_BOUND('',#2021,.T.);
#2405=FACE_BOUND('',#2022,.T.);
#2406=FACE_BOUND('',#2023,.T.);
#2407=FACE_BOUND('',#2024,.T.);
#2408=FACE_BOUND('',#2025,.T.);
#2409=FACE_BOUND('',#2026,.T.);
#2410=FACE_BOUND('',#2027,.T.);
#2411=FACE_BOUND('',#2028,.T.);
#2412=FACE_BOUND('',#2029,.T.);
#2413=FACE_BOUND('',#2030,.T.);
#2414=FACE_BOUND('',#2031,.T.);
#2415=FACE_BOUND('',#2032,.T.);
#2416=FACE_BOUND('',#2033,.T.);
#2417=FACE_BOUND('',#2034,.T.);
#2418=FACE_BOUND('',#2035,.T.);
#2419=FACE_BOUND('',#2036,.T.);
#2420=FACE_BOUND('',#2037,.T.);
#2421=FACE_BOUND('',#2038,.T.);
#2422=FACE_BOUND('',#2039,.T.);
#2423=FACE_BOUND('',#2040,.T.);
#2424=FACE_BOUND('',#2041,.T.);
#2425=FACE_BOUND('',#2042,.T.);
#2426=FACE_BOUND('',#2043,.T.);
#2427=FACE_BOUND('',#2044,.T.);
#2428=FACE_BOUND('',#2045,.T.);
#2429=FACE_BOUND('',#2046,.T.);
#2430=FACE_BOUND('',#2047,.T.);
#2431=FACE_BOUND('',#2048,.T.);
#2432=FACE_BOUND('',#2049,.T.);
#2433=FACE_BOUND('',#2050,.T.);
#2434=FACE_BOUND('',#2051,.T.);
#2435=FACE_BOUND('',#2052,.T.);
#2436=FACE_BOUND('',#2053,.T.);
#2437=FACE_BOUND('',#2054,.T.);
#2438=FACE_BOUND('',#2055,.T.);
#2439=FACE_BOUND('',#2056,.T.);
#2440=FACE_BOUND('',#2057,.T.);
#2441=FACE_BOUND('',#2058,.T.);
#2442=FACE_BOUND('',#2059,.T.);
#2443=FACE_BOUND('',#2060,.T.);
#2444=FACE_BOUND('',#2061,.T.);
#2445=FACE_BOUND('',#2062,.T.);
#2446=FACE_BOUND('',#2063,.T.);
#2447=FACE_BOUND('',#2064,.T.);
#2448=FACE_BOUND('',#2065,.T.);
#2449=FACE_BOUND('',#2066,.T.);
#2450=FACE_BOUND('',#2067,.T.);
#2451=FACE_BOUND('',#2068,.T.);
#2452=FACE_BOUND('',#2069,.T.);
#2453=FACE_BOUND('',#2070,.T.);
#2454=FACE_BOUND('',#2071,.T.);
#2455=FACE_BOUND('',#2072,.T.);
#2456=FACE_BOUND('',#2073,.T.);
#2457=FACE_BOUND('',#2074,.T.);
#2458=FACE_BOUND('',#2075,.T.);
#2459=FACE_BOUND('',#2076,.T.);
#2460=FACE_BOUND('',#2077,.T.);
#2461=FACE_BOUND('',#2078,.T.);
#2462=FACE_BOUND('',#2079,.T.);
#2463=FACE_BOUND('',#2080,.T.);
#2464=FACE_BOUND('',#2081,.T.);
#2465=FACE_BOUND('',#2082,.T.);
#2466=FACE_BOUND('',#2083,.T.);
#2467=FACE_BOUND('',#2084,.T.);
#2468=FACE_BOUND('',#2085,.T.);
#2469=FACE_BOUND('',#2086,.T.);
#2470=FACE_BOUND('',#2087,.T.);
#2471=FACE_BOUND('',#2088,.T.);
#2472=FACE_BOUND('',#2089,.T.);
#2473=FACE_BOUND('',#2090,.T.);
#2474=FACE_BOUND('',#2091,.T.);
#2475=FACE_BOUND('',#2092,.T.);
#2476=FACE_BOUND('',#2093,.T.);
#2477=FACE_BOUND('',#2094,.T.);
#2478=FACE_BOUND('',#2095,.T.);
#2479=FACE_BOUND('',#2096,.T.);
#2480=FACE_BOUND('',#2097,.T.);
#2481=FACE_BOUND('',#2098,.T.);
#2482=FACE_BOUND('',#2099,.T.);
#2483=FACE_BOUND('',#2100,.T.);
#2484=FACE_BOUND('',#2101,.T.);
#2485=FACE_BOUND('',#2102,.T.);
#2486=FACE_BOUND('',#2103,.T.);
#2487=FACE_BOUND('',#2104,.T.);
#2488=FACE_BOUND('',#2105,.T.);
#2489=FACE_BOUND('',#2106,.T.);
#2490=FACE_BOUND('',#2107,.T.);
#2491=FACE_BOUND('',#2108,.T.);
#2492=FACE_BOUND('',#2109,.T.);
#2493=FACE_BOUND('',#2110,.T.);
#2494=FACE_BOUND('',#2111,.T.);
#2495=FACE_BOUND('',#2112,.T.);
#2496=FACE_BOUND('',#2113,.T.);
#2497=FACE_BOUND('',#2114,.T.);
#2498=FACE_BOUND('',#2115,.T.);
#2499=FACE_BOUND('',#2116,.T.);
#2500=FACE_BOUND('',#2117,.T.);
#2501=FACE_BOUND('',#2118,.T.);
#2502=FACE_BOUND('',#2119,.T.);
#2503=FACE_BOUND('',#2120,.T.);
#2504=FACE_BOUND('',#2121,.T.);
#2505=FACE_BOUND('',#2122,.T.);
#2506=FACE_BOUND('',#2123,.T.);
#2507=FACE_BOUND('',#2124,.T.);
#2508=FACE_BOUND('',#2125,.T.);
#2509=FACE_BOUND('',#2126,.T.);
#2510=FACE_BOUND('',#2127,.T.);
#2511=FACE_BOUND('',#2128,.T.);
#2512=FACE_BOUND('',#2129,.T.);
#2513=FACE_BOUND('',#2130,.T.);
#2514=FACE_BOUND('',#2131,.T.);
#2515=FACE_BOUND('',#2132,.T.);
#2516=FACE_BOUND('',#2133,.T.);
#2517=FACE_BOUND('',#2134,.T.);
#2518=FACE_BOUND('',#2135,.T.);
#2519=FACE_BOUND('',#2136,.T.);
#2520=FACE_BOUND('',#2137,.T.);
#2521=FACE_BOUND('',#2138,.T.);
#2522=FACE_BOUND('',#2139,.T.);
#2523=FACE_BOUND('',#2140,.T.);
#2524=FACE_BOUND('',#2141,.T.);
#2525=FACE_BOUND('',#2142,.T.);
#2526=FACE_BOUND('',#2143,.T.);
#2527=FACE_BOUND('',#2144,.T.);
#2528=FACE_BOUND('',#2145,.T.);
#2529=FACE_BOUND('',#2146,.T.);
#2530=FACE_BOUND('',#2147,.T.);
#2531=FACE_BOUND('',#2148,.T.);
#2532=FACE_BOUND('',#2149,.T.);
#2533=FACE_BOUND('',#2150,.T.);
#2534=FACE_BOUND('',#2151,.T.);
#2535=FACE_BOUND('',#2152,.T.);
#2536=FACE_BOUND('',#2153,.T.);
#2537=FACE_BOUND('',#2154,.T.);
#2538=FACE_BOUND('',#2155,.T.);
#2539=FACE_BOUND('',#2156,.T.);
#2540=FACE_BOUND('',#2157,.T.);
#2541=FACE_BOUND('',#2158,.T.);
#2542=FACE_BOUND('',#2159,.T.);
#2543=FACE_BOUND('',#2160,.T.);
#2544=FACE_BOUND('',#2161,.T.);
#2545=FACE_BOUND('',#2162,.T.);
#2546=FACE_BOUND('',#2163,.T.);
#2547=FACE_BOUND('',#2164,.T.);
#2548=FACE_BOUND('',#2165,.T.);
#2549=FACE_BOUND('',#2166,.T.);
#2550=FACE_BOUND('',#2167,.T.);
#2551=FACE_BOUND('',#2168,.T.);
#2552=FACE_BOUND('',#2169,.T.);
#2553=FACE_BOUND('',#2170,.T.);
#2554=FACE_BOUND('',#2171,.T.);
#2555=FACE_BOUND('',#2172,.T.);
#2556=FACE_BOUND('',#2173,.T.);
#2557=FACE_BOUND('',#2174,.T.);
#2558=FACE_BOUND('',#2175,.T.);
#2559=FACE_BOUND('',#2176,.T.);
#2560=FACE_BOUND('',#2177,.T.);
#2561=FACE_BOUND('',#2178,.T.);
#2562=FACE_BOUND('',#2179,.T.);
#2563=FACE_BOUND('',#2180,.T.);
#2564=FACE_BOUND('',#2181,.T.);
#2565=FACE_BOUND('',#2182,.T.);
#2566=FACE_BOUND('',#2183,.T.);
#2567=FACE_BOUND('',#2184,.T.);
#2568=FACE_BOUND('',#2185,.T.);
#2569=FACE_BOUND('',#2186,.T.);
#2570=FACE_BOUND('',#2187,.T.);
#2571=FACE_BOUND('',#2188,.T.);
#2572=FACE_BOUND('',#2189,.T.);
#2573=FACE_BOUND('',#2190,.T.);
#2574=FACE_BOUND('',#2191,.T.);
#2575=FACE_BOUND('',#2192,.T.);
#2576=FACE_BOUND('',#2193,.T.);
#2577=FACE_BOUND('',#2194,.T.);
#2578=FACE_BOUND('',#2195,.T.);
#2579=FACE_BOUND('',#2196,.T.);
#2580=FACE_BOUND('',#2197,.T.);
#2581=FACE_BOUND('',#2198,.T.);
#2582=FACE_BOUND('',#2199,.T.);
#2583=FACE_BOUND('',#2200,.T.);
#2584=FACE_BOUND('',#2201,.T.);
#2585=FACE_BOUND('',#2202,.T.);
#2586=FACE_BOUND('',#2203,.T.);
#2587=FACE_BOUND('',#2204,.T.);
#2588=FACE_BOUND('',#2205,.T.);
#2589=FACE_BOUND('',#2206,.T.);
#2590=FACE_BOUND('',#2207,.T.);
#2591=FACE_BOUND('',#2208,.T.);
#2592=FACE_BOUND('',#2209,.T.);
#2593=FACE_BOUND('',#2210,.T.);
#2594=FACE_BOUND('',#2211,.T.);
#2595=FACE_BOUND('',#2212,.T.);
#2596=FACE_BOUND('',#2213,.T.);
#2597=FACE_BOUND('',#2214,.T.);
#2598=FACE_BOUND('',#2215,.T.);
#2599=FACE_BOUND('',#2216,.T.);
#2600=FACE_BOUND('',#2217,.T.);
#2601=FACE_BOUND('',#2218,.T.);
#2602=FACE_BOUND('',#2219,.T.);
#2603=FACE_BOUND('',#2220,.T.);
#2604=FACE_BOUND('',#2221,.T.);
#2605=FACE_BOUND('',#2222,.T.);
#2606=FACE_BOUND('',#2223,.T.);
#2607=FACE_BOUND('',#2224,.T.);
#2608=FACE_BOUND('',#2225,.T.);
#2609=FACE_BOUND('',#2226,.T.);
#2610=FACE_BOUND('',#2227,.T.);
#2611=FACE_BOUND('',#2228,.T.);
#2612=FACE_BOUND('',#2229,.T.);
#2613=FACE_BOUND('',#2230,.T.);
#2614=FACE_BOUND('',#2231,.T.);
#2615=FACE_BOUND('',#2232,.T.);
#2616=FACE_BOUND('',#2233,.T.);
#2617=FACE_BOUND('',#2234,.T.);
#2618=FACE_BOUND('',#2235,.T.);
#2619=FACE_BOUND('',#2236,.T.);
#2620=FACE_BOUND('',#2237,.T.);
#2621=FACE_BOUND('',#2238,.T.);
#2622=FACE_BOUND('',#2239,.T.);
#2623=FACE_BOUND('',#2240,.T.);
#2624=FACE_BOUND('',#2241,.T.);
#2625=FACE_BOUND('',#2242,.T.);
#2626=FACE_BOUND('',#2243,.T.);
#2627=FACE_BOUND('',#2244,.T.);
#2628=FACE_BOUND('',#2245,.T.);
#2629=FACE_BOUND('',#2246,.T.);
#2630=FACE_BOUND('',#2247,.T.);
#2631=FACE_BOUND('',#2248,.T.);
#2632=FACE_BOUND('',#2249,.T.);
#2633=FACE_BOUND('',#2250,.T.);
#2634=FACE_BOUND('',#2251,.T.);
#2635=FACE_BOUND('',#2252,.T.);
#2636=FACE_BOUND('',#2253,.T.);
#2637=FACE_BOUND('',#2254,.T.);
#2638=FACE_BOUND('',#2255,.T.);
#2639=FACE_BOUND('',#2256,.T.);
#2640=FACE_BOUND('',#2257,.T.);
#2641=FACE_BOUND('',#2258,.T.);
#2642=FACE_BOUND('',#2259,.T.);
#2643=FACE_BOUND('',#2260,.T.);
#2644=FACE_BOUND('',#2261,.T.);
#2645=FACE_BOUND('',#2262,.T.);
#2646=FACE_BOUND('',#2263,.T.);
#2647=FACE_BOUND('',#2264,.T.);
#2648=FACE_BOUND('',#2265,.T.);
#2649=FACE_BOUND('',#2266,.T.);
#2650=FACE_BOUND('',#2267,.T.);
#2651=FACE_BOUND('',#2268,.T.);
#2652=FACE_BOUND('',#2269,.T.);
#2653=FACE_BOUND('',#2270,.T.);
#2654=FACE_BOUND('',#2271,.T.);
#2655=FACE_BOUND('',#2272,.T.);
#2656=FACE_BOUND('',#2273,.T.);
#2657=FACE_BOUND('',#2274,.T.);
#2658=FACE_BOUND('',#2275,.T.);
#2659=FACE_BOUND('',#2276,.T.);
#2660=FACE_BOUND('',#2277,.T.);
#2661=FACE_BOUND('',#2278,.T.);
#2662=FACE_BOUND('',#2279,.T.);
#2663=FACE_BOUND('',#2280,.T.);
#2664=FACE_BOUND('',#2281,.T.);
#2665=FACE_BOUND('',#2282,.T.);
#2666=FACE_BOUND('',#2283,.T.);
#2667=FACE_BOUND('',#2284,.T.);
#2668=FACE_BOUND('',#2285,.T.);
#2669=FACE_BOUND('',#2286,.T.);
#2670=FACE_BOUND('',#2287,.T.);
#2671=FACE_BOUND('',#2288,.T.);
#2672=FACE_BOUND('',#2289,.T.);
#2673=FACE_BOUND('',#2290,.T.);
#2674=PLANE('',#2879);
#2675=PLANE('',#2924);
#2676=PLANE('',#3008);
#2677=PLANE('',#3017);
#2678=PLANE('',#3020);
#2679=PLANE('',#3023);
#2680=PLANE('',#3024);
#2681=PLANE('',#3025);
#2682=PLANE('',#3026);
#2683=PLANE('',#3027);
#2684=PLANE('',#3066);
#2685=PLANE('',#3071);
#2686=PLANE('',#3124);
#2687=PLANE('',#3129);
#2688=PLANE('',#3138);
#2689=PLANE('',#3162);
#2690=PLANE('',#3165);
#2691=PLANE('',#3170);
#2692=ADVANCED_FACE('',(#2291,#2292,#2293,#2294,#2295,#2296,#2297,#2298,
#2299,#2300,#2301,#2302,#2303,#2304,#2305,#2306,#2307,#2308,#2309,#2310,
#2311,#2312,#2313,#2314,#2315,#2316,#2317,#2318,#2319,#2320,#2321,#2322,
#2323,#2324,#2325,#2326,#2327,#2328,#2329,#2330,#2331,#2332),#2674,.F.);
#2693=ADVANCED_FACE('',(#2333,#2334,#2335,#2336,#2337,#2338,#2339,#2340,
#2341,#2342,#2343,#2344,#2345,#2346,#2347,#2348,#2349,#2350,#2351,#2352,
#2353,#2354,#2355,#2356,#2357,#2358,#2359,#2360,#2361,#2362,#2363,#2364,
#2365,#2366,#2367,#2368,#2369,#2370,#2371,#2372,#2373,#2374),#2675,.T.);
#2694=ADVANCED_FACE('',(#2375),#178,.F.);
#2695=ADVANCED_FACE('',(#2376,#2377,#2378,#2379,#2380,#2381,#2382,#2383,
#2384,#2385,#2386,#2387,#2388,#2389,#2390,#2391,#2392,#2393,#2394),#64,
 .F.);
#2696=ADVANCED_FACE('',(#2395,#2396),#179,.T.);
#2697=ADVANCED_FACE('',(#2397,#2398),#180,.F.);
#2698=ADVANCED_FACE('',(#2399),#181,.T.);
#2699=ADVANCED_FACE('',(#2400,#2401),#2676,.T.);
#2700=ADVANCED_FACE('',(#2402),#2677,.T.);
#2701=ADVANCED_FACE('',(#2403),#182,.F.);
#2702=ADVANCED_FACE('',(#2404),#2678,.T.);
#2703=ADVANCED_FACE('',(#2405),#183,.T.);
#2704=ADVANCED_FACE('',(#2406),#2679,.T.);
#2705=ADVANCED_FACE('',(#2407),#2680,.T.);
#2706=ADVANCED_FACE('',(#2408),#2681,.F.);
#2707=ADVANCED_FACE('',(#2409),#2682,.F.);
#2708=ADVANCED_FACE('',(#2410,#2411),#2683,.F.);
#2709=ADVANCED_FACE('',(#2412),#65,.T.);
#2710=ADVANCED_FACE('',(#2413),#52,.F.);
#2711=ADVANCED_FACE('',(#2414),#66,.F.);
#2712=ADVANCED_FACE('',(#2415),#67,.F.);
#2713=ADVANCED_FACE('',(#2416),#53,.T.);
#2714=ADVANCED_FACE('',(#2417),#68,.T.);
#2715=ADVANCED_FACE('',(#2418),#69,.T.);
#2716=ADVANCED_FACE('',(#2419),#54,.F.);
#2717=ADVANCED_FACE('',(#2420),#70,.F.);
#2718=ADVANCED_FACE('',(#2421),#71,.F.);
#2719=ADVANCED_FACE('',(#2422),#55,.T.);
#2720=ADVANCED_FACE('',(#2423),#72,.T.);
#2721=ADVANCED_FACE('',(#2424),#184,.T.);
#2722=ADVANCED_FACE('',(#2425),#2684,.F.);
#2723=ADVANCED_FACE('',(#2426),#185,.F.);
#2724=ADVANCED_FACE('',(#2427),#186,.F.);
#2725=ADVANCED_FACE('',(#2428),#2685,.F.);
#2726=ADVANCED_FACE('',(#2429),#187,.T.);
#2727=ADVANCED_FACE('',(#2430),#73,.T.);
#2728=ADVANCED_FACE('',(#2431),#56,.F.);
#2729=ADVANCED_FACE('',(#2432),#74,.F.);
#2730=ADVANCED_FACE('',(#2433),#75,.F.);
#2731=ADVANCED_FACE('',(#2434),#57,.T.);
#2732=ADVANCED_FACE('',(#2435),#76,.T.);
#2733=ADVANCED_FACE('',(#2436),#77,.T.);
#2734=ADVANCED_FACE('',(#2437),#58,.T.);
#2735=ADVANCED_FACE('',(#2438),#78,.F.);
#2736=ADVANCED_FACE('',(#2439),#79,.F.);
#2737=ADVANCED_FACE('',(#2440),#59,.F.);
#2738=ADVANCED_FACE('',(#2441),#80,.T.);
#2739=ADVANCED_FACE('',(#2442),#81,.T.);
#2740=ADVANCED_FACE('',(#2443),#60,.F.);
#2741=ADVANCED_FACE('',(#2444),#82,.F.);
#2742=ADVANCED_FACE('',(#2445),#83,.F.);
#2743=ADVANCED_FACE('',(#2446),#61,.T.);
#2744=ADVANCED_FACE('',(#2447),#84,.T.);
#2745=ADVANCED_FACE('',(#2448),#188,.T.);
#2746=ADVANCED_FACE('',(#2449),#2686,.F.);
#2747=ADVANCED_FACE('',(#2450),#189,.F.);
#2748=ADVANCED_FACE('',(#2451),#190,.F.);
#2749=ADVANCED_FACE('',(#2452),#2687,.F.);
#2750=ADVANCED_FACE('',(#2453),#191,.T.);
#2751=ADVANCED_FACE('',(#2454),#85,.T.);
#2752=ADVANCED_FACE('',(#2455),#62,.F.);
#2753=ADVANCED_FACE('',(#2456),#86,.F.);
#2754=ADVANCED_FACE('',(#2457,#2458),#2688,.F.);
#2755=ADVANCED_FACE('',(#2459),#87,.F.);
#2756=ADVANCED_FACE('',(#2460),#63,.T.);
#2757=ADVANCED_FACE('',(#2461),#88,.T.);
#2758=ADVANCED_FACE('',(#2462,#2463),#192,.F.);
#2759=ADVANCED_FACE('',(#2464,#2465),#193,.F.);
#2760=ADVANCED_FACE('',(#2466,#2467),#194,.F.);
#2761=ADVANCED_FACE('',(#2468,#2469),#195,.F.);
#2762=ADVANCED_FACE('',(#2470,#2471),#196,.F.);
#2763=ADVANCED_FACE('',(#2472,#2473),#197,.F.);
#2764=ADVANCED_FACE('',(#2474,#2475),#198,.F.);
#2765=ADVANCED_FACE('',(#2476,#2477),#199,.F.);
#2766=ADVANCED_FACE('',(#2478,#2479),#200,.F.);
#2767=ADVANCED_FACE('',(#2480,#2481,#2482,#2483,#2484,#2485,#2486,#2487,
#2488,#2489,#2490),#89,.F.);
#2768=ADVANCED_FACE('',(#2491,#2492),#90,.F.);
#2769=ADVANCED_FACE('',(#2493,#2494),#22,.T.);
#2770=ADVANCED_FACE('',(#2495),#20,.F.);
#2771=ADVANCED_FACE('',(#2496,#2497),#23,.T.);
#2772=ADVANCED_FACE('',(#2498,#2499),#24,.T.);
#2773=ADVANCED_FACE('',(#2500,#2501),#25,.T.);
#2774=ADVANCED_FACE('',(#2502,#2503),#26,.T.);
#2775=ADVANCED_FACE('',(#2504,#2505),#27,.T.);
#2776=ADVANCED_FACE('',(#2506,#2507),#28,.T.);
#2777=ADVANCED_FACE('',(#2508,#2509),#29,.T.);
#2778=ADVANCED_FACE('',(#2510,#2511),#30,.T.);
#2779=ADVANCED_FACE('',(#2512,#2513),#201,.F.);
#2780=ADVANCED_FACE('',(#2514),#2689,.T.);
#2781=ADVANCED_FACE('',(#2515),#31,.T.);
#2782=ADVANCED_FACE('',(#2516),#32,.T.);
#2783=ADVANCED_FACE('',(#2517),#2690,.T.);
#2784=ADVANCED_FACE('',(#2518,#2519),#202,.F.);
#2785=ADVANCED_FACE('',(#2520),#2691,.F.);
#2786=ADVANCED_FACE('',(#2521,#2522),#91,.F.);
#2787=ADVANCED_FACE('',(#2523,#2524),#203,.F.);
#2788=ADVANCED_FACE('',(#2525,#2526),#204,.F.);
#2789=ADVANCED_FACE('',(#2527,#2528),#205,.F.);
#2790=ADVANCED_FACE('',(#2529,#2530),#206,.F.);
#2791=ADVANCED_FACE('',(#2531,#2532),#207,.F.);
#2792=ADVANCED_FACE('',(#2533,#2534),#208,.F.);
#2793=ADVANCED_FACE('',(#2535,#2536),#209,.F.);
#2794=ADVANCED_FACE('',(#2537,#2538),#210,.F.);
#2795=ADVANCED_FACE('',(#2539,#2540),#211,.F.);
#2796=ADVANCED_FACE('',(#2541,#2542),#212,.F.);
#2797=ADVANCED_FACE('',(#2543,#2544),#213,.F.);
#2798=ADVANCED_FACE('',(#2545,#2546),#214,.F.);
#2799=ADVANCED_FACE('',(#2547,#2548),#215,.F.);
#2800=ADVANCED_FACE('',(#2549,#2550),#216,.F.);
#2801=ADVANCED_FACE('',(#2551,#2552),#217,.F.);
#2802=ADVANCED_FACE('',(#2553,#2554),#218,.F.);
#2803=ADVANCED_FACE('',(#2555,#2556),#219,.F.);
#2804=ADVANCED_FACE('',(#2557,#2558),#33,.T.);
#2805=ADVANCED_FACE('',(#2559),#34,.T.);
#2806=ADVANCED_FACE('',(#2560),#35,.T.);
#2807=ADVANCED_FACE('',(#2561),#21,.F.);
#2808=ADVANCED_FACE('',(#2562,#2563),#36,.T.);
#2809=ADVANCED_FACE('',(#2564,#2565),#37,.T.);
#2810=ADVANCED_FACE('',(#2566,#2567),#38,.T.);
#2811=ADVANCED_FACE('',(#2568,#2569),#39,.T.);
#2812=ADVANCED_FACE('',(#2570,#2571),#40,.T.);
#2813=ADVANCED_FACE('',(#2572,#2573),#41,.T.);
#2814=ADVANCED_FACE('',(#2574,#2575),#42,.T.);
#2815=ADVANCED_FACE('',(#2576,#2577),#43,.T.);
#2816=ADVANCED_FACE('',(#2578,#2579),#44,.T.);
#2817=ADVANCED_FACE('',(#2580,#2581),#45,.T.);
#2818=ADVANCED_FACE('',(#2582,#2583),#46,.T.);
#2819=ADVANCED_FACE('',(#2584,#2585),#47,.T.);
#2820=ADVANCED_FACE('',(#2586,#2587),#48,.T.);
#2821=ADVANCED_FACE('',(#2588,#2589),#49,.T.);
#2822=ADVANCED_FACE('',(#2590,#2591),#50,.T.);
#2823=ADVANCED_FACE('',(#2592,#2593),#51,.T.);
#2824=ADVANCED_FACE('',(#2594,#2595),#220,.F.);
#2825=ADVANCED_FACE('',(#2596,#2597),#221,.F.);
#2826=ADVANCED_FACE('',(#2598,#2599),#222,.F.);
#2827=ADVANCED_FACE('',(#2600,#2601),#223,.F.);
#2828=ADVANCED_FACE('',(#2602,#2603),#224,.F.);
#2829=ADVANCED_FACE('',(#2604,#2605),#225,.F.);
#2830=ADVANCED_FACE('',(#2606,#2607),#226,.F.);
#2831=ADVANCED_FACE('',(#2608,#2609),#227,.F.);
#2832=ADVANCED_FACE('',(#2610,#2611),#228,.F.);
#2833=ADVANCED_FACE('',(#2612,#2613),#229,.F.);
#2834=ADVANCED_FACE('',(#2614,#2615),#230,.F.);
#2835=ADVANCED_FACE('',(#2616,#2617),#231,.F.);
#2836=ADVANCED_FACE('',(#2618,#2619),#232,.F.);
#2837=ADVANCED_FACE('',(#2620,#2621),#233,.F.);
#2838=ADVANCED_FACE('',(#2622,#2623),#234,.F.);
#2839=ADVANCED_FACE('',(#2624,#2625),#235,.F.);
#2840=ADVANCED_FACE('',(#2626,#2627),#236,.F.);
#2841=ADVANCED_FACE('',(#2628,#2629),#237,.F.);
#2842=ADVANCED_FACE('',(#2630,#2631),#238,.F.);
#2843=ADVANCED_FACE('',(#2632,#2633),#239,.F.);
#2844=ADVANCED_FACE('',(#2634,#2635),#240,.F.);
#2845=ADVANCED_FACE('',(#2636,#2637),#241,.F.);
#2846=ADVANCED_FACE('',(#2638,#2639),#242,.F.);
#2847=ADVANCED_FACE('',(#2640,#2641),#243,.F.);
#2848=ADVANCED_FACE('',(#2642,#2643),#244,.F.);
#2849=ADVANCED_FACE('',(#2644,#2645),#245,.F.);
#2850=ADVANCED_FACE('',(#2646,#2647),#246,.F.);
#2851=ADVANCED_FACE('',(#2648,#2649),#247,.F.);
#2852=ADVANCED_FACE('',(#2650,#2651),#248,.F.);
#2853=ADVANCED_FACE('',(#2652,#2653),#249,.F.);
#2854=ADVANCED_FACE('',(#2654,#2655),#250,.F.);
#2855=ADVANCED_FACE('',(#2656,#2657),#251,.F.);
#2856=ADVANCED_FACE('',(#2658,#2659),#252,.F.);
#2857=ADVANCED_FACE('',(#2660,#2661),#253,.F.);
#2858=ADVANCED_FACE('',(#2662,#2663),#254,.F.);
#2859=ADVANCED_FACE('',(#2664,#2665),#255,.F.);
#2860=ADVANCED_FACE('',(#2666,#2667),#256,.F.);
#2861=ADVANCED_FACE('',(#2668,#2669),#257,.F.);
#2862=ADVANCED_FACE('',(#2670,#2671),#258,.F.);
#2863=ADVANCED_FACE('',(#2672,#2673),#259,.F.);
#2864=CLOSED_SHELL('',(#2692,#2693,#2694,#2695,#2696,#2697,#2698,#2699,
#2700,#2701,#2702,#2703,#2704,#2705,#2706,#2707,#2708,#2709,#2710,#2711,
#2712,#2713,#2714,#2715,#2716,#2717,#2718,#2719,#2720,#2721,#2722,#2723,
#2724,#2725,#2726,#2727,#2728,#2729,#2730,#2731,#2732,#2733,#2734,#2735,
#2736,#2737,#2738,#2739,#2740,#2741,#2742,#2743,#2744,#2745,#2746,#2747,
#2748,#2749,#2750,#2751,#2752,#2753,#2754,#2755,#2756,#2757,#2758,#2759,
#2760,#2761,#2762,#2763,#2764,#2765,#2766,#2767,#2768,#2769,#2770,#2771,
#2772,#2773,#2774,#2775,#2776,#2777,#2778,#2779,#2780,#2781,#2782,#2783,
#2784,#2785,#2786,#2787,#2788,#2789,#2790,#2791,#2792,#2793,#2794,#2795,
#2796,#2797,#2798,#2799,#2800,#2801,#2802,#2803,#2804,#2805,#2806,#2807,
#2808,#2809,#2810,#2811,#2812,#2813,#2814,#2815,#2816,#2817,#2818,#2819,
#2820,#2821,#2822,#2823,#2824,#2825,#2826,#2827,#2828,#2829,#2830,#2831,
#2832,#2833,#2834,#2835,#2836,#2837,#2838,#2839,#2840,#2841,#2842,#2843,
#2844,#2845,#2846,#2847,#2848,#2849,#2850,#2851,#2852,#2853,#2854,#2855,
#2856,#2857,#2858,#2859,#2860,#2861,#2862,#2863));
#2865=STYLED_ITEM('',(#2866),#2875);
#2866=PRESENTATION_STYLE_ASSIGNMENT((#2867));
#2867=SURFACE_STYLE_USAGE(.BOTH.,#2868);
#2868=SURFACE_SIDE_STYLE('',(#2871,#2869));
#2869=SURFACE_STYLE_RENDERING_WITH_PROPERTIES(.CONSTANT_SHADING.,#2874,
(#2870));
#2870=SURFACE_STYLE_TRANSPARENT(0.5);
#2871=SURFACE_STYLE_FILL_AREA(#2872);
#2872=FILL_AREA_STYLE('',(#2873));
#2873=FILL_AREA_STYLE_COLOUR('',#2874);
#2874=COLOUR_RGB('',0.100000001490116,0.100000001490116,0.100000001490116);
#2875=MANIFOLD_SOLID_BREP('',#2864);
#2876=SHAPE_DEFINITION_REPRESENTATION(#7813,#2877);
#2877=SHAPE_REPRESENTATION('P2_Frame_V1',(#2878),#7808);
#2878=AXIS2_PLACEMENT_3D('',#3997,#3232,#3233);
#2879=AXIS2_PLACEMENT_3D('',#3998,#3234,#3235);
#2880=AXIS2_PLACEMENT_3D('',#3999,#3236,#3237);
#2881=AXIS2_PLACEMENT_3D('',#4001,#3238,#3239);
#2882=AXIS2_PLACEMENT_3D('',#4003,#3240,#3241);
#2883=AXIS2_PLACEMENT_3D('',#4005,#3242,#3243);
#2884=AXIS2_PLACEMENT_3D('',#4007,#3244,#3245);
#2885=AXIS2_PLACEMENT_3D('',#4009,#3246,#3247);
#2886=AXIS2_PLACEMENT_3D('',#4011,#3248,#3249);
#2887=AXIS2_PLACEMENT_3D('',#4013,#3250,#3251);
#2888=AXIS2_PLACEMENT_3D('',#4015,#3252,#3253);
#2889=AXIS2_PLACEMENT_3D('',#4017,#3254,#3255);
#2890=AXIS2_PLACEMENT_3D('',#4019,#3256,#3257);
#2891=AXIS2_PLACEMENT_3D('',#4021,#3258,#3259);
#2892=AXIS2_PLACEMENT_3D('',#4023,#3260,#3261);
#2893=AXIS2_PLACEMENT_3D('',#4025,#3262,#3263);
#2894=AXIS2_PLACEMENT_3D('',#4027,#3264,#3265);
#2895=AXIS2_PLACEMENT_3D('',#4029,#3266,#3267);
#2896=AXIS2_PLACEMENT_3D('',#4031,#3268,#3269);
#2897=AXIS2_PLACEMENT_3D('',#4033,#3270,#3271);
#2898=AXIS2_PLACEMENT_3D('',#4035,#3272,#3273);
#2899=AXIS2_PLACEMENT_3D('',#4037,#3274,#3275);
#2900=AXIS2_PLACEMENT_3D('',#4039,#3276,#3277);
#2901=AXIS2_PLACEMENT_3D('',#4041,#3278,#3279);
#2902=AXIS2_PLACEMENT_3D('',#4043,#3280,#3281);
#2903=AXIS2_PLACEMENT_3D('',#4045,#3282,#3283);
#2904=AXIS2_PLACEMENT_3D('',#4047,#3284,#3285);
#2905=AXIS2_PLACEMENT_3D('',#4049,#3286,#3287);
#2906=AXIS2_PLACEMENT_3D('',#4051,#3288,#3289);
#2907=AXIS2_PLACEMENT_3D('',#4053,#3290,#3291);
#2908=AXIS2_PLACEMENT_3D('',#4055,#3292,#3293);
#2909=AXIS2_PLACEMENT_3D('',#4057,#3294,#3295);
#2910=AXIS2_PLACEMENT_3D('',#4059,#3296,#3297);
#2911=AXIS2_PLACEMENT_3D('',#4061,#3298,#3299);
#2912=AXIS2_PLACEMENT_3D('',#4063,#3300,#3301);
#2913=AXIS2_PLACEMENT_3D('',#4065,#3302,#3303);
#2914=AXIS2_PLACEMENT_3D('',#4067,#3304,#3305);
#2915=AXIS2_PLACEMENT_3D('',#4069,#3306,#3307);
#2916=AXIS2_PLACEMENT_3D('',#4071,#3308,#3309);
#2917=AXIS2_PLACEMENT_3D('',#4073,#3310,#3311);
#2918=AXIS2_PLACEMENT_3D('',#4078,#3313,#3314);
#2919=AXIS2_PLACEMENT_3D('',#4081,#3316,#3317);
#2920=AXIS2_PLACEMENT_3D('',#4086,#3319,#3320);
#2921=AXIS2_PLACEMENT_3D('',#4089,#3322,#3323);
#2922=AXIS2_PLACEMENT_3D('',#4091,#3324,#3325);
#2923=AXIS2_PLACEMENT_3D('',#4093,#3326,#3327);
#2924=AXIS2_PLACEMENT_3D('',#4095,#3328,#3329);
#2925=AXIS2_PLACEMENT_3D('',#4096,#3330,#3331);
#2926=AXIS2_PLACEMENT_3D('',#4098,#3332,#3333);
#2927=AXIS2_PLACEMENT_3D('',#4100,#3334,#3335);
#2928=AXIS2_PLACEMENT_3D('',#4102,#3336,#3337);
#2929=AXIS2_PLACEMENT_3D('',#4104,#3338,#3339);
#2930=AXIS2_PLACEMENT_3D('',#4106,#3340,#3341);
#2931=AXIS2_PLACEMENT_3D('',#4108,#3342,#3343);
#2932=AXIS2_PLACEMENT_3D('',#4110,#3344,#3345);
#2933=AXIS2_PLACEMENT_3D('',#4112,#3346,#3347);
#2934=AXIS2_PLACEMENT_3D('',#4114,#3348,#3349);
#2935=AXIS2_PLACEMENT_3D('',#4116,#3350,#3351);
#2936=AXIS2_PLACEMENT_3D('',#4118,#3352,#3353);
#2937=AXIS2_PLACEMENT_3D('',#4120,#3354,#3355);
#2938=AXIS2_PLACEMENT_3D('',#4122,#3356,#3357);
#2939=AXIS2_PLACEMENT_3D('',#4124,#3358,#3359);
#2940=AXIS2_PLACEMENT_3D('',#4126,#3360,#3361);
#2941=AXIS2_PLACEMENT_3D('',#4128,#3362,#3363);
#2942=AXIS2_PLACEMENT_3D('',#4130,#3364,#3365);
#2943=AXIS2_PLACEMENT_3D('',#4132,#3366,#3367);
#2944=AXIS2_PLACEMENT_3D('',#4134,#3368,#3369);
#2945=AXIS2_PLACEMENT_3D('',#4136,#3370,#3371);
#2946=AXIS2_PLACEMENT_3D('',#4138,#3372,#3373);
#2947=AXIS2_PLACEMENT_3D('',#4140,#3374,#3375);
#2948=AXIS2_PLACEMENT_3D('',#4142,#3376,#3377);
#2949=AXIS2_PLACEMENT_3D('',#4144,#3378,#3379);
#2950=AXIS2_PLACEMENT_3D('',#4146,#3380,#3381);
#2951=AXIS2_PLACEMENT_3D('',#4148,#3382,#3383);
#2952=AXIS2_PLACEMENT_3D('',#4150,#3384,#3385);
#2953=AXIS2_PLACEMENT_3D('',#4152,#3386,#3387);
#2954=AXIS2_PLACEMENT_3D('',#4154,#3388,#3389);
#2955=AXIS2_PLACEMENT_3D('',#4156,#3390,#3391);
#2956=AXIS2_PLACEMENT_3D('',#4158,#3392,#3393);
#2957=AXIS2_PLACEMENT_3D('',#4160,#3394,#3395);
#2958=AXIS2_PLACEMENT_3D('',#4162,#3396,#3397);
#2959=AXIS2_PLACEMENT_3D('',#4167,#3399,#3400);
#2960=AXIS2_PLACEMENT_3D('',#4169,#3401,#3402);
#2961=AXIS2_PLACEMENT_3D('',#4171,#3403,#3404);
#2962=AXIS2_PLACEMENT_3D('',#4175,#3406,#3407);
#2963=AXIS2_PLACEMENT_3D('',#4177,#3408,#3409);
#2964=AXIS2_PLACEMENT_3D('',#4179,#3410,#3411);
#2965=AXIS2_PLACEMENT_3D('',#4180,#3412,#3413);
#2966=AXIS2_PLACEMENT_3D('',#4185,#3415,#3416);
#2967=AXIS2_PLACEMENT_3D('',#4188,#3418,#3419);
#2968=AXIS2_PLACEMENT_3D('',#4190,#3420,#3421);
#2969=AXIS2_PLACEMENT_3D('',#4192,#3422,#3423);
#2970=AXIS2_PLACEMENT_3D('',#4194,#3424,#3425);
#2971=AXIS2_PLACEMENT_3D('',#4196,#3426,#3427);
#2972=AXIS2_PLACEMENT_3D('',#4198,#3428,#3429);
#2973=AXIS2_PLACEMENT_3D('',#4200,#3430,#3431);
#2974=AXIS2_PLACEMENT_3D('',#4201,#3432,#3433);
#2975=AXIS2_PLACEMENT_3D('',#4215,#3434,#3435);
#2976=AXIS2_PLACEMENT_3D('',#4228,#3436,#3437);
#2977=AXIS2_PLACEMENT_3D('',#4241,#3438,#3439);
#2978=AXIS2_PLACEMENT_3D('',#4254,#3440,#3441);
#2979=AXIS2_PLACEMENT_3D('',#4267,#3442,#3443);
#2980=AXIS2_PLACEMENT_3D('',#4280,#3444,#3445);
#2981=AXIS2_PLACEMENT_3D('',#4293,#3446,#3447);
#2982=AXIS2_PLACEMENT_3D('',#4306,#3448,#3449);
#2983=AXIS2_PLACEMENT_3D('',#4319,#3450,#3451);
#2984=AXIS2_PLACEMENT_3D('',#4332,#3452,#3453);
#2985=AXIS2_PLACEMENT_3D('',#4337,#3456,#3457);
#2986=AXIS2_PLACEMENT_3D('',#4350,#3458,#3459);
#2987=AXIS2_PLACEMENT_3D('',#4363,#3460,#3461);
#2988=AXIS2_PLACEMENT_3D('',#4376,#3462,#3463);
#2989=AXIS2_PLACEMENT_3D('',#4389,#3464,#3465);
#2990=AXIS2_PLACEMENT_3D('',#4402,#3466,#3467);
#2991=AXIS2_PLACEMENT_3D('',#4415,#3468,#3469);
#2992=AXIS2_PLACEMENT_3D('',#4427,#3470,#3471);
#2993=AXIS2_PLACEMENT_3D('',#4792,#3472,#3473);
#2994=AXIS2_PLACEMENT_3D('',#4816,#3474,#3475);
#2995=AXIS2_PLACEMENT_3D('',#4818,#3476,#3477);
#2996=AXIS2_PLACEMENT_3D('',#4831,#3481,#3482);
#2997=AXIS2_PLACEMENT_3D('',#4846,#3485,#3486);
#2998=AXIS2_PLACEMENT_3D('',#4847,#3487,#3488);
#2999=AXIS2_PLACEMENT_3D('',#4861,#3489,#3490);
#3000=AXIS2_PLACEMENT_3D('',#4874,#3491,#3492);
#3001=AXIS2_PLACEMENT_3D('',#4887,#3493,#3494);
#3002=AXIS2_PLACEMENT_3D('',#4900,#3495,#3496);
#3003=AXIS2_PLACEMENT_3D('',#4905,#3499,#3500);
#3004=AXIS2_PLACEMENT_3D('',#4918,#3501,#3502);
#3005=AXIS2_PLACEMENT_3D('',#4931,#3503,#3504);
#3006=AXIS2_PLACEMENT_3D('',#4944,#3505,#3506);
#3007=AXIS2_PLACEMENT_3D('',#4957,#3507,#3508);
#3008=AXIS2_PLACEMENT_3D('',#4969,#3509,#3510);
#3009=AXIS2_PLACEMENT_3D('',#4970,#3511,#3512);
#3010=AXIS2_PLACEMENT_3D('',#4975,#3514,#3515);
#3011=AXIS2_PLACEMENT_3D('',#4977,#3516,#3517);
#3012=AXIS2_PLACEMENT_3D('',#4979,#3518,#3519);
#3013=AXIS2_PLACEMENT_3D('',#4983,#3521,#3522);
#3014=AXIS2_PLACEMENT_3D('',#4985,#3523,#3524);
#3015=AXIS2_PLACEMENT_3D('',#4986,#3525,#3526);
#3016=AXIS2_PLACEMENT_3D('',#4991,#3528,#3529);
#3017=AXIS2_PLACEMENT_3D('',#4994,#3531,#3532);
#3018=AXIS2_PLACEMENT_3D('',#4995,#3533,#3534);
#3019=AXIS2_PLACEMENT_3D('',#4996,#3535,#3536);
#3020=AXIS2_PLACEMENT_3D('',#5001,#3539,#3540);
#3021=AXIS2_PLACEMENT_3D('',#5005,#3543,#3544);
#3022=AXIS2_PLACEMENT_3D('',#5006,#3545,#3546);
#3023=AXIS2_PLACEMENT_3D('',#5009,#3548,#3549);
#3024=AXIS2_PLACEMENT_3D('',#5011,#3551,#3552);
#3025=AXIS2_PLACEMENT_3D('',#5012,#3553,#3554);
#3026=AXIS2_PLACEMENT_3D('',#5014,#3556,#3557);
#3027=AXIS2_PLACEMENT_3D('',#5016,#3559,#3560);
#3028=AXIS2_PLACEMENT_3D('',#5017,#3561,#3562);
#3029=AXIS2_PLACEMENT_3D('',#5018,#3563,#3564);
#3030=AXIS2_PLACEMENT_3D('',#5021,#3565,#3566);
#3031=AXIS2_PLACEMENT_3D('',#5022,#3567,#3568);
#3032=AXIS2_PLACEMENT_3D('',#5023,#3569,#3570);
#3033=AXIS2_PLACEMENT_3D('',#5024,#3571,#3572);
#3034=AXIS2_PLACEMENT_3D('',#5029,#3575,#3576);
#3035=AXIS2_PLACEMENT_3D('',#5030,#3577,#3578);
#3036=AXIS2_PLACEMENT_3D('',#5033,#3579,#3580);
#3037=AXIS2_PLACEMENT_3D('',#5034,#3581,#3582);
#3038=AXIS2_PLACEMENT_3D('',#5035,#3583,#3584);
#3039=AXIS2_PLACEMENT_3D('',#5036,#3585,#3586);
#3040=AXIS2_PLACEMENT_3D('',#5039,#3587,#3588);
#3041=AXIS2_PLACEMENT_3D('',#5041,#3589,#3590);
#3042=AXIS2_PLACEMENT_3D('',#5043,#3591,#3592);
#3043=AXIS2_PLACEMENT_3D('',#5044,#3593,#3594);
#3044=AXIS2_PLACEMENT_3D('',#5045,#3595,#3596);
#3045=AXIS2_PLACEMENT_3D('',#5050,#3599,#3600);
#3046=AXIS2_PLACEMENT_3D('',#5051,#3601,#3602);
#3047=AXIS2_PLACEMENT_3D('',#5052,#3603,#3604);
#3048=AXIS2_PLACEMENT_3D('',#5053,#3605,#3606);
#3049=AXIS2_PLACEMENT_3D('',#5054,#3607,#3608);
#3050=AXIS2_PLACEMENT_3D('',#5056,#3609,#3610);
#3051=AXIS2_PLACEMENT_3D('',#5057,#3611,#3612);
#3052=AXIS2_PLACEMENT_3D('',#5060,#3614,#3615);
#3053=AXIS2_PLACEMENT_3D('',#5061,#3616,#3617);
#3054=AXIS2_PLACEMENT_3D('',#5062,#3618,#3619);
#3055=AXIS2_PLACEMENT_3D('',#5064,#3620,#3621);
#3056=AXIS2_PLACEMENT_3D('',#5065,#3622,#3623);
#3057=AXIS2_PLACEMENT_3D('',#5066,#3624,#3625);
#3058=AXIS2_PLACEMENT_3D('',#5068,#3626,#3627);
#3059=AXIS2_PLACEMENT_3D('',#5070,#3628,#3629);
#3060=AXIS2_PLACEMENT_3D('',#5071,#3630,#3631);
#3061=AXIS2_PLACEMENT_3D('',#5074,#3633,#3634);
#3062=AXIS2_PLACEMENT_3D('',#5075,#3635,#3636);
#3063=AXIS2_PLACEMENT_3D('',#5076,#3637,#3638);
#3064=AXIS2_PLACEMENT_3D('',#5077,#3639,#3640);
#3065=AXIS2_PLACEMENT_3D('',#5078,#3641,#3642);
#3066=AXIS2_PLACEMENT_3D('',#5081,#3644,#3645);
#3067=AXIS2_PLACEMENT_3D('',#5085,#3648,#3649);
#3068=AXIS2_PLACEMENT_3D('',#5086,#3650,#3651);
#3069=AXIS2_PLACEMENT_3D('',#5089,#3653,#3654);
#3070=AXIS2_PLACEMENT_3D('',#5092,#3656,#3657);
#3071=AXIS2_PLACEMENT_3D('',#5095,#3659,#3660);
#3072=AXIS2_PLACEMENT_3D('',#5099,#3663,#3664);
#3073=AXIS2_PLACEMENT_3D('',#5100,#3665,#3666);
#3074=AXIS2_PLACEMENT_3D('',#5101,#3667,#3668);
#3075=AXIS2_PLACEMENT_3D('',#5102,#3669,#3670);
#3076=AXIS2_PLACEMENT_3D('',#5104,#3671,#3672);
#3077=AXIS2_PLACEMENT_3D('',#5105,#3673,#3674);
#3078=AXIS2_PLACEMENT_3D('',#5108,#3676,#3677);
#3079=AXIS2_PLACEMENT_3D('',#5109,#3678,#3679);
#3080=AXIS2_PLACEMENT_3D('',#5110,#3680,#3681);
#3081=AXIS2_PLACEMENT_3D('',#5112,#3682,#3683);
#3082=AXIS2_PLACEMENT_3D('',#5113,#3684,#3685);
#3083=AXIS2_PLACEMENT_3D('',#5114,#3686,#3687);
#3084=AXIS2_PLACEMENT_3D('',#5116,#3688,#3689);
#3085=AXIS2_PLACEMENT_3D('',#5118,#3690,#3691);
#3086=AXIS2_PLACEMENT_3D('',#5119,#3692,#3693);
#3087=AXIS2_PLACEMENT_3D('',#5122,#3695,#3696);
#3088=AXIS2_PLACEMENT_3D('',#5123,#3697,#3698);
#3089=AXIS2_PLACEMENT_3D('',#5124,#3699,#3700);
#3090=AXIS2_PLACEMENT_3D('',#5125,#3701,#3702);
#3091=AXIS2_PLACEMENT_3D('',#5126,#3703,#3704);
#3092=AXIS2_PLACEMENT_3D('',#5128,#3705,#3706);
#3093=AXIS2_PLACEMENT_3D('',#5129,#3707,#3708);
#3094=AXIS2_PLACEMENT_3D('',#5132,#3710,#3711);
#3095=AXIS2_PLACEMENT_3D('',#5133,#3712,#3713);
#3096=AXIS2_PLACEMENT_3D('',#5134,#3714,#3715);
#3097=AXIS2_PLACEMENT_3D('',#5136,#3716,#3717);
#3098=AXIS2_PLACEMENT_3D('',#5137,#3718,#3719);
#3099=AXIS2_PLACEMENT_3D('',#5138,#3720,#3721);
#3100=AXIS2_PLACEMENT_3D('',#5140,#3722,#3723);
#3101=AXIS2_PLACEMENT_3D('',#5142,#3724,#3725);
#3102=AXIS2_PLACEMENT_3D('',#5143,#3726,#3727);
#3103=AXIS2_PLACEMENT_3D('',#5146,#3729,#3730);
#3104=AXIS2_PLACEMENT_3D('',#5147,#3731,#3732);
#3105=AXIS2_PLACEMENT_3D('',#5148,#3733,#3734);
#3106=AXIS2_PLACEMENT_3D('',#5149,#3735,#3736);
#3107=AXIS2_PLACEMENT_3D('',#5150,#3737,#3738);
#3108=AXIS2_PLACEMENT_3D('',#5152,#3739,#3740);
#3109=AXIS2_PLACEMENT_3D('',#5153,#3741,#3742);
#3110=AXIS2_PLACEMENT_3D('',#5156,#3744,#3745);
#3111=AXIS2_PLACEMENT_3D('',#5157,#3746,#3747);
#3112=AXIS2_PLACEMENT_3D('',#5158,#3748,#3749);
#3113=AXIS2_PLACEMENT_3D('',#5160,#3750,#3751);
#3114=AXIS2_PLACEMENT_3D('',#5161,#3752,#3753);
#3115=AXIS2_PLACEMENT_3D('',#5162,#3754,#3755);
#3116=AXIS2_PLACEMENT_3D('',#5164,#3756,#3757);
#3117=AXIS2_PLACEMENT_3D('',#5166,#3758,#3759);
#3118=AXIS2_PLACEMENT_3D('',#5167,#3760,#3761);
#3119=AXIS2_PLACEMENT_3D('',#5170,#3763,#3764);
#3120=AXIS2_PLACEMENT_3D('',#5171,#3765,#3766);
#3121=AXIS2_PLACEMENT_3D('',#5172,#3767,#3768);
#3122=AXIS2_PLACEMENT_3D('',#5173,#3769,#3770);
#3123=AXIS2_PLACEMENT_3D('',#5174,#3771,#3772);
#3124=AXIS2_PLACEMENT_3D('',#5177,#3774,#3775);
#3125=AXIS2_PLACEMENT_3D('',#5181,#3778,#3779);
#3126=AXIS2_PLACEMENT_3D('',#5182,#3780,#3781);
#3127=AXIS2_PLACEMENT_3D('',#5185,#3783,#3784);
#3128=AXIS2_PLACEMENT_3D('',#5188,#3786,#3787);
#3129=AXIS2_PLACEMENT_3D('',#5191,#3789,#3790);
#3130=AXIS2_PLACEMENT_3D('',#5195,#3793,#3794);
#3131=AXIS2_PLACEMENT_3D('',#5196,#3795,#3796);
#3132=AXIS2_PLACEMENT_3D('',#5197,#3797,#3798);
#3133=AXIS2_PLACEMENT_3D('',#5198,#3799,#3800);
#3134=AXIS2_PLACEMENT_3D('',#5199,#3801,#3802);
#3135=AXIS2_PLACEMENT_3D('',#5200,#3803,#3804);
#3136=AXIS2_PLACEMENT_3D('',#5201,#3805,#3806);
#3137=AXIS2_PLACEMENT_3D('',#5202,#3807,#3808);
#3138=AXIS2_PLACEMENT_3D('',#5203,#3809,#3810);
#3139=AXIS2_PLACEMENT_3D('',#5204,#3811,#3812);
#3140=AXIS2_PLACEMENT_3D('',#5205,#3813,#3814);
#3141=AXIS2_PLACEMENT_3D('',#5206,#3815,#3816);
#3142=AXIS2_PLACEMENT_3D('',#5207,#3817,#3818);
#3143=AXIS2_PLACEMENT_3D('',#5208,#3819,#3820);
#3144=AXIS2_PLACEMENT_3D('',#5209,#3821,#3822);
#3145=AXIS2_PLACEMENT_3D('',#5210,#3823,#3824);
#3146=AXIS2_PLACEMENT_3D('',#5233,#3825,#3826);
#3147=AXIS2_PLACEMENT_3D('',#5255,#3827,#3828);
#3148=AXIS2_PLACEMENT_3D('',#5278,#3829,#3830);
#3149=AXIS2_PLACEMENT_3D('',#5301,#3831,#3832);
#3150=AXIS2_PLACEMENT_3D('',#5326,#3833,#3834);
#3151=AXIS2_PLACEMENT_3D('',#5351,#3835,#3836);
#3152=AXIS2_PLACEMENT_3D('',#5374,#3837,#3838);
#3153=AXIS2_PLACEMENT_3D('',#5397,#3839,#3840);
#3154=AXIS2_PLACEMENT_3D('',#5422,#3841,#3842);
#3155=AXIS2_PLACEMENT_3D('',#5599,#3843,#3844);
#3156=AXIS2_PLACEMENT_3D('',#5623,#3845,#3846);
#3157=AXIS2_PLACEMENT_3D('',#5625,#3847,#3848);
#3158=AXIS2_PLACEMENT_3D('',#5709,#3849,#3850);
#3159=AXIS2_PLACEMENT_3D('',#6166,#3851,#3852);
#3160=AXIS2_PLACEMENT_3D('',#6167,#3853,#3854);
#3161=AXIS2_PLACEMENT_3D('',#6170,#3855,#3856);
#3162=AXIS2_PLACEMENT_3D('',#6171,#3857,#3858);
#3163=AXIS2_PLACEMENT_3D('',#6222,#3859,#3860);
#3164=AXIS2_PLACEMENT_3D('',#6223,#3861,#3862);
#3165=AXIS2_PLACEMENT_3D('',#6257,#3863,#3864);
#3166=AXIS2_PLACEMENT_3D('',#6258,#3865,#3866);
#3167=AXIS2_PLACEMENT_3D('',#6259,#3867,#3868);
#3168=AXIS2_PLACEMENT_3D('',#6260,#3869,#3870);
#3169=AXIS2_PLACEMENT_3D('',#6263,#3871,#3872);
#3170=AXIS2_PLACEMENT_3D('',#6264,#3873,#3874);
#3171=AXIS2_PLACEMENT_3D('',#6276,#3875,#3876);
#3172=AXIS2_PLACEMENT_3D('',#6303,#3877,#3878);
#3173=AXIS2_PLACEMENT_3D('',#6328,#3879,#3880);
#3174=AXIS2_PLACEMENT_3D('',#6353,#3881,#3882);
#3175=AXIS2_PLACEMENT_3D('',#6378,#3883,#3884);
#3176=AXIS2_PLACEMENT_3D('',#6402,#3885,#3886);
#3177=AXIS2_PLACEMENT_3D('',#6427,#3887,#3888);
#3178=AXIS2_PLACEMENT_3D('',#6451,#3889,#3890);
#3179=AXIS2_PLACEMENT_3D('',#6476,#3891,#3892);
#3180=AXIS2_PLACEMENT_3D('',#6501,#3893,#3894);
#3181=AXIS2_PLACEMENT_3D('',#6526,#3895,#3896);
#3182=AXIS2_PLACEMENT_3D('',#6549,#3897,#3898);
#3183=AXIS2_PLACEMENT_3D('',#6574,#3899,#3900);
#3184=AXIS2_PLACEMENT_3D('',#6598,#3901,#3902);
#3185=AXIS2_PLACEMENT_3D('',#6623,#3903,#3904);
#3186=AXIS2_PLACEMENT_3D('',#6648,#3905,#3906);
#3187=AXIS2_PLACEMENT_3D('',#6673,#3907,#3908);
#3188=AXIS2_PLACEMENT_3D('',#6698,#3909,#3910);
#3189=AXIS2_PLACEMENT_3D('',#6819,#3911,#3912);
#3190=AXIS2_PLACEMENT_3D('',#6820,#3913,#3914);
#3191=AXIS2_PLACEMENT_3D('',#6854,#3915,#3916);
#3192=AXIS2_PLACEMENT_3D('',#7767,#3917,#3918);
#3193=AXIS2_PLACEMENT_3D('',#7768,#3919,#3920);
#3194=AXIS2_PLACEMENT_3D('',#7769,#3921,#3922);
#3195=AXIS2_PLACEMENT_3D('',#7770,#3923,#3924);
#3196=AXIS2_PLACEMENT_3D('',#7771,#3925,#3926);
#3197=AXIS2_PLACEMENT_3D('',#7772,#3927,#3928);
#3198=AXIS2_PLACEMENT_3D('',#7773,#3929,#3930);
#3199=AXIS2_PLACEMENT_3D('',#7774,#3931,#3932);
#3200=AXIS2_PLACEMENT_3D('',#7775,#3933,#3934);
#3201=AXIS2_PLACEMENT_3D('',#7776,#3935,#3936);
#3202=AXIS2_PLACEMENT_3D('',#7777,#3937,#3938);
#3203=AXIS2_PLACEMENT_3D('',#7778,#3939,#3940);
#3204=AXIS2_PLACEMENT_3D('',#7779,#3941,#3942);
#3205=AXIS2_PLACEMENT_3D('',#7780,#3943,#3944);
#3206=AXIS2_PLACEMENT_3D('',#7781,#3945,#3946);
#3207=AXIS2_PLACEMENT_3D('',#7782,#3947,#3948);
#3208=AXIS2_PLACEMENT_3D('',#7783,#3949,#3950);
#3209=AXIS2_PLACEMENT_3D('',#7784,#3951,#3952);
#3210=AXIS2_PLACEMENT_3D('',#7785,#3953,#3954);
#3211=AXIS2_PLACEMENT_3D('',#7786,#3955,#3956);
#3212=AXIS2_PLACEMENT_3D('',#7787,#3957,#3958);
#3213=AXIS2_PLACEMENT_3D('',#7788,#3959,#3960);
#3214=AXIS2_PLACEMENT_3D('',#7789,#3961,#3962);
#3215=AXIS2_PLACEMENT_3D('',#7790,#3963,#3964);
#3216=AXIS2_PLACEMENT_3D('',#7791,#3965,#3966);
#3217=AXIS2_PLACEMENT_3D('',#7792,#3967,#3968);
#3218=AXIS2_PLACEMENT_3D('',#7793,#3969,#3970);
#3219=AXIS2_PLACEMENT_3D('',#7794,#3971,#3972);
#3220=AXIS2_PLACEMENT_3D('',#7795,#3973,#3974);
#3221=AXIS2_PLACEMENT_3D('',#7796,#3975,#3976);
#3222=AXIS2_PLACEMENT_3D('',#7797,#3977,#3978);
#3223=AXIS2_PLACEMENT_3D('',#7798,#3979,#3980);
#3224=AXIS2_PLACEMENT_3D('',#7799,#3981,#3982);
#3225=AXIS2_PLACEMENT_3D('',#7800,#3983,#3984);
#3226=AXIS2_PLACEMENT_3D('',#7801,#3985,#3986);
#3227=AXIS2_PLACEMENT_3D('',#7802,#3987,#3988);
#3228=AXIS2_PLACEMENT_3D('',#7803,#3989,#3990);
#3229=AXIS2_PLACEMENT_3D('',#7804,#3991,#3992);
#3230=AXIS2_PLACEMENT_3D('',#7805,#3993,#3994);
#3231=AXIS2_PLACEMENT_3D('',#7806,#3995,#3996);
#3232=DIRECTION('',(0.,0.,1.));
#3233=DIRECTION('',(1.,0.,0.));
#3234=DIRECTION('',(0.,0.,-1.));
#3235=DIRECTION('',(-1.,0.,0.));
#3236=DIRECTION('',(0.,0.,1.));
#3237=DIRECTION('',(-1.,0.,0.));
#3238=DIRECTION('',(0.,0.,-1.));
#3239=DIRECTION('',(-1.,0.,0.));
#3240=DIRECTION('',(0.,0.,-1.));
#3241=DIRECTION('',(-1.,0.,0.));
#3242=DIRECTION('',(0.,0.,-1.));
#3243=DIRECTION('',(-0.499999999999999,-0.866025403784439,0.));
#3244=DIRECTION('',(0.,0.,1.));
#3245=DIRECTION('',(1.,0.,0.));
#3246=DIRECTION('',(0.,0.,1.));
#3247=DIRECTION('',(1.,0.,0.));
#3248=DIRECTION('',(0.,0.,-1.));
#3249=DIRECTION('',(1.,0.,0.));
#3250=DIRECTION('',(0.,0.,-1.));
#3251=DIRECTION('',(1.,0.,0.));
#3252=DIRECTION('',(0.,0.,-1.));
#3253=DIRECTION('',(1.,0.,0.));
#3254=DIRECTION('',(0.,0.,-1.));
#3255=DIRECTION('',(1.,0.,0.));
#3256=DIRECTION('',(0.,0.,-1.));
#3257=DIRECTION('',(1.,0.,0.));
#3258=DIRECTION('',(0.,0.,-1.));
#3259=DIRECTION('',(0.,-1.,0.));
#3260=DIRECTION('',(0.,0.,-1.));
#3261=DIRECTION('',(0.,-1.,0.));
#3262=DIRECTION('',(0.,0.,-1.));
#3263=DIRECTION('',(0.,-1.,0.));
#3264=DIRECTION('',(0.,0.,-1.));
#3265=DIRECTION('',(0.,-1.,0.));
#3266=DIRECTION('',(0.,0.,-1.));
#3267=DIRECTION('',(0.,-1.,0.));
#3268=DIRECTION('',(0.,0.,-1.));
#3269=DIRECTION('',(0.,-1.,0.));
#3270=DIRECTION('',(0.,0.,-1.));
#3271=DIRECTION('',(0.,-1.,0.));
#3272=DIRECTION('',(0.,0.,-1.));
#3273=DIRECTION('',(0.,-1.,0.));
#3274=DIRECTION('',(0.,0.,-1.));
#3275=DIRECTION('',(0.,-1.,0.));
#3276=DIRECTION('',(0.,0.,-1.));
#3277=DIRECTION('',(0.,-1.,0.));
#3278=DIRECTION('',(0.,0.,-1.));
#3279=DIRECTION('',(0.,-1.,0.));
#3280=DIRECTION('',(0.,0.,-1.));
#3281=DIRECTION('',(0.,-1.,0.));
#3282=DIRECTION('',(0.,0.,-1.));
#3283=DIRECTION('',(0.,-1.,0.));
#3284=DIRECTION('',(0.,0.,-1.));
#3285=DIRECTION('',(0.,-1.,0.));
#3286=DIRECTION('',(0.,0.,-1.));
#3287=DIRECTION('',(0.,-1.,0.));
#3288=DIRECTION('',(0.,0.,-1.));
#3289=DIRECTION('',(0.,-1.,0.));
#3290=DIRECTION('',(0.,0.,-1.));
#3291=DIRECTION('',(0.,-1.,0.));
#3292=DIRECTION('',(0.,0.,-1.));
#3293=DIRECTION('',(0.,-1.,0.));
#3294=DIRECTION('',(0.,0.,-1.));
#3295=DIRECTION('',(0.,-1.,0.));
#3296=DIRECTION('',(0.,0.,-1.));
#3297=DIRECTION('',(0.,-1.,0.));
#3298=DIRECTION('',(0.,0.,-1.));
#3299=DIRECTION('',(0.,-1.,0.));
#3300=DIRECTION('',(0.,0.,-1.));
#3301=DIRECTION('',(0.,-1.,0.));
#3302=DIRECTION('',(0.,0.,-1.));
#3303=DIRECTION('',(0.,-1.,0.));
#3304=DIRECTION('',(0.,0.,-1.));
#3305=DIRECTION('',(0.,-1.,0.));
#3306=DIRECTION('',(0.,0.,-1.));
#3307=DIRECTION('',(0.,-1.,0.));
#3308=DIRECTION('',(0.,0.,-1.));
#3309=DIRECTION('',(0.,-1.,0.));
#3310=DIRECTION('',(0.,0.,-1.));
#3311=DIRECTION('',(-1.,0.,0.));
#3312=DIRECTION('',(-0.5,-0.866025403784439,0.));
#3313=DIRECTION('',(0.,0.,1.));
#3314=DIRECTION('',(-1.,0.,0.));
#3315=DIRECTION('',(1.,1.84476371327157E-16,0.));
#3316=DIRECTION('',(0.,0.,-1.));
#3317=DIRECTION('',(-1.,0.,0.));
#3318=DIRECTION('',(0.499999999999999,0.866025403784439,0.));
#3319=DIRECTION('',(0.,0.,1.));
#3320=DIRECTION('',(-1.,0.,0.));
#3321=DIRECTION('',(-1.,0.,0.));
#3322=DIRECTION('',(0.,0.,1.));
#3323=DIRECTION('',(1.,0.,0.));
#3324=DIRECTION('',(0.,0.,1.));
#3325=DIRECTION('',(1.,0.,0.));
#3326=DIRECTION('',(0.,0.,1.));
#3327=DIRECTION('',(-1.,0.,0.));
#3328=DIRECTION('',(0.,0.,-1.));
#3329=DIRECTION('',(-1.,0.,0.));
#3330=DIRECTION('',(0.,0.,-1.));
#3331=DIRECTION('',(-1.,0.,0.));
#3332=DIRECTION('',(0.,0.,-1.));
#3333=DIRECTION('',(-1.,0.,0.));
#3334=DIRECTION('',(0.,0.,-1.));
#3335=DIRECTION('',(-1.,0.,0.));
#3336=DIRECTION('',(0.,0.,-1.));
#3337=DIRECTION('',(-1.,0.,0.));
#3338=DIRECTION('',(0.,0.,-1.));
#3339=DIRECTION('',(-1.,0.,0.));
#3340=DIRECTION('',(0.,0.,-1.));
#3341=DIRECTION('',(-1.,0.,0.));
#3342=DIRECTION('',(0.,0.,-1.));
#3343=DIRECTION('',(-1.,0.,0.));
#3344=DIRECTION('',(0.,0.,-1.));
#3345=DIRECTION('',(-1.,0.,0.));
#3346=DIRECTION('',(0.,0.,-1.));
#3347=DIRECTION('',(-1.,0.,0.));
#3348=DIRECTION('',(0.,0.,-1.));
#3349=DIRECTION('',(-1.,0.,0.));
#3350=DIRECTION('',(0.,0.,-1.));
#3351=DIRECTION('',(-1.,0.,0.));
#3352=DIRECTION('',(0.,0.,-1.));
#3353=DIRECTION('',(-1.,0.,0.));
#3354=DIRECTION('',(0.,0.,-1.));
#3355=DIRECTION('',(-1.,0.,0.));
#3356=DIRECTION('',(0.,0.,-1.));
#3357=DIRECTION('',(-1.,0.,0.));
#3358=DIRECTION('',(0.,0.,-1.));
#3359=DIRECTION('',(-1.,0.,0.));
#3360=DIRECTION('',(0.,0.,-1.));
#3361=DIRECTION('',(-1.,0.,0.));
#3362=DIRECTION('',(0.,0.,-1.));
#3363=DIRECTION('',(-1.,0.,0.));
#3364=DIRECTION('',(0.,0.,-1.));
#3365=DIRECTION('',(-1.,0.,0.));
#3366=DIRECTION('',(0.,0.,-1.));
#3367=DIRECTION('',(-1.,0.,0.));
#3368=DIRECTION('',(0.,0.,-1.));
#3369=DIRECTION('',(-1.,0.,0.));
#3370=DIRECTION('',(0.,0.,-1.));
#3371=DIRECTION('',(-1.,0.,0.));
#3372=DIRECTION('',(0.,0.,-1.));
#3373=DIRECTION('',(-1.,0.,0.));
#3374=DIRECTION('',(0.,0.,-1.));
#3375=DIRECTION('',(-1.,0.,0.));
#3376=DIRECTION('',(0.,0.,-1.));
#3377=DIRECTION('',(-1.,0.,0.));
#3378=DIRECTION('',(0.,0.,-1.));
#3379=DIRECTION('',(-1.,0.,0.));
#3380=DIRECTION('',(0.,0.,-1.));
#3381=DIRECTION('',(-1.,0.,0.));
#3382=DIRECTION('',(0.,0.,-1.));
#3383=DIRECTION('',(-1.,0.,0.));
#3384=DIRECTION('',(0.,0.,-1.));
#3385=DIRECTION('',(-1.,0.,0.));
#3386=DIRECTION('',(0.,0.,-1.));
#3387=DIRECTION('',(-1.,0.,0.));
#3388=DIRECTION('',(0.,0.,-1.));
#3389=DIRECTION('',(-1.,0.,0.));
#3390=DIRECTION('',(0.,0.,-1.));
#3391=DIRECTION('',(-1.,0.,0.));
#3392=DIRECTION('',(0.,0.,-1.));
#3393=DIRECTION('',(-1.,0.,0.));
#3394=DIRECTION('',(0.,0.,-1.));
#3395=DIRECTION('',(-1.,0.,0.));
#3396=DIRECTION('',(0.,0.,-1.));
#3397=DIRECTION('',(-1.,0.,0.));
#3398=DIRECTION('',(1.,8.32667268468867E-16,0.));
#3399=DIRECTION('',(0.,0.,1.));
#3400=DIRECTION('',(0.,-1.,0.));
#3401=DIRECTION('',(0.,0.,1.));
#3402=DIRECTION('',(1.,4.18284165089303E-14,0.));
#3403=DIRECTION('',(0.,0.,1.));
#3404=DIRECTION('',(0.500000000008809,0.866025403779353,0.));
#3405=DIRECTION('',(-0.500000000000006,-0.866025403784435,0.));
#3406=DIRECTION('',(0.,0.,1.));
#3407=DIRECTION('',(-0.866025403784441,0.499999999999997,0.));
#3408=DIRECTION('',(0.,0.,-1.));
#3409=DIRECTION('',(0.499999999999999,0.866025403784439,0.));
#3410=DIRECTION('',(0.,0.,1.));
#3411=DIRECTION('',(-1.,3.73289400689882E-14,0.));
#3412=DIRECTION('',(0.,0.,-1.));
#3413=DIRECTION('',(-1.,0.,0.));
#3414=DIRECTION('',(-1.,0.,0.));
#3415=DIRECTION('',(0.,0.,1.));
#3416=DIRECTION('',(-1.,0.,0.));
#3417=DIRECTION('',(0.499999999999999,0.866025403784439,0.));
#3418=DIRECTION('',(0.,0.,-1.));
#3419=DIRECTION('',(-1.,0.,0.));
#3420=DIRECTION('',(0.,0.,-1.));
#3421=DIRECTION('',(-1.,0.,0.));
#3422=DIRECTION('',(0.,0.,-1.));
#3423=DIRECTION('',(-1.,0.,0.));
#3424=DIRECTION('',(0.,0.,-1.));
#3425=DIRECTION('',(-1.,0.,0.));
#3426=DIRECTION('',(0.,0.,-1.));
#3427=DIRECTION('',(-1.,0.,0.));
#3428=DIRECTION('',(0.,0.,-1.));
#3429=DIRECTION('',(-1.,0.,0.));
#3430=DIRECTION('',(0.,0.,1.));
#3431=DIRECTION('',(1.,0.,0.));
#3432=DIRECTION('',(0.,0.,1.));
#3433=DIRECTION('',(-1.,0.,0.));
#3434=DIRECTION('',(0.,0.,1.));
#3435=DIRECTION('',(-1.,0.,0.));
#3436=DIRECTION('',(0.,0.,1.));
#3437=DIRECTION('',(-1.,0.,0.));
#3438=DIRECTION('',(0.,0.,1.));
#3439=DIRECTION('',(-1.,0.,0.));
#3440=DIRECTION('',(0.,0.,1.));
#3441=DIRECTION('',(-1.,0.,0.));
#3442=DIRECTION('',(0.,0.,1.));
#3443=DIRECTION('',(-1.,0.,0.));
#3444=DIRECTION('',(0.,0.,1.));
#3445=DIRECTION('',(-1.,0.,0.));
#3446=DIRECTION('',(0.,0.,1.));
#3447=DIRECTION('',(-1.,0.,0.));
#3448=DIRECTION('',(0.,0.,1.));
#3449=DIRECTION('',(-1.,0.,0.));
#3450=DIRECTION('',(0.,0.,1.));
#3451=DIRECTION('',(-1.,0.,0.));
#3452=DIRECTION('',(0.,0.,1.));
#3453=DIRECTION('',(-1.,0.,0.));
#3454=DIRECTION('',(0.,0.,1.));
#3455=DIRECTION('',(0.,0.,1.));
#3456=DIRECTION('',(0.,0.,1.));
#3457=DIRECTION('',(-1.,0.,0.));
#3458=DIRECTION('',(0.,0.,1.));
#3459=DIRECTION('',(-1.,0.,0.));
#3460=DIRECTION('',(0.,0.,1.));
#3461=DIRECTION('',(-1.,0.,0.));
#3462=DIRECTION('',(0.,0.,1.));
#3463=DIRECTION('',(-1.,0.,0.));
#3464=DIRECTION('',(0.,0.,1.));
#3465=DIRECTION('',(-1.,0.,0.));
#3466=DIRECTION('',(0.,0.,1.));
#3467=DIRECTION('',(-1.,0.,0.));
#3468=DIRECTION('',(0.,0.,1.));
#3469=DIRECTION('',(-1.,0.,0.));
#3470=DIRECTION('',(0.,0.,-1.));
#3471=DIRECTION('',(-1.,0.,0.));
#3472=DIRECTION('',(0.00164880461665311,-0.999998640720744,0.));
#3473=DIRECTION('',(0.999998640720744,0.00164880461665311,0.));
#3474=DIRECTION('',(0.866025403784425,-0.500000000000023,3.83337096130835E-30));
#3475=DIRECTION('',(-0.500000000000023,-0.866025403784425,2.35654348873323E-16));
#3476=DIRECTION('',(0.,0.,-1.));
#3477=DIRECTION('',(-1.,0.,0.));
#3478=DIRECTION('',(0.,0.,-1.));
#3479=DIRECTION('',(0.,0.,-1.));
#3480=DIRECTION('',(0.,0.,-1.));
#3481=DIRECTION('',(0.,0.,-1.));
#3482=DIRECTION('',(-1.,0.,0.));
#3483=DIRECTION('',(0.,0.,-1.));
#3484=DIRECTION('',(0.,0.,-1.));
#3485=DIRECTION('',(0.,0.,1.));
#3486=DIRECTION('',(1.,0.,0.));
#3487=DIRECTION('',(0.,0.,-1.));
#3488=DIRECTION('',(-1.,0.,0.));
#3489=DIRECTION('',(0.,0.,-1.));
#3490=DIRECTION('',(-1.,0.,0.));
#3491=DIRECTION('',(0.,0.,-1.));
#3492=DIRECTION('',(-1.,0.,0.));
#3493=DIRECTION('',(0.,0.,-1.));
#3494=DIRECTION('',(-1.,0.,0.));
#3495=DIRECTION('',(0.,0.,-1.));
#3496=DIRECTION('',(-1.,0.,0.));
#3497=DIRECTION('',(0.,0.,1.));
#3498=DIRECTION('',(0.,0.,1.));
#3499=DIRECTION('',(0.,0.,-1.));
#3500=DIRECTION('',(-1.,0.,0.));
#3501=DIRECTION('',(0.,0.,-1.));
#3502=DIRECTION('',(-1.,0.,0.));
#3503=DIRECTION('',(0.,0.,-1.));
#3504=DIRECTION('',(-1.,0.,0.));
#3505=DIRECTION('',(0.,0.,-1.));
#3506=DIRECTION('',(-1.,0.,0.));
#3507=DIRECTION('',(0.,0.,-1.));
#3508=DIRECTION('',(-1.,0.,0.));
#3509=DIRECTION('',(0.,0.,-1.));
#3510=DIRECTION('',(-1.,0.,0.));
#3511=DIRECTION('',(0.,0.,1.));
#3512=DIRECTION('',(0.,-1.,0.));
#3513=DIRECTION('',(1.,8.32667268468867E-16,0.));
#3514=DIRECTION('',(0.,0.,1.));
#3515=DIRECTION('',(-1.,8.85634990441434E-15,0.));
#3516=DIRECTION('',(0.,0.,-1.));
#3517=DIRECTION('',(0.5,0.866025403784439,0.));
#3518=DIRECTION('',(0.,0.,1.));
#3519=DIRECTION('',(-0.866025403784452,0.499999999999976,0.));
#3520=DIRECTION('',(-0.500000000000006,-0.866025403784435,0.));
#3521=DIRECTION('',(0.,0.,1.));
#3522=DIRECTION('',(0.50000000000878,0.86602540377937,0.));
#3523=DIRECTION('',(0.,0.,1.));
#3524=DIRECTION('',(1.,4.19170948194057E-14,0.));
#3525=DIRECTION('',(0.,0.,1.));
#3526=DIRECTION('',(-1.,0.,0.));
#3527=DIRECTION('',(-0.5,-0.866025403784439,0.));
#3528=DIRECTION('',(0.,0.,-1.));
#3529=DIRECTION('',(-1.,0.,0.));
#3530=DIRECTION('',(1.,8.57959927359946E-17,0.));
#3531=DIRECTION('',(0.,-1.,0.));
#3532=DIRECTION('',(0.,0.,-1.));
#3533=DIRECTION('',(0.,0.,-1.));
#3534=DIRECTION('',(-1.,0.,0.));
#3535=DIRECTION('',(0.,0.,-1.));
#3536=DIRECTION('',(-1.,0.,0.));
#3537=DIRECTION('',(0.,0.,-1.));
#3538=DIRECTION('',(0.,0.,-1.));
#3539=DIRECTION('',(0.866025403784439,-0.5,0.));
#3540=DIRECTION('',(0.5,0.866025403784439,0.));
#3541=DIRECTION('',(0.5,0.866025403784439,0.));
#3542=DIRECTION('',(0.,0.,-1.));
#3543=DIRECTION('',(0.,0.,-1.));
#3544=DIRECTION('',(-1.,0.,0.));
#3545=DIRECTION('',(0.,0.,-1.));
#3546=DIRECTION('',(-1.,0.,0.));
#3547=DIRECTION('',(0.,0.,-1.));
#3548=DIRECTION('',(-8.57959927359946E-17,1.,0.));
#3549=DIRECTION('',(-1.,-8.57959927359946E-17,0.));
#3550=DIRECTION('',(-1.,-8.57959927359946E-17,0.));
#3551=DIRECTION('',(-0.866025403784439,0.499999999999999,0.));
#3552=DIRECTION('',(-0.499999999999999,-0.866025403784439,0.));
#3553=DIRECTION('',(-0.866025403784439,0.5,0.));
#3554=DIRECTION('',(-0.5,-0.866025403784439,0.));
#3555=DIRECTION('',(-0.5,-0.866025403784439,0.));
#3556=DIRECTION('',(1.84476371327157E-16,-1.,0.));
#3557=DIRECTION('',(1.,1.84476371327157E-16,0.));
#3558=DIRECTION('',(1.,1.84476371327157E-16,0.));
#3559=DIRECTION('',(0.,0.,-1.));
#3560=DIRECTION('',(-1.,0.,0.));
#3561=DIRECTION('',(0.,0.,1.));
#3562=DIRECTION('',(1.,0.,0.));
#3563=DIRECTION('',(0.,0.,1.));
#3564=DIRECTION('',(1.,4.18204417514883E-14,0.));
#3565=DIRECTION('',(-0.866025403779342,0.500000000008828,0.));
#3566=DIRECTION('',(0.500000000008828,0.866025403779342,0.));
#3567=DIRECTION('',(1.6486455677827E-14,1.,0.));
#3568=DIRECTION('',(1.,-1.6486455677827E-14,0.));
#3569=DIRECTION('',(0.,0.,1.));
#3570=DIRECTION('',(1.,0.,0.));
#3571=DIRECTION('',(0.,0.,1.));
#3572=DIRECTION('',(1.,4.1809456154989E-14,0.));
#3573=DIRECTION('',(0.250000000004413,0.433012701889669,0.86602540378444));
#3574=DIRECTION('',(0.499999999999998,-8.24322783891346E-15,0.86602540378444));
#3575=DIRECTION('',(0.,0.,1.));
#3576=DIRECTION('',(1.,0.,0.));
#3577=DIRECTION('',(0.,0.,1.));
#3578=DIRECTION('',(1.,4.18104567166075E-14,0.));
#3579=DIRECTION('',(0.866025403779342,-0.500000000008828,0.));
#3580=DIRECTION('',(-0.500000000008828,-0.866025403779342,0.));
#3581=DIRECTION('',(-1.6486455677827E-14,-1.,0.));
#3582=DIRECTION('',(-1.,1.6486455677827E-14,0.));
#3583=DIRECTION('',(0.,0.,1.));
#3584=DIRECTION('',(1.,0.,0.));
#3585=DIRECTION('',(0.,0.,1.));
#3586=DIRECTION('',(1.,4.19362859231411E-14,0.));
#3587=DIRECTION('',(0.866025403779342,-0.500000000008828,0.));
#3588=DIRECTION('',(0.500000000008828,0.866025403779342,0.));
#3589=DIRECTION('',(0.,0.,1.));
#3590=DIRECTION('',(1.,4.19121266313999E-14,0.));
#3591=DIRECTION('',(-1.6486455677827E-14,-1.,0.));
#3592=DIRECTION('',(1.,-1.6486455677827E-14,0.));
#3593=DIRECTION('',(0.,0.,-1.));
#3594=DIRECTION('',(-1.,0.,0.));
#3595=DIRECTION('',(0.,0.,1.));
#3596=DIRECTION('',(1.,4.19020141178953E-14,0.));
#3597=DIRECTION('',(0.25000000000441,0.433012701889664,-0.866025403784443));
#3598=DIRECTION('',(0.499999999999992,-8.24322783891337E-15,-0.866025403784443));
#3599=DIRECTION('',(0.,0.,1.));
#3600=DIRECTION('',(1.,0.,0.));
#3601=DIRECTION('',(-0.866025403779342,0.500000000008828,0.));
#3602=DIRECTION('',(-0.500000000008828,-0.866025403779342,0.));
#3603=DIRECTION('',(1.6486455677827E-14,1.,0.));
#3604=DIRECTION('',(-1.,1.6486455677827E-14,0.));
#3605=DIRECTION('',(0.,0.,1.));
#3606=DIRECTION('',(1.,0.,0.));
#3607=DIRECTION('',(1.,7.93016446160834E-16,0.));
#3608=DIRECTION('',(7.93016446160834E-16,-1.,0.));
#3609=DIRECTION('',(0.,0.,1.));
#3610=DIRECTION('',(0.,-1.,0.));
#3611=DIRECTION('',(0.,0.,1.));
#3612=DIRECTION('',(1.,0.,0.));
#3613=DIRECTION('',(3.96508223080416E-16,-0.499999999999998,0.86602540378444));
#3614=DIRECTION('',(0.,0.,1.));
#3615=DIRECTION('',(0.,-1.,0.));
#3616=DIRECTION('',(0.,0.,1.));
#3617=DIRECTION('',(1.,0.,0.));
#3618=DIRECTION('',(-1.,-7.93016446160834E-16,0.));
#3619=DIRECTION('',(-7.93016446160834E-16,1.,0.));
#3620=DIRECTION('',(0.,0.,1.));
#3621=DIRECTION('',(0.,-1.,0.));
#3622=DIRECTION('',(0.,0.,1.));
#3623=DIRECTION('',(1.,0.,0.));
#3624=DIRECTION('',(0.,0.,1.));
#3625=DIRECTION('',(0.,-1.,0.));
#3626=DIRECTION('',(-1.,-7.93016446160834E-16,0.));
#3627=DIRECTION('',(7.93016446160834E-16,-1.,0.));
#3628=DIRECTION('',(0.,0.,1.));
#3629=DIRECTION('',(0.,-1.,0.));
#3630=DIRECTION('',(0.,0.,-1.));
#3631=DIRECTION('',(-1.,0.,0.));
#3632=DIRECTION('',(3.96508223080411E-16,-0.499999999999992,-0.866025403784443));
#3633=DIRECTION('',(0.,0.,1.));
#3634=DIRECTION('',(0.,-1.,0.));
#3635=DIRECTION('',(0.,0.,1.));
#3636=DIRECTION('',(1.,0.,0.));
#3637=DIRECTION('',(1.,7.93016446160834E-16,0.));
#3638=DIRECTION('',(-7.93016446160834E-16,1.,0.));
#3639=DIRECTION('',(1.,8.32667268468867E-16,0.));
#3640=DIRECTION('',(-8.32667268468867E-16,1.,0.));
#3641=DIRECTION('',(1.,7.93016446160834E-16,0.));
#3642=DIRECTION('',(7.93016446160834E-16,-1.,0.));
#3643=DIRECTION('',(1.,8.32667268468867E-16,0.));
#3644=DIRECTION('',(7.21111007393837E-16,-0.86602540378444,-0.499999999999998));
#3645=DIRECTION('',(0.,0.499999999999998,-0.86602540378444));
#3646=DIRECTION('',(3.96508223080416E-16,-0.499999999999998,0.86602540378444));
#3647=DIRECTION('',(1.,8.32667268468867E-16,0.));
#3648=DIRECTION('',(1.,8.32667268468867E-16,0.));
#3649=DIRECTION('',(-8.32667268468867E-16,1.,0.));
#3650=DIRECTION('',(-1.,-7.93016446160834E-16,0.));
#3651=DIRECTION('',(-7.93016446160834E-16,1.,0.));
#3652=DIRECTION('',(1.,8.32667268468867E-16,0.));
#3653=DIRECTION('',(1.,8.32667268468867E-16,0.));
#3654=DIRECTION('',(-8.32667268468867E-16,1.,0.));
#3655=DIRECTION('',(1.,8.32667268468867E-16,0.));
#3656=DIRECTION('',(-1.,-7.93016446160834E-16,0.));
#3657=DIRECTION('',(7.93016446160834E-16,-1.,0.));
#3658=DIRECTION('',(1.,8.32667268468867E-16,0.));
#3659=DIRECTION('',(-7.2111100739384E-16,0.866025403784443,-0.499999999999992));
#3660=DIRECTION('',(0.,0.499999999999992,0.866025403784443));
#3661=DIRECTION('',(3.96508223080411E-16,-0.499999999999992,-0.866025403784443));
#3662=DIRECTION('',(1.,8.32667268468867E-16,0.));
#3663=DIRECTION('',(1.,8.32667268468867E-16,0.));
#3664=DIRECTION('',(-8.32667268468867E-16,1.,0.));
#3665=DIRECTION('',(1.,7.93016446160834E-16,0.));
#3666=DIRECTION('',(-7.93016446160834E-16,1.,0.));
#3667=DIRECTION('',(0.,0.,1.));
#3668=DIRECTION('',(1.,0.,0.));
#3669=DIRECTION('',(-1.25260214780059E-14,-1.,0.));
#3670=DIRECTION('',(-1.,1.25260214780059E-14,0.));
#3671=DIRECTION('',(0.,0.,1.));
#3672=DIRECTION('',(-1.,3.60734809039415E-14,0.));
#3673=DIRECTION('',(0.,0.,1.));
#3674=DIRECTION('',(1.,0.,0.));
#3675=DIRECTION('',(-0.499999999999998,6.26301073900294E-15,0.86602540378444));
#3676=DIRECTION('',(0.,0.,1.));
#3677=DIRECTION('',(-1.,3.82713727077477E-14,0.));
#3678=DIRECTION('',(0.,0.,1.));
#3679=DIRECTION('',(1.,0.,0.));
#3680=DIRECTION('',(1.25260214780059E-14,1.,0.));
#3681=DIRECTION('',(1.,-1.25260214780059E-14,0.));
#3682=DIRECTION('',(0.,0.,1.));
#3683=DIRECTION('',(-1.,3.8149594328101E-14,0.));
#3684=DIRECTION('',(0.,0.,1.));
#3685=DIRECTION('',(1.,0.,0.));
#3686=DIRECTION('',(0.,0.,1.));
#3687=DIRECTION('',(-1.,0.,0.));
#3688=DIRECTION('',(1.25260214780059E-14,1.,0.));
#3689=DIRECTION('',(-1.,1.25260214780059E-14,0.));
#3690=DIRECTION('',(0.,0.,1.));
#3691=DIRECTION('',(-1.,-1.44444506039415E-14,0.));
#3692=DIRECTION('',(0.,0.,-1.));
#3693=DIRECTION('',(-1.,0.,0.));
#3694=DIRECTION('',(-0.499999999999992,6.26301073900287E-15,-0.866025403784443));
#3695=DIRECTION('',(0.,0.,1.));
#3696=DIRECTION('',(-1.,1.55624751623614E-14,0.));
#3697=DIRECTION('',(0.,0.,1.));
#3698=DIRECTION('',(1.,0.,0.));
#3699=DIRECTION('',(-1.25260214780059E-14,-1.,0.));
#3700=DIRECTION('',(1.,-1.25260214780059E-14,0.));
#3701=DIRECTION('',(0.,0.,-1.));
#3702=DIRECTION('',(-1.,0.,0.));
#3703=DIRECTION('',(0.86602540378423,-0.500000000000361,0.));
#3704=DIRECTION('',(-0.500000000000361,-0.86602540378423,0.));
#3705=DIRECTION('',(0.,0.,-1.));
#3706=DIRECTION('',(0.499999999999999,0.866025403784439,0.));
#3707=DIRECTION('',(0.,0.,-1.));
#3708=DIRECTION('',(-1.,0.,0.));
#3709=DIRECTION('',(-0.250000000000179,-0.433012701892113,0.86602540378444));
#3710=DIRECTION('',(0.,0.,-1.));
#3711=DIRECTION('',(0.499999999999999,0.866025403784439,0.));
#3712=DIRECTION('',(0.,0.,-1.));
#3713=DIRECTION('',(-1.,0.,0.));
#3714=DIRECTION('',(-0.86602540378423,0.500000000000361,0.));
#3715=DIRECTION('',(0.500000000000361,0.86602540378423,0.));
#3716=DIRECTION('',(0.,0.,-1.));
#3717=DIRECTION('',(0.499999999999999,0.866025403784439,0.));
#3718=DIRECTION('',(0.,0.,-1.));
#3719=DIRECTION('',(-1.,0.,0.));
#3720=DIRECTION('',(0.,0.,-1.));
#3721=DIRECTION('',(0.5,0.866025403784439,0.));
#3722=DIRECTION('',(-0.86602540378423,0.500000000000361,0.));
#3723=DIRECTION('',(-0.500000000000361,-0.86602540378423,0.));
#3724=DIRECTION('',(0.,0.,-1.));
#3725=DIRECTION('',(0.5,0.866025403784439,0.));
#3726=DIRECTION('',(0.,0.,1.));
#3727=DIRECTION('',(1.,0.,0.));
#3728=DIRECTION('',(-0.250000000000177,-0.433012701892108,-0.866025403784443));
#3729=DIRECTION('',(0.,0.,-1.));
#3730=DIRECTION('',(0.5,0.866025403784439,0.));
#3731=DIRECTION('',(0.,0.,-1.));
#3732=DIRECTION('',(-1.,0.,0.));
#3733=DIRECTION('',(0.86602540378423,-0.500000000000361,0.));
#3734=DIRECTION('',(0.500000000000361,0.86602540378423,0.));
#3735=DIRECTION('',(0.,0.,1.));
#3736=DIRECTION('',(1.,0.,0.));
#3737=DIRECTION('',(-0.50000000000002,-0.866025403784427,0.));
#3738=DIRECTION('',(-0.866025403784427,0.50000000000002,0.));
#3739=DIRECTION('',(0.,0.,1.));
#3740=DIRECTION('',(-0.866025403784441,0.499999999999996,0.));
#3741=DIRECTION('',(0.,0.,1.));
#3742=DIRECTION('',(1.,0.,0.));
#3743=DIRECTION('',(-0.433012701892212,0.250000000000009,0.86602540378444));
#3744=DIRECTION('',(0.,0.,1.));
#3745=DIRECTION('',(-0.86602540378444,0.499999999999998,0.));
#3746=DIRECTION('',(0.,0.,1.));
#3747=DIRECTION('',(1.,0.,0.));
#3748=DIRECTION('',(0.50000000000002,0.866025403784427,0.));
#3749=DIRECTION('',(0.866025403784427,-0.50000000000002,0.));
#3750=DIRECTION('',(0.,0.,1.));
#3751=DIRECTION('',(-0.866025403784439,0.499999999999998,0.));
#3752=DIRECTION('',(0.,0.,1.));
#3753=DIRECTION('',(1.,0.,0.));
#3754=DIRECTION('',(0.,0.,1.));
#3755=DIRECTION('',(-0.866025403784455,0.499999999999972,0.));
#3756=DIRECTION('',(0.50000000000002,0.866025403784427,0.));
#3757=DIRECTION('',(-0.866025403784427,0.50000000000002,0.));
#3758=DIRECTION('',(0.,0.,1.));
#3759=DIRECTION('',(-0.866025403784465,0.499999999999955,0.));
#3760=DIRECTION('',(0.,0.,-1.));
#3761=DIRECTION('',(-1.,0.,0.));
#3762=DIRECTION('',(-0.433012701892207,0.250000000000006,-0.866025403784443));
#3763=DIRECTION('',(0.,0.,1.));
#3764=DIRECTION('',(-0.86602540378445,0.499999999999979,0.));
#3765=DIRECTION('',(0.,0.,1.));
#3766=DIRECTION('',(1.,0.,0.));
#3767=DIRECTION('',(-0.50000000000002,-0.866025403784427,0.));
#3768=DIRECTION('',(0.866025403784427,-0.50000000000002,0.));
#3769=DIRECTION('',(-0.500000000000006,-0.866025403784435,0.));
#3770=DIRECTION('',(0.866025403784435,-0.500000000000006,0.));
#3771=DIRECTION('',(-0.499999999999998,-0.86602540378444,0.));
#3772=DIRECTION('',(-0.86602540378444,0.499999999999998,0.));
#3773=DIRECTION('',(-0.500000000000006,-0.866025403784435,0.));
#3774=DIRECTION('',(-0.749999999999998,0.433012701892225,-0.499999999999998));
#3775=DIRECTION('',(-0.554700196225229,0.,0.832050294337844));
#3776=DIRECTION('',(-0.433012701892218,0.249999999999998,0.86602540378444));
#3777=DIRECTION('',(-0.500000000000006,-0.866025403784435,0.));
#3778=DIRECTION('',(-0.500000000000006,-0.866025403784435,0.));
#3779=DIRECTION('',(0.866025403784435,-0.500000000000006,0.));
#3780=DIRECTION('',(0.499999999999998,0.86602540378444,0.));
#3781=DIRECTION('',(0.86602540378444,-0.499999999999998,0.));
#3782=DIRECTION('',(-0.500000000000006,-0.866025403784435,0.));
#3783=DIRECTION('',(-0.500000000000006,-0.866025403784435,0.));
#3784=DIRECTION('',(0.866025403784435,-0.500000000000006,0.));
#3785=DIRECTION('',(-0.500000000000006,-0.866025403784435,0.));
#3786=DIRECTION('',(0.499999999999998,0.86602540378444,0.));
#3787=DIRECTION('',(-0.86602540378444,0.499999999999998,0.));
#3788=DIRECTION('',(-0.500000000000006,-0.866025403784435,0.));
#3789=DIRECTION('',(0.750000000000001,-0.433012701892227,-0.499999999999992));
#3790=DIRECTION('',(-0.554700196225223,0.,-0.832050294337848));
#3791=DIRECTION('',(-0.433012701892213,0.249999999999995,-0.866025403784443));
#3792=DIRECTION('',(-0.500000000000006,-0.866025403784435,0.));
#3793=DIRECTION('',(-0.500000000000006,-0.866025403784435,0.));
#3794=DIRECTION('',(0.866025403784435,-0.500000000000006,0.));
#3795=DIRECTION('',(-0.499999999999998,-0.86602540378444,0.));
#3796=DIRECTION('',(0.86602540378444,-0.499999999999998,0.));
#3797=DIRECTION('',(0.,0.,1.));
#3798=DIRECTION('',(1.,0.,0.));
#3799=DIRECTION('',(0.,0.,1.));
#3800=DIRECTION('',(0.500000000008808,0.866025403779354,0.));
#3801=DIRECTION('',(0.,0.,1.));
#3802=DIRECTION('',(1.,0.,0.));
#3803=DIRECTION('',(0.,0.,1.));
#3804=DIRECTION('',(0.500000000008812,0.866025403779351,0.));
#3805=DIRECTION('',(0.,0.,1.));
#3806=DIRECTION('',(1.,0.,0.));
#3807=DIRECTION('',(0.,0.,1.));
#3808=DIRECTION('',(0.500000000008813,0.86602540377935,0.));
#3809=DIRECTION('',(0.,0.,1.));
#3810=DIRECTION('',(1.,0.,0.));
#3811=DIRECTION('',(0.,0.,1.));
#3812=DIRECTION('',(0.500000000008762,0.86602540377938,0.));
#3813=DIRECTION('',(0.,0.,1.));
#3814=DIRECTION('',(1.,0.,0.));
#3815=DIRECTION('',(0.,0.,1.));
#3816=DIRECTION('',(0.500000000008748,0.866025403779388,0.));
#3817=DIRECTION('',(0.,0.,-1.));
#3818=DIRECTION('',(-1.,0.,0.));
#3819=DIRECTION('',(0.,0.,1.));
#3820=DIRECTION('',(0.500000000008787,0.866025403779365,0.));
#3821=DIRECTION('',(0.,0.,1.));
#3822=DIRECTION('',(1.,0.,0.));
#3823=DIRECTION('',(-0.996194698091745,-0.0871557427476641,0.));
#3824=DIRECTION('',(0.0871557427476641,-0.996194698091745,0.));
#3825=DIRECTION('',(-0.98078528040323,-0.19509032201613,-3.08148791101958E-33));
#3826=DIRECTION('',(0.19509032201613,-0.98078528040323,0.));
#3827=DIRECTION('',(-0.953716950748227,-0.300705799504273,-2.46519032881566E-32));
#3828=DIRECTION('',(0.300705799504273,-0.953716950748227,0.));
#3829=DIRECTION('',(-0.915311479119446,-0.402746689858739,-6.16297582203915E-33));
#3830=DIRECTION('',(0.402746689858739,-0.915311479119446,0.));
#3831=DIRECTION('',(-0.866025403784442,-0.499999999999995,-6.16297582203915E-33));
#3832=DIRECTION('',(0.499999999999995,-0.866025403784442,0.));
#3833=DIRECTION('',(-0.573576436351061,-0.819152044288981,1.24213323230071E-13));
#3834=DIRECTION('',(0.819152044288981,-0.573576436351061,0.));
#3835=DIRECTION('',(-0.65934581510008,-0.751839807478968,9.44754825268305E-14));
#3836=DIRECTION('',(0.751839807478968,-0.65934581510008,0.));
#3837=DIRECTION('',(-0.737277336810133,-0.675590207615651,6.3614581194744E-14));
#3838=DIRECTION('',(0.675590207615651,-0.737277336810133,0.));
#3839=DIRECTION('',(-0.806444604267492,-0.59130964836357,3.19974727531558E-14));
#3840=DIRECTION('',(0.59130964836357,-0.806444604267491,0.));
#3841=DIRECTION('',(0.,0.,1.));
#3842=DIRECTION('',(1.,0.,0.));
#3843=DIRECTION('',(-0.845595854794093,0.533823613523275,0.));
#3844=DIRECTION('',(-0.533823613523275,-0.845595854794093,0.));
#3845=DIRECTION('',(0.0298478803839394,-0.999554452762122,0.));
#3846=DIRECTION('',(-0.999554452762122,-0.0298478803839394,0.));
#3847=DIRECTION('',(0.,0.,1.));
#3848=DIRECTION('',(1.,0.,0.));
#3849=DIRECTION('',(0.850714101306704,-0.525628688180094,0.));
#3850=DIRECTION('',(0.525628688180094,0.850714101306704,0.));
#3851=DIRECTION('',(1.,1.30614473485313E-14,0.));
#3852=DIRECTION('',(-1.30614473485313E-14,1.,0.));
#3853=DIRECTION('',(-1.,-1.01757973625559E-14,0.));
#3854=DIRECTION('',(-1.01757973625559E-14,1.,0.));
#3855=DIRECTION('',(-1.,-1.01757973625559E-14,0.));
#3856=DIRECTION('',(-1.01757973625559E-14,1.,0.));
#3857=DIRECTION('',(-1.,-1.01757973625559E-14,0.));
#3858=DIRECTION('',(1.01757973625559E-14,-1.,0.));
#3859=DIRECTION('',(8.606093148805E-15,-0.844438286119741,-0.535652854874456));
#3860=DIRECTION('',(0.,0.535652854874456,-0.844438286119741));
#3861=DIRECTION('',(8.60609314880511E-15,-0.844438286119751,0.53565285487444));
#3862=DIRECTION('',(0.,-0.53565285487444,-0.844438286119751));
#3863=DIRECTION('',(-0.500000000000018,-0.866025403784428,3.83337096130835E-30));
#3864=DIRECTION('',(0.866025403784428,-0.500000000000018,0.));
#3865=DIRECTION('',(-0.500000000000018,-0.866025403784428,3.83337096130835E-30));
#3866=DIRECTION('',(-0.866025403784428,0.500000000000018,2.35654348873323E-16));
#3867=DIRECTION('',(0.500000000000004,0.866025403784436,0.));
#3868=DIRECTION('',(-0.866025403784436,0.500000000000004,0.));
#3869=DIRECTION('',(-0.500000000000018,-0.866025403784428,3.83337096130835E-30));
#3870=DIRECTION('',(-0.866025403784428,0.500000000000018,2.35654348873323E-16));
#3871=DIRECTION('',(-0.500000000000018,-0.866025403784428,3.83337096130835E-30));
#3872=DIRECTION('',(-0.866025403784428,0.500000000000018,2.35654348873323E-16));
#3873=DIRECTION('',(-0.500000000000018,-0.866025403784428,3.83337096130835E-30));
#3874=DIRECTION('',(0.866025403784428,-0.500000000000018,0.));
#3875=DIRECTION('',(0.,0.,1.));
#3876=DIRECTION('',(1.,0.,0.));
#3877=DIRECTION('',(0.999388239300946,0.0349735206542756,-2.31111593326468E-33));
#3878=DIRECTION('',(-0.0349735206542756,0.999388239300946,0.));
#3879=DIRECTION('',(0.995396198367179,0.095845752520225,4.62223186652937E-33));
#3880=DIRECTION('',(-0.095845752520225,0.995396198367179,0.));
#3881=DIRECTION('',(0.987688340595138,0.156434465040233,-3.08148791101958E-33));
#3882=DIRECTION('',(-0.156434465040233,0.987688340595138,0.));
#3883=DIRECTION('',(0.976296007119933,0.216439613938103,-3.08148791101958E-33));
#3884=DIRECTION('',(-0.216439613938103,0.976296007119933,0.));
#3885=DIRECTION('',(0.961261695938319,0.275637355816998,6.16297582203915E-33));
#3886=DIRECTION('',(-0.275637355816999,0.961261695938319,0.));
#3887=DIRECTION('',(0.942641491092178,0.333806859233772,-6.16297582203915E-33));
#3888=DIRECTION('',(-0.333806859233772,0.942641491092178,0.));
#3889=DIRECTION('',(0.92050485345244,0.390731128489275,-1.23259516440783E-32));
#3890=DIRECTION('',(-0.390731128489275,0.92050485345244,0.));
#3891=DIRECTION('',(0.894934361602026,0.446197813109807,0.));
#3892=DIRECTION('',(-0.446197813109807,0.894934361602026,0.));
#3893=DIRECTION('',(0.866025403783962,0.500000000000825,6.16297582203915E-33));
#3894=DIRECTION('',(-0.500000000000825,0.866025403783962,0.));
#3895=DIRECTION('',(0.529982076996866,0.848008843150876,-1.3796493110428E-13));
#3896=DIRECTION('',(-0.848008843150876,0.529982076996866,0.));
#3897=DIRECTION('',(0.580702955710951,0.814115518356311,-1.21884051056437E-13));
#3898=DIRECTION('',(-0.814115518356311,0.580702955710951,0.));
#3899=DIRECTION('',(0.629320391049849,0.777145961456962,-1.05329272258188E-13));
#3900=DIRECTION('',(-0.777145961456962,0.629320391049849,0.));
#3901=DIRECTION('',(0.67559020761567,0.737277336810115,-8.83815728102605E-14));
#3902=DIRECTION('',(-0.737277336810115,0.67559020761567,0.));
#3903=DIRECTION('',(0.71933980033866,0.694658370458988,-7.11041744641656E-14));
#3904=DIRECTION('',(-0.694658370458988,0.71933980033866,0.));
#3905=DIRECTION('',(0.76040596560004,0.649448048330173,-5.35615288812251E-14));
#3906=DIRECTION('',(-0.649448048330173,0.76040596560004,0.));
#3907=DIRECTION('',(0.798635510047301,0.601815023152037,-3.58190772018921E-14));
#3908=DIRECTION('',(-0.601815023152037,0.798635510047302,0.));
#3909=DIRECTION('',(0.833885822067174,0.551936985312049,-1.79430059239116E-14));
#3910=DIRECTION('',(-0.551936985312049,0.833885822067174,0.));
#3911=DIRECTION('',(0.731302432026185,-0.422217655989382,0.535657543476632));
#3912=DIRECTION('',(0.590910979006631,0.,-0.806736769268282));
#3913=DIRECTION('',(-0.731302432026138,0.422217655989344,0.535657543476726));
#3914=DIRECTION('',(0.590910979006722,0.,0.806736769268215));
#3915=DIRECTION('',(-1.23789867245705E-14,-1.,3.83337096130835E-30));
#3916=DIRECTION('',(1.,-1.23789867245705E-14,0.));
#3917=DIRECTION('',(0.,0.,-1.));
#3918=DIRECTION('',(0.,-1.,0.));
#3919=DIRECTION('',(0.,0.,-1.));
#3920=DIRECTION('',(0.,-1.,0.));
#3921=DIRECTION('',(0.,0.,-1.));
#3922=DIRECTION('',(0.,-1.,0.));
#3923=DIRECTION('',(0.,0.,-1.));
#3924=DIRECTION('',(0.,-1.,0.));
#3925=DIRECTION('',(0.,0.,-1.));
#3926=DIRECTION('',(0.,-1.,0.));
#3927=DIRECTION('',(0.,0.,-1.));
#3928=DIRECTION('',(0.,-1.,0.));
#3929=DIRECTION('',(0.,0.,-1.));
#3930=DIRECTION('',(0.,-1.,0.));
#3931=DIRECTION('',(0.,0.,-1.));
#3932=DIRECTION('',(0.,-1.,0.));
#3933=DIRECTION('',(0.,0.,-1.));
#3934=DIRECTION('',(0.,-1.,0.));
#3935=DIRECTION('',(0.,0.,-1.));
#3936=DIRECTION('',(0.,-1.,0.));
#3937=DIRECTION('',(0.,0.,-1.));
#3938=DIRECTION('',(0.,-1.,0.));
#3939=DIRECTION('',(0.,0.,-1.));
#3940=DIRECTION('',(0.,-1.,0.));
#3941=DIRECTION('',(0.,0.,-1.));
#3942=DIRECTION('',(0.,-1.,0.));
#3943=DIRECTION('',(0.,0.,-1.));
#3944=DIRECTION('',(0.,-1.,0.));
#3945=DIRECTION('',(0.,0.,-1.));
#3946=DIRECTION('',(0.,-1.,0.));
#3947=DIRECTION('',(0.,0.,-1.));
#3948=DIRECTION('',(0.,-1.,0.));
#3949=DIRECTION('',(0.,0.,-1.));
#3950=DIRECTION('',(0.,-1.,0.));
#3951=DIRECTION('',(0.,0.,-1.));
#3952=DIRECTION('',(0.,-1.,0.));
#3953=DIRECTION('',(0.,0.,-1.));
#3954=DIRECTION('',(0.,-1.,0.));
#3955=DIRECTION('',(0.,0.,-1.));
#3956=DIRECTION('',(0.,-1.,0.));
#3957=DIRECTION('',(0.,0.,-1.));
#3958=DIRECTION('',(0.,-1.,0.));
#3959=DIRECTION('',(0.,0.,-1.));
#3960=DIRECTION('',(0.,-1.,0.));
#3961=DIRECTION('',(0.,0.,-1.));
#3962=DIRECTION('',(0.,-1.,0.));
#3963=DIRECTION('',(0.,0.,-1.));
#3964=DIRECTION('',(0.,-1.,0.));
#3965=DIRECTION('',(0.,0.,-1.));
#3966=DIRECTION('',(0.,-1.,0.));
#3967=DIRECTION('',(0.,0.,-1.));
#3968=DIRECTION('',(0.,-1.,0.));
#3969=DIRECTION('',(0.,0.,1.));
#3970=DIRECTION('',(1.,0.,0.));
#3971=DIRECTION('',(0.,0.,1.));
#3972=DIRECTION('',(1.,0.,0.));
#3973=DIRECTION('',(0.,0.,1.));
#3974=DIRECTION('',(1.,0.,0.));
#3975=DIRECTION('',(0.,0.,1.));
#3976=DIRECTION('',(1.,0.,0.));
#3977=DIRECTION('',(0.,0.,1.));
#3978=DIRECTION('',(1.,0.,0.));
#3979=DIRECTION('',(0.,0.,1.));
#3980=DIRECTION('',(1.,0.,0.));
#3981=DIRECTION('',(0.,0.,1.));
#3982=DIRECTION('',(1.,0.,0.));
#3983=DIRECTION('',(0.,0.,1.));
#3984=DIRECTION('',(1.,0.,0.));
#3985=DIRECTION('',(0.,0.,1.));
#3986=DIRECTION('',(1.,0.,0.));
#3987=DIRECTION('',(0.,0.,1.));
#3988=DIRECTION('',(1.,0.,0.));
#3989=DIRECTION('',(0.,0.,1.));
#3990=DIRECTION('',(1.,0.,0.));
#3991=DIRECTION('',(0.,0.,1.));
#3992=DIRECTION('',(1.,0.,0.));
#3993=DIRECTION('',(0.,0.,1.));
#3994=DIRECTION('',(1.,0.,0.));
#3995=DIRECTION('',(0.,0.,1.));
#3996=DIRECTION('',(1.,0.,0.));
#3997=CARTESIAN_POINT('',(0.,0.,0.));
#3998=CARTESIAN_POINT('',(-4.44089209850063E-13,-1.38777878078145E-13,8.));
#3999=CARTESIAN_POINT('',(496.629514477387,355.072168408318,8.));
#4000=CARTESIAN_POINT('',(494.879514477387,355.072168408318,8.));
#4001=CARTESIAN_POINT('',(594.27893843441,139.798710452777,8.));
#4002=CARTESIAN_POINT('',(592.52893843441,139.798710452777,8.));
#4003=CARTESIAN_POINT('',(555.816275257124,252.55769160239,8.));
#4004=CARTESIAN_POINT('',(554.066275257124,252.55769160239,8.));
#4005=CARTESIAN_POINT('',(297.521749605319,527.322786673211,8.));
#4006=CARTESIAN_POINT('',(296.646749605319,525.807242216588,8.));
#4007=CARTESIAN_POINT('',(170.908051924663,311.021429356144,8.));
#4008=CARTESIAN_POINT('',(172.658051924663,311.021429356144,8.));
#4009=CARTESIAN_POINT('',(97.908051924665,184.581720403615,8.));
#4010=CARTESIAN_POINT('',(99.6580519246728,184.581720403615,8.));
#4011=CARTESIAN_POINT('',(99.3064849061007,-6.00000000000006,8.));
#4012=CARTESIAN_POINT('',(101.056484906101,-6.00000000000006,8.));
#4013=CARTESIAN_POINT('',(208.806484906101,-7.49999999999856,8.));
#4014=CARTESIAN_POINT('',(210.556484906109,-7.49999999999856,8.));
#4015=CARTESIAN_POINT('',(354.806484906101,-7.49999999999673,8.));
#4016=CARTESIAN_POINT('',(356.556484906101,-7.49999999999673,8.));
#4017=CARTESIAN_POINT('',(500.806484906101,-7.49999999999473,8.));
#4018=CARTESIAN_POINT('',(502.556484906101,-7.49999999999473,8.));
#4019=CARTESIAN_POINT('',(610.435804056064,-5.99999999999295,8.));
#4020=CARTESIAN_POINT('',(612.185804056064,-5.99999999999295,8.));
#4021=CARTESIAN_POINT('',(605.073477758735,81.1440788020414,8.));
#4022=CARTESIAN_POINT('',(605.073477758735,79.6440788020414,8.));
#4023=CARTESIAN_POINT('',(577.77609800841,197.108775758854,8.));
#4024=CARTESIAN_POINT('',(577.77609800841,195.608775758854,8.));
#4025=CARTESIAN_POINT('',(528.708509010467,305.250000000056,8.));
#4026=CARTESIAN_POINT('',(528.708509010467,303.750000000056,8.));
#4027=CARTESIAN_POINT('',(459.589256120223,401.814390695303,8.));
#4028=CARTESIAN_POINT('',(459.589256120223,400.314390695303,8.));
#4029=CARTESIAN_POINT('',(372.809572488622,483.436963494242,8.));
#4030=CARTESIAN_POINT('',(372.809572488622,481.936963494242,8.));
#4031=CARTESIAN_POINT('',(610.299904477016,14.4996792952548,8.));
#4032=CARTESIAN_POINT('',(610.299904477016,12.9996792952548,8.));
#4033=CARTESIAN_POINT('',(317.707042854926,521.285381556684,8.));
#4034=CARTESIAN_POINT('',(317.707042854926,519.785381556685,8.));
#4035=CARTESIAN_POINT('',(289.658051924661,516.702462754949,8.));
#4036=CARTESIAN_POINT('',(289.658051924661,515.202462754949,8.));
#4037=CARTESIAN_POINT('',(52.1580519246657,105.340395957338,8.));
#4038=CARTESIAN_POINT('',(52.1580519246657,103.840395957338,8.));
#4039=CARTESIAN_POINT('',(592.306484906101,-7.49999999999357,8.));
#4040=CARTESIAN_POINT('',(592.306484906101,-8.99999999999357,8.));
#4041=CARTESIAN_POINT('',(117.306484906101,-7.50000000000001,8.));
#4042=CARTESIAN_POINT('',(117.306484906101,-9.00000000000001,8.));
#4043=CARTESIAN_POINT('',(262.158051924662,469.071065546805,8.));
#4044=CARTESIAN_POINT('',(262.158051924662,467.571065546805,8.));
#4045=CARTESIAN_POINT('',(225.658051924662,405.85121107054,8.));
#4046=CARTESIAN_POINT('',(225.658051924662,404.35121107054,8.));
#4047=CARTESIAN_POINT('',(189.158051924663,342.631356594276,8.));
#4048=CARTESIAN_POINT('',(189.158051924663,341.131356594276,8.));
#4049=CARTESIAN_POINT('',(152.658051924664,279.411502118011,8.));
#4050=CARTESIAN_POINT('',(152.658051924664,277.911502118011,8.));
#4051=CARTESIAN_POINT('',(116.158051924665,216.191647641747,8.));
#4052=CARTESIAN_POINT('',(116.158051924665,214.691647641747,8.));
#4053=CARTESIAN_POINT('',(79.6580519246655,152.971793165482,8.));
#4054=CARTESIAN_POINT('',(79.6580519246655,151.471793165482,8.));
#4055=CARTESIAN_POINT('',(55.4357545897151,82.6199740165213,8.));
#4056=CARTESIAN_POINT('',(55.4357545897151,81.1199740165213,8.));
#4057=CARTESIAN_POINT('',(537.306484906101,-7.49999999999429,8.));
#4058=CARTESIAN_POINT('',(537.306484906101,-8.99999999999429,8.));
#4059=CARTESIAN_POINT('',(464.306484906101,-7.49999999999523,8.));
#4060=CARTESIAN_POINT('',(464.306484906101,-8.99999999999523,8.));
#4061=CARTESIAN_POINT('',(391.306484906101,-7.49999999999623,8.));
#4062=CARTESIAN_POINT('',(391.306484906101,-8.99999999999623,8.));
#4063=CARTESIAN_POINT('',(318.306484906101,-7.49999999999723,8.));
#4064=CARTESIAN_POINT('',(318.306484906101,-8.99999999999723,8.));
#4065=CARTESIAN_POINT('',(245.306484906101,-7.49999999999817,8.));
#4066=CARTESIAN_POINT('',(245.306484906101,-8.99999999999817,8.));
#4067=CARTESIAN_POINT('',(172.306484906101,-7.49999999999901,8.));
#4068=CARTESIAN_POINT('',(172.306484906101,-8.99999999999901,8.));
#4069=CARTESIAN_POINT('',(99.2688736531763,6.69878474439256,8.));
#4070=CARTESIAN_POINT('',(99.2688736531763,5.19878474439256,8.));
#4071=CARTESIAN_POINT('',(86.1695276765863,49.75000000002,8.));
#4072=CARTESIAN_POINT('',(86.1695276765863,48.25000000002,8.));
#4073=CARTESIAN_POINT('',(0.,0.,8.));
#4074=CARTESIAN_POINT('',(50.8808916171304,94.1282894152753,8.));
#4075=CARTESIAN_POINT('',(106.957935656967,-2.99999999999991,8.));
#4076=CARTESIAN_POINT('',(50.8808916171303,94.1282894152753,8.));
#4077=CARTESIAN_POINT('',(298.898192422271,523.706855565872,8.));
#4078=CARTESIAN_POINT('',(1.11022302462516E-13,1.11022302462516E-13,8.));
#4079=CARTESIAN_POINT('',(602.992537267248,-2.99999999999997,8.));
#4080=CARTESIAN_POINT('',(106.957935656967,-3.00000000000006,8.));
#4081=CARTESIAN_POINT('',(-4.44089209850063E-13,-1.38777878078145E-13,8.));
#4082=CARTESIAN_POINT('',(298.799092868376,537.53521010352,8.));
#4083=CARTESIAN_POINT('',(614.918693812442,-10.,8.));
#4084=CARTESIAN_POINT('',(298.799092868376,537.53521010352,8.));
#4085=CARTESIAN_POINT('',(38.5758550313836,86.8153408597679,8.));
#4086=CARTESIAN_POINT('',(-2.98372437868011E-13,-1.52655665885959E-13,8.));
#4087=CARTESIAN_POINT('',(94.472218138456,-10.,8.));
#4088=CARTESIAN_POINT('',(614.918693812442,-10.,8.));
#4089=CARTESIAN_POINT('',(243.908051924662,437.461138308672,8.));
#4090=CARTESIAN_POINT('',(245.658051924662,437.461138308672,8.));
#4091=CARTESIAN_POINT('',(44.4570900303428,89.001938689218,8.));
#4092=CARTESIAN_POINT('',(46.2070900303428,89.001938689218,8.));
#4093=CARTESIAN_POINT('',(418.208703885615,444.761302391859,8.));
#4094=CARTESIAN_POINT('',(416.458703885615,444.761302391859,8.));
#4095=CARTESIAN_POINT('',(-4.44089209850063E-13,-1.38777878078145E-13,0.));
#4096=CARTESIAN_POINT('',(594.27893843441,139.798710452777,0.));
#4097=CARTESIAN_POINT('',(592.52893843441,139.798710452777,0.));
#4098=CARTESIAN_POINT('',(555.816275257124,252.55769160239,0.));
#4099=CARTESIAN_POINT('',(554.066275257124,252.55769160239,0.));
#4100=CARTESIAN_POINT('',(297.521749605319,527.322786673211,0.));
#4101=CARTESIAN_POINT('',(295.771749605319,527.322786673211,0.));
#4102=CARTESIAN_POINT('',(99.3064849061007,-6.00000000000006,0.));
#4103=CARTESIAN_POINT('',(97.5564849061007,-6.00000000000006,0.));
#4104=CARTESIAN_POINT('',(208.806484906101,-7.49999999999856,0.));
#4105=CARTESIAN_POINT('',(207.056484906093,-7.49999999999856,0.));
#4106=CARTESIAN_POINT('',(354.806484906101,-7.49999999999673,0.));
#4107=CARTESIAN_POINT('',(353.056484906101,-7.49999999999673,0.));
#4108=CARTESIAN_POINT('',(500.806484906101,-7.49999999999473,0.));
#4109=CARTESIAN_POINT('',(499.056484906101,-7.49999999999473,0.));
#4110=CARTESIAN_POINT('',(610.435804056064,-5.99999999999295,0.));
#4111=CARTESIAN_POINT('',(608.685804056064,-5.99999999999295,0.));
#4112=CARTESIAN_POINT('',(605.073477758735,81.1440788020414,0.));
#4113=CARTESIAN_POINT('',(603.573477758735,81.1440788020414,0.));
#4114=CARTESIAN_POINT('',(577.77609800841,197.108775758854,0.));
#4115=CARTESIAN_POINT('',(576.27609800841,197.108775758854,0.));
#4116=CARTESIAN_POINT('',(528.708509010467,305.250000000056,0.));
#4117=CARTESIAN_POINT('',(527.208509010467,305.250000000056,0.));
#4118=CARTESIAN_POINT('',(459.589256120223,401.814390695303,0.));
#4119=CARTESIAN_POINT('',(458.089256120223,401.814390695303,0.));
#4120=CARTESIAN_POINT('',(372.809572488622,483.436963494242,0.));
#4121=CARTESIAN_POINT('',(371.309572488622,483.436963494242,0.));
#4122=CARTESIAN_POINT('',(610.299904477016,14.4996792952548,0.));
#4123=CARTESIAN_POINT('',(608.799904477016,14.4996792952548,0.));
#4124=CARTESIAN_POINT('',(317.707042854926,521.285381556684,0.));
#4125=CARTESIAN_POINT('',(316.207042854926,521.285381556684,0.));
#4126=CARTESIAN_POINT('',(289.658051924661,516.702462754949,0.));
#4127=CARTESIAN_POINT('',(288.158051924661,516.702462754949,0.));
#4128=CARTESIAN_POINT('',(52.1580519246657,105.340395957338,0.));
#4129=CARTESIAN_POINT('',(50.6580519246657,105.340395957338,0.));
#4130=CARTESIAN_POINT('',(592.306484906101,-7.49999999999357,0.));
#4131=CARTESIAN_POINT('',(590.806484906101,-7.49999999999357,0.));
#4132=CARTESIAN_POINT('',(117.306484906101,-7.50000000000001,0.));
#4133=CARTESIAN_POINT('',(115.806484906101,-7.50000000000001,0.));
#4134=CARTESIAN_POINT('',(262.158051924662,469.071065546805,0.));
#4135=CARTESIAN_POINT('',(260.658051924662,469.071065546805,0.));
#4136=CARTESIAN_POINT('',(225.658051924662,405.85121107054,0.));
#4137=CARTESIAN_POINT('',(224.158051924662,405.85121107054,0.));
#4138=CARTESIAN_POINT('',(189.158051924663,342.631356594276,0.));
#4139=CARTESIAN_POINT('',(187.658051924663,342.631356594276,0.));
#4140=CARTESIAN_POINT('',(152.658051924664,279.411502118011,0.));
#4141=CARTESIAN_POINT('',(151.158051924664,279.411502118011,0.));
#4142=CARTESIAN_POINT('',(116.158051924665,216.191647641747,0.));
#4143=CARTESIAN_POINT('',(114.658051924665,216.191647641747,0.));
#4144=CARTESIAN_POINT('',(79.6580519246655,152.971793165482,0.));
#4145=CARTESIAN_POINT('',(78.1580519246655,152.971793165482,0.));
#4146=CARTESIAN_POINT('',(55.4357545897151,82.6199740165213,0.));
#4147=CARTESIAN_POINT('',(53.9357545897151,82.6199740165213,0.));
#4148=CARTESIAN_POINT('',(537.306484906101,-7.49999999999429,0.));
#4149=CARTESIAN_POINT('',(535.806484906101,-7.49999999999429,0.));
#4150=CARTESIAN_POINT('',(464.306484906101,-7.49999999999523,0.));
#4151=CARTESIAN_POINT('',(462.806484906101,-7.49999999999523,0.));
#4152=CARTESIAN_POINT('',(391.306484906101,-7.49999999999623,0.));
#4153=CARTESIAN_POINT('',(389.806484906101,-7.49999999999623,0.));
#4154=CARTESIAN_POINT('',(318.306484906101,-7.49999999999723,0.));
#4155=CARTESIAN_POINT('',(316.806484906101,-7.49999999999723,0.));
#4156=CARTESIAN_POINT('',(245.306484906101,-7.49999999999817,0.));
#4157=CARTESIAN_POINT('',(243.806484906101,-7.49999999999817,0.));
#4158=CARTESIAN_POINT('',(172.306484906101,-7.49999999999901,0.));
#4159=CARTESIAN_POINT('',(170.806484906101,-7.49999999999901,0.));
#4160=CARTESIAN_POINT('',(99.2688736531763,6.69878474439256,0.));
#4161=CARTESIAN_POINT('',(97.7688736531763,6.69878474439256,0.));
#4162=CARTESIAN_POINT('',(86.1695276765863,49.75000000002,0.));
#4163=CARTESIAN_POINT('',(84.6695276765863,49.75000000002,0.));
#4164=CARTESIAN_POINT('',(110.,-4.83301270189218,-1.19262238973405E-15));
#4165=CARTESIAN_POINT('',(110.,-4.83301270189218,-1.19262238973405E-15));
#4166=CARTESIAN_POINT('',(599.999999999995,-4.83301270189178,-1.19262238973405E-15));
#4167=CARTESIAN_POINT('',(599.999999999995,2.77555756156289E-13,-1.19262238973405E-15));
#4168=CARTESIAN_POINT('',(604.833012701881,2.49358065183821E-13,-1.19262238973405E-15));
#4169=CARTESIAN_POINT('',(1.0325074129014E-11,-2.4980018054066E-11,-1.19262238973405E-15));
#4170=CARTESIAN_POINT('',(302.416506350969,523.800754047279,0.));
#4171=CARTESIAN_POINT('',(299.999999999988,519.615242270665,-1.19262238973405E-15));
#4172=CARTESIAN_POINT('',(295.814488223349,522.031748621603,-1.19262238973405E-15));
#4173=CARTESIAN_POINT('',(295.814488223349,522.031748621603,-1.19262238973405E-15));
#4174=CARTESIAN_POINT('',(50.8144882233503,97.6793007672372,-1.19262238973405E-15));
#4175=CARTESIAN_POINT('',(55.0000000000018,95.2627944162912,-1.19262238973405E-15));
#4176=CARTESIAN_POINT('',(52.583493649056,91.0772826396442,-1.19262238973405E-15));
#4177=CARTESIAN_POINT('',(-1.55431223447522E-12,-4.44089209850063E-13,-1.19262238973405E-15));
#4178=CARTESIAN_POINT('',(105.166987298111,6.93889390390723E-15,-1.19262238973405E-15));
#4179=CARTESIAN_POINT('',(110.,-1.11022302462516E-13,-1.19262238973405E-15));
#4180=CARTESIAN_POINT('',(-4.44089209850063E-13,-1.38777878078145E-13,0.));
#4181=CARTESIAN_POINT('',(298.799092868376,537.53521010352,0.));
#4182=CARTESIAN_POINT('',(614.918693812442,-10.,0.));
#4183=CARTESIAN_POINT('',(614.918693812442,-10.,0.));
#4184=CARTESIAN_POINT('',(94.472218138456,-10.,0.));
#4185=CARTESIAN_POINT('',(-2.98372437868011E-13,-1.52655665885959E-13,0.));
#4186=CARTESIAN_POINT('',(38.5758550313836,86.8153408597679,0.));
#4187=CARTESIAN_POINT('',(298.799092868376,537.53521010352,0.));
#4188=CARTESIAN_POINT('',(97.908051924665,184.581720403615,0.));
#4189=CARTESIAN_POINT('',(96.1580519246573,184.581720403615,0.));
#4190=CARTESIAN_POINT('',(243.908051924662,437.461138308672,0.));
#4191=CARTESIAN_POINT('',(242.158051924662,437.461138308672,0.));
#4192=CARTESIAN_POINT('',(170.908051924663,311.021429356144,0.));
#4193=CARTESIAN_POINT('',(169.158051924663,311.021429356144,0.));
#4194=CARTESIAN_POINT('',(44.4570900303428,89.001938689218,0.));
#4195=CARTESIAN_POINT('',(42.7070900303428,89.001938689218,0.));
#4196=CARTESIAN_POINT('',(496.629514477387,355.072168408318,0.));
#4197=CARTESIAN_POINT('',(494.879514477387,355.072168408318,0.));
#4198=CARTESIAN_POINT('',(418.208703885615,444.761302391859,0.));
#4199=CARTESIAN_POINT('',(416.458703885615,444.761302391859,0.));
#4200=CARTESIAN_POINT('',(1.11022302462516E-13,1.11022302462516E-13,3.));
#4201=CARTESIAN_POINT('',(1.11022302462516E-13,1.11022302462516E-13,3.));
#4202=CARTESIAN_POINT('',(502.833150706502,332.818002143162,2.99999999998918));
#4203=CARTESIAN_POINT('',(481.577212558518,362.894458960677,2.9999999999784));
#4204=CARTESIAN_POINT('',(503.049561979552,332.490852103229,3.10849970259403));
#4205=CARTESIAN_POINT('',(502.833138359135,332.818114842041,2.94578184032826));
#4206=CARTESIAN_POINT('',(502.616788822918,333.14470138758,3.10837293380625));
#4207=CARTESIAN_POINT('',(502.527151691609,333.279846851208,3.49959645018245));
#4208=CARTESIAN_POINT('',(502.616660755838,333.144894691388,3.89164831754737));
#4209=CARTESIAN_POINT('',(502.833154425662,332.818090351467,4.05404148894792));
#4210=CARTESIAN_POINT('',(503.049040480023,332.491641054032,3.89218553917119));
#4211=CARTESIAN_POINT('',(503.138768675507,332.355794262728,3.50059434427093));
#4212=CARTESIAN_POINT('',(503.049561979552,332.490852103229,3.10849970259403));
#4213=CARTESIAN_POINT('',(502.833138359135,332.818114842041,2.94578184032826));
#4214=CARTESIAN_POINT('',(502.616788822918,333.14470138758,3.10837293380625));
#4215=CARTESIAN_POINT('',(1.11022302462516E-13,1.11022302462516E-13,3.));
#4216=CARTESIAN_POINT('',(522.213318482011,301.5,3.));
#4217=CARTESIAN_POINT('',(522.017102906562,301.839647517006,3.10849970254223));
#4218=CARTESIAN_POINT('',(522.213413830774,301.499938663869,2.94578184096561));
#4219=CARTESIAN_POINT('',(522.409152662407,301.160597827517,3.10837293359526));
#4220=CARTESIAN_POINT('',(522.490103089709,301.020076868223,3.49959645014779));
#4221=CARTESIAN_POINT('',(522.409268513457,301.16039696401,3.89164831746985));
#4222=CARTESIAN_POINT('',(522.213399082191,301.499963969953,4.05404148896286));
#4223=CARTESIAN_POINT('',(522.017576273919,301.838828780823,3.89218553925368));
#4224=CARTESIAN_POINT('',(521.936038837033,301.979744167421,3.5005943444636));
#4225=CARTESIAN_POINT('',(522.017102906562,301.839647517006,3.10849970254223));
#4226=CARTESIAN_POINT('',(522.213413830774,301.499938663869,2.94578184096561));
#4227=CARTESIAN_POINT('',(522.409152662407,301.160597827517,3.10837293359526));
#4228=CARTESIAN_POINT('',(1.11022302462516E-13,1.11022302462516E-13,3.));
#4229=CARTESIAN_POINT('',(539.645420046016,269.057281305212,3.));
#4230=CARTESIAN_POINT('',(539.820348661764,268.706195892172,3.10849970254225));
#4231=CARTESIAN_POINT('',(539.645421525195,269.057394668873,2.9457818409656));
#4232=CARTESIAN_POINT('',(539.470485513554,269.40791326361,3.10837293359529));
#4233=CARTESIAN_POINT('',(539.3979866127,269.552975391873,3.4995964501478));
#4234=CARTESIAN_POINT('',(539.470381958802,269.408120734157,3.89164831746985));
#4235=CARTESIAN_POINT('',(539.645434487292,269.057368402876,4.05404148896285));
#4236=CARTESIAN_POINT('',(539.819927198221,268.70704251728,3.89218553925368));
#4237=CARTESIAN_POINT('',(539.892431014111,268.561273191031,3.50059434446365));
#4238=CARTESIAN_POINT('',(539.820348661764,268.706195892172,3.10849970254225));
#4239=CARTESIAN_POINT('',(539.645421525195,269.057394668873,2.9457818409656));
#4240=CARTESIAN_POINT('',(539.470485513554,269.40791326361,3.10837293359529));
#4241=CARTESIAN_POINT('',(1.11022302462516E-13,1.11022302462516E-13,3.));
#4242=CARTESIAN_POINT('',(555.064426631817,235.61087047903,3.));
#4243=CARTESIAN_POINT('',(554.9110662374,235.971898978295,3.10849970254234));
#4244=CARTESIAN_POINT('',(555.064513794871,235.610797979998,2.94578184096558));
#4245=CARTESIAN_POINT('',(555.217438374018,235.250131975893,3.10837293359528));
#4246=CARTESIAN_POINT('',(555.280660212067,235.100793063097,3.49959645014779));
#4247=CARTESIAN_POINT('',(555.217528882429,235.2499184909,3.89164831746981));
#4248=CARTESIAN_POINT('',(555.064502240258,235.610824894855,4.05404148896281));
#4249=CARTESIAN_POINT('',(554.911436297507,235.971028655878,3.89218553925378));
#4250=CARTESIAN_POINT('',(554.847679893952,236.120830594449,3.50059434446363));
#4251=CARTESIAN_POINT('',(554.9110662374,235.971898978295,3.10849970254234));
#4252=CARTESIAN_POINT('',(555.064513794871,235.610797979998,2.94578184096558));
#4253=CARTESIAN_POINT('',(555.217438374018,235.250131975893,3.10837293359528));
#4254=CARTESIAN_POINT('',(1.11022302462516E-13,1.11022302462516E-13,3.));
#4255=CARTESIAN_POINT('',(568.412819128579,201.285536117962,3.));
#4256=CARTESIAN_POINT('',(568.281785044822,201.655253654402,3.10849970254233));
#4257=CARTESIAN_POINT('',(568.412901703096,201.285458432979,2.94578184096559));
#4258=CARTESIAN_POINT('',(568.543522914267,200.916129321457,3.10837293359528));
#4259=CARTESIAN_POINT('',(568.597509908321,200.763209354958,3.49959645014778));
#4260=CARTESIAN_POINT('',(568.543600220914,200.915910709251,3.89164831746983));
#4261=CARTESIAN_POINT('',(568.412891813148,201.285486003026,4.05404148896283));
#4262=CARTESIAN_POINT('',(568.28210128278,201.654362363683,3.89218553925375));
#4263=CARTESIAN_POINT('',(568.227608987339,201.807777126765,3.50059434446361));
#4264=CARTESIAN_POINT('',(568.281785044822,201.655253654402,3.10849970254233));
#4265=CARTESIAN_POINT('',(568.412901703096,201.285458432979,2.94578184096559));
#4266=CARTESIAN_POINT('',(568.543522914267,200.916129321457,3.10837293359528));
#4267=CARTESIAN_POINT('',(1.11022302462516E-13,1.11022302462516E-13,3.));
#4268=CARTESIAN_POINT('',(579.640802650801,166.209325557649,3.));
#4269=CARTESIAN_POINT('',(579.532583687664,166.586352935799,3.10849970254232));
#4270=CARTESIAN_POINT('',(579.640880328745,166.20924297651,2.94578184096559));
#4271=CARTESIAN_POINT('',(579.748710902161,165.832628504056,3.10837293359531));
#4272=CARTESIAN_POINT('',(579.793261658969,165.676697936978,3.49959645014775));
#4273=CARTESIAN_POINT('',(579.74877471866,165.832405580147,3.89164831746981));
#4274=CARTESIAN_POINT('',(579.640872140355,166.2092710989,4.05404148896281));
#4275=CARTESIAN_POINT('',(579.532844923778,166.585444001651,3.89218553925375));
#4276=CARTESIAN_POINT('',(579.487820014682,166.741899290327,3.50059434446366));
#4277=CARTESIAN_POINT('',(579.532583687664,166.586352935799,3.10849970254232));
#4278=CARTESIAN_POINT('',(579.640880328745,166.20924297651,2.94578184096559));
#4279=CARTESIAN_POINT('',(579.748710902161,165.832628504056,3.10837293359531));
#4280=CARTESIAN_POINT('',(1.11022302462516E-13,1.11022302462516E-13,3.));
#4281=CARTESIAN_POINT('',(588.706492293314,130.513087204676,3.));
#4282=CARTESIAN_POINT('',(588.621492151159,130.896017960415,3.10849970254239));
#4283=CARTESIAN_POINT('',(588.706564784916,130.513000035442,2.94578184096559));
#4284=CARTESIAN_POINT('',(588.791202469065,130.130505125872,3.10837293359525));
#4285=CARTESIAN_POINT('',(588.826150796342,129.972145642096,3.4995964501477));
#4286=CARTESIAN_POINT('',(588.791252557353,130.130278721857,3.89164831746976));
#4287=CARTESIAN_POINT('',(588.70655832863,130.513028605267,4.05404148896281));
#4288=CARTESIAN_POINT('',(588.621697410913,130.895094773529,3.89218553925378));
#4289=CARTESIAN_POINT('',(588.586307849224,131.054006946497,3.50059434446376));
#4290=CARTESIAN_POINT('',(588.621492151159,130.896017960415,3.10849970254239));
#4291=CARTESIAN_POINT('',(588.706564784916,130.513000035442,2.94578184096559));
#4292=CARTESIAN_POINT('',(588.791202469065,130.130505125872,3.10837293359525));
#4293=CARTESIAN_POINT('',(1.11022302462516E-13,1.11022302462516E-13,3.));
#4294=CARTESIAN_POINT('',(595.576069378863,94.3299824192585,3.));
#4295=CARTESIAN_POINT('',(595.514605142488,94.7173880664865,3.10849970254233));
#4296=CARTESIAN_POINT('',(595.576136413699,94.3298909871065,2.9457818409656));
#4297=CARTESIAN_POINT('',(595.637265475896,93.9429425006386,3.10837293359527));
#4298=CARTESIAN_POINT('',(595.662481002292,93.7827448448823,3.49959645014775));
#4299=CARTESIAN_POINT('',(595.637301649126,93.9427134610963,3.89164831746981));
#4300=CARTESIAN_POINT('',(595.5761317136,94.3299198977905,4.05404148896282));
#4301=CARTESIAN_POINT('',(595.514753660179,94.7164540707222,3.89218553925377));
#4302=CARTESIAN_POINT('',(595.489131463231,94.87723032151,3.5005943444637));
#4303=CARTESIAN_POINT('',(595.514605142488,94.7173880664865,3.10849970254233));
#4304=CARTESIAN_POINT('',(595.576136413699,94.3298909871065,2.9457818409656));
#4305=CARTESIAN_POINT('',(595.637265475896,93.9429425006386,3.10837293359527));
#4306=CARTESIAN_POINT('',(1.11022302462516E-13,1.11022302462516E-13,3.));
#4307=CARTESIAN_POINT('',(600.223907615404,57.7949887696947,3.));
#4308=CARTESIAN_POINT('',(600.18620857119,58.1854241291624,3.10849970254233));
#4309=CARTESIAN_POINT('',(600.223968943406,57.7948934157032,2.9457818409656));
#4310=CARTESIAN_POINT('',(600.261361347607,57.4049348261927,3.10837293359529));
#4311=CARTESIAN_POINT('',(600.276750009042,57.2434966002967,3.49959645014777));
#4312=CARTESIAN_POINT('',(600.261383470837,57.4047040055325,3.89164831746983));
#4313=CARTESIAN_POINT('',(600.22396601703,57.7949225593971,4.05404148896281));
#4314=CARTESIAN_POINT('',(600.186299792789,58.1844828087003,3.89218553925375));
#4315=CARTESIAN_POINT('',(600.170540541705,58.3465233770748,3.50059434446366));
#4316=CARTESIAN_POINT('',(600.18620857119,58.1854241291624,3.10849970254233));
#4317=CARTESIAN_POINT('',(600.223968943406,57.7948934157032,2.9457818409656));
#4318=CARTESIAN_POINT('',(600.261361347607,57.4049348261927,3.10837293359529));
#4319=CARTESIAN_POINT('',(1.11022302462516E-13,1.11022302462516E-13,3.));
#4320=CARTESIAN_POINT('',(602.631108298465,21.0890329545271,3.));
#4321=CARTESIAN_POINT('',(602.617286043334,21.4810405222097,3.10849970254235));
#4322=CARTESIAN_POINT('',(602.631163698184,21.0889340385083,2.9457818409656));
#4323=CARTESIAN_POINT('',(602.644708954723,20.69742105092,3.10837293359526));
#4324=CARTESIAN_POINT('',(602.650225350147,20.5353448927019,3.49959645014774));
#4325=CARTESIAN_POINT('',(602.644716962589,20.6971893107885,3.89164831746981));
#4326=CARTESIAN_POINT('',(602.631162554278,21.0889633064096,4.05404148896282));
#4327=CARTESIAN_POINT('',(602.617319698552,21.4800953910448,3.89218553925377));
#4328=CARTESIAN_POINT('',(602.611470130625,21.642795367532,3.50059434446369));
#4329=CARTESIAN_POINT('',(602.617286043334,21.4810405222097,3.10849970254235));
#4330=CARTESIAN_POINT('',(602.631163698184,21.0889340385083,2.9457818409656));
#4331=CARTESIAN_POINT('',(602.644708954723,20.69742105092,3.10837293359526));
#4332=CARTESIAN_POINT('',(1.11022302462516E-13,1.11022302462516E-13,3.));
#4333=CARTESIAN_POINT('',(602.992537267248,-2.99999999999997,3.));
#4334=CARTESIAN_POINT('',(602.992537267248,-2.99999999999997,3.));
#4335=CARTESIAN_POINT('',(298.898192422271,523.706855565872,3.));
#4336=CARTESIAN_POINT('',(298.898192422271,523.706855565872,3.));
#4337=CARTESIAN_POINT('',(1.11022302462516E-13,1.11022302462516E-13,3.));
#4338=CARTESIAN_POINT('',(319.579192429106,511.349332419975,2.99999999991681));
#4339=CARTESIAN_POINT('',(319.246504898987,511.557130387146,3.10849970245904));
#4340=CARTESIAN_POINT('',(319.57930541194,511.34932301855,2.9457818408824));
#4341=CARTESIAN_POINT('',(319.911428027889,511.141572058504,3.10837293351213));
#4342=CARTESIAN_POINT('',(320.048867231765,511.055493159119,3.49959645006465));
#4343=CARTESIAN_POINT('',(319.911624608891,511.141449080766,3.8916483173867));
#4344=CARTESIAN_POINT('',(319.57928051037,511.349338440301,4.05404148887963));
#4345=CARTESIAN_POINT('',(319.247307193824,511.55662965909,3.89218553917047));
#4346=CARTESIAN_POINT('',(319.109164524232,511.642781284912,3.5005943443804));
#4347=CARTESIAN_POINT('',(319.246504898987,511.557130387146,3.10849970245904));
#4348=CARTESIAN_POINT('',(319.57930541194,511.34932301855,2.9457818408824));
#4349=CARTESIAN_POINT('',(319.911428027889,511.141572058504,3.10837293351213));
#4350=CARTESIAN_POINT('',(1.11022302462516E-13,1.11022302462516E-13,3.));
#4351=CARTESIAN_POINT('',(350.163882293699,490.911657568852,2.9999999999265));
#4352=CARTESIAN_POINT('',(349.84448418914,491.139354381814,3.10849970248284));
#4353=CARTESIAN_POINT('',(350.163994493048,490.911641295844,2.94578184075134));
#4354=CARTESIAN_POINT('',(350.482831600863,490.684025847921,3.10837293357157));
#4355=CARTESIAN_POINT('',(350.614766446821,490.589726812423,3.49959645008442));
#4356=CARTESIAN_POINT('',(350.483020317541,490.683891112577,3.89164831741615));
#4357=CARTESIAN_POINT('',(350.163970578138,490.91165820727,4.05404148888841));
#4358=CARTESIAN_POINT('',(349.845254459419,491.138805665872,3.89218553916413));
#4359=CARTESIAN_POINT('',(349.712621891131,491.233220186038,3.50059434434931));
#4360=CARTESIAN_POINT('',(349.84448418914,491.139354381814,3.10849970248284));
#4361=CARTESIAN_POINT('',(350.163994493048,490.911641295844,2.94578184075134));
#4362=CARTESIAN_POINT('',(350.482831600863,490.684025847921,3.10837293357157));
#4363=CARTESIAN_POINT('',(1.11022302462516E-13,1.11022302462516E-13,3.));
#4364=CARTESIAN_POINT('',(379.480195803054,468.619014758545,2.99999999993649));
#4365=CARTESIAN_POINT('',(379.175293998256,468.865785658845,3.10849970250531));
#4366=CARTESIAN_POINT('',(379.480306799676,468.618991666291,2.94578184063694));
#4367=CARTESIAN_POINT('',(379.784653621366,468.372336227259,3.1083729336256));
#4368=CARTESIAN_POINT('',(379.910585563829,468.270158648824,3.49959645010346));
#4369=CARTESIAN_POINT('',(379.784833760629,468.372190222367,3.89164831744368));
#4370=CARTESIAN_POINT('',(379.480283961782,468.619010006151,4.05404148889758));
#4371=CARTESIAN_POINT('',(379.176029333482,468.865190942525,3.8921855391599));
#4372=CARTESIAN_POINT('',(379.049408020246,468.967526385159,3.50059434432315));
#4373=CARTESIAN_POINT('',(379.175293998256,468.865785658845,3.10849970250531));
#4374=CARTESIAN_POINT('',(379.480306799676,468.618991666291,2.94578184063694));
#4375=CARTESIAN_POINT('',(379.784653621366,468.372336227259,3.1083729336256));
#4376=CARTESIAN_POINT('',(1.11022302462516E-13,1.11022302462516E-13,3.));
#4377=CARTESIAN_POINT('',(407.380895192245,444.578234096496,2.99999999994671));
#4378=CARTESIAN_POINT('',(407.091627093858,444.84315852919,3.10849970252628));
#4379=CARTESIAN_POINT('',(407.381004572079,444.57820427114,2.94578184053968));
#4380=CARTESIAN_POINT('',(407.669725771296,444.313428965227,3.10837293367392));
#4381=CARTESIAN_POINT('',(407.789185033352,444.203754007416,3.49959645012148));
#4382=CARTESIAN_POINT('',(407.669896661157,444.313272235443,3.89164831746904));
#4383=CARTESIAN_POINT('',(407.380982896398,444.578223971017,4.05404148890707));
#4384=CARTESIAN_POINT('',(407.092324750941,444.842520031021,3.89218553915783));
#4385=CARTESIAN_POINT('',(406.972187041303,444.952394643666,3.50059434430219));
#4386=CARTESIAN_POINT('',(407.091627093858,444.84315852919,3.10849970252628));
#4387=CARTESIAN_POINT('',(407.381004572079,444.57820427114,2.94578184053968));
#4388=CARTESIAN_POINT('',(407.669725771296,444.313428965227,3.10837293367392));
#4389=CARTESIAN_POINT('',(1.11022302462516E-13,1.11022302462516E-13,3.));
#4390=CARTESIAN_POINT('',(433.761899604208,418.878997386767,2.99999999995712));
#4391=CARTESIAN_POINT('',(433.489344298853,419.161087076915,3.10849970254565));
#4392=CARTESIAN_POINT('',(433.762006959226,418.878960939568,2.94578184045996));
#4393=CARTESIAN_POINT('',(434.034025489491,418.597053485413,3.10837293371618));
#4394=CARTESIAN_POINT('',(434.146566439934,418.480290280034,3.49959645013845));
#4395=CARTESIAN_POINT('',(434.034186492467,418.596886615402,3.89164831749217));
#4396=CARTESIAN_POINT('',(433.761986526617,418.878981925976,4.0540414889169));
#4397=CARTESIAN_POINT('',(433.49000167526,419.160407178753,3.89218553915794));
#4398=CARTESIAN_POINT('',(433.376795731308,419.277411084807,3.50059434428639));
#4399=CARTESIAN_POINT('',(433.489344298853,419.161087076915,3.10849970254565));
#4400=CARTESIAN_POINT('',(433.762006959226,418.878960939568,2.94578184045996));
#4401=CARTESIAN_POINT('',(434.034025489491,418.597053485413,3.10837293371618));
#4402=CARTESIAN_POINT('',(1.11022302462516E-13,1.11022302462516E-13,3.));
#4403=CARTESIAN_POINT('',(458.524797256819,391.617173143092,2.9999999999677));
#4404=CARTESIAN_POINT('',(458.269971485664,391.915375782425,3.10849970256345));
#4405=CARTESIAN_POINT('',(458.524902186545,391.617130210014,2.94578184039799));
#4406=CARTESIAN_POINT('',(458.77920330907,391.319142236074,3.10837293375242));
#4407=CARTESIAN_POINT('',(458.884406124788,391.195726356956,3.49959645015426));
#4408=CARTESIAN_POINT('',(458.779353824561,391.318965848327,3.89164831751297));
#4409=CARTESIAN_POINT('',(458.524883073234,391.617152404662,4.05404148892703));
#4410=CARTESIAN_POINT('',(458.270586129123,391.914657020563,3.8921855391602));
#4411=CARTESIAN_POINT('',(458.164734254665,392.038353748285,3.50059434427599));
#4412=CARTESIAN_POINT('',(458.269971485664,391.915375782425,3.10849970256345));
#4413=CARTESIAN_POINT('',(458.524902186545,391.617130210014,2.94578184039799));
#4414=CARTESIAN_POINT('',(458.77920330907,391.319142236074,3.10837293375242));
#4415=CARTESIAN_POINT('',(1.11022302462516E-13,1.11022302462516E-13,3.));
#4416=CARTESIAN_POINT('',(481.341066924417,363.207662133129,3.10849970257958));
#4417=CARTESIAN_POINT('',(481.577314671524,362.894409701875,2.94578184035404));
#4418=CARTESIAN_POINT('',(481.812949740594,362.581452823431,3.1083729337825));
#4419=CARTESIAN_POINT('',(481.910421972673,362.451844661558,3.49959645016897));
#4420=CARTESIAN_POINT('',(481.81308920712,362.581267575943,3.89164831753137));
#4421=CARTESIAN_POINT('',(481.57729694881,362.894433021969,4.05404148893736));
#4422=CARTESIAN_POINT('',(481.341636542068,363.206907188835,3.89218553916462));
#4423=CARTESIAN_POINT('',(481.24353360727,363.336835299564,3.50059434427069));
#4424=CARTESIAN_POINT('',(481.341066924417,363.207662133129,3.10849970257958));
#4425=CARTESIAN_POINT('',(481.577314671524,362.894409701875,2.94578184035404));
#4426=CARTESIAN_POINT('',(481.812949740594,362.581452823431,3.1083729337825));
#4427=CARTESIAN_POINT('',(8.88178419700125E-13,5.55111512312578E-13,3.5));
#4428=CARTESIAN_POINT('',(350.503606043745,493.788216323292,3.16811659160266));
#4429=CARTESIAN_POINT('',(350.822077735888,493.697078541671,2.95768164481993));
#4430=CARTESIAN_POINT('',(351.237867749896,493.548270451757,2.81076180587935));
#4431=CARTESIAN_POINT('',(351.652474240306,493.343886183809,2.74477248326044));
#4432=CARTESIAN_POINT('',(352.028944572012,493.067781914319,2.74973668813384));
#4433=CARTESIAN_POINT('',(352.349422696698,492.736580446892,2.8263907570764));
#4434=CARTESIAN_POINT('',(352.617367681326,492.394478413252,2.98490402757988));
#4435=CARTESIAN_POINT('',(352.804441766908,492.122992414032,3.21846928194806));
#4436=CARTESIAN_POINT('',(352.852632568363,492.050650037166,3.53571522857764));
#4437=CARTESIAN_POINT('',(352.774897795404,492.166808492492,3.82992409204351));
#4438=CARTESIAN_POINT('',(352.581820755507,492.442861214391,4.04375731118171));
#4439=CARTESIAN_POINT('',(352.306620637414,492.786136055309,4.18928157935051));
#4440=CARTESIAN_POINT('',(351.977467696151,493.112348564056,4.25544508268809));
#4441=CARTESIAN_POINT('',(351.593207105179,493.378302920643,4.25009623422915));
#4442=CARTESIAN_POINT('',(351.174914271937,493.573426468963,4.17273071121062));
#4443=CARTESIAN_POINT('',(350.764179039606,493.715165241469,4.0140154039813));
#4444=CARTESIAN_POINT('',(350.445283325368,493.803859274705,3.77655065348725));
#4445=CARTESIAN_POINT('',(350.366225544933,493.824540925713,3.45955727227658));
#4446=CARTESIAN_POINT('',(350.503606043745,493.788216323292,3.16811659160266));
#4447=CARTESIAN_POINT('',(350.822077735888,493.697078541671,2.95768164481993));
#4448=CARTESIAN_POINT('',(351.237867749896,493.548270451757,2.81076180587935));
#4449=CARTESIAN_POINT('',(350.827681733127,493.690504749676,2.97528199435304));
#4450=CARTESIAN_POINT('',(380.196224811012,471.398465468156,3.02283207324154));
#4451=CARTESIAN_POINT('',(380.531341580074,471.268111342937,2.86490750622479));
#4452=CARTESIAN_POINT('',(380.938237400524,471.066424910355,2.76542480995466));
#4453=CARTESIAN_POINT('',(381.320799411073,470.798510665966,2.73870917264154));
#4454=CARTESIAN_POINT('',(381.646473090008,470.467086781034,2.78310908071937));
#4455=CARTESIAN_POINT('',(381.915946672894,470.106818109288,2.90307958546706));
#4456=CARTESIAN_POINT('',(382.101193212813,469.814948015168,3.08191542541842));
#4457=CARTESIAN_POINT('',(382.208861165936,469.634114209153,3.3206597266218));
#4458=CARTESIAN_POINT('',(382.230947603005,469.596098312434,3.56314220448943));
#4459=CARTESIAN_POINT('',(382.172440126961,469.695958846177,3.77634772286044));
#4460=CARTESIAN_POINT('',(382.049719852867,469.897739565023,3.97724936758116));
#4461=CARTESIAN_POINT('',(381.853193735452,470.197477665648,4.13490277078176));
#4462=CARTESIAN_POINT('',(381.571422084422,470.553503899892,4.23445071271302));
#4463=CARTESIAN_POINT('',(381.230699344215,470.871463905424,4.26128244012821));
#4464=CARTESIAN_POINT('',(380.839200140642,471.121277210547,4.21722809577535));
#4465=CARTESIAN_POINT('',(380.431044967652,471.310044073162,4.0976550868062));
#4466=CARTESIAN_POINT('',(380.107530873058,471.430506909788,3.91977593115672));
#4467=CARTESIAN_POINT('',(379.907378014365,471.498579715765,3.68219347698733));
#4468=CARTESIAN_POINT('',(379.863349429702,471.51301956022,3.44025362186609));
#4469=CARTESIAN_POINT('',(379.972118266303,471.476929019588,3.22544418059342));
#4470=CARTESIAN_POINT('',(380.196224811012,471.398465468156,3.02283207324154));
#4471=CARTESIAN_POINT('',(380.531341580074,471.268111342937,2.86490750622479));
#4472=CARTESIAN_POINT('',(380.938237400524,471.066424910355,2.76542480995466));
#4473=CARTESIAN_POINT('',(380.532134196337,471.26056776255,2.87991197024978));
#4474=CARTESIAN_POINT('',(409.019625837179,446.909352474444,2.75999122879465));
#4475=CARTESIAN_POINT('',(409.379938219211,446.613009284848,2.73985339123989));
#4476=CARTESIAN_POINT('',(409.679118393102,446.258846388602,2.79022243591969));
#4477=CARTESIAN_POINT('',(409.921210342514,445.883461938463,2.91711168815006));
#4478=CARTESIAN_POINT('',(410.084874086259,445.583833991301,3.10343022108524));
#4479=CARTESIAN_POINT('',(410.174556923577,445.408742634685,3.35594735188007));
#4480=CARTESIAN_POINT('',(410.181700140513,445.394486854256,3.60183279498445));
#4481=CARTESIAN_POINT('',(410.122012278335,445.511792212605,3.80381624148147));
#4482=CARTESIAN_POINT('',(410.006971372295,445.728078004762,3.99640435264599));
#4483=CARTESIAN_POINT('',(409.826292297065,446.040153887337,4.14601410539854));
#4484=CARTESIAN_POINT('',(409.561421365732,446.412474596464,4.23968296596824));
#4485=CARTESIAN_POINT('',(409.234024985018,446.746871974555,4.26027371600322));
#4486=CARTESIAN_POINT('',(408.854417423323,447.014460577371,4.20968120962117));
#4487=CARTESIAN_POINT('',(408.457880735397,447.223596274368,4.08243508740469));
#4488=CARTESIAN_POINT('',(408.143236933866,447.361164215117,3.8934637656373));
#4489=CARTESIAN_POINT('',(407.962170404458,447.434667737781,3.63934684103422));
#4490=CARTESIAN_POINT('',(407.950843598818,447.439203395712,3.30972268535517));
#4491=CARTESIAN_POINT('',(408.240659666441,447.321696347941,3.02897415632322));
#4492=CARTESIAN_POINT('',(408.624668268927,447.141220962871,2.85413876840365));
#4493=CARTESIAN_POINT('',(409.019625837179,446.909352474444,2.75999122879465));
#4494=CARTESIAN_POINT('',(409.379938219211,446.613009284848,2.73985339123989));
#4495=CARTESIAN_POINT('',(409.679118393102,446.258846388602,2.79022243591969));
#4496=CARTESIAN_POINT('',(409.36974951785,446.603372667069,2.75160453827516));
#4497=CARTESIAN_POINT('',(434.489633329339,421.707183863801,3.51213646445352));
#4498=CARTESIAN_POINT('',(434.584363341835,421.662607388273,3.20286741701584));
#4499=CARTESIAN_POINT('',(434.882882534052,421.515759243076,2.97528269008308));
#4500=CARTESIAN_POINT('',(435.26172214548,421.299046552815,2.82112410173792));
#4501=CARTESIAN_POINT('',(435.636223175095,421.027519264856,2.74777806391086));
#4502=CARTESIAN_POINT('',(435.962172873803,420.692602184881,2.74634946460231));
#4503=CARTESIAN_POINT('',(436.222737767721,420.310696029171,2.81622752797577));
#4504=CARTESIAN_POINT('',(436.428544144095,419.923065214677,2.96722210178362));
#4505=CARTESIAN_POINT('',(436.565772996719,419.619324192201,3.18677416736537));
#4506=CARTESIAN_POINT('',(436.614002789225,419.507032402774,3.49130414621209));
#4507=CARTESIAN_POINT('',(436.570877357237,419.607578708826,3.80158329009453));
#4508=CARTESIAN_POINT('',(436.435121148359,419.909404716859,4.02536619386409));
#4509=CARTESIAN_POINT('',(436.231665702891,420.295372407272,4.17949348897743));
#4510=CARTESIAN_POINT('',(435.973970285615,420.677751164329,4.25215756677462));
#4511=CARTESIAN_POINT('',(435.651388742937,421.014430997354,4.25369950917465));
#4512=CARTESIAN_POINT('',(435.279098264144,421.287991043935,4.1837138977078));
#4513=CARTESIAN_POINT('',(434.901018628681,421.506175657901,4.03435940028678));
#4514=CARTESIAN_POINT('',(434.600705837024,421.654820234941,3.81387019841677));
#4515=CARTESIAN_POINT('',(434.489633329339,421.707183863801,3.51213646445352));
#4516=CARTESIAN_POINT('',(434.584363341835,421.662607388273,3.20286741701584));
#4517=CARTESIAN_POINT('',(434.882882534052,421.515759243076,2.97528269008308));
#4518=CARTESIAN_POINT('',(434.572687950484,421.667676337102,3.29078478436621));
#4519=CARTESIAN_POINT('',(459.423987359882,394.395578079589,3.4749256134603));
#4520=CARTESIAN_POINT('',(459.541990962536,394.330773074686,3.17476119469999));
#4521=CARTESIAN_POINT('',(459.832055398313,394.163868414153,2.96065580779203));
#4522=CARTESIAN_POINT('',(460.197613193157,393.920797799695,2.81283704630391));
#4523=CARTESIAN_POINT('',(460.551148331694,393.623392975916,2.74538121612787));
#4524=CARTESIAN_POINT('',(460.850610230841,393.265967633417,2.74892262210248));
#4525=CARTESIAN_POINT('',(461.082717137735,392.867520977132,2.82410264193807));
#4526=CARTESIAN_POINT('',(461.260307524363,392.471744231218,2.98004236966576));
#4527=CARTESIAN_POINT('',(461.376976517915,392.162002385373,3.20976556601893));
#4528=CARTESIAN_POINT('',(461.40963110006,392.070732488027,3.52357859103379));
#4529=CARTESIAN_POINT('',(461.364821895286,392.195391987209,3.8229326768791));
#4530=CARTESIAN_POINT('',(461.245695030795,392.507404355296,4.03824017725575));
#4531=CARTESIAN_POINT('',(461.062744575564,392.907141313726,4.18668934718024));
#4532=CARTESIAN_POINT('',(460.824285844725,393.303428779187,4.254540953941));
#4533=CARTESIAN_POINT('',(460.51785458844,393.655790140682,4.25119364213098));
#4534=CARTESIAN_POINT('',(460.160109146396,393.947879724693,4.17599625050703));
#4535=CARTESIAN_POINT('',(459.796481514114,394.185512509778,4.01985373861953));
#4536=CARTESIAN_POINT('',(459.508390766072,394.34939904478,3.78957062448));
#4537=CARTESIAN_POINT('',(459.423987359882,394.395578079589,3.4749256134603));
#4538=CARTESIAN_POINT('',(459.541990962536,394.330773074686,3.17476119469999));
#4539=CARTESIAN_POINT('',(459.832055398313,394.163868414153,2.96065580779203));
#4540=CARTESIAN_POINT('',(459.52199405737,394.341247765618,3.26054230849291));
#4541=CARTESIAN_POINT('',(482.831218353968,365.493627175734,3.10853661604321));
#4542=CARTESIAN_POINT('',(483.116047365049,365.300852579205,2.91868928115218));
#4543=CARTESIAN_POINT('',(483.46751572459,365.023564296187,2.79094960216272));
#4544=CARTESIAN_POINT('',(483.792357179516,364.691642427174,2.73986854301951));
#4545=CARTESIAN_POINT('',(484.053208637656,364.30463513966,2.75982173929329));
#4546=CARTESIAN_POINT('',(484.246219090003,363.89088285812,2.852531270654));
#4547=CARTESIAN_POINT('',(484.367175991867,363.551484585882,3.00096299222635));
#4548=CARTESIAN_POINT('',(484.441244632549,363.317177055212,3.19155336184054));
#4549=CARTESIAN_POINT('',(484.479352865778,363.188429028542,3.392563827972));
#4550=CARTESIAN_POINT('',(484.476157745722,363.199474599425,3.63758610362037));
#4551=CARTESIAN_POINT('',(484.421056469878,363.38439134914,3.89219270287379));
#4552=CARTESIAN_POINT('',(484.314251728552,363.711158575681,4.08155816280073));
#4553=CARTESIAN_POINT('',(484.144891908937,364.124563647046,4.20898481733077));
#4554=CARTESIAN_POINT('',(483.915570930886,364.528139651296,4.26015616600174));
#4555=CARTESIAN_POINT('',(483.615242954655,364.885798438597,4.24009225532229));
#4556=CARTESIAN_POINT('',(483.271473838274,365.184862173371,4.14796228506709));
#4557=CARTESIAN_POINT('',(482.977031264974,365.39575292081,3.99818533391288));
#4558=CARTESIAN_POINT('',(482.774430081012,365.530083364064,3.81003675956619));
#4559=CARTESIAN_POINT('',(482.659909790981,365.603041541373,3.60867362277968));
#4560=CARTESIAN_POINT('',(482.669151069965,365.597229105637,3.36334068782166));
#4561=CARTESIAN_POINT('',(482.831218353968,365.493627175734,3.10853661604321));
#4562=CARTESIAN_POINT('',(483.116047365049,365.300852579205,2.91868928115218));
#4563=CARTESIAN_POINT('',(483.46751572459,365.023564296187,2.79094960216272));
#4564=CARTESIAN_POINT('',(483.117659622756,365.293192784674,2.93536880163212));
#4565=CARTESIAN_POINT('',(504.065233836107,335.465405834217,3.46144732610058));
#4566=CARTESIAN_POINT('',(504.182260218921,335.380987784771,3.16547110901568));
#4567=CARTESIAN_POINT('',(504.449342864742,335.179744775122,2.9559735052315));
#4568=CARTESIAN_POINT('',(504.782283039281,334.893016053132,2.8103090535522));
#4569=CARTESIAN_POINT('',(505.095703581729,334.55364206233,2.74466981547981));
#4570=CARTESIAN_POINT('',(505.34737840235,334.161711179856,2.74986920341701));
#4571=CARTESIAN_POINT('',(505.52748784465,333.738481668212,2.82645583408405));
#4572=CARTESIAN_POINT('',(505.654708223113,333.324329976254,2.98440022639449));
#4573=CARTESIAN_POINT('',(505.732002895013,333.004452507523,3.21675884038561));
#4574=CARTESIAN_POINT('',(505.751546490674,332.917544455571,3.53280150168346));
#4575=CARTESIAN_POINT('',(505.721085716106,333.051772678794,3.82785942812695));
#4576=CARTESIAN_POINT('',(505.639996933223,333.378255442974,4.04250232463395));
#4577=CARTESIAN_POINT('',(505.50611335712,333.797995176632,4.18880850281163));
#4578=CARTESIAN_POINT('',(505.316054892281,334.220549363741,4.25528446136989));
#4579=CARTESIAN_POINT('',(505.052934108726,334.606908879735,4.25030417795492));
#4580=CARTESIAN_POINT('',(504.732127924329,334.939550308452,4.17319572762261));
#4581=CARTESIAN_POINT('',(504.400179015903,335.218643772093,4.01488835995326));
#4582=CARTESIAN_POINT('',(504.134469046378,335.415719784518,3.77977864032041));
#4583=CARTESIAN_POINT('',(504.065233836107,335.465405834217,3.46144732610058));
#4584=CARTESIAN_POINT('',(504.182260218921,335.380987784771,3.16547110901568));
#4585=CARTESIAN_POINT('',(504.449342864742,335.179744775122,2.9559735052315));
#4586=CARTESIAN_POINT('',(504.161056934371,335.395710933943,3.25016334112503));
#4587=CARTESIAN_POINT('',(525.01330140092,302.044627499556,2.89232663435229));
#4588=CARTESIAN_POINT('',(525.084052848666,301.702982258361,3.0648264906835));
#4589=CARTESIAN_POINT('',(525.121832011919,301.486168041278,3.2938349494855));
#4590=CARTESIAN_POINT('',(525.132291348746,301.421610107278,3.53069926201992));
#4591=CARTESIAN_POINT('',(525.11592004391,301.521538719145,3.75425767794111));
#4592=CARTESIAN_POINT('',(525.075274127753,301.748602926527,3.962832451969));
#4593=CARTESIAN_POINT('',(525.000672207178,302.096625918289,4.12633996396987));
#4594=CARTESIAN_POINT('',(524.826445944194,302.67657737234,4.26517589414402));
#4595=CARTESIAN_POINT('',(524.501232023573,303.222820274157,4.25959382478391));
#4596=CARTESIAN_POINT('',(524.08182663778,303.655564327695,4.10632799508419));
#4597=CARTESIAN_POINT('',(523.820754909026,303.887824552196,3.93184375484512));
#4598=CARTESIAN_POINT('',(523.653767128186,304.027258632123,3.70238571787182));
#4599=CARTESIAN_POINT('',(523.605364219182,304.06673735361,3.46483563014188));
#4600=CARTESIAN_POINT('',(523.684929820306,304.001584102211,3.24339375751809));
#4601=CARTESIAN_POINT('',(523.861131110883,303.852871034326,3.03603095353815));
#4602=CARTESIAN_POINT('',(524.124360748811,303.614911242832,2.87346528516023));
#4603=CARTESIAN_POINT('',(524.538252769098,303.175226788868,2.73504300263369));
#4604=CARTESIAN_POINT('',(524.848123980658,302.622496970074,2.74024182272607));
#4605=CARTESIAN_POINT('',(525.01330140092,302.044627499556,2.89232663435229));
#4606=CARTESIAN_POINT('',(525.084052848666,301.702982258361,3.0648264906835));
#4607=CARTESIAN_POINT('',(525.121832011919,301.486168041278,3.2938349494855));
#4608=CARTESIAN_POINT('',(525.0919291399,301.65348720208,3.12966265319541));
#4609=CARTESIAN_POINT('',(542.407246551626,269.74839729249,2.80113506223575));
#4610=CARTESIAN_POINT('',(542.493654705327,269.310190579298,2.94022712981322));
#4611=CARTESIAN_POINT('',(542.535882582805,268.977590617642,3.13979917210242));
#4612=CARTESIAN_POINT('',(542.553319104383,268.809453273909,3.41635334285046));
#4613=CARTESIAN_POINT('',(542.549075045083,268.852702116798,3.74211400632843));
#4614=CARTESIAN_POINT('',(542.513338556168,269.175059591397,3.99545838462693));
#4615=CARTESIAN_POINT('',(542.441389760818,269.598217607223,4.16140909220923));
#4616=CARTESIAN_POINT('',(542.320167646398,270.041971502429,4.24598267532737));
#4617=CARTESIAN_POINT('',(542.125365293239,270.465817512256,4.25790173058805));
#4618=CARTESIAN_POINT('',(541.860715779906,270.845430400243,4.19911512421315));
#4619=CARTESIAN_POINT('',(541.564682876101,271.176506302721,4.06181293094906));
#4620=CARTESIAN_POINT('',(541.322346976812,271.412680712956,3.86147926561748));
#4621=CARTESIAN_POINT('',(541.198634065271,271.52775177529,3.58672885135121));
#4622=CARTESIAN_POINT('',(541.218774767307,271.509199875965,3.34226742242515));
#4623=CARTESIAN_POINT('',(541.328964706928,271.405828730281,3.15650544471208));
#4624=CARTESIAN_POINT('',(541.510158352565,271.228857105312,2.97813295214431));
#4625=CARTESIAN_POINT('',(541.761072330219,270.963911290229,2.83838175407592));
#4626=CARTESIAN_POINT('',(542.041550659778,270.600716180762,2.75396767576414));
#4627=CARTESIAN_POINT('',(542.263529434892,270.188650164302,2.74216195375938));
#4628=CARTESIAN_POINT('',(542.407246551626,269.74839729249,2.80113506223575));
#4629=CARTESIAN_POINT('',(542.493654705327,269.310190579298,2.94022712981322));
#4630=CARTESIAN_POINT('',(542.535882582805,268.977590617642,3.13979917210242));
#4631=CARTESIAN_POINT('',(542.487698921872,269.316705039165,2.95695952700817));
#4632=CARTESIAN_POINT('',(557.439941705713,237.181063858859,2.78254228254034));
#4633=CARTESIAN_POINT('',(557.669174668991,236.774388631222,2.73854140289746));
#4634=CARTESIAN_POINT('',(557.820146572581,236.332865685446,2.76609777307557));
#4635=CARTESIAN_POINT('',(557.901278925757,235.885776930119,2.86671681215203));
#4636=CARTESIAN_POINT('',(557.933704548027,235.530982891891,3.02420859948447));
#4637=CARTESIAN_POINT('',(557.947298048703,235.294435511584,3.22703883639131));
#4638=CARTESIAN_POINT('',(557.951949781515,235.181062920945,3.44316873467251));
#4639=CARTESIAN_POINT('',(557.950143808887,235.228805225653,3.68334685620969));
#4640=CARTESIAN_POINT('',(557.939921520896,235.439044654554,3.91984483541734));
#4641=CARTESIAN_POINT('',(557.913035313192,235.785650919152,4.09872384781579));
#4642=CARTESIAN_POINT('',(557.844049048161,236.228898484474,4.21741059389981));
#4643=CARTESIAN_POINT('',(557.711228920525,236.675077440907,4.26139554589803));
#4644=CARTESIAN_POINT('',(557.499136871221,237.089835248776,4.23407086528341));
#4645=CARTESIAN_POINT('',(557.234543389565,237.458472658288,4.13438692006822));
#4646=CARTESIAN_POINT('',(557.000595275535,237.729800242496,3.97579200369867));
#4647=CARTESIAN_POINT('',(556.841484886643,237.90223780182,3.7761474280294));
#4648=CARTESIAN_POINT('',(556.761364434429,237.986274124781,3.56050915312127));
#4649=CARTESIAN_POINT('',(556.793195958409,237.953111761205,3.3190156729068));
#4650=CARTESIAN_POINT('',(556.936613612654,237.800549624051,3.08185088632463));
#4651=CARTESIAN_POINT('',(557.168311834369,237.539418096482,2.90147341637954));
#4652=CARTESIAN_POINT('',(557.439941705713,237.181063858859,2.78254228254034));
#4653=CARTESIAN_POINT('',(557.669174668991,236.774388631222,2.73854140289746));
#4654=CARTESIAN_POINT('',(557.820146572581,236.332865685446,2.76609777307557));
#4655=CARTESIAN_POINT('',(557.656131159044,236.768580678199,2.75046761120095));
#4656=CARTESIAN_POINT('',(570.260153223616,203.542919016111,3.30758808103098));
#4657=CARTESIAN_POINT('',(570.461615951596,203.302174532695,3.02715095537554));
#4658=CARTESIAN_POINT('',(570.717646840872,202.95984205424,2.8522519830956));
#4659=CARTESIAN_POINT('',(570.957865216325,202.567498729451,2.75897520490158));
#4660=CARTESIAN_POINT('',(571.136133736305,202.134322468057,2.74005841524833));
#4661=CARTESIAN_POINT('',(571.232704281689,201.678764611978,2.79242976698416));
#4662=CARTESIAN_POINT('',(571.269172749369,201.232052633613,2.92191872347784));
#4663=CARTESIAN_POINT('',(571.272331116894,200.88787033947,3.11493161244312));
#4664=CARTESIAN_POINT('',(571.269165118766,200.698759770026,3.37457268404835));
#4665=CARTESIAN_POINT('',(571.269263927424,200.701004832446,3.70433098330905));
#4666=CARTESIAN_POINT('',(571.274032651695,201.017131310193,3.97704171375316));
#4667=CARTESIAN_POINT('',(571.257150286601,201.440317588772,4.14927060199026));
#4668=CARTESIAN_POINT('',(571.196713176833,201.893784799487,4.24119261494412));
#4669=CARTESIAN_POINT('',(571.063361160097,202.339245513291,4.25977502672752));
#4670=CARTESIAN_POINT('',(570.853464288216,202.751534767533,4.20815116049043));
#4671=CARTESIAN_POINT('',(570.602387869684,203.119896933712,4.07992402600285));
#4672=CARTESIAN_POINT('',(570.391093077395,203.386448759866,3.89197031681921));
#4673=CARTESIAN_POINT('',(570.266315003866,203.535616494504,3.63653672566825));
#4674=CARTESIAN_POINT('',(570.260153223616,203.542919016111,3.30758808103098));
#4675=CARTESIAN_POINT('',(570.461615951596,203.302174532695,3.02715095537554));
#4676=CARTESIAN_POINT('',(570.717646840872,202.95984205424,2.8522519830956));
#4677=CARTESIAN_POINT('',(570.463995220879,203.293268016303,3.05408855179326));
#4678=CARTESIAN_POINT('',(582.486984676031,166.283664112966,2.82482035646121));
#4679=CARTESIAN_POINT('',(582.484334525236,165.85152264108,2.98070808191868));
#4680=CARTESIAN_POINT('',(582.462029801119,165.521249077538,3.21055222934867));
#4681=CARTESIAN_POINT('',(582.453991153046,165.42590852169,3.52532928994209));
#4682=CARTESIAN_POINT('',(582.464961611533,165.558473800148,3.82342872802861));
#4683=CARTESIAN_POINT('',(582.486038005671,165.8943206089,4.04009391881741));
#4684=CARTESIAN_POINT('',(582.485013475677,166.334734069406,4.18759075055793));
#4685=CARTESIAN_POINT('',(582.431575009757,166.795284287774,4.25495322399485));
#4686=CARTESIAN_POINT('',(582.297600680829,167.243542884563,4.25077571797323));
#4687=CARTESIAN_POINT('',(582.091838110605,167.658224139534,4.17410781828989));
#4688=CARTESIAN_POINT('',(581.859365204954,168.0245185371,4.01714195863713));
#4689=CARTESIAN_POINT('',(581.663672330009,168.294662934018,3.78073145269052));
#4690=CARTESIAN_POINT('',(581.612117281834,168.363473078263,3.46451101792403));
#4691=CARTESIAN_POINT('',(581.695087038064,168.252192196097,3.17114343824065));
#4692=CARTESIAN_POINT('',(581.889136575021,167.980587648743,2.95820531204016));
#4693=CARTESIAN_POINT('',(582.120500494033,167.607845253608,2.81192513652817));
#4694=CARTESIAN_POINT('',(582.317907855978,167.191177739696,2.74516353353073));
#4695=CARTESIAN_POINT('',(582.441455513194,166.742211399273,2.74918965768603));
#4696=CARTESIAN_POINT('',(582.486984676031,166.283664112966,2.82482035646121));
#4697=CARTESIAN_POINT('',(582.484334525236,165.85152264108,2.98070808191868));
#4698=CARTESIAN_POINT('',(582.462029801119,165.521249077538,3.21055222934867));
#4699=CARTESIAN_POINT('',(582.480315272212,165.857491507019,3.00069562382838));
#4700=CARTESIAN_POINT('',(590.829290008166,132.507043626405,3.26965260727254));
#4701=CARTESIAN_POINT('',(591.002678429555,132.237424721472,3.01129074586597));
#4702=CARTESIAN_POINT('',(591.213534537293,131.864411828847,2.84238450094253));
#4703=CARTESIAN_POINT('',(591.399866834202,131.444947287106,2.7555681245326));
#4704=CARTESIAN_POINT('',(591.51785706825,130.993706840013,2.74140628205794));
#4705=CARTESIAN_POINT('',(591.553401400467,130.532323906606,2.79783264195048));
#4706=CARTESIAN_POINT('',(591.532887246125,130.087666886414,2.93248964867279));
#4707=CARTESIAN_POINT('',(591.493899738566,129.752135296772,3.1278287419623));
#4708=CARTESIAN_POINT('',(591.468862161406,129.574581495813,3.39717174884313));
#4709=CARTESIAN_POINT('',(591.472521921316,129.599182569032,3.7255075093466));
#4710=CARTESIAN_POINT('',(591.516201713341,129.919821060168,3.98884014079041));
#4711=CARTESIAN_POINT('',(591.549676866008,130.346067819383,4.15695258188512));
#4712=CARTESIAN_POINT('',(591.541422534636,130.806629987335,4.24452925615767));
#4713=CARTESIAN_POINT('',(591.457498430108,131.266197497086,4.25865137678761));
#4714=CARTESIAN_POINT('',(591.293855721868,131.700896304055,4.20163947202189));
#4715=CARTESIAN_POINT('',(591.087465912638,132.094645379831,4.06716039131939));
#4716=CARTESIAN_POINT('',(590.90821749333,132.385376185546,3.86805991225695));
#4717=CARTESIAN_POINT('',(590.812517106435,132.532454360897,3.59723678978737));
#4718=CARTESIAN_POINT('',(590.829290008166,132.507043626405,3.26965260727254));
#4719=CARTESIAN_POINT('',(591.002678429555,132.237424721472,3.01129074586597));
#4720=CARTESIAN_POINT('',(591.213534537293,131.864411828847,2.84238450094253));
#4721=CARTESIAN_POINT('',(591.0031434299,132.229179687021,3.03481207732675));
#4722=CARTESIAN_POINT('',(598.424049709762,94.4282866597286,2.75798368285679));
#4723=CARTESIAN_POINT('',(598.402026046311,93.9710838218032,2.8481652089063));
#4724=CARTESIAN_POINT('',(598.350012749584,93.6131463420584,2.99463056440976));
#4725=CARTESIAN_POINT('',(598.305892557893,93.3718969621362,3.1786879046101));
#4726=CARTESIAN_POINT('',(598.277841316373,93.233344179396,3.37451602588497));
#4727=CARTESIAN_POINT('',(598.277433009353,93.2314215500502,3.62023944404196));
#4728=CARTESIAN_POINT('',(598.314251595235,93.4128840200274,3.8815782935861));
#4729=CARTESIAN_POINT('',(598.37377739999,93.74978165993,4.07489533345161));
#4730=CARTESIAN_POINT('',(598.419822701505,94.1933685574748,4.20567018510427));
#4731=CARTESIAN_POINT('',(598.409649015541,94.6569491458482,4.25947623269285));
#4732=CARTESIAN_POINT('',(598.315604276139,95.1145374641456,4.24224215294487));
#4733=CARTESIAN_POINT('',(598.153989098693,95.5418792648272,4.15251409610913));
#4734=CARTESIAN_POINT('',(597.993926097593,95.8666945049289,4.00709679404635));
#4735=CARTESIAN_POINT('',(597.876099013642,96.0849676178577,3.82110484582621));
#4736=CARTESIAN_POINT('',(597.807020361767,96.2073196504281,3.62649866145517));
#4737=CARTESIAN_POINT('',(597.805491463063,96.2099908824618,3.38066712628151));
#4738=CARTESIAN_POINT('',(597.896910446109,96.0482115684056,3.11804795993731));
#4739=CARTESIAN_POINT('',(598.057609485282,95.7462336463927,2.92512072501543));
#4740=CARTESIAN_POINT('',(598.238778070386,95.3378458229457,2.79408123819914));
#4741=CARTESIAN_POINT('',(598.372346904897,94.8931501964768,2.74043979854631));
#4742=CARTESIAN_POINT('',(598.424049709762,94.4282866597286,2.75798368285679));
#4743=CARTESIAN_POINT('',(598.402026046311,93.9710838218032,2.8481652089063));
#4744=CARTESIAN_POINT('',(598.350012749584,93.6131463420584,2.99463056440976));
#4745=CARTESIAN_POINT('',(598.395293997541,93.9756967988418,2.86242802566531));
#4746=CARTESIAN_POINT('',(602.955058207645,56.9369329257198,4.01978704586615));
#4747=CARTESIAN_POINT('',(603.028153447613,57.2974692607491,4.16114998632533));
#4748=CARTESIAN_POINT('',(603.073482068752,57.7502215438559,4.2452260492124));
#4749=CARTESIAN_POINT('',(603.044849364034,58.2154046090994,4.25819130223159));
#4750=CARTESIAN_POINT('',(602.934977086339,58.6637678158521,4.20050938943363));
#4751=CARTESIAN_POINT('',(602.778314076396,59.0781187972627,4.06497843132859));
#4752=CARTESIAN_POINT('',(602.637570604853,59.3845809218492,3.86867966216208));
#4753=CARTESIAN_POINT('',(602.560579202423,59.5421713181384,3.59719847262906));
#4754=CARTESIAN_POINT('',(602.569414451435,59.5243268372855,3.35206498075453));
#4755=CARTESIAN_POINT('',(602.633705097089,59.3917408628048,3.16404051850472));
#4756=CARTESIAN_POINT('',(602.7388467872,59.163586734261,2.98318458511102));
#4757=CARTESIAN_POINT('',(602.878796879531,58.8263876578897,2.84115046520612));
#4758=CARTESIAN_POINT('',(603.01143810893,58.3883105381068,2.75522819915649));
#4759=CARTESIAN_POINT('',(603.073149591361,57.9251671524205,2.74155004656617));
#4760=CARTESIAN_POINT('',(603.051337720778,57.461964937224,2.7987890063893));
#4761=CARTESIAN_POINT('',(602.976336944119,57.0233052388983,2.93486536021316));
#4762=CARTESIAN_POINT('',(602.896554834567,56.6952045439249,3.13075694049667));
#4763=CARTESIAN_POINT('',(602.850776304286,56.5248486352697,3.40468069607815));
#4764=CARTESIAN_POINT('',(602.856615889055,56.5461331180064,3.65119874331091));
#4765=CARTESIAN_POINT('',(602.894990690982,56.6908217766828,3.83931993481358));
#4766=CARTESIAN_POINT('',(602.955058207645,56.9369329257198,4.01978704586615));
#4767=CARTESIAN_POINT('',(603.028153447613,57.2974692607491,4.16114998632533));
#4768=CARTESIAN_POINT('',(603.073482068752,57.7502215438559,4.2452260492124));
#4769=CARTESIAN_POINT('',(603.021089169809,57.3008207075943,4.14689007538134));
#4770=CARTESIAN_POINT('',(605.420383656279,20.5187205409622,2.81333401343748));
#4771=CARTESIAN_POINT('',(605.314806218086,20.0923877886479,2.96164680574272));
#4772=CARTESIAN_POINT('',(605.214127352468,19.7748333153393,3.17652166853087));
#4773=CARTESIAN_POINT('',(605.171396156895,19.6487393158661,3.47397341473577));
#4774=CARTESIAN_POINT('',(605.201706849095,19.737697937736,3.78742762174324));
#4775=CARTESIAN_POINT('',(605.303452014919,20.0531712840617,4.01925614905204));
#4776=CARTESIAN_POINT('',(605.411128128941,20.4742520968378,4.17557822563606));
#4777=CARTESIAN_POINT('',(605.477639794931,20.9305535526431,4.25098471915898));
#4778=CARTESIAN_POINT('',(605.465962877435,21.3969416523483,4.25471416310453));
#4779=CARTESIAN_POINT('',(605.374407466299,21.8501754066457,4.18726173718762));
#4780=CARTESIAN_POINT('',(605.239675133135,22.2678318154662,4.03978834693581));
#4781=CARTESIAN_POINT('',(605.116821316535,22.5784539459988,3.82573947783163));
#4782=CARTESIAN_POINT('',(605.064474322742,22.7034422262316,3.52821825742104));
#4783=CARTESIAN_POINT('',(605.100654133267,22.6174785096215,3.21284396785391));
#4784=CARTESIAN_POINT('',(605.224241149171,22.3098924864592,2.98123552603337));
#4785=CARTESIAN_POINT('',(605.361347300803,21.8967769452808,2.82435233793544));
#4786=CARTESIAN_POINT('',(605.459764959719,21.4452701778508,2.74891179758029));
#4787=CARTESIAN_POINT('',(605.480529507675,20.9783546974947,2.74534382045905));
#4788=CARTESIAN_POINT('',(605.420383656279,20.5187205409622,2.81333401343748));
#4789=CARTESIAN_POINT('',(605.314806218086,20.0923877886479,2.96164680574272));
#4790=CARTESIAN_POINT('',(605.214127352468,19.7748333153393,3.17652166853087));
#4791=CARTESIAN_POINT('',(605.312266684661,20.0999323527052,2.97990297958276));
#4792=CARTESIAN_POINT('',(606.499175597131,1.00000000000067,3.5));
#4793=CARTESIAN_POINT('',(607.499174237852,1.00164880461732,3.5));
#4794=CARTESIAN_POINT('',(321.915601229444,513.005632385251,2.96789287182624));
#4795=CARTESIAN_POINT('',(322.123260599076,512.742580513908,3.1909214165837));
#4796=CARTESIAN_POINT('',(322.194448858327,512.648876015622,3.49457321987039));
#4797=CARTESIAN_POINT('',(322.128090305126,512.736274627157,3.80164288755782));
#4798=CARTESIAN_POINT('',(321.922596135097,512.997184211912,4.02662909899097));
#4799=CARTESIAN_POINT('',(321.632162994377,513.321893400047,4.17966998321603));
#4800=CARTESIAN_POINT('',(321.289680416904,513.630343074174,4.2522726300719));
#4801=CARTESIAN_POINT('',(320.895548017308,513.878588819832,4.25357383037382));
#4802=CARTESIAN_POINT('',(320.468920745473,514.053678975198,4.183846405599));
#4803=CARTESIAN_POINT('',(320.049130447293,514.173982158951,4.03399932158087));
#4804=CARTESIAN_POINT('',(319.724004005743,514.245152425477,3.81617212878014));
#4805=CARTESIAN_POINT('',(319.601102441935,514.269609508464,3.5137497695456));
#4806=CARTESIAN_POINT('',(319.703525912246,514.249322547536,3.20293573611458));
#4807=CARTESIAN_POINT('',(320.029695652458,514.178829150482,2.97499978875349));
#4808=CARTESIAN_POINT('',(320.450402832929,514.059895007383,2.82077280815132));
#4809=CARTESIAN_POINT('',(320.87978090633,513.886640536322,2.74764220379231));
#4810=CARTESIAN_POINT('',(321.27734563679,513.639932996214,2.74641776312208));
#4811=CARTESIAN_POINT('',(321.623049697542,513.331308557218,2.81712880616061));
#4812=CARTESIAN_POINT('',(321.915601229444,513.005632385251,2.96789287182624));
#4813=CARTESIAN_POINT('',(322.123260599076,512.742580513908,3.1909214165837));
#4814=CARTESIAN_POINT('',(322.194448858327,512.648876015622,3.49457321987039));
#4815=CARTESIAN_POINT('',(322.133146060851,512.728882472568,3.27727011469517));
#4816=CARTESIAN_POINT('',(303.25,525.244407395262,3.5));
#4817=CARTESIAN_POINT('',(302.75,524.378381991478,3.5));
#4818=CARTESIAN_POINT('',(-4.44089209850063E-13,-1.38777878078145E-13,8.));
#4819=CARTESIAN_POINT('',(298.799092868376,537.53521010352,8.));
#4820=CARTESIAN_POINT('',(614.918693812442,-10.,8.));
#4821=CARTESIAN_POINT('',(304.898265230326,534.099286518469,5.69999999999997));
#4822=CARTESIAN_POINT('',(304.393412772965,534.387488810313,5.70000000000869));
#4823=CARTESIAN_POINT('',(303.402816567321,534.950718760026,5.2233252778021));
#4824=CARTESIAN_POINT('',(302.777521000144,535.304281565068,3.50204606373764));
#4825=CARTESIAN_POINT('',(303.401157061249,534.951660553162,1.77741501921976));
#4826=CARTESIAN_POINT('',(304.393412797285,534.387488796429,1.29999999999129));
#4827=CARTESIAN_POINT('',(304.898265230326,534.099286518469,1.30000000000003));
#4828=CARTESIAN_POINT('',(304.898265230311,534.099286518478,5.69999999999997));
#4829=CARTESIAN_POINT('',(304.898265230311,534.099286518478,1.30000000000003));
#4830=CARTESIAN_POINT('',(304.898265230311,534.099286518478,8.));
#4831=CARTESIAN_POINT('',(-2.98372437868011E-13,-1.52655665885959E-13,8.));
#4832=CARTESIAN_POINT('',(94.472218138456,-10.,8.));
#4833=CARTESIAN_POINT('',(38.5758550313836,86.8153408597679,8.));
#4834=CARTESIAN_POINT('',(94.9872958272425,1.72259934531382,1.77409642987316));
#4835=CARTESIAN_POINT('',(94.9681426743341,2.43856127180306,3.5004428567114));
#4836=CARTESIAN_POINT('',(94.9872708728115,1.72315556747293,5.22413214328123));
#4837=CARTESIAN_POINT('',(95.0063614737766,0.00178234728401863,5.93768162826601));
#4838=CARTESIAN_POINT('',(94.9872831888552,-1.72326505339096,5.22513947702426));
#4839=CARTESIAN_POINT('',(94.9681574171003,-2.43777857849169,3.500320623013));
#4840=CARTESIAN_POINT('',(94.9872245593179,-1.72561980446227,1.77825392419384));
#4841=CARTESIAN_POINT('',(95.0063698637946,-0.00260288115795063,1.06191411998926));
#4842=CARTESIAN_POINT('',(94.9872958272425,1.72259934531382,1.77409642987316));
#4843=CARTESIAN_POINT('',(94.9681426743341,2.43856127180306,3.5004428567114));
#4844=CARTESIAN_POINT('',(94.9872708728115,1.72315556747293,5.22413214328123));
#4845=CARTESIAN_POINT('',(94.9745228995651,2.19999999999983,3.5));
#4846=CARTESIAN_POINT('',(0.,0.,3.));
#4847=CARTESIAN_POINT('',(0.,0.,3.));
#4848=CARTESIAN_POINT('',(86.289572656621,63.2701323749029,2.99999999999658));
#4849=CARTESIAN_POINT('',(92.6647182049351,53.4999999999998,3.));
#4850=CARTESIAN_POINT('',(86.057158502878,63.5861149221809,3.10849972004003));
#4851=CARTESIAN_POINT('',(86.2898681536405,63.2702240649057,2.94578182861267));
#4852=CARTESIAN_POINT('',(86.5208048222858,62.9537830676135,3.10837296530751));
#4853=CARTESIAN_POINT('',(86.6159914326897,62.8224842924679,3.49959638981439));
#4854=CARTESIAN_POINT('',(86.5209414033084,62.9535958249739,3.89164842904934));
#4855=CARTESIAN_POINT('',(86.2898503257266,63.2702472390731,4.05404145336996));
#4856=CARTESIAN_POINT('',(86.0577203387703,63.5853542030117,3.89218556999369));
#4857=CARTESIAN_POINT('',(85.9607441007668,63.7161282411371,3.50059423535439));
#4858=CARTESIAN_POINT('',(86.057158502878,63.5861149221809,3.10849972004003));
#4859=CARTESIAN_POINT('',(86.2898681536405,63.2702240649057,2.94578182861267));
#4860=CARTESIAN_POINT('',(86.5208048222858,62.9537830676135,3.10837296530751));
#4861=CARTESIAN_POINT('',(0.,0.,3.));
#4862=CARTESIAN_POINT('',(78.8886750386835,72.2881522148753,2.99999999999319));
#4863=CARTESIAN_POINT('',(79.1532443178253,71.9985586970247,3.10849972003551));
#4864=CARTESIAN_POINT('',(78.8888226154966,72.2884241461712,2.9457818286208));
#4865=CARTESIAN_POINT('',(78.6235154522897,72.5766580075425,3.10837296530003));
#4866=CARTESIAN_POINT('',(78.5133095327659,72.695630754243,3.49959638981016));
#4867=CARTESIAN_POINT('',(78.6233584530984,72.5768284934282,3.89164842904433));
#4868=CARTESIAN_POINT('',(78.8888418663247,72.2884021397606,4.05404145336665));
#4869=CARTESIAN_POINT('',(79.1526078244038,71.9992581463489,3.89218556999164));
#4870=CARTESIAN_POINT('',(79.2619499505569,71.8786325303561,3.50059423535436));
#4871=CARTESIAN_POINT('',(79.1532443178253,71.9985586970247,3.10849972003551));
#4872=CARTESIAN_POINT('',(78.8888226154966,72.2884241461712,2.9457818286208));
#4873=CARTESIAN_POINT('',(78.6235154522897,72.5766580075425,3.10837296530003));
#4874=CARTESIAN_POINT('',(0.,0.,3.));
#4875=CARTESIAN_POINT('',(70.5500022157077,80.4468594002503,2.99999999998989));
#4876=CARTESIAN_POINT('',(70.2547060648607,80.7050482697723,3.10849972003051));
#4877=CARTESIAN_POINT('',(70.5502708629213,80.4470128740928,2.9457818286346));
#4878=CARTESIAN_POINT('',(70.8442237777,80.188056635358,3.10837296529067));
#4879=CARTESIAN_POINT('',(70.9655723415752,80.0804723186484,3.4995963898056));
#4880=CARTESIAN_POINT('',(70.8443976479373,80.1879033926554,3.8916484290386));
#4881=CARTESIAN_POINT('',(70.5502484417942,80.4470316402715,4.05404145336346));
#4882=CARTESIAN_POINT('',(70.2554192327708,80.7044271862212,3.89218556999032));
#4883=CARTESIAN_POINT('',(70.1324370364952,80.8111118579653,3.50059423535605));
#4884=CARTESIAN_POINT('',(70.2547060648607,80.7050482697723,3.10849972003051));
#4885=CARTESIAN_POINT('',(70.5502708629213,80.4470128740928,2.9457818286346));
#4886=CARTESIAN_POINT('',(70.8442237777,80.188056635358,3.10837296529067));
#4887=CARTESIAN_POINT('',(0.,0.,3.));
#4888=CARTESIAN_POINT('',(61.3726786895626,87.6492687389216,2.99999999998671));
#4889=CARTESIAN_POINT('',(61.6936561296061,87.4238030163878,3.10849972002508));
#4890=CARTESIAN_POINT('',(61.3727639115079,87.6495661658307,2.94578182865391));
#4891=CARTESIAN_POINT('',(61.0513603617377,87.8735447538191,3.10837296527952));
#4892=CARTESIAN_POINT('',(60.9180163471755,87.9658444447071,3.49959638980079));
#4893=CARTESIAN_POINT('',(61.0511701841465,87.8736772176701,3.89164842903225));
#4894=CARTESIAN_POINT('',(61.3727874690709,87.6495488477036,4.05404145336043));
#4895=CARTESIAN_POINT('',(61.6928833350658,87.4243481235887,3.89218556998969));
#4896=CARTESIAN_POINT('',(61.825741777999,87.3302477839078,3.50059423535939));
#4897=CARTESIAN_POINT('',(61.6936561296061,87.4238030163878,3.10849972002508));
#4898=CARTESIAN_POINT('',(61.3727639115079,87.6495661658307,2.94578182865391));
#4899=CARTESIAN_POINT('',(61.0513603617377,87.8735447538191,3.10837296527952));
#4900=CARTESIAN_POINT('',(0.,0.,3.));
#4901=CARTESIAN_POINT('',(50.8808916171304,94.1282894152753,3.));
#4902=CARTESIAN_POINT('',(50.8808916171304,94.1282894152753,3.));
#4903=CARTESIAN_POINT('',(106.957935656967,-2.99999999999991,3.));
#4904=CARTESIAN_POINT('',(106.957935656967,-2.99999999999991,3.));
#4905=CARTESIAN_POINT('',(0.,0.,3.));
#4906=CARTESIAN_POINT('',(106.592832695817,9.32566447399978,3.));
#4907=CARTESIAN_POINT('',(106.626436253405,8.93485491683409,3.10849972003836));
#4908=CARTESIAN_POINT('',(106.593115317658,9.32579037253408,2.94578182866721));
#4909=CARTESIAN_POINT('',(106.558098650863,9.71597043702826,3.10837296529282));
#4910=CARTESIAN_POINT('',(106.543092435783,9.87744697608752,3.49959638981409));
#4911=CARTESIAN_POINT('',(106.55807788026,9.71620126763731,3.89164842904555));
#4912=CARTESIAN_POINT('',(106.593117193713,9.32576119451629,4.05404145337372));
#4913=CARTESIAN_POINT('',(106.626357086991,8.93579729995209,3.89218557000298));
#4914=CARTESIAN_POINT('',(106.639671805643,8.77353529560753,3.50059423537267));
#4915=CARTESIAN_POINT('',(106.626436253405,8.93485491683409,3.10849972003836));
#4916=CARTESIAN_POINT('',(106.593115317658,9.32579037253408,2.94578182866721));
#4917=CARTESIAN_POINT('',(106.558098650863,9.71597043702826,3.10837296529282));
#4918=CARTESIAN_POINT('',(0.,0.,3.));
#4919=CARTESIAN_POINT('',(104.944025003146,20.8746644557257,3.));
#4920=CARTESIAN_POINT('',(104.866926240659,21.2592643645631,3.10849972003835));
#4921=CARTESIAN_POINT('',(104.944331564266,20.8746226726475,2.94578182866721));
#4922=CARTESIAN_POINT('',(105.01989752115,20.4902316792015,3.10837296529282));
#4923=CARTESIAN_POINT('',(105.050676627262,20.3310069770207,3.4995963898141));
#4924=CARTESIAN_POINT('',(105.019942173438,20.4900042580918,3.89164842904555));
#4925=CARTESIAN_POINT('',(104.944325200516,20.8746512099737,4.05404145337372));
#4926=CARTESIAN_POINT('',(104.867113943095,21.2583374767285,3.89218557000298));
#4927=CARTESIAN_POINT('',(104.834491120107,21.4178429349643,3.50059423537267));
#4928=CARTESIAN_POINT('',(104.866926240659,21.2592643645631,3.10849972003835));
#4929=CARTESIAN_POINT('',(104.944331564266,20.8746226726475,2.94578182866721));
#4930=CARTESIAN_POINT('',(105.01989752115,20.4902316792015,3.10837296529282));
#4931=CARTESIAN_POINT('',(0.,0.,3.));
#4932=CARTESIAN_POINT('',(102.04771373006,32.1755205469572,3.));
#4933=CARTESIAN_POINT('',(102.165107418835,31.8012478777834,3.10849972003836));
#4934=CARTESIAN_POINT('',(102.047962403205,32.1757046317558,2.9457818286672));
#4935=CARTESIAN_POINT('',(101.929325348705,32.5490568769367,3.10837296529282));
#4936=CARTESIAN_POINT('',(101.879724921066,32.7034578378652,3.49959638981409));
#4937=CARTESIAN_POINT('',(101.929255109561,32.5492777403575,3.89164842904554));
#4938=CARTESIAN_POINT('',(102.047970550069,32.1756765514261,4.05404145337372));
#4939=CARTESIAN_POINT('',(102.164826159943,31.8021507879107,3.89218557000298));
#4940=CARTESIAN_POINT('',(102.212945192176,31.6466168735265,3.50059423537267));
#4941=CARTESIAN_POINT('',(102.165107418835,31.8012478777834,3.10849972003836));
#4942=CARTESIAN_POINT('',(102.047962403205,32.1757046317558,2.9457818286672));
#4943=CARTESIAN_POINT('',(101.929325348705,32.5490568769367,3.10837296529282));
#4944=CARTESIAN_POINT('',(0.,0.,3.));
#4945=CARTESIAN_POINT('',(97.9383282657808,43.0938958148851,3.));
#4946=CARTESIAN_POINT('',(97.779814396022,43.452691943834,3.10849972003837));
#4947=CARTESIAN_POINT('',(97.938636603692,43.0939213742031,2.9457818286672));
#4948=CARTESIAN_POINT('',(98.0956087838946,42.7349974486638,3.10837296529282));
#4949=CARTESIAN_POINT('',(98.1601208353635,42.586208825534,3.49959638981408));
#4950=CARTESIAN_POINT('',(98.0957016006824,42.7347850828664,3.89164842904554));
#4951=CARTESIAN_POINT('',(97.9386242141803,43.0939478577132,4.05404145337371));
#4952=CARTESIAN_POINT('',(97.7801982644052,43.4518276531847,3.89218557000299));
#4953=CARTESIAN_POINT('',(97.7138254327797,43.600491323961,3.50059423537268));
#4954=CARTESIAN_POINT('',(97.779814396022,43.452691943834,3.10849972003837));
#4955=CARTESIAN_POINT('',(97.938636603692,43.0939213742031,2.9457818286672));
#4956=CARTESIAN_POINT('',(98.0956087838946,42.7349974486638,3.10837296529282));
#4957=CARTESIAN_POINT('',(0.,0.,3.));
#4958=CARTESIAN_POINT('',(92.4680854747376,53.8394066564898,3.10849972003836));
#4959=CARTESIAN_POINT('',(92.665021927627,53.5000589751867,2.9457818286672));
#4960=CARTESIAN_POINT('',(92.8601360443651,53.1603574427621,3.10837296529283));
#4961=CARTESIAN_POINT('',(92.940462810433,53.0194763943182,3.4995963898141));
#4962=CARTESIAN_POINT('',(92.8602514290819,53.1601564438687,3.89164842904555));
#4963=CARTESIAN_POINT('',(92.6650067285774,53.5000839524803,4.05404145337372));
#4964=CARTESIAN_POINT('',(92.4685611541589,53.838589293443,3.89218557000297));
#4965=CARTESIAN_POINT('',(92.3863982709544,53.9791435548875,3.50059423537267));
#4966=CARTESIAN_POINT('',(92.4680854747376,53.8394066564898,3.10849972003836));
#4967=CARTESIAN_POINT('',(92.665021927627,53.5000589751867,2.9457818286672));
#4968=CARTESIAN_POINT('',(92.8601360443651,53.1603574427621,3.10837296529283));
#4969=CARTESIAN_POINT('',(-4.44089209850063E-13,-1.38777878078145E-13,0.));
#4970=CARTESIAN_POINT('',(599.999999999995,2.77555756156289E-13,-2.27682456221956E-15));
#4971=CARTESIAN_POINT('',(599.999999999995,-1.56698729810739,-2.27682456221956E-15));
#4972=CARTESIAN_POINT('',(601.566987298097,3.05295091899709E-13,-2.27682456221956E-15));
#4973=CARTESIAN_POINT('',(110.,-1.5669872981078,-2.27682456221956E-15));
#4974=CARTESIAN_POINT('',(110.,-1.56698729810779,-2.27682456221956E-15));
#4975=CARTESIAN_POINT('',(110.,-1.11022302462516E-13,-2.27682456221956E-15));
#4976=CARTESIAN_POINT('',(108.433012701895,-2.77555756156289E-14,-2.27682456221956E-15));
#4977=CARTESIAN_POINT('',(-1.55431223447522E-12,-4.44089209850063E-13,-2.27682456221956E-15));
#4978=CARTESIAN_POINT('',(54.2165063509494,93.9057436087261,-2.27682456221956E-15));
#4979=CARTESIAN_POINT('',(55.0000000000018,95.2627944162912,-2.27682456221956E-15));
#4980=CARTESIAN_POINT('',(53.6429491924329,96.0462880653449,-2.27682456221956E-15));
#4981=CARTESIAN_POINT('',(298.642949192432,520.398735919711,-2.27682456221956E-15));
#4982=CARTESIAN_POINT('',(298.642949192432,520.398735919711,-2.27682456221956E-15));
#4983=CARTESIAN_POINT('',(299.999999999988,519.615242270665,-2.27682456221956E-15));
#4984=CARTESIAN_POINT('',(300.783493649048,520.972293078213,0.));
#4985=CARTESIAN_POINT('',(1.0325074129014E-11,-2.4980018054066E-11,-2.27682456221956E-15));
#4986=CARTESIAN_POINT('',(-1.11022302462516E-13,-2.77555756156289E-14,0.));
#4987=CARTESIAN_POINT('',(599.999999999995,0.,0.));
#4988=CARTESIAN_POINT('',(299.999999999998,519.615242270659,0.));
#4989=CARTESIAN_POINT('',(55.,95.2627944162883,0.));
#4990=CARTESIAN_POINT('',(55.,95.2627944162883,0.));
#4991=CARTESIAN_POINT('',(-9.71445146547012E-14,-5.55111512312578E-14,0.));
#4992=CARTESIAN_POINT('',(110.,-4.20400364406369E-14,0.));
#4993=CARTESIAN_POINT('',(110.,-4.20400364406369E-14,0.));
#4994=CARTESIAN_POINT('',(614.918693812442,-10.,8.));
#4995=CARTESIAN_POINT('',(-1.11022302462516E-13,-2.77555756156289E-14,8.));
#4996=CARTESIAN_POINT('',(-1.11022302462516E-13,-2.77555756156289E-14,3.));
#4997=CARTESIAN_POINT('',(299.999999999997,519.615242270659,3.));
#4998=CARTESIAN_POINT('',(599.999999999995,0.,3.));
#4999=CARTESIAN_POINT('',(299.999999999998,519.615242270659,8.));
#5000=CARTESIAN_POINT('',(599.999999999995,0.,8.));
#5001=CARTESIAN_POINT('',(55.,95.2627944162883,8.));
#5002=CARTESIAN_POINT('',(55.,95.2627944162883,3.));
#5003=CARTESIAN_POINT('',(55.,95.2627944162883,3.));
#5004=CARTESIAN_POINT('',(55.,95.2627944162883,8.));
#5005=CARTESIAN_POINT('',(-9.71445146547012E-14,-5.55111512312578E-14,8.));
#5006=CARTESIAN_POINT('',(-9.71445146547012E-14,-5.55111512312578E-14,3.));
#5007=CARTESIAN_POINT('',(110.,-4.20400364406369E-14,3.));
#5008=CARTESIAN_POINT('',(110.,-4.20400364406369E-14,8.));
#5009=CARTESIAN_POINT('',(110.,-4.20400364406369E-14,8.));
#5010=CARTESIAN_POINT('',(110.,-4.20400364406369E-14,3.));
#5011=CARTESIAN_POINT('',(298.799092868376,537.53521010352,8.));
#5012=CARTESIAN_POINT('',(50.8808916171303,94.1282894152753,3.));
#5013=CARTESIAN_POINT('',(50.8808916171303,94.1282894152753,3.));
#5014=CARTESIAN_POINT('',(106.957935656967,-3.00000000000006,3.));
#5015=CARTESIAN_POINT('',(106.957935656967,-3.00000000000006,3.));
#5016=CARTESIAN_POINT('',(0.,0.,3.));
#5017=CARTESIAN_POINT('',(1.0325074129014E-11,-2.4980018054066E-11,0.249999999999991));
#5018=CARTESIAN_POINT('',(1.0325074129014E-11,-2.4980018054066E-11,0.374999999999976));
#5019=CARTESIAN_POINT('',(604.616506350935,2.49596177791626E-13,0.374999999999976));
#5020=CARTESIAN_POINT('',(302.308253175494,523.61325404728,0.374999999999976));
#5021=CARTESIAN_POINT('',(302.416506350969,523.800754047279,0.249999999999991));
#5022=CARTESIAN_POINT('',(604.833012701887,2.4980018054066E-13,0.249999999999991));
#5023=CARTESIAN_POINT('',(1.0325074129014E-11,-2.4980018054066E-11,1.8));
#5024=CARTESIAN_POINT('',(1.0325074129014E-11,-2.4980018054066E-11,1.8));
#5025=CARTESIAN_POINT('',(605.43923048453,2.36159138688969E-13,1.8));
#5026=CARTESIAN_POINT('',(302.719615242299,524.325754047275,1.8));
#5027=CARTESIAN_POINT('',(302.308253175494,523.61325404728,0.374999999999997));
#5028=CARTESIAN_POINT('',(604.616506350941,2.4980018054066E-13,0.374999999999997));
#5029=CARTESIAN_POINT('',(1.0325074129014E-11,-2.4980018054066E-11,2.));
#5030=CARTESIAN_POINT('',(1.0325074129014E-11,-2.4980018054066E-11,2.4));
#5031=CARTESIAN_POINT('',(605.092820323017,2.5010391221302E-13,2.4));
#5032=CARTESIAN_POINT('',(302.546410161539,524.025754047277,2.4));
#5033=CARTESIAN_POINT('',(302.546410161539,524.025754047277,2.));
#5034=CARTESIAN_POINT('',(605.092820323022,2.4980018054066E-13,2.));
#5035=CARTESIAN_POINT('',(1.0325074129014E-11,-2.4980018054066E-11,2.));
#5036=CARTESIAN_POINT('',(1.0325074129014E-11,-2.4980018054066E-11,1.8));
#5037=CARTESIAN_POINT('',(600.960769515448,3.19096995049831E-13,1.8));
#5038=CARTESIAN_POINT('',(300.480384757718,520.447293078216,1.8));
#5039=CARTESIAN_POINT('',(300.653589838478,520.747293078214,2.));
#5040=CARTESIAN_POINT('',(300.653589838478,520.747293078214,2.4));
#5041=CARTESIAN_POINT('',(1.0325074129014E-11,-2.4980018054066E-11,2.4));
#5042=CARTESIAN_POINT('',(601.307179676962,3.05339925199979E-13,2.4));
#5043=CARTESIAN_POINT('',(601.307179676967,3.05311331771918E-13,2.));
#5044=CARTESIAN_POINT('',(1.0325074129014E-11,-2.4980018054066E-11,0.374999999999995));
#5045=CARTESIAN_POINT('',(1.0325074129014E-11,-2.4980018054066E-11,0.374999999999995));
#5046=CARTESIAN_POINT('',(601.783493649043,3.05167608655101E-13,0.374999999999995));
#5047=CARTESIAN_POINT('',(300.891746824523,521.159793078212,0.374999999999995));
#5048=CARTESIAN_POINT('',(300.891746824523,521.159793078212,0.374999999999995));
#5049=CARTESIAN_POINT('',(601.783493649049,3.05311331771918E-13,0.374999999999995));
#5050=CARTESIAN_POINT('',(1.0325074129014E-11,-2.4980018054066E-11,0.249999999999998));
#5051=CARTESIAN_POINT('',(300.783493649048,520.972293078213,0.249999999999998));
#5052=CARTESIAN_POINT('',(601.566987298103,3.05311331771918E-13,0.249999999999998));
#5053=CARTESIAN_POINT('',(599.999999999995,2.77555756156289E-13,0.249999999999991));
#5054=CARTESIAN_POINT('',(599.999999999995,-4.83301270188996,0.249999999999991));
#5055=CARTESIAN_POINT('',(599.999999999995,-4.61650635094567,0.374999999999976));
#5056=CARTESIAN_POINT('',(599.999999999995,2.77555756156289E-13,0.374999999999976));
#5057=CARTESIAN_POINT('',(599.999999999995,2.77555756156289E-13,1.8));
#5058=CARTESIAN_POINT('',(599.999999999995,-4.61650635094381,0.374999999999997));
#5059=CARTESIAN_POINT('',(599.999999999995,-5.43923048454085,1.8));
#5060=CARTESIAN_POINT('',(599.999999999995,2.77555756156289E-13,1.8));
#5061=CARTESIAN_POINT('',(599.999999999995,2.77555756156289E-13,2.));
#5062=CARTESIAN_POINT('',(599.999999999995,-5.09282032302525,2.));
#5063=CARTESIAN_POINT('',(599.999999999995,-5.09282032302707,2.4));
#5064=CARTESIAN_POINT('',(599.999999999995,2.77555756156289E-13,2.4));
#5065=CARTESIAN_POINT('',(599.999999999995,2.77555756156289E-13,2.));
#5066=CARTESIAN_POINT('',(599.999999999995,2.77555756156289E-13,2.4));
#5067=CARTESIAN_POINT('',(599.999999999995,-1.30717967697207,2.4));
#5068=CARTESIAN_POINT('',(599.999999999995,-1.30717967697026,2.));
#5069=CARTESIAN_POINT('',(599.999999999995,-0.960769515458296,1.8));
#5070=CARTESIAN_POINT('',(599.999999999995,2.77555756156289E-13,1.8));
#5071=CARTESIAN_POINT('',(599.999999999995,2.77555756156289E-13,0.374999999999995));
#5072=CARTESIAN_POINT('',(599.999999999995,-1.78349364905168,0.374999999999995));
#5073=CARTESIAN_POINT('',(599.999999999995,-1.7834936490535,0.374999999999995));
#5074=CARTESIAN_POINT('',(599.999999999995,2.77555756156289E-13,0.374999999999995));
#5075=CARTESIAN_POINT('',(599.999999999995,2.77555756156289E-13,0.249999999999998));
#5076=CARTESIAN_POINT('',(599.999999999995,-1.56698729810557,0.249999999999998));
#5077=CARTESIAN_POINT('',(110.,-4.83301270189218,0.249999999999991));
#5078=CARTESIAN_POINT('',(110.,-4.83301270189218,0.249999999999991));
#5079=CARTESIAN_POINT('',(110.,-4.61650635094607,0.374999999999976));
#5080=CARTESIAN_POINT('',(110.,-4.61650635094607,0.374999999999976));
#5081=CARTESIAN_POINT('',(110.,-4.61650635094604,0.374999999999997));
#5082=CARTESIAN_POINT('',(110.,-4.61650635094604,0.374999999999997));
#5083=CARTESIAN_POINT('',(110.,-5.43923048454124,1.8));
#5084=CARTESIAN_POINT('',(110.,-5.43923048454125,1.8));
#5085=CARTESIAN_POINT('',(110.,-5.09282032302748,2.));
#5086=CARTESIAN_POINT('',(110.,-5.09282032302748,2.));
#5087=CARTESIAN_POINT('',(110.,-5.09282032302748,2.4));
#5088=CARTESIAN_POINT('',(110.,-5.09282032302748,2.4));
#5089=CARTESIAN_POINT('',(110.,-1.30717967697248,2.));
#5090=CARTESIAN_POINT('',(110.,-1.30717967697248,2.4));
#5091=CARTESIAN_POINT('',(110.,-1.30717967697248,2.4));
#5092=CARTESIAN_POINT('',(110.,-1.30717967697248,2.));
#5093=CARTESIAN_POINT('',(110.,-0.960769515458704,1.8));
#5094=CARTESIAN_POINT('',(110.,-0.960769515458704,1.8));
#5095=CARTESIAN_POINT('',(110.,-1.78349364905391,0.374999999999995));
#5096=CARTESIAN_POINT('',(110.,-1.78349364905391,0.374999999999995));
#5097=CARTESIAN_POINT('',(110.,-1.7834936490539,0.374999999999995));
#5098=CARTESIAN_POINT('',(110.,-1.78349364905391,0.374999999999995));
#5099=CARTESIAN_POINT('',(110.,-1.5669872981078,0.249999999999998));
#5100=CARTESIAN_POINT('',(110.,-1.5669872981078,0.249999999999998));
#5101=CARTESIAN_POINT('',(110.,-1.11022302462516E-13,0.249999999999991));
#5102=CARTESIAN_POINT('',(105.166987298111,1.38777878078145E-14,0.249999999999991));
#5103=CARTESIAN_POINT('',(105.383493649057,-1.38777878078145E-14,0.374999999999976));
#5104=CARTESIAN_POINT('',(110.,-1.11022302462516E-13,0.374999999999976));
#5105=CARTESIAN_POINT('',(110.,-1.11022302462516E-13,1.8));
#5106=CARTESIAN_POINT('',(105.383493649057,0.,0.374999999999997));
#5107=CARTESIAN_POINT('',(104.560769515462,6.93889390390723E-15,1.8));
#5108=CARTESIAN_POINT('',(110.,-1.11022302462516E-13,1.8));
#5109=CARTESIAN_POINT('',(110.,-1.11022302462516E-13,2.));
#5110=CARTESIAN_POINT('',(104.907179676976,1.38777878078145E-14,2.));
#5111=CARTESIAN_POINT('',(104.907179676976,1.38777878078145E-14,2.4));
#5112=CARTESIAN_POINT('',(110.,-1.11022302462516E-13,2.4));
#5113=CARTESIAN_POINT('',(110.,-1.11022302462516E-13,2.));
#5114=CARTESIAN_POINT('',(110.,-1.11022302462516E-13,2.4));
#5115=CARTESIAN_POINT('',(108.692820323031,-4.16333634234434E-14,2.4));
#5116=CARTESIAN_POINT('',(108.692820323031,-4.16333634234434E-14,2.));
#5117=CARTESIAN_POINT('',(109.039230484545,-3.46944695195361E-14,1.8));
#5118=CARTESIAN_POINT('',(110.,-1.11022302462516E-13,1.8));
#5119=CARTESIAN_POINT('',(110.,-1.11022302462516E-13,0.374999999999995));
#5120=CARTESIAN_POINT('',(108.216506350949,-2.77555756156289E-14,0.374999999999995));
#5121=CARTESIAN_POINT('',(108.216506350949,-3.46944695195361E-14,0.374999999999995));
#5122=CARTESIAN_POINT('',(110.,-1.11022302462516E-13,0.374999999999995));
#5123=CARTESIAN_POINT('',(110.,-1.11022302462516E-13,0.249999999999998));
#5124=CARTESIAN_POINT('',(108.433012701895,-2.77555756156289E-14,0.249999999999998));
#5125=CARTESIAN_POINT('',(-1.55431223447522E-12,-4.44089209850063E-13,0.249999999999991));
#5126=CARTESIAN_POINT('',(52.583493649056,91.0772826396442,0.249999999999991));
#5127=CARTESIAN_POINT('',(52.6917468245292,91.2647826396441,0.374999999999976));
#5128=CARTESIAN_POINT('',(-1.55431223447522E-12,-4.44089209850063E-13,0.374999999999976));
#5129=CARTESIAN_POINT('',(-1.55431223447522E-12,-4.44089209850063E-13,1.8));
#5130=CARTESIAN_POINT('',(52.6917468245292,91.2647826396442,0.374999999999997));
#5131=CARTESIAN_POINT('',(52.2803847577313,90.5522826396443,1.8));
#5132=CARTESIAN_POINT('',(-1.55431223447522E-12,-4.44089209850063E-13,1.8));
#5133=CARTESIAN_POINT('',(-1.55431223447522E-12,-4.44089209850063E-13,2.));
#5134=CARTESIAN_POINT('',(52.4535898384883,90.8522826396443,2.));
#5135=CARTESIAN_POINT('',(52.4535898384883,90.8522826396443,2.4));
#5136=CARTESIAN_POINT('',(-1.55431223447522E-12,-4.44089209850063E-13,2.4));
#5137=CARTESIAN_POINT('',(-1.55431223447522E-12,-4.44089209850063E-13,2.));
#5138=CARTESIAN_POINT('',(-1.55431223447522E-12,-4.44089209850063E-13,2.4));
#5139=CARTESIAN_POINT('',(54.3464101615171,94.130743608726,2.4));
#5140=CARTESIAN_POINT('',(54.3464101615172,94.130743608726,2.));
#5141=CARTESIAN_POINT('',(54.5196152422742,94.430743608726,1.8));
#5142=CARTESIAN_POINT('',(-1.55431223447522E-12,-4.44089209850063E-13,1.8));
#5143=CARTESIAN_POINT('',(-1.55431223447522E-12,-4.44089209850063E-13,0.374999999999995));
#5144=CARTESIAN_POINT('',(54.1082531754763,93.7182436087262,0.374999999999995));
#5145=CARTESIAN_POINT('',(54.1082531754763,93.7182436087261,0.374999999999995));
#5146=CARTESIAN_POINT('',(-1.55431223447522E-12,-4.44089209850063E-13,0.374999999999995));
#5147=CARTESIAN_POINT('',(-1.55431223447522E-12,-4.44089209850063E-13,0.249999999999998));
#5148=CARTESIAN_POINT('',(54.2165063509494,93.9057436087261,0.249999999999998));
#5149=CARTESIAN_POINT('',(55.0000000000018,95.2627944162912,0.249999999999991));
#5150=CARTESIAN_POINT('',(50.8144882233504,97.6793007672373,0.249999999999991));
#5151=CARTESIAN_POINT('',(51.0019882233503,97.5710475917642,0.374999999999976));
#5152=CARTESIAN_POINT('',(55.0000000000018,95.2627944162912,0.374999999999976));
#5153=CARTESIAN_POINT('',(55.0000000000018,95.2627944162912,1.8));
#5154=CARTESIAN_POINT('',(51.0019882233504,97.5710475917642,0.374999999999997));
#5155=CARTESIAN_POINT('',(50.2894882233504,97.9824096585617,1.8));
#5156=CARTESIAN_POINT('',(55.0000000000018,95.2627944162912,1.8));
#5157=CARTESIAN_POINT('',(55.0000000000018,95.2627944162912,2.));
#5158=CARTESIAN_POINT('',(50.5894882233504,97.8092045778049,2.));
#5159=CARTESIAN_POINT('',(50.5894882233504,97.8092045778049,2.4));
#5160=CARTESIAN_POINT('',(55.0000000000018,95.2627944162912,2.4));
#5161=CARTESIAN_POINT('',(55.0000000000018,95.2627944162912,2.));
#5162=CARTESIAN_POINT('',(55.0000000000018,95.2627944162912,2.4));
#5163=CARTESIAN_POINT('',(53.8679491924329,95.9163842547773,2.4));
#5164=CARTESIAN_POINT('',(53.867949192433,95.9163842547773,2.));
#5165=CARTESIAN_POINT('',(54.1679491924329,95.7431791740203,1.8));
#5166=CARTESIAN_POINT('',(55.0000000000018,95.2627944162912,1.8));
#5167=CARTESIAN_POINT('',(55.0000000000018,95.2627944162912,0.374999999999995));
#5168=CARTESIAN_POINT('',(53.455449192433,96.1545412408181,0.374999999999995));
#5169=CARTESIAN_POINT('',(53.4554491924329,96.154541240818,0.374999999999995));
#5170=CARTESIAN_POINT('',(55.0000000000018,95.2627944162912,0.374999999999995));
#5171=CARTESIAN_POINT('',(55.0000000000018,95.2627944162912,0.249999999999998));
#5172=CARTESIAN_POINT('',(53.642949192433,96.046288065345,0.249999999999998));
#5173=CARTESIAN_POINT('',(295.814488223349,522.031748621603,0.249999999999991));
#5174=CARTESIAN_POINT('',(295.814488223349,522.031748621603,0.249999999999991));
#5175=CARTESIAN_POINT('',(296.001988223349,521.92349544613,0.374999999999976));
#5176=CARTESIAN_POINT('',(296.001988223349,521.92349544613,0.374999999999976));
#5177=CARTESIAN_POINT('',(296.001988223349,521.92349544613,0.374999999999997));
#5178=CARTESIAN_POINT('',(296.001988223349,521.92349544613,0.374999999999997));
#5179=CARTESIAN_POINT('',(295.289488223349,522.334857512928,1.8));
#5180=CARTESIAN_POINT('',(295.289488223349,522.334857512928,1.8));
#5181=CARTESIAN_POINT('',(295.589488223349,522.161652432171,2.));
#5182=CARTESIAN_POINT('',(295.589488223349,522.161652432171,2.));
#5183=CARTESIAN_POINT('',(295.589488223349,522.161652432171,2.4));
#5184=CARTESIAN_POINT('',(295.589488223349,522.161652432171,2.4));
#5185=CARTESIAN_POINT('',(298.867949192432,520.268832109144,2.));
#5186=CARTESIAN_POINT('',(298.867949192432,520.268832109144,2.4));
#5187=CARTESIAN_POINT('',(298.867949192432,520.268832109144,2.4));
#5188=CARTESIAN_POINT('',(298.867949192432,520.268832109144,2.));
#5189=CARTESIAN_POINT('',(299.167949192432,520.095627028387,1.8));
#5190=CARTESIAN_POINT('',(299.167949192432,520.095627028387,1.8));
#5191=CARTESIAN_POINT('',(298.455449192432,520.506989095184,0.374999999999995));
#5192=CARTESIAN_POINT('',(298.455449192432,520.506989095184,0.374999999999995));
#5193=CARTESIAN_POINT('',(298.455449192432,520.506989095184,0.374999999999995));
#5194=CARTESIAN_POINT('',(298.455449192432,520.506989095184,0.374999999999995));
#5195=CARTESIAN_POINT('',(298.642949192432,520.398735919711,0.249999999999998));
#5196=CARTESIAN_POINT('',(298.642949192432,520.398735919711,0.249999999999998));
#5197=CARTESIAN_POINT('',(299.999999999988,519.615242270665,0.249999999999991));
#5198=CARTESIAN_POINT('',(299.999999999988,519.615242270665,0.374999999999976));
#5199=CARTESIAN_POINT('',(299.999999999988,519.615242270665,1.8));
#5200=CARTESIAN_POINT('',(299.999999999988,519.615242270665,1.8));
#5201=CARTESIAN_POINT('',(299.999999999988,519.615242270665,2.));
#5202=CARTESIAN_POINT('',(299.999999999988,519.615242270665,2.4));
#5203=CARTESIAN_POINT('',(302.546410161539,524.025754047277,2.4));
#5204=CARTESIAN_POINT('',(299.999999999988,519.615242270665,2.4));
#5205=CARTESIAN_POINT('',(299.999999999988,519.615242270665,2.));
#5206=CARTESIAN_POINT('',(299.999999999988,519.615242270665,1.8));
#5207=CARTESIAN_POINT('',(299.999999999988,519.615242270665,0.374999999999995));
#5208=CARTESIAN_POINT('',(299.999999999988,519.615242270665,0.374999999999995));
#5209=CARTESIAN_POINT('',(299.999999999988,519.615242270665,0.249999999999998));
#5210=CARTESIAN_POINT('',(123.48274552221,10.8033403742504,3.5));
#5211=CARTESIAN_POINT('',(104.52838563349,8.95965648286075,3.02657686412821));
#5212=CARTESIAN_POINT('',(104.714862437145,8.86106944828693,3.09070470775698));
#5213=CARTESIAN_POINT('',(104.930769728402,8.76761237851211,3.20083217909163));
#5214=CARTESIAN_POINT('',(105.149458389411,8.68942665147927,3.37669191899422));
#5215=CARTESIAN_POINT('',(105.112241405423,8.70247613475255,3.67090790532302));
#5216=CARTESIAN_POINT('',(104.890293161287,8.78289140473328,3.82160094500775));
#5217=CARTESIAN_POINT('',(104.675039456557,8.88254403592152,3.92580984420392));
#5218=CARTESIAN_POINT('',(104.480180644732,8.98540491792636,3.98754134774856));
#5219=CARTESIAN_POINT('',(104.402613405889,9.16138899437237,4.00565307435805));
#5220=CARTESIAN_POINT('',(104.494788037218,9.32665182046453,3.97390817856361));
#5221=CARTESIAN_POINT('',(104.66198550881,9.45649688474977,3.90964997429533));
#5222=CARTESIAN_POINT('',(104.858132160011,9.58605539210803,3.79980464977938));
#5223=CARTESIAN_POINT('',(105.060549181348,9.70139160369253,3.62412855341022));
#5224=CARTESIAN_POINT('',(105.027078660883,9.68262578116509,3.32933022742757));
#5225=CARTESIAN_POINT('',(104.82058800712,9.56370590877754,3.17751020104095));
#5226=CARTESIAN_POINT('',(104.626406896484,9.42858197924986,3.07381482204438));
#5227=CARTESIAN_POINT('',(104.450503391146,9.29103897811752,3.01156521987364));
#5228=CARTESIAN_POINT('',(104.408296609963,9.10484377045275,2.99456217308245));
#5229=CARTESIAN_POINT('',(104.52838563349,8.95965648286075,3.02657686412821));
#5230=CARTESIAN_POINT('',(104.714862437145,8.86106944828693,3.09070470775698));
#5231=CARTESIAN_POINT('',(104.930769728402,8.76761237851211,3.20083217909163));
#5232=CARTESIAN_POINT('',(104.713551624957,8.86521067690561,3.09623371758695));
#5233=CARTESIAN_POINT('',(123.082804321736,24.4826919913637,3.5));
#5234=CARTESIAN_POINT('',(102.746753488929,20.4114577735214,2.97974577956572));
#5235=CARTESIAN_POINT('',(103.012160727632,20.2478018840299,3.04812672638972));
#5236=CARTESIAN_POINT('',(103.234397727438,20.173647170666,3.13935676715487));
#5237=CARTESIAN_POINT('',(103.461357590196,20.1118820629804,3.26470312850595));
#5238=CARTESIAN_POINT('',(103.616331642372,20.0765852161255,3.52183030080589));
#5239=CARTESIAN_POINT('',(103.428292669849,20.120189828083,3.75635828449311));
#5240=CARTESIAN_POINT('',(103.203809356525,20.1817990575027,3.87604678182895));
#5241=CARTESIAN_POINT('',(103.007232456943,20.2555010640081,3.95012046366542));
#5242=CARTESIAN_POINT('',(102.856717640375,20.3449759948837,3.99226927839235));
#5243=CARTESIAN_POINT('',(102.765014096693,20.5147349098886,4.00896840782465));
#5244=CARTESIAN_POINT('',(102.922142946642,20.7133227661981,3.95095635234096));
#5245=CARTESIAN_POINT('',(103.097968038215,20.8705316624585,3.85960848660077));
#5246=CARTESIAN_POINT('',(103.286674078003,21.0149673397058,3.73172431228261));
#5247=CARTESIAN_POINT('',(103.410964461155,21.1029980921603,3.47281510028052));
#5248=CARTESIAN_POINT('',(103.252572502702,20.9908219936133,3.24239237705264));
#5249=CARTESIAN_POINT('',(103.070592095396,20.8448064180395,3.12325309947656));
#5250=CARTESIAN_POINT('',(102.885066331528,20.6882799998586,3.03535597373484));
#5251=CARTESIAN_POINT('',(102.746753488929,20.4114577735214,2.97974577956572));
#5252=CARTESIAN_POINT('',(103.012160727632,20.2478018840299,3.04812672638972));
#5253=CARTESIAN_POINT('',(103.234397727438,20.173647170666,3.13935676715487));
#5254=CARTESIAN_POINT('',(103.004965687816,20.2627187467177,3.05193490871341));
#5255=CARTESIAN_POINT('',(108.918000678965,34.3417137011981,3.5));
#5256=CARTESIAN_POINT('',(100.113884819082,31.8601000919531,3.07853110323662));
#5257=CARTESIAN_POINT('',(99.9765680371614,31.6959889505619,3.01693167788215));
#5258=CARTESIAN_POINT('',(99.9539698345935,31.5041045183209,2.99361622626419));
#5259=CARTESIAN_POINT('',(100.095216250612,31.3754119094987,3.02207267506379));
#5260=CARTESIAN_POINT('',(100.301909774282,31.3190456584986,3.08560748248782));
#5261=CARTESIAN_POINT('',(100.534582723881,31.272467294631,3.19477261627278));
#5262=CARTESIAN_POINT('',(100.767704342365,31.2429943955073,3.36408606252707));
#5263=CARTESIAN_POINT('',(100.747186125581,31.245411156827,3.66101044666751));
#5264=CARTESIAN_POINT('',(100.510649175763,31.2759904345246,3.81771231715305));
#5265=CARTESIAN_POINT('',(100.280097319476,31.325224775614,3.92260941103137));
#5266=CARTESIAN_POINT('',(100.066975765594,31.3836248718044,3.98543846309551));
#5267=CARTESIAN_POINT('',(99.9464090217705,31.5319798637318,4.00603785395115));
#5268=CARTESIAN_POINT('',(99.9934508025921,31.7154813698586,3.9762836531359));
#5269=CARTESIAN_POINT('',(100.128688491502,31.878639565094,3.91295886858673));
#5270=CARTESIAN_POINT('',(100.292221239978,32.049107597811,3.80377375276322));
#5271=CARTESIAN_POINT('',(100.464725046181,32.2056039945547,3.63409831428762));
#5272=CARTESIAN_POINT('',(100.448614231779,32.1911783649732,3.33975165301901));
#5273=CARTESIAN_POINT('',(100.274804872091,32.0328125354837,3.18385438279769));
#5274=CARTESIAN_POINT('',(100.113884819082,31.8601000919531,3.07853110323662));
#5275=CARTESIAN_POINT('',(99.9765680371614,31.6959889505619,3.01693167788215));
#5276=CARTESIAN_POINT('',(99.9539698345935,31.5041045183209,2.99361622626419));
#5277=CARTESIAN_POINT('',(99.9781897550958,31.6429682159119,3.01326648903178));
#5278=CARTESIAN_POINT('',(109.800710925828,48.3134691067747,3.5));
#5279=CARTESIAN_POINT('',(96.1371726197075,42.6905782330465,3.14070895987454));
#5280=CARTESIAN_POINT('',(96.0002188460873,42.50001530164,3.04950687669846));
#5281=CARTESIAN_POINT('',(95.8886981097653,42.2719189293566,2.99110332217208));
#5282=CARTESIAN_POINT('',(96.0146229954549,42.1252146997755,3.00761543906264));
#5283=CARTESIAN_POINT('',(96.1805253979732,42.070457241957,3.04962311664966));
#5284=CARTESIAN_POINT('',(96.3880832411523,42.0409133057581,3.12335398505011));
#5285=CARTESIAN_POINT('',(96.6193205020738,42.0293259784565,3.24253165252998));
#5286=CARTESIAN_POINT('',(96.8142263520696,42.0273142123582,3.47370601650845));
#5287=CARTESIAN_POINT('',(96.6588877620129,42.028441246265,3.7336064402925));
#5288=CARTESIAN_POINT('',(96.4225147993941,42.0385390994215,3.86010158148097));
#5289=CARTESIAN_POINT('',(96.1869271781947,42.0666260074034,3.95182003507918));
#5290=CARTESIAN_POINT('',(95.9452292310278,42.1405339431034,4.00921666026057));
#5291=CARTESIAN_POINT('',(95.925281709437,42.3324642213854,3.99188460554798));
#5292=CARTESIAN_POINT('',(95.9974957801704,42.491421895241,3.94961237214887));
#5293=CARTESIAN_POINT('',(96.1151881513543,42.6629647415487,3.87630094523937));
#5294=CARTESIAN_POINT('',(96.2638314067231,42.8423725233228,3.7560011873621));
#5295=CARTESIAN_POINT('',(96.3922324281446,42.9853494680118,3.52487026971273));
#5296=CARTESIAN_POINT('',(96.2885542805694,42.8705369793297,3.26698945306865));
#5297=CARTESIAN_POINT('',(96.1371726197075,42.6905782330465,3.14070895987454));
#5298=CARTESIAN_POINT('',(96.0002188460873,42.50001530164,3.04950687669846));
#5299=CARTESIAN_POINT('',(95.8886981097653,42.2719189293566,2.99110332217208));
#5300=CARTESIAN_POINT('',(96.0007403277592,42.4861565157512,3.05302651298935));
#5301=CARTESIAN_POINT('',(105.851720417942,61.1135192774833,3.5));
#5302=CARTESIAN_POINT('',(90.8972853823708,52.8697166135381,3.12178806512686));
#5303=CARTESIAN_POINT('',(90.7983284216087,52.6845820132328,3.04865941069347));
#5304=CARTESIAN_POINT('',(90.7467323794313,52.5204868576721,3.00764988902243));
#5305=CARTESIAN_POINT('',(90.7765920548579,52.3785698764511,2.99442689249374));
#5306=CARTESIAN_POINT('',(90.903824527373,52.3158866068486,3.018043651331));
#5307=CARTESIAN_POINT('',(91.0710859840609,52.2873164308254,3.06267824361345));
#5308=CARTESIAN_POINT('',(91.2800495900173,52.2861410238619,3.14273974336962));
#5309=CARTESIAN_POINT('',(91.5117979257486,52.3019197173175,3.26876245111052));
#5310=CARTESIAN_POINT('',(91.6628453069127,52.3173135310945,3.53101497224307));
#5311=CARTESIAN_POINT('',(91.4661730716262,52.2978403640661,3.75938467338543));
#5312=CARTESIAN_POINT('',(91.2336427414242,52.28447558065,3.87883317464074));
#5313=CARTESIAN_POINT('',(91.0223655614296,52.2913538487916,3.9523540714745));
#5314=CARTESIAN_POINT('',(90.8518699331503,52.3307369931752,3.99349706090563));
#5315=CARTESIAN_POINT('',(90.7478662372539,52.430910297955,4.00520651204498));
#5316=CARTESIAN_POINT('',(90.7603693387724,52.572233146505,3.98069692340455));
#5317=CARTESIAN_POINT('',(90.8192838397328,52.7291834703199,3.93617916320534));
#5318=CARTESIAN_POINT('',(90.9227534930438,52.9103310535816,3.85577152060419));
#5319=CARTESIAN_POINT('',(91.0519549743692,53.1023363436064,3.72977837364374));
#5320=CARTESIAN_POINT('',(91.139064033835,53.2230451479163,3.46614770117797));
#5321=CARTESIAN_POINT('',(91.0240693645209,53.0626519285236,3.24088872695022));
#5322=CARTESIAN_POINT('',(90.8972853823708,52.8697166135381,3.12178806512686));
#5323=CARTESIAN_POINT('',(90.7983284216087,52.6845820132328,3.04865941069347));
#5324=CARTESIAN_POINT('',(90.7467323794313,52.5204868576721,3.00764988902243));
#5325=CARTESIAN_POINT('',(90.7877268716002,52.6422259347329,3.03986481376545));
#5326=CARTESIAN_POINT('',(71.0973399709368,101.537524364158,3.4999999999846));
#5327=CARTESIAN_POINT('',(60.3103427966595,85.8395782853152,3.02621884222756));
#5328=CARTESIAN_POINT('',(60.4724881007564,85.8893816472582,3.0739272149268));
#5329=CARTESIAN_POINT('',(60.6553384279742,85.9769508121188,3.15657884435193));
#5330=CARTESIAN_POINT('',(60.8601107823852,86.0914136854397,3.28988541738318));
#5331=CARTESIAN_POINT('',(60.9560661993021,86.1489290318639,3.57011623304343));
#5332=CARTESIAN_POINT('',(60.7683527933221,86.0381862023337,3.77647831577371));
#5333=CARTESIAN_POINT('',(60.5624042673637,85.929988253313,3.89155169114797));
#5334=CARTESIAN_POINT('',(60.3677257913795,85.8494550432189,3.96089055984613));
#5335=CARTESIAN_POINT('',(60.1888772381034,85.822919189182,3.99953554494551));
#5336=CARTESIAN_POINT('',(60.067243335705,85.8998888034779,4.00151904080665));
#5337=CARTESIAN_POINT('',(60.0352712527107,86.0338349813181,3.97332016560546));
#5338=CARTESIAN_POINT('',(60.0268945409771,86.2016037188516,3.92597295089165));
#5339=CARTESIAN_POINT('',(60.0467817565992,86.4055521772593,3.84257311597178));
#5340=CARTESIAN_POINT('',(60.0846084721915,86.6374938416449,3.70741243312638));
#5341=CARTESIAN_POINT('',(60.1050639924454,86.7434091872492,3.42864592413456));
#5342=CARTESIAN_POINT('',(60.0655201092591,86.5304916900119,3.22374902105539));
#5343=CARTESIAN_POINT('',(60.0341356945283,86.3003257869128,3.10861298654552));
#5344=CARTESIAN_POINT('',(60.0255429795741,86.0904088020055,3.03952859457056));
#5345=CARTESIAN_POINT('',(60.0599264371935,85.9152705569198,3.00095965887173));
#5346=CARTESIAN_POINT('',(60.1731551006734,85.8242980841367,2.99814341048814));
#5347=CARTESIAN_POINT('',(60.3103427966595,85.8395782853152,3.02621884222756));
#5348=CARTESIAN_POINT('',(60.4724881007564,85.8893816472582,3.0739272149268));
#5349=CARTESIAN_POINT('',(60.6553384279742,85.9769508121188,3.15657884435193));
#5350=CARTESIAN_POINT('',(60.430629687872,85.8786184709346,3.06353453265539));
#5351=CARTESIAN_POINT('',(82.7440353784193,94.3514893159701,3.49999999998814));
#5352=CARTESIAN_POINT('',(69.0786968614892,78.8177881918774,2.99472587614955));
#5353=CARTESIAN_POINT('',(69.2532674864893,78.7390864185561,3.01105162290631));
#5354=CARTESIAN_POINT('',(69.4667145366757,78.7993408454824,3.07261435503111));
#5355=CARTESIAN_POINT('',(69.6899391875913,78.8752181335451,3.17552225063751));
#5356=CARTESIAN_POINT('',(69.9061953391237,78.9704539732968,3.32299236328896));
#5357=CARTESIAN_POINT('',(69.9511705355436,78.9909097529628,3.61752589493161));
#5358=CARTESIAN_POINT('',(69.7394650062403,78.8961954596662,3.79672573376848));
#5359=CARTESIAN_POINT('',(69.5195568845224,78.8140920664086,3.90735465449593));
#5360=CARTESIAN_POINT('',(69.3168335531061,78.756223224943,3.97204924871134));
#5361=CARTESIAN_POINT('',(69.1288788510337,78.7742479248829,4.00517728709091));
#5362=CARTESIAN_POINT('',(69.0257283540983,78.9364182575812,3.98945669430592));
#5363=CARTESIAN_POINT('',(69.0580476367376,79.1583992836783,3.92725158460777));
#5364=CARTESIAN_POINT('',(69.104506663489,79.3908742562714,3.82371797693836));
#5365=CARTESIAN_POINT('',(69.1712779370216,79.6191741577894,3.67363032734141));
#5366=CARTESIAN_POINT('',(69.1839361171149,79.6607479885296,3.37907353485223));
#5367=CARTESIAN_POINT('',(69.1177542798813,79.4384058486292,3.20198585842124));
#5368=CARTESIAN_POINT('',(69.0652498647933,79.2099559770777,3.09174231512913));
#5369=CARTESIAN_POINT('',(69.0345500558857,78.9999055686178,3.02701933502297));
#5370=CARTESIAN_POINT('',(69.0786968614892,78.8177881918774,2.99472587614955));
#5371=CARTESIAN_POINT('',(69.2532674864893,78.7390864185561,3.01105162290631));
#5372=CARTESIAN_POINT('',(69.4667145366757,78.7993408454824,3.07261435503111));
#5373=CARTESIAN_POINT('',(69.2093070815018,78.7693373047918,3.0097138894623));
#5374=CARTESIAN_POINT('',(84.1997968142128,77.1548986667954,3.49999999999273));
#5375=CARTESIAN_POINT('',(77.2711828886628,71.1933964715505,3.08142893719895));
#5376=CARTESIAN_POINT('',(77.216067990947,70.9833325963051,3.0183696885724));
#5377=CARTESIAN_POINT('',(77.2696246467887,70.8005848379675,2.99364303568105));
#5378=CARTESIAN_POINT('',(77.4483170845098,70.7367265133067,3.01982394952328));
#5379=CARTESIAN_POINT('',(77.6589781203921,70.7724650897591,3.08208259303136));
#5380=CARTESIAN_POINT('',(77.8888417911589,70.8272664187069,3.18970136400376));
#5381=CARTESIAN_POINT('',(78.1107568571626,70.8981019864071,3.34903740536319));
#5382=CARTESIAN_POINT('',(78.1150934745179,70.8995205011694,3.64594949239091));
#5383=CARTESIAN_POINT('',(77.8914252210458,70.828023870061,3.80906730241414));
#5384=CARTESIAN_POINT('',(77.6625156527364,70.773136359103,3.91653068882969));
#5385=CARTESIAN_POINT('',(77.4519297146145,70.7371051657614,3.97929148443223));
#5386=CARTESIAN_POINT('',(77.2714210186811,70.7983672145299,4.00640860384485));
#5387=CARTESIAN_POINT('',(77.2153130198822,70.9821155897356,3.9820568133653));
#5388=CARTESIAN_POINT('',(77.2710370041389,71.1921930236956,3.9189808522109));
#5389=CARTESIAN_POINT('',(77.3450476890657,71.416834647207,3.81221264618187));
#5390=CARTESIAN_POINT('',(77.4368321325879,71.6360094056326,3.64976334346526));
#5391=CARTESIAN_POINT('',(77.4374101527141,71.6373900794377,3.35196937253786));
#5392=CARTESIAN_POINT('',(77.345576665222,71.4180712287708,3.18844699792381));
#5393=CARTESIAN_POINT('',(77.2711828886628,71.1933964715505,3.08142893719895));
#5394=CARTESIAN_POINT('',(77.216067990947,70.9833325963051,3.0183696885724));
#5395=CARTESIAN_POINT('',(77.2696246467887,70.8005848379675,2.99364303568105));
#5396=CARTESIAN_POINT('',(77.2375945360739,70.9364209352094,3.01433142085004));
#5397=CARTESIAN_POINT('',(96.7410470543362,70.9334704619713,3.49999999999616));
#5398=CARTESIAN_POINT('',(84.633357999403,62.5166098309895,3.15649904028075));
#5399=CARTESIAN_POINT('',(84.5493638313543,62.3309280198174,3.07358137070487));
#5400=CARTESIAN_POINT('',(84.5029905102864,62.166620541904,3.02569899009512));
#5401=CARTESIAN_POINT('',(84.4917262414421,62.028769460405,2.997873370299));
#5402=CARTESIAN_POINT('',(84.5863649630164,61.9191967904638,3.00125088927253));
#5403=CARTESIAN_POINT('',(84.7631599042306,61.8892067424996,3.0402395234001));
#5404=CARTESIAN_POINT('',(84.9729085910692,61.902851274705,3.10980726131914));
#5405=CARTESIAN_POINT('',(85.2022942651195,61.939383578193,3.22519053583446));
#5406=CARTESIAN_POINT('',(85.4136197195381,61.9835013092694,3.43312710113169));
#5407=CARTESIAN_POINT('',(85.3015940993247,61.9593432557066,3.71129792303114));
#5408=CARTESIAN_POINT('',(85.0708619917073,61.9167751439517,3.84458924893527));
#5409=CARTESIAN_POINT('',(84.8667402182156,61.8926744350934,3.92768548429612));
#5410=CARTESIAN_POINT('',(84.6976896155188,61.8983422553089,3.97481803052991));
#5411=CARTESIAN_POINT('',(84.5633794963755,61.9298084310972,4.00233883101812));
#5412=CARTESIAN_POINT('',(84.4890018008681,62.0535270704692,3.99848121605206));
#5413=CARTESIAN_POINT('',(84.5138722676054,62.2303686300636,3.95950108991137));
#5414=CARTESIAN_POINT('',(84.5897777959423,62.4258361623018,3.89006233267274));
#5415=CARTESIAN_POINT('',(84.6933080725804,62.633025763842,3.77487026919937));
#5416=CARTESIAN_POINT('',(84.7987199620953,62.8209685201761,3.56808898323471));
#5417=CARTESIAN_POINT('',(84.7431345126412,62.7234472498935,3.29016713123155));
#5418=CARTESIAN_POINT('',(84.633357999403,62.5166098309895,3.15649904028075));
#5419=CARTESIAN_POINT('',(84.5493638313543,62.3309280198174,3.07358137070487));
#5420=CARTESIAN_POINT('',(84.5029905102864,62.166620541904,3.02569899009512));
#5421=CARTESIAN_POINT('',(84.5395056688679,62.2885376479244,3.06314842180687));
#5422=CARTESIAN_POINT('',(4.24660306919122E-11,3.92463839204993E-11,3.5));
#5423=CARTESIAN_POINT('',(69.2953325750119,77.8893564079015,2.83454912678457));
#5424=CARTESIAN_POINT('',(68.9026142647636,78.1207896661414,2.75249847659247));
#5425=CARTESIAN_POINT('',(68.5457214020615,78.4183385102401,2.7428819720664));
#5426=CARTESIAN_POINT('',(68.2487110424145,78.7695680781305,2.80458192406296));
#5427=CARTESIAN_POINT('',(68.0056334334053,79.1356401908444,2.94596904424014));
#5428=CARTESIAN_POINT('',(67.8397074190819,79.4251696462517,3.15413540178552));
#5429=CARTESIAN_POINT('',(67.7670393577822,79.5583925641056,3.43875223235053));
#5430=CARTESIAN_POINT('',(67.7962384405281,79.5043866533734,3.75859806882454));
#5431=CARTESIAN_POINT('',(67.9521012880369,79.2250357683901,4.00384404854351));
#5432=CARTESIAN_POINT('',(68.1804774928098,78.8656647168262,4.16665982107231));
#5433=CARTESIAN_POINT('',(68.4621853933395,78.5064158332017,4.24787522699215));
#5434=CARTESIAN_POINT('',(68.8017549644703,78.1941803320357,4.25689719930197));
#5435=CARTESIAN_POINT('',(69.1872072680253,77.9465115954205,4.1953258070037));
#5436=CARTESIAN_POINT('',(69.5799982823804,77.7541116092949,4.05506835534249));
#5437=CARTESIAN_POINT('',(69.8868783570059,77.6279567122716,3.84826310954638));
#5438=CARTESIAN_POINT('',(70.0306937819294,77.5723834286531,3.56914805321984));
#5439=CARTESIAN_POINT('',(69.980274240767,77.5916195384287,3.24761172974007));
#5440=CARTESIAN_POINT('',(69.68192525916,77.7098692191383,2.99817527356346));
#5441=CARTESIAN_POINT('',(69.2953325750119,77.8893564079015,2.83454912678457));
#5442=CARTESIAN_POINT('',(68.9026142647636,78.1207896661414,2.75249847659247));
#5443=CARTESIAN_POINT('',(68.5457214020615,78.4183385102401,2.7428819720664));
#5444=CARTESIAN_POINT('',(68.908585172688,78.1318089304512,2.76457083420345));
#5445=CARTESIAN_POINT('',(77.0840826379796,70.067712074694,2.74911893627039));
#5446=CARTESIAN_POINT('',(76.6392986955228,70.5102564064536,2.72896069390703));
#5447=CARTESIAN_POINT('',(76.3307446939713,71.0315835490596,2.85153044544185));
#5448=CARTESIAN_POINT('',(76.1758875835711,71.3553774394242,3.0017299554502));
#5449=CARTESIAN_POINT('',(76.0797764143051,71.5766792272362,3.19363114642624));
#5450=CARTESIAN_POINT('',(76.0300927141949,71.6966799842115,3.39406193444038));
#5451=CARTESIAN_POINT('',(76.0346052392635,71.6856236068457,3.63831084676454));
#5452=CARTESIAN_POINT('',(76.1070398205875,71.5114412311679,3.89195292825121));
#5453=CARTESIAN_POINT('',(76.2447451836776,71.2035559278645,4.08152637033166));
#5454=CARTESIAN_POINT('',(76.5211691920856,70.6812330314915,4.25131903504114));
#5455=CARTESIAN_POINT('',(76.9232157319483,70.2005843305572,4.2712118822497));
#5456=CARTESIAN_POINT('',(77.4162300327204,69.8482959182736,4.14713823509334));
#5457=CARTESIAN_POINT('',(77.7780045351086,69.6340430724078,3.97221944836919));
#5458=CARTESIAN_POINT('',(78.0493544941594,69.4924652492947,3.69115000185673));
#5459=CARTESIAN_POINT('',(78.0415483230539,69.496508237278,3.36549783105537));
#5460=CARTESIAN_POINT('',(77.8751311502259,69.583363781523,3.11035924058261));
#5461=CARTESIAN_POINT('',(77.5799262145659,69.747543108057,2.91940027032729));
#5462=CARTESIAN_POINT('',(77.0840826379796,70.067712074694,2.74911893627039));
#5463=CARTESIAN_POINT('',(76.6392986955228,70.5102564064536,2.72896069390703));
#5464=CARTESIAN_POINT('',(76.3307446939713,71.0315835490596,2.85153044544185));
#5465=CARTESIAN_POINT('',(76.5735126902104,70.6471534263423,2.77149713128225));
#5466=CARTESIAN_POINT('',(83.8347603422329,61.8216439947672,2.75157078645041));
#5467=CARTESIAN_POINT('',(83.6375896152208,62.2304113217123,2.83083099959381));
#5468=CARTESIAN_POINT('',(83.4896638772493,62.6364083085389,2.99344101145583));
#5469=CARTESIAN_POINT('',(83.3967203583917,62.947334862458,3.24239801656943));
#5470=CARTESIAN_POINT('',(83.3803716161517,63.0047350845261,3.56301984196501));
#5471=CARTESIAN_POINT('',(83.4227622913524,62.858028618433,3.84672845109198));
#5472=CARTESIAN_POINT('',(83.5215274205276,62.5414222432645,4.05343718733497));
#5473=CARTESIAN_POINT('',(83.6787920848278,62.1330624117648,4.19481364614947));
#5474=CARTESIAN_POINT('',(83.8919187196592,61.7265986712947,4.2568245258914));
#5475=CARTESIAN_POINT('',(84.1738271951068,61.3601607654746,4.24796991296856));
#5476=CARTESIAN_POINT('',(84.5066508649995,61.0484117986338,4.16712797144659));
#5477=CARTESIAN_POINT('',(84.8471270177784,60.7877176955493,4.00350235064725));
#5478=CARTESIAN_POINT('',(85.1121496439877,60.6080215199069,3.75638362581572));
#5479=CARTESIAN_POINT('',(85.1614620491097,60.5755044797422,3.43678055053649));
#5480=CARTESIAN_POINT('',(85.0350576765035,60.6595477039866,3.15433545236816));
#5481=CARTESIAN_POINT('',(84.7642872542896,60.8478216122022,2.94772368209715));
#5482=CARTESIAN_POINT('',(84.4223072102808,61.1202090500868,2.80590549803809));
#5483=CARTESIAN_POINT('',(84.0998197031476,61.4437854110662,2.7435369915277));
#5484=CARTESIAN_POINT('',(83.8347603422329,61.8216439947672,2.75157078645041));
#5485=CARTESIAN_POINT('',(83.6375896152208,62.2304113217123,2.83083099959381));
#5486=CARTESIAN_POINT('',(83.4896638772493,62.6364083085389,2.99344101145583));
#5487=CARTESIAN_POINT('',(83.6457971133941,62.2299495983592,2.84472263271349));
#5488=CARTESIAN_POINT('',(90.1312962425105,52.1904515632018,2.74111756287947));
#5489=CARTESIAN_POINT('',(89.9578934661951,52.6157182314134,2.79683632159168));
#5490=CARTESIAN_POINT('',(89.8418222676226,53.0413553637558,2.93032047464268));
#5491=CARTESIAN_POINT('',(89.775755042629,53.3715279496083,3.12882887377524));
#5492=CARTESIAN_POINT('',(89.7458205048454,53.5416241045145,3.39510995673163));
#5493=CARTESIAN_POINT('',(89.7479347755826,53.5291663725938,3.63911881438985));
#5494=CARTESIAN_POINT('',(89.7729541629947,53.38871473744,3.83085279493379));
#5495=CARTESIAN_POINT('',(89.8204278649497,53.1483203983863,4.01291759932175));
#5496=CARTESIAN_POINT('',(89.9028998837082,52.7985421823213,4.15674218576481));
#5497=CARTESIAN_POINT('',(90.0488331224611,52.369272735217,4.24391769164444));
#5498=CARTESIAN_POINT('',(90.2647303752372,51.9594775405007,4.25880977134931));
#5499=CARTESIAN_POINT('',(90.5464577207649,51.5968518852063,4.20294186325107));
#5500=CARTESIAN_POINT('',(90.8580054724919,51.2828188564538,4.06852980535578));
#5501=CARTESIAN_POINT('',(91.1098649043101,51.0615722209773,3.87020211074009));
#5502=CARTESIAN_POINT('',(91.2416790935533,50.951046053874,3.60341138207129));
#5503=CARTESIAN_POINT('',(91.2310899265851,50.9598222332465,3.35972546784273));
#5504=CARTESIAN_POINT('',(91.1223173502751,51.0514267253921,3.1690620084771));
#5505=CARTESIAN_POINT('',(90.9378039295701,51.2127934042473,2.98687854278572));
#5506=CARTESIAN_POINT('',(90.6761227077858,51.4591571095757,2.84322459912285));
#5507=CARTESIAN_POINT('',(90.3780286300812,51.7993970343485,2.7562242061667));
#5508=CARTESIAN_POINT('',(90.1312962425105,52.1904515632018,2.74111756287947));
#5509=CARTESIAN_POINT('',(89.9578934661951,52.6157182314134,2.79683632159168));
#5510=CARTESIAN_POINT('',(89.8418222676226,53.0413553637558,2.93032047464268));
#5511=CARTESIAN_POINT('',(89.9674487291522,52.6157799754352,2.80979722064809));
#5512=CARTESIAN_POINT('',(95.247010500783,42.1533113131384,2.74656549263939));
#5513=CARTESIAN_POINT('',(95.1345538313016,42.5946813669136,2.81582091025539));
#5514=CARTESIAN_POINT('',(95.0731126422441,43.0272565911364,2.9673894832431));
#5515=CARTESIAN_POINT('',(95.0472959125287,43.3559453123926,3.19121013526736));
#5516=CARTESIAN_POINT('',(95.0402992263505,43.4704224091686,3.49533154598728));
#5517=CARTESIAN_POINT('',(95.046821544935,43.3631292819089,3.80157585694746));
#5518=CARTESIAN_POINT('',(95.072217043896,43.0367331985897,4.02772867982309));
#5519=CARTESIAN_POINT('',(95.131954994525,42.6087903432213,4.18068308943376));
#5520=CARTESIAN_POINT('',(95.243159580219,42.1643046522982,4.25272862111562));
#5521=CARTESIAN_POINT('',(95.4290056989703,41.7405281070611,4.25318847090641));
#5522=CARTESIAN_POINT('',(95.6806187376274,41.3579280442346,4.18235768113667));
#5523=CARTESIAN_POINT('',(95.9567352077075,41.0228890182398,4.03014904981586));
#5524=CARTESIAN_POINT('',(96.1804852764407,40.7831629795605,3.80536422622168));
#5525=CARTESIAN_POINT('',(96.2578605170839,40.7030666897351,3.50175768563527));
#5526=CARTESIAN_POINT('',(96.1825279059376,40.7810337138305,3.19794277481534));
#5527=CARTESIAN_POINT('',(95.9602292479969,41.0190126789867,2.97256108052458));
#5528=CARTESIAN_POINT('',(95.6854956034627,41.3516251654783,2.81972414543167));
#5529=CARTESIAN_POINT('',(95.4340520238538,41.7315993029255,2.74765678627322));
#5530=CARTESIAN_POINT('',(95.247010500783,42.1533113131384,2.74656549263939));
#5531=CARTESIAN_POINT('',(95.1345538313016,42.5946813669136,2.81582091025539));
#5532=CARTESIAN_POINT('',(95.0731126422441,43.0272565911364,2.9673894832431));
#5533=CARTESIAN_POINT('',(95.1430564113722,42.5932155619882,2.82953976948391));
#5534=CARTESIAN_POINT('',(99.4800030953116,30.9141487321706,2.75092650752529));
#5535=CARTESIAN_POINT('',(99.2605511240604,31.500382717229,2.72771233173814));
#5536=CARTESIAN_POINT('',(99.1990641665172,32.1065582524031,2.84847099322602));
#5537=CARTESIAN_POINT('',(99.1936065532301,32.5307826558173,3.02243678785711));
#5538=CARTESIAN_POINT('',(99.2066296133549,32.8407045247673,3.29805937981661));
#5539=CARTESIAN_POINT('',(99.206695386936,32.8413766069832,3.62586131867811));
#5540=CARTESIAN_POINT('',(99.1987653516528,32.6573445823724,3.88421752008323));
#5541=CARTESIAN_POINT('',(99.1930051601955,32.321850709688,4.07671266647361));
#5542=CARTESIAN_POINT('',(99.2212341546817,31.7324266361482,4.2496831516225));
#5543=CARTESIAN_POINT('',(99.3791191334182,31.1260549084505,4.27191719217633));
#5544=CARTESIAN_POINT('',(99.6755695213728,30.5968560164404,4.15087294423272));
#5545=CARTESIAN_POINT('',(99.9128193834364,30.2484948656286,3.97809527201458));
#5546=CARTESIAN_POINT('',(100.100839315205,30.0025044555033,3.70370701706192));
#5547=CARTESIAN_POINT('',(100.103178847417,29.9995512052913,3.37810305009254));
#5548=CARTESIAN_POINT('',(99.992399696499,30.144017196193,3.11809687835303));
#5549=CARTESIAN_POINT('',(99.7946233485299,30.4161581339027,2.92431111997867));
#5550=CARTESIAN_POINT('',(99.4800030953116,30.9141487321706,2.75092650752529));
#5551=CARTESIAN_POINT('',(99.2605511240604,31.500382717229,2.72771233173814));
#5552=CARTESIAN_POINT('',(99.1990641665172,32.1065582524031,2.84847099322602));
#5553=CARTESIAN_POINT('',(99.2583431358169,31.6535883968655,2.7698997335497));
#5554=CARTESIAN_POINT('',(102.553693170497,19.2953316031254,2.96278219066089));
#5555=CARTESIAN_POINT('',(102.358836869943,19.6801797040546,2.81471569203501));
#5556=CARTESIAN_POINT('',(102.197412806457,20.1095837846774,2.74576921961954));
#5557=CARTESIAN_POINT('',(102.110295141093,20.5634510482415,2.74838144205208));
#5558=CARTESIAN_POINT('',(102.09965200131,21.0199505697398,2.82219814815014));
#5559=CARTESIAN_POINT('',(102.13468650044,21.4496250025029,2.97734208174725));
#5560=CARTESIAN_POINT('',(102.180706470474,21.7722193397259,3.20736576576336));
#5561=CARTESIAN_POINT('',(102.196096641938,21.8689547679935,3.5165302154121));
#5562=CARTESIAN_POINT('',(102.177032326136,21.7483634446038,3.81556218136935));
#5563=CARTESIAN_POINT('',(102.131492572776,21.4221507035256,4.03616411858712));
#5564=CARTESIAN_POINT('',(102.098384393075,20.9870650716189,4.18588128972649));
#5565=CARTESIAN_POINT('',(102.113868485136,20.5289294338728,4.25430620642676));
#5566=CARTESIAN_POINT('',(102.20762594742,20.0750227784657,4.25148784505476));
#5567=CARTESIAN_POINT('',(102.373560770706,19.6479619298435,4.17680459220245));
#5568=CARTESIAN_POINT('',(102.571020289159,19.2639348710445,4.02022313417483));
#5569=CARTESIAN_POINT('',(102.737338964991,18.9833409756077,3.78768515939951));
#5570=CARTESIAN_POINT('',(102.785494580755,18.9049194930119,3.47543636661353));
#5571=CARTESIAN_POINT('',(102.71927350617,19.0131026069338,3.18038771508636));
#5572=CARTESIAN_POINT('',(102.553693170497,19.2953316031254,2.96278219066089));
#5573=CARTESIAN_POINT('',(102.358836869943,19.6801797040546,2.81471569203501));
#5574=CARTESIAN_POINT('',(102.197412806457,20.1095837846774,2.74576921961954));
#5575=CARTESIAN_POINT('',(102.364408909454,19.6876057006701,2.82790236306994));
#5576=CARTESIAN_POINT('',(104.102857321269,7.88534215405459,3.04593622925183));
#5577=CARTESIAN_POINT('',(103.967695496009,8.20837644053969,2.87870916508915));
#5578=CARTESIAN_POINT('',(103.829520645709,8.63549232672738,2.77188515584203));
#5579=CARTESIAN_POINT('',(103.750938438689,9.0833939074149,2.73829536145715));
#5580=CARTESIAN_POINT('',(103.753129694744,9.5473720633181,2.7749955629031));
#5581=CARTESIAN_POINT('',(103.817239902908,9.9883832448894,2.88514152600271));
#5582=CARTESIAN_POINT('',(103.894604689262,10.3283754434545,3.05702676263643));
#5583=CARTESIAN_POINT('',(103.949331760237,10.5393586731318,3.27656349093009));
#5584=CARTESIAN_POINT('',(103.975759094229,10.6362111954402,3.58862384838499));
#5585=CARTESIAN_POINT('',(103.906161817347,10.3810139961776,3.9265919387054));
#5586=CARTESIAN_POINT('',(103.814661695894,9.97522701336616,4.11743728834704));
#5587=CARTESIAN_POINT('',(103.751594673883,9.52912617352595,4.22848826179571));
#5588=CARTESIAN_POINT('',(103.752241695832,9.06654075943871,4.26166631893589));
#5589=CARTESIAN_POINT('',(103.835463561406,8.61180030554707,4.22473563826447));
#5590=CARTESIAN_POINT('',(103.976333085558,8.18601769107639,4.11278406368022));
#5591=CARTESIAN_POINT('',(104.111394237117,7.8658433460083,3.94122767616199));
#5592=CARTESIAN_POINT('',(104.201922044305,7.6677760727069,3.71677297599193));
#5593=CARTESIAN_POINT('',(104.23261238749,7.60277804536749,3.48529186562084));
#5594=CARTESIAN_POINT('',(104.19487168294,7.68288246488199,3.26026604566554));
#5595=CARTESIAN_POINT('',(104.102857321269,7.88534215405459,3.04593622925183));
#5596=CARTESIAN_POINT('',(103.967695496009,8.20837644053969,2.87870916508915));
#5597=CARTESIAN_POINT('',(103.829520645709,8.63549232672738,2.77188515584203));
#5598=CARTESIAN_POINT('',(103.971698719345,8.21495556427395,2.8943505763805));
#5599=CARTESIAN_POINT('',(55.2507439996714,87.5191709711802,3.5));
#5600=CARTESIAN_POINT('',(54.7169203861481,86.6735751163861,3.5));
#5601=CARTESIAN_POINT('',(60.7998344338491,84.8364259300329,2.99367807992548));
#5602=CARTESIAN_POINT('',(60.3941153201808,84.9739829126815,2.83164224027918));
#5603=CARTESIAN_POINT('',(59.9780010365512,85.1635416599782,2.75156375293459));
#5604=CARTESIAN_POINT('',(59.5972577598766,85.4180177922154,2.74335335519276));
#5605=CARTESIAN_POINT('',(59.2632867350098,85.7360720508583,2.80587798241067));
#5606=CARTESIAN_POINT('',(58.9832734373739,86.0727366632425,2.94837779149804));
#5607=CARTESIAN_POINT('',(58.7881261883898,86.3408457469914,3.15657487002049));
#5608=CARTESIAN_POINT('',(58.7025928817819,86.4636739911926,3.44231884161382));
#5609=CARTESIAN_POINT('',(58.7394022938239,86.4104211422473,3.76199172506288));
#5610=CARTESIAN_POINT('',(58.9257363290768,86.1484937313754,4.00609518254654));
#5611=CARTESIAN_POINT('',(59.1929637574113,85.8153750305641,4.1681366928139));
#5612=CARTESIAN_POINT('',(59.5126560650253,85.4893668511944,4.24843299911601));
#5613=CARTESIAN_POINT('',(59.8857805768049,85.2161596690295,4.25653084717847));
#5614=CARTESIAN_POINT('',(60.2964704542151,85.0128199065792,4.19394926388538));
#5615=CARTESIAN_POINT('',(60.7080833738001,84.8648503423395,4.05173109206554));
#5616=CARTESIAN_POINT('',(61.0264145548221,84.7732783400389,3.84409946818145));
#5617=CARTESIAN_POINT('',(61.1714301541078,84.7348100942388,3.55875619539577));
#5618=CARTESIAN_POINT('',(61.1107548189344,84.7506673525612,3.24044979842161));
#5619=CARTESIAN_POINT('',(60.7998344338491,84.8364259300329,2.99367807992548));
#5620=CARTESIAN_POINT('',(60.3941153201808,84.9739829126815,2.83164224027918));
#5621=CARTESIAN_POINT('',(59.9780010365512,85.1635416599782,2.75156375293459));
#5622=CARTESIAN_POINT('',(60.3923827918539,84.9826498734562,2.84530179899613));
#5623=CARTESIAN_POINT('',(103.453877003044,3.08955223880543,3.5));
#5624=CARTESIAN_POINT('',(102.454322550282,3.05970435842149,3.5));
#5625=CARTESIAN_POINT('',(100.455205299996,3.00000834846914,3.5));
#5626=CARTESIAN_POINT('',(101.796127001036,1.01932609344327,2.70614794680454));
#5627=CARTESIAN_POINT('',(101.703381598012,0.837747525238139,2.6307958801965));
#5628=CARTESIAN_POINT('',(101.529017172794,0.462452273207339,2.49245028588895));
#5629=CARTESIAN_POINT('',(101.356995363853,-0.183345235138289,2.48554646621795));
#5630=CARTESIAN_POINT('',(101.272032022521,-0.760612807065167,2.84479673879893));
#5631=CARTESIAN_POINT('',(101.246966517952,-0.997017747331531,3.49534037623829));
#5632=CARTESIAN_POINT('',(101.271383449149,-0.766353734078356,4.14844011070194));
#5633=CARTESIAN_POINT('',(101.355544240005,-0.190450211615645,4.51321578863892));
#5634=CARTESIAN_POINT('',(101.527820206193,0.459844172159256,4.50865173028464));
#5635=CARTESIAN_POINT('',(101.702947554371,0.836897747024853,4.36955676353872));
#5636=CARTESIAN_POINT('',(101.796127001036,1.01932609344324,4.29385205319547));
#5637=CARTESIAN_POINT('',(101.796127001036,1.01932609344327,2.70614794680454));
#5638=CARTESIAN_POINT('',(101.796127001036,1.01932609344324,4.29385205319547));
#5639=CARTESIAN_POINT('',(101.796127001036,1.01932609344324,4.29385205319547));
#5640=CARTESIAN_POINT('',(101.851735289492,1.12819697080141,4.24867246133361));
#5641=CARTESIAN_POINT('',(101.963734699575,1.34254474191732,4.15143272750808));
#5642=CARTESIAN_POINT('',(102.11615875495,1.66476694088789,3.99180662066622));
#5643=CARTESIAN_POINT('',(102.216751225149,1.93484711552166,3.83647394427587));
#5644=CARTESIAN_POINT('',(102.273239510336,2.13417918934864,3.68003807599014));
#5645=CARTESIAN_POINT('',(102.296447883176,2.23571728446621,3.49159272721133));
#5646=CARTESIAN_POINT('',(102.270218943596,2.12209446216585,3.30936053274773));
#5647=CARTESIAN_POINT('',(102.213202907967,1.92468028569388,3.15705029283318));
#5648=CARTESIAN_POINT('',(102.112133839616,1.6555921089049,3.00356227972899));
#5649=CARTESIAN_POINT('',(101.96179728727,1.3389542440873,2.846910972256));
#5650=CARTESIAN_POINT('',(101.851123905227,1.12699999202065,2.75083081250698));
#5651=CARTESIAN_POINT('',(101.796127001036,1.01932609344327,2.70614794680454));
#5652=CARTESIAN_POINT('',(60.194258319583,85.0675331638262,2.79633004026539));
#5653=CARTESIAN_POINT('',(60.1870429628908,85.4178943983004,3.08091015522901));
#5654=CARTESIAN_POINT('',(60.3212299445364,85.846009342049,3.03088669350157));
#5655=CARTESIAN_POINT('',(60.3624069991858,84.988512283217,2.82969681352661));
#5656=CARTESIAN_POINT('',(60.289029388221,85.3816863952115,3.13814137097485));
#5657=CARTESIAN_POINT('',(60.4084839655428,85.8634210985134,3.05313120900905));
#5658=CARTESIAN_POINT('',(60.6721551402608,84.8770325117786,2.92914028845537));
#5659=CARTESIAN_POINT('',(60.4539972389067,85.3532650660471,3.30988154775243));
#5660=CARTESIAN_POINT('',(60.5965381773308,85.9456241802578,3.11942685896153));
#5661=CARTESIAN_POINT('',(61.0259657881182,84.7728173492888,3.15748661711171));
#5662=CARTESIAN_POINT('',(60.4569274087476,85.3303308099386,3.55600503331833));
#5663=CARTESIAN_POINT('',(60.8304326514563,86.0738940501217,3.27165774473241));
#5664=CARTESIAN_POINT('',(61.1917691689161,84.7296644516494,3.45730380094875));
#5665=CARTESIAN_POINT('',(60.3070966594152,85.3124714516391,3.52575842439253));
#5666=CARTESIAN_POINT('',(60.9448149786599,86.1425093160097,3.47153586729045));
#5667=CARTESIAN_POINT('',(61.0921716918007,84.7552303786062,3.77002021668781));
#5668=CARTESIAN_POINT('',(60.4156241431976,85.3244486764831,3.41434251848027));
#5669=CARTESIAN_POINT('',(60.8758006987103,86.1007558834663,3.68001347778307));
#5670=CARTESIAN_POINT('',(60.7754052330578,84.8447330382887,4.02000625289925));
#5671=CARTESIAN_POINT('',(60.481165446505,85.3469143984667,3.61850806224098));
#5672=CARTESIAN_POINT('',(60.6632250694392,85.9802425776079,3.84667083525772));
#5673=CARTESIAN_POINT('',(60.3372765604876,84.9927833595443,4.18899450921603));
#5674=CARTESIAN_POINT('',(60.2936808154315,85.3787394377198,3.8839498177217));
#5675=CARTESIAN_POINT('',(60.3893372405061,85.8496948684137,3.95932967280193));
#5676=CARTESIAN_POINT('',(59.8024717522677,85.2542111951338,4.27068372018853));
#5677=CARTESIAN_POINT('',(59.9394914544852,85.5014127404373,4.03840337279407));
#5678=CARTESIAN_POINT('',(60.1200981447903,85.8092551531703,4.0137891467837));
#5679=CARTESIAN_POINT('',(59.3279919887789,85.6583061712578,4.22143766715283));
#5680=CARTESIAN_POINT('',(59.652996158121,85.7851615448273,3.94338554679247));
#5681=CARTESIAN_POINT('',(60.0179928975621,86.0262435505166,3.98095844475985));
#5682=CARTESIAN_POINT('',(59.0082757419612,86.041325301576,4.07192383070306));
#5683=CARTESIAN_POINT('',(59.5294225200948,86.0005411987397,3.69147446780706));
#5684=CARTESIAN_POINT('',(60.0369758943028,86.3358714108191,3.88128255379337));
#5685=CARTESIAN_POINT('',(58.7890338060872,86.3386291340774,3.84361072019738));
#5686=CARTESIAN_POINT('',(59.5067446923415,85.9961353809041,3.4445455921558));
#5687=CARTESIAN_POINT('',(60.077621043022,86.5999901166886,3.72907381345608));
#5688=CARTESIAN_POINT('',(58.6909214760092,86.4808401489749,3.54383365121116));
#5689=CARTESIAN_POINT('',(59.5412522295426,85.8486769302932,3.47364914499228));
#5690=CARTESIAN_POINT('',(60.1031422753939,86.7319837038399,3.52922243413207));
#5691=CARTESIAN_POINT('',(58.7491124123325,86.3958541510866,3.22963566281053));
#5692=CARTESIAN_POINT('',(59.5153800121648,85.954826942444,3.58588780513786));
#5693=CARTESIAN_POINT('',(60.087492106577,86.6527273960018,3.31975710853161));
#5694=CARTESIAN_POINT('',(58.9419232809135,86.1283127714865,2.97962950152755));
#5695=CARTESIAN_POINT('',(59.5141159899092,86.0241644932218,3.38107880951255));
#5696=CARTESIAN_POINT('',(60.0468882075004,86.4113211503208,3.15308633434299));
#5697=CARTESIAN_POINT('',(59.2319890295636,85.7659142295954,2.81027693506378));
#5698=CARTESIAN_POINT('',(59.6085836489982,85.8577604456079,3.11485114984132));
#5699=CARTESIAN_POINT('',(60.017811324348,86.1082178950996,3.04018462336716));
#5700=CARTESIAN_POINT('',(59.6632630626439,85.3511577954338,2.72893964888802));
#5701=CARTESIAN_POINT('',(59.84723122034,85.5654556957176,2.9609086461923));
#5702=CARTESIAN_POINT('',(60.0730140512925,85.8411536414715,2.98595976591667));
#5703=CARTESIAN_POINT('',(60.0261096399801,85.1465540444354,2.76296326700416));
#5704=CARTESIAN_POINT('',(60.0887689187731,85.4527844033325,3.02576219800923));
#5705=CARTESIAN_POINT('',(60.23397592353,85.8285975855846,3.00864217799409));
#5706=CARTESIAN_POINT('',(60.194258319583,85.0675331638262,2.79633004026539));
#5707=CARTESIAN_POINT('',(60.1870429628908,85.4178943983004,3.08091015522901));
#5708=CARTESIAN_POINT('',(60.3212299445364,85.846009342049,3.03088669350157));
#5709=CARTESIAN_POINT('',(55.2507439996714,87.5191709711802,3.5));
#5710=CARTESIAN_POINT('',(103.901655912402,8.41907103178896,2.82981409637898));
#5711=CARTESIAN_POINT('',(104.154921254506,8.72089393081183,3.13637068485392));
#5712=CARTESIAN_POINT('',(104.602300245059,8.92620729358858,3.05320939758598));
#5713=CARTESIAN_POINT('',(103.954079744452,8.25240658116119,2.8727351155989));
#5714=CARTESIAN_POINT('',(104.193683827323,8.63487302840513,3.20750114467422));
#5715=CARTESIAN_POINT('',(104.683482131936,8.87574221358174,3.08182341039926));
#5716=CARTESIAN_POINT('',(104.065871255264,7.96794643561306,2.98732922091453));
#5717=CARTESIAN_POINT('',(104.256685943076,8.52672596129058,3.39064015933176));
#5718=CARTESIAN_POINT('',(104.867238188308,8.79270589115323,3.15821948060969));
#5719=CARTESIAN_POINT('',(104.198013322429,7.67517248429532,3.23771938782871));
#5720=CARTESIAN_POINT('',(104.193151043737,8.56783454507206,3.58672976687203));
#5721=CARTESIAN_POINT('',(105.091421386038,8.7094924526977,3.32514625855247));
#5722=CARTESIAN_POINT('',(104.239645389914,7.58828695111974,3.5511959561789));
#5723=CARTESIAN_POINT('',(104.118787886926,8.63891012160502,3.46921432737509));
#5724=CARTESIAN_POINT('',(105.162950876431,8.68510291798587,3.53413063745259));
#5725=CARTESIAN_POINT('',(104.162772855588,7.75025177986434,3.85105322548751));
#5726=CARTESIAN_POINT('',(104.231051691355,8.53375461105752,3.44851002067467));
#5727=CARTESIAN_POINT('',(105.031141835439,8.73065727086511,3.73403548365838));
#5728=CARTESIAN_POINT('',(104.012967680351,8.09482588384873,4.07760761122128));
#5729=CARTESIAN_POINT('',(104.241139882054,8.55779609829781,3.70004334090602));
#5730=CARTESIAN_POINT('',(104.779047058659,8.82934040993798,3.88507174081404));
#5731=CARTESIAN_POINT('',(103.842185410662,8.56340521122728,4.22402692264806));
#5732=CARTESIAN_POINT('',(104.114649187239,8.77608811050597,3.94835398162425));
#5733=CARTESIAN_POINT('',(104.503606215672,8.96792220267626,3.98268461509874));
#5734=CARTESIAN_POINT('',(103.732673508082,9.18222181038872,4.27005731850704));
#5735=CARTESIAN_POINT('',(104.015981564594,9.17064492083161,4.03722690451519));
#5736=CARTESIAN_POINT('',(104.374050394916,9.16734440072045,4.01337154567138));
#5737=CARTESIAN_POINT('',(103.776699580148,9.76997761263992,4.18580759508816));
#5738=CARTESIAN_POINT('',(104.089706404445,9.53355315688283,3.87797739848929));
#5739=CARTESIAN_POINT('',(104.548892142518,9.37862067404829,3.95720506339161));
#5740=CARTESIAN_POINT('',(103.868495797049,10.2243291081366,4.0129352333592));
#5741=CARTESIAN_POINT('',(104.153725156918,9.70746662129496,3.60914971183485));
#5742=CARTESIAN_POINT('',(104.80095936499,9.55100984406832,3.84195682223961));
#5743=CARTESIAN_POINT('',(103.947997278717,10.5359157702224,3.76133595600505));
#5744=CARTESIAN_POINT('',(104.097664862439,9.65477431178278,3.41297174547116));
#5745=CARTESIAN_POINT('',(105.007753674114,9.67203118572337,3.67422397066998));
#5746=CARTESIAN_POINT('',(103.97367316215,10.627926340765,3.44809886637654));
#5747=CARTESIAN_POINT('',(104.037208204768,9.57250084886044,3.53133507837469));
#5748=CARTESIAN_POINT('',(105.073366891341,9.70816045322494,3.46539924425103));
#5749=CARTESIAN_POINT('',(103.925864431952,10.4542150217381,3.14792072463819));
#5750=CARTESIAN_POINT('',(104.129728204419,9.69582539380049,3.55096198925804));
#5751=CARTESIAN_POINT('',(104.950880688502,9.64007468080006,3.26528048309216));
#5752=CARTESIAN_POINT('',(103.838071338764,10.0880833787763,2.92171621675471));
#5753=CARTESIAN_POINT('',(104.143313159634,9.67285160550689,3.2988686615543));
#5754=CARTESIAN_POINT('',(104.719440470209,9.49882944367915,3.11447747783636));
#5755=CARTESIAN_POINT('',(103.751488021048,9.59754289696951,2.77579601717269));
#5756=CARTESIAN_POINT('',(104.056638255084,9.43589502810167,3.05128198057403));
#5757=CARTESIAN_POINT('',(104.472812320269,9.31476073602392,3.01719734478181));
#5758=CARTESIAN_POINT('',(103.751328262962,8.96793313937966,2.72980310559503));
#5759=CARTESIAN_POINT('',(104.028349867859,9.02920571459307,2.96259950524614));
#5760=CARTESIAN_POINT('',(104.380146867048,9.09549637119422,2.98653540373001));
#5761=CARTESIAN_POINT('',(103.849232080351,8.58573548241673,2.78689307715906));
#5762=CARTESIAN_POINT('',(104.1179453561,8.80294989141911,3.06851882506526));
#5763=CARTESIAN_POINT('',(104.521118358182,8.97667237359541,3.0245953847727));
#5764=CARTESIAN_POINT('',(103.901655912402,8.41907103178896,2.82981409637898));
#5765=CARTESIAN_POINT('',(104.154921254506,8.72089393081183,3.13637068485392));
#5766=CARTESIAN_POINT('',(104.602300245059,8.92620729358858,3.05320939758598));
#5767=CARTESIAN_POINT('',(102.367289650378,19.6810513790452,2.82965963455879));
#5768=CARTESIAN_POINT('',(102.586275931905,20.0083611938028,3.13612105804686));
#5769=CARTESIAN_POINT('',(103.008501460314,20.2610259597572,3.05310642303919));
#5770=CARTESIAN_POINT('',(102.437538145361,19.5210285728201,2.87254306592323));
#5771=CARTESIAN_POINT('',(102.63418747754,19.9270041870659,3.20720245722816));
#5772=CARTESIAN_POINT('',(103.094660728128,20.2196739379803,3.08169537728215));
#5773=CARTESIAN_POINT('',(102.579657868161,19.2503322908793,2.98707531828899));
#5774=CARTESIAN_POINT('',(102.708706899534,19.82621716055,3.39031075891714));
#5775=CARTESIAN_POINT('',(103.286380202711,20.1571052447242,3.15805021219266));
#5776=CARTESIAN_POINT('',(102.742982697764,18.9734947004704,3.23737655941592));
#5777=CARTESIAN_POINT('',(102.64128100999,19.8599645295896,3.58666892034945));
#5778=CARTESIAN_POINT('',(103.518414746493,20.0987471976851,3.32491770627728));
#5779=CARTESIAN_POINT('',(102.793995931186,18.8913831518345,3.55081204113985));
#5780=CARTESIAN_POINT('',(102.559390425744,19.922696671711,3.46943649587793));
#5781=CARTESIAN_POINT('',(103.592419806632,20.0822342325741,3.53387469409323));
#5782=CARTESIAN_POINT('',(102.700100672716,19.0437613350939,3.85073462069158));
#5783=CARTESIAN_POINT('',(102.682365937233,19.8304276718896,3.44831026476692));
#5784=CARTESIAN_POINT('',(103.456653582458,20.1131151864497,3.73382308046109));
#5785=CARTESIAN_POINT('',(102.513741961768,19.3698162433499,4.07738606886399));
#5786=CARTESIAN_POINT('',(102.690008792262,19.8551958014095,3.69971096099555));
#5787=CARTESIAN_POINT('',(103.195395852262,20.1837243477366,3.88492404590918));
#5788=CARTESIAN_POINT('',(102.292978279939,19.816859317608,4.22390050470064));
#5789=CARTESIAN_POINT('',(102.540627767252,20.0582112410685,3.94811607686197));
#5790=CARTESIAN_POINT('',(102.906484726812,20.291438273633,3.98260033646712));
#5791=CARTESIAN_POINT('',(102.116597851896,20.4199278909201,4.27008565379442));
#5792=CARTESIAN_POINT('',(102.399423108257,20.4395212188202,4.03728259515782));
#5793=CARTESIAN_POINT('',(102.755644896642,20.4754634175894,4.01339043586298));
#5794=CARTESIAN_POINT('',(102.096224376049,21.0091299421111,4.1859667576141));
#5795=CARTESIAN_POINT('',(102.433059612718,20.8084721697005,3.87826251014904));
#5796=CARTESIAN_POINT('',(102.906198021047,20.7045275921646,3.95731117174223));
#5797=CARTESIAN_POINT('',(102.137987939871,21.4709183267739,4.01318964970835));
#5798=CARTESIAN_POINT('',(102.477843904574,20.9885783534821,3.60948180272184));
#5799=CARTESIAN_POINT('',(103.137999705954,20.9033833133653,3.84212643313904));
#5800=CARTESIAN_POINT('',(102.183110187544,21.7895186177122,3.76168376721551));
#5801=CARTESIAN_POINT('',(102.427970175998,20.9303646352012,3.41303257717867));
#5802=CARTESIAN_POINT('',(103.330486714902,21.0462874839039,3.67445584481028));
#5803=CARTESIAN_POINT('',(102.198669070644,21.8841023283579,3.44848845399329));
#5804=CARTESIAN_POINT('',(102.376679396377,20.8417431392844,3.53111044781307));
#5805=CARTESIAN_POINT('',(103.391985985565,21.0894931312094,3.46565896932887));
#5806=CARTESIAN_POINT('',(102.170099732861,21.7065134733839,3.14824057824728));
#5807=CARTESIAN_POINT('',(102.455176171381,20.974345963147,3.55116487721626));
#5808=CARTESIAN_POINT('',(103.277822306855,21.0086102797515,3.26549371883156));
#5809=CARTESIAN_POINT('',(102.122689127153,21.3331785344901,2.92193880709451));
#5810=CARTESIAN_POINT('',(102.471309123358,20.9532913108294,3.29920304914205));
#5811=CARTESIAN_POINT('',(103.063194003065,20.8430798637154,3.11462587139622));
#5812=CARTESIAN_POINT('',(102.089977961423,20.8362703836927,2.77592094158431));
#5813=CARTESIAN_POINT('',(102.410978403986,20.7085407677033,3.05151756748639));
#5814=CARTESIAN_POINT('',(102.838025653736,20.6332969918939,3.01728062772289));
#5815=CARTESIAN_POINT('',(102.158166898264,20.2104691282297,2.72977473010237));
#5816=CARTESIAN_POINT('',(102.42691519685,20.3012745328518,2.96254336239968));
#5817=CARTESIAN_POINT('',(102.769424595825,20.4052173753852,2.98651648673491));
#5818=CARTESIAN_POINT('',(102.297041155395,19.8410741852703,2.78677620319435));
#5819=CARTESIAN_POINT('',(102.540570996706,20.0859712285394,3.06831337828031));
#5820=CARTESIAN_POINT('',(102.9223421925,20.302377981534,3.02451746879623));
#5821=CARTESIAN_POINT('',(102.367289650378,19.6810513790452,2.82965963455879));
#5822=CARTESIAN_POINT('',(102.586275931905,20.0083611938028,3.13612105804686));
#5823=CARTESIAN_POINT('',(103.008501460314,20.2610259597572,3.05310642303919));
#5824=CARTESIAN_POINT('',(99.1982158388479,32.2897689810805,2.92937632716074));
#5825=CARTESIAN_POINT('',(99.5720756938141,31.9372481465682,3.28396391270761));
#5826=CARTESIAN_POINT('',(100.174242386463,31.9250384777884,3.11958421810716));
#5827=CARTESIAN_POINT('',(99.2011463822362,32.1425215960708,2.86813641951349));
#5828=CARTESIAN_POINT('',(99.5687991110851,31.8894432411539,3.20410602765099));
#5829=CARTESIAN_POINT('',(100.108187079197,31.8542949869942,3.07875761300899));
#5830=CARTESIAN_POINT('',(99.2169390885999,31.807759954771,2.77268490741559));
#5831=CARTESIAN_POINT('',(99.547306633821,31.7228086869138,3.04534348244346));
#5832=CARTESIAN_POINT('',(99.975344630048,31.6981198184423,3.01512327161041));
#5833=CARTESIAN_POINT('',(99.3566913960465,31.1965070592792,2.73058118684656));
#5834=CARTESIAN_POINT('',(99.612481693844,31.3214030977967,2.96415446387279));
#5835=CARTESIAN_POINT('',(99.9408182250317,31.4674602691408,2.98705412456437));
#5836=CARTESIAN_POINT('',(99.6256335172028,30.6716669511262,2.81893175441112));
#5837=CARTESIAN_POINT('',(99.8213640051465,31.0180757978775,3.13029484574034));
#5838=CARTESIAN_POINT('',(100.190124992043,31.3414293672298,3.04595450294075));
#5839=CARTESIAN_POINT('',(99.8807589200515,30.2943780284086,2.99285813952485));
#5840=CARTESIAN_POINT('',(99.9409299317945,30.8883253961987,3.39814326023209));
#5841=CARTESIAN_POINT('',(100.485896862829,31.2804888606667,3.16190542634989));
#5842=CARTESIAN_POINT('',(100.071197945315,30.040262361882,3.246722639515));
#5843=CARTESIAN_POINT('',(99.8641878779471,30.9190400687739,3.58835722206279));
#5844=CARTESIAN_POINT('',(100.720660622979,31.2483543850686,3.33114842634335));
#5845=CARTESIAN_POINT('',(100.125438619619,29.971129719132,3.56067367459937));
#5846=CARTESIAN_POINT('',(99.7827399990815,30.9684408402424,3.46353978434856));
#5847=CARTESIAN_POINT('',(100.789211225349,31.2407733453716,3.5404491163996));
#5848=CARTESIAN_POINT('',(100.010482840528,30.1191214047914,3.85946659990989));
#5849=CARTESIAN_POINT('',(99.9166647656422,30.88959145021,3.45398093238367));
#5850=CARTESIAN_POINT('',(100.644704222317,31.2575535403382,3.7396443999398));
#5851=CARTESIAN_POINT('',(99.7882251664174,30.4256303530767,4.083004953932));
#5852=CARTESIAN_POINT('',(99.9152192518993,30.9197082273491,3.70817213560117));
#5853=CARTESIAN_POINT('',(100.375795586444,31.299878069923,3.88866996928843));
#5854=CARTESIAN_POINT('',(99.5168444361494,30.854836803297,4.22792431204536));
#5855=CARTESIAN_POINT('',(99.7391891517196,31.1129214162823,3.95555147474306));
#5856=CARTESIAN_POINT('',(100.075087247248,31.3782370676992,3.98528287469679));
#5857=CARTESIAN_POINT('',(99.2815356099968,31.4354860171948,4.2692211230854));
#5858=CARTESIAN_POINT('',(99.5628068756948,31.4794598298376,4.03554697375822));
#5859=CARTESIAN_POINT('',(99.9159231723734,31.5476646149232,4.01281408205695));
#5860=CARTESIAN_POINT('',(99.2010483281548,32.0188384130131,4.18090032593802));
#5861=CARTESIAN_POINT('',(99.5601821301853,31.846989749773,3.86941067320687));
#5862=CARTESIAN_POINT('',(100.047909313668,31.7936136903481,3.95393355062537));
#5863=CARTESIAN_POINT('',(99.1936706770642,32.4745249141488,4.00668510975914));
#5864=CARTESIAN_POINT('',(99.5836516006421,32.021820660045,3.60113123827139));
#5865=CARTESIAN_POINT('',(100.255456914608,32.013346054837,3.83779007317262));
#5866=CARTESIAN_POINT('',(99.2039583521412,32.7919437904366,3.75218649028383));
#5867=CARTESIAN_POINT('',(99.5380862162631,31.9517107396366,3.41142227512917));
#5868=CARTESIAN_POINT('',(100.429430150846,32.1743607640886,3.66812432685592));
#5869=CARTESIAN_POINT('',(99.208679802887,32.8781915985372,3.43784833607018));
#5870=CARTESIAN_POINT('',(99.5001476353535,31.8654226774044,3.53707467257363));
#5871=CARTESIAN_POINT('',(100.480399803832,32.2191274316483,3.45856555738011));
#5872=CARTESIAN_POINT('',(99.1993558282702,32.691244264829,3.14012435329914));
#5873=CARTESIAN_POINT('',(99.5646427465114,32.0071051958363,3.54578898072283));
#5874=CARTESIAN_POINT('',(100.371676473642,32.1225807632071,3.26008290219943));
#5875=CARTESIAN_POINT('',(99.1952852954597,32.4370163660902,2.990616234808));
#5876=CARTESIAN_POINT('',(99.575568223502,31.9882036893391,3.36908492366529));
#5877=CARTESIAN_POINT('',(100.240297693729,31.9957819685825,3.16041082320533));
#5878=CARTESIAN_POINT('',(99.1982158388479,32.2897689810805,2.92937632716074));
#5879=CARTESIAN_POINT('',(99.5720756938141,31.9372481465682,3.28396391270761));
#5880=CARTESIAN_POINT('',(100.174242386463,31.9250384777884,3.11958421810716));
#5881=CARTESIAN_POINT('',(95.0792835327478,43.0112453670345,2.98193608769415));
#5882=CARTESIAN_POINT('',(95.5008189921217,42.6202195159033,3.34995150359954));
#5883=CARTESIAN_POINT('',(96.1498176737742,42.7019300201002,3.15462405846277));
#5884=CARTESIAN_POINT('',(95.0943232727263,42.8771275450584,2.91338278189479));
#5885=CARTESIAN_POINT('',(95.5045780957552,42.5923735902714,3.27275451755039));
#5886=CARTESIAN_POINT('',(96.0924205110304,42.6292223677396,3.10892185459653));
#5887=CARTESIAN_POINT('',(95.1361945737638,42.5658547509586,2.80345046428194));
#5888=CARTESIAN_POINT('',(95.5006540849866,42.4608759374639,3.10241280565852));
#5889=CARTESIAN_POINT('',(95.9715982768371,42.4650395071272,3.03563364285457));
#5890=CARTESIAN_POINT('',(95.2967015632719,41.9869013880279,2.7283774069845));
#5891=CARTESIAN_POINT('',(95.5606886249094,42.0842745440164,2.95975546844805));
#5892=CARTESIAN_POINT('',(95.8920562547433,42.2120685757826,2.9855849379901));
#5893=CARTESIAN_POINT('',(95.6067270953328,41.4495052403066,2.78527429237683));
#5894=CARTESIAN_POINT('',(95.7892543596513,41.7566456548146,3.06912006923279));
#5895=CARTESIAN_POINT('',(96.1001713467096,42.0776186783801,3.02351619491782));
#5896=CARTESIAN_POINT('',(95.9153963954338,41.0710961084624,2.93859653394499));
#5897=CARTESIAN_POINT('',(95.966815295344,41.6030843141872,3.32365554533158));
#5898=CARTESIAN_POINT('',(96.405677732705,42.0389794430033,3.12573102262983));
#5899=CARTESIAN_POINT('',(96.1596821606241,40.8041925178692,3.17084979901055));
#5900=CARTESIAN_POINT('',(95.9458512754563,41.589136133089,3.56390678479508));
#5901=CARTESIAN_POINT('',(96.6685416255214,42.028231263123,3.28056653267375));
#5902=CARTESIAN_POINT('',(96.2704231105684,40.6903472498829,3.47561021704096));
#5903=CARTESIAN_POINT('',(95.8128030251846,41.6500070915432,3.51521296163444));
#5904=CARTESIAN_POINT('',(96.792415997936,42.0277146900396,3.48374014469395));
#5905=CARTESIAN_POINT('',(96.1880485874039,40.7747040686205,3.78543057206559));
#5906=CARTESIAN_POINT('',(95.9228738755728,41.5989769537231,3.41831337805455));
#5907=CARTESIAN_POINT('',(96.7000516967428,42.0278996790152,3.69028704804375));
#5908=CARTESIAN_POINT('',(95.9577558793498,41.0229516383396,4.03165452595779));
#5909=CARTESIAN_POINT('',(95.9789628041341,41.5912957174496,3.63386793630817));
#5910=CARTESIAN_POINT('',(96.4500453002081,42.0359805886411,3.85443635063852));
#5911=CARTESIAN_POINT('',(95.655215011852,41.385368776041,4.19695821645888));
#5912=CARTESIAN_POINT('',(95.8243224733817,41.724516929888,3.89825624273747));
#5913=CARTESIAN_POINT('',(96.1451702093426,42.0686966256032,3.9646388109726));
#5914=CARTESIAN_POINT('',(95.3361021361803,41.8972962771663,4.2716212107971));
#5915=CARTESIAN_POINT('',(95.5867114114139,42.0249968080076,4.04028624635265));
#5916=CARTESIAN_POINT('',(95.9052263770585,42.1820152286085,4.01441414053137));
#5917=CARTESIAN_POINT('',(95.1508327674999,42.4861355493396,4.21455330117466));
#5918=CARTESIAN_POINT('',(95.5006899644549,42.4130783832301,3.93048206671196));
#5919=CARTESIAN_POINT('',(95.9475683834038,42.4255123263009,3.97636886744987));
#5920=CARTESIAN_POINT('',(95.0802265676722,42.9693802460419,4.06112676212396));
#5921=CARTESIAN_POINT('',(95.507161345769,42.6474194345634,3.67625484854618));
#5922=CARTESIAN_POINT('',(96.1252327543833,42.676780690098,3.87408450808229));
#5923=CARTESIAN_POINT('',(95.0486551413538,43.3281728248688,3.8301907593971));
#5924=CARTESIAN_POINT('',(95.4829908722757,42.6418356716187,3.43678718140304));
#5925=CARTESIAN_POINT('',(96.2941802512363,42.8769535575097,3.72012717293134));
#5926=CARTESIAN_POINT('',(95.0394065150949,43.4881746082418,3.52516518399231));
#5927=CARTESIAN_POINT('',(95.4377731289067,42.5022528253876,3.48420907614435));
#5928=CARTESIAN_POINT('',(96.3781643803577,42.969436438553,3.51677678932822));
#5929=CARTESIAN_POINT('',(95.0459561338925,43.370561682815,3.2147702990781));
#5930=CARTESIAN_POINT('',(95.4744999845019,42.6177859905932,3.58195867509815));
#5931=CARTESIAN_POINT('',(96.3159812532998,42.9012854212908,3.30984686605205));
#5932=CARTESIAN_POINT('',(95.0642437927692,43.1453631890105,3.05048939349351));
#5933=CARTESIAN_POINT('',(95.4967941264369,42.6500340997681,3.43260618152609));
#5934=CARTESIAN_POINT('',(96.2072148365179,42.7746376724608,3.20032626232902));
#5935=CARTESIAN_POINT('',(95.0792835327478,43.0112453670345,2.98193608769415));
#5936=CARTESIAN_POINT('',(95.5008189921217,42.6202195159033,3.34995150359954));
#5937=CARTESIAN_POINT('',(96.1498176737742,42.7019300201002,3.15462405846277));
#5938=CARTESIAN_POINT('',(89.8419408834924,53.0619238260002,2.959694220521));
#5939=CARTESIAN_POINT('',(90.2956833106264,52.752537199399,3.32311752055745));
#5940=CARTESIAN_POINT('',(90.9132526344975,52.8892126329118,3.139796147014));
#5941=CARTESIAN_POINT('',(89.8735021947331,52.9254065920377,2.8941225986861));
#5942=CARTESIAN_POINT('',(90.302429522598,52.7169792829287,3.24419447350867));
#5943=CARTESIAN_POINT('',(90.8638084575489,52.8085100211412,3.0960817324574));
#5944=CARTESIAN_POINT('',(89.9536453535149,52.6129265753994,2.79002862257683));
#5945=CARTESIAN_POINT('',(90.3141038893695,52.5705729762135,3.07780897618597));
#5946=CARTESIAN_POINT('',(90.7634701361393,52.6298238914636,3.0266857483846));
#5947=CARTESIAN_POINT('',(90.1952062570711,52.0488563242974,2.72798815375488));
#5948=CARTESIAN_POINT('',(90.4346598641742,52.1956366825819,2.95901733301292));
#5949=CARTESIAN_POINT('',(90.7379386004011,52.3790691784423,2.98532543583655));
#5950=CARTESIAN_POINT('',(90.5675218572388,51.5673322224579,2.79846340795034));
#5951=CARTESIAN_POINT('',(90.7029873789701,51.9152983167107,3.09338904736101));
#5952=CARTESIAN_POINT('',(90.9823630017785,52.2865019274794,3.03230893863363));
#5953=CARTESIAN_POINT('',(90.9086876778784,51.2373121829655,2.96024624014633));
#5954=CARTESIAN_POINT('',(90.8772120811987,51.7957306284722,3.35460214761673));
#5955=CARTESIAN_POINT('',(91.2885308603022,52.2858357061973,3.14016416009729));
#5956=CARTESIAN_POINT('',(91.1686524063821,51.0112641118384,3.20193274722666));
#5957=CARTESIAN_POINT('',(90.8311728797894,51.792305874252,3.57730576230161));
#5958=CARTESIAN_POINT('',(91.5411771170338,52.304659273975,3.30128849815118));
#5959=CARTESIAN_POINT('',(91.2688844817093,50.928755097613,3.51009627646923));
#5960=CARTESIAN_POINT('',(90.7081587137045,51.8335897013925,3.49370364139889));
#5961=CARTESIAN_POINT('',(91.6421851446208,52.3154582550251,3.50673085097947));
#5962=CARTESIAN_POINT('',(91.1555790808745,51.0221931742137,3.81644412123114));
#5963=CARTESIAN_POINT('',(90.8412065208409,51.7892654462415,3.42990216324457));
#5964=CARTESIAN_POINT('',(91.5281339915713,52.3033785459182,3.71096274748743));
#5965=CARTESIAN_POINT('',(90.8878862805299,51.2561868024276,4.05318654298515));
#5966=CARTESIAN_POINT('',(90.8719162640749,51.799942890491,3.66410592765304));
#5967=CARTESIAN_POINT('',(91.2689177949756,52.2849288193791,3.86879102865677));
#5968=CARTESIAN_POINT('',(90.5398206134791,51.5966330296304,4.21054953547022));
#5969=CARTESIAN_POINT('',(90.6838934699011,51.9292949818733,3.92307105450343));
#5970=CARTESIAN_POINT('',(90.9593794898103,52.2884537931394,3.97369969031349));
#5971=CARTESIAN_POINT('',(90.1715769584673,52.0899691826255,4.27190686771507));
#5972=CARTESIAN_POINT('',(90.41898841459,52.222915970212,4.04083379357879));
#5973=CARTESIAN_POINT('',(90.7301541143243,52.3929289453245,4.01460457847667));
#5974=CARTESIAN_POINT('',(89.9423397195501,52.6507080896695,4.20125923594317));
#5975=CARTESIAN_POINT('',(90.3115894786453,52.593700791781,3.90614554192663));
#5976=CARTESIAN_POINT('',(90.7729935739159,52.6502122788492,3.96750615729554));
#5977=CARTESIAN_POINT('',(89.8270603350823,53.1108670203779,4.03964840418932));
#5978=CARTESIAN_POINT('',(90.2949682143186,52.8042067319472,3.64523909336018));
#5979=CARTESIAN_POINT('',(90.9251838566528,52.9154181886138,3.85976560279255));
#5980=CARTESIAN_POINT('',(89.7613153212938,53.4491260451805,3.79768427840235));
#5981=CARTESIAN_POINT('',(90.2690030834357,52.7657631483175,3.42253244618142));
#5982=CARTESIAN_POINT('',(91.0679392470248,53.1249068049908,3.69845618560165));
#5983=CARTESIAN_POINT('',(89.7400625656138,53.5766641904091,3.48952570860811));
#5984=CARTESIAN_POINT('',(90.243292095911,52.638769328487,3.50646000585291));
#5985=CARTESIAN_POINT('',(91.1275520307515,53.206649777551,3.49301713907205));
#5986=CARTESIAN_POINT('',(89.7642774860708,53.4320299791743,3.18345835358623));
#5987=CARTESIAN_POINT('',(90.2714446903086,52.776428298433,3.57020284580801));
#5988=CARTESIAN_POINT('',(91.0601351978312,53.1140395620871,3.28897223572416));
#5989=CARTESIAN_POINT('',(89.8103795722518,53.1984410599626,3.0252658423559));
#5990=CARTESIAN_POINT('',(90.2884716531726,52.7905483847027,3.40748575311735));
#5991=CARTESIAN_POINT('',(90.9626968114462,52.9699152446824,3.18351056157059));
#5992=CARTESIAN_POINT('',(89.8419408834924,53.0619238260002,2.959694220521));
#5993=CARTESIAN_POINT('',(90.2956833106264,52.752537199399,3.32311752055745));
#5994=CARTESIAN_POINT('',(90.9132526344975,52.8892126329118,3.139796147014));
#5995=CARTESIAN_POINT('',(83.5070352101277,62.5973810100006,2.99661132578175));
#5996=CARTESIAN_POINT('',(84.0102240125599,62.285625014538,3.36674849192545));
#5997=CARTESIAN_POINT('',(84.6367459062116,62.5178334415312,3.16440755051892));
#5998=CARTESIAN_POINT('',(83.5491791165258,62.4727556819465,2.92618280650758));
#5999=CARTESIAN_POINT('',(84.0194545109724,62.2645169550512,3.29115576048365));
#6000=CARTESIAN_POINT('',(84.596655648095,62.4359874351462,3.11745520433616));
#6001=CARTESIAN_POINT('',(83.6540908113258,62.1827526973182,2.81263594361934));
#6002=CARTESIAN_POINT('',(84.0425438148524,62.1452981042087,3.1189576990244));
#6003=CARTESIAN_POINT('',(84.5133147516048,62.2512925472948,3.0417572957441));
#6004=CARTESIAN_POINT('',(83.9237543306277,61.6563220021414,2.72962170257188));
#6005=CARTESIAN_POINT('',(84.1700540331789,61.7959064389122,2.96218414082626));
#6006=CARTESIAN_POINT('',(84.4759762104997,61.9808696186546,2.98641446837898));
#6007=CARTESIAN_POINT('',(84.3386338335692,61.1869230037533,2.77724171144241));
#6008=CARTESIAN_POINT('',(84.4597986727026,61.5123800153307,3.05416968663667));
#6009=CARTESIAN_POINT('',(84.6927982085604,61.8803888783878,3.01816114095944));
#6010=CARTESIAN_POINT('',(84.7272067161479,60.8760679584902,2.92506662159363));
#6011=CARTESIAN_POINT('',(84.6787574705368,61.3928610279623,3.30352803341717));
#6012=CARTESIAN_POINT('',(85.0003604361869,61.905447300318,3.11671108105994));
#6013=CARTESIAN_POINT('',(85.0302461169025,60.6620943608386,3.15025305668914));
#6014=CARTESIAN_POINT('',(84.6803164541957,61.368132539506,3.55187058333593));
#6015=CARTESIAN_POINT('',(85.2639626155417,61.951490293921,3.26683537112391));
#6016=CARTESIAN_POINT('',(85.1794156954232,60.56384680434,3.45067361305894));
#6017=CARTESIAN_POINT('',(84.5304540430319,61.3995982922511,3.52998723780231));
#6018=CARTESIAN_POINT('',(85.3997268715956,61.9807760465763,3.46711574203703));
#6019=CARTESIAN_POINT('',(85.0975195598598,60.6173456346606,3.76398983289398));
#6020=CARTESIAN_POINT('',(84.6322401921351,61.3771430513496,3.41313635454902));
#6021=CARTESIAN_POINT('',(85.3248083527911,61.9642838318683,3.67599322192707));
#6022=CARTESIAN_POINT('',(84.8297300450113,60.8011811413394,4.01565639846524));
#6023=CARTESIAN_POINT('',(84.7069708658721,61.3753994976686,3.61249229431027));
#6024=CARTESIAN_POINT('',(85.0874433738182,61.9186944925828,3.84377093230792));
#6025=CARTESIAN_POINT('',(84.4603017602012,61.083153507334,4.18753099686056));
#6026=CARTESIAN_POINT('',(84.5415477649022,61.4649418069051,3.88109932184519));
#6027=CARTESIAN_POINT('',(84.7837980758795,61.8822637867364,3.9583539979048));
#6028=CARTESIAN_POINT('',(84.0378476111074,61.5005911584105,4.27041299587017));
#6029=CARTESIAN_POINT('',(84.2453956947701,61.6929600997372,4.03794036987398));
#6030=CARTESIAN_POINT('',(84.5141200679137,61.9285906714853,4.01360866391118));
#6031=CARTESIAN_POINT('',(83.7162262989769,62.0359529233892,4.22266850807597));
#6032=CARTESIAN_POINT('',(84.063081142657,62.053607034655,3.94565465384172));
#6033=CARTESIAN_POINT('',(84.4841658572345,62.1652783834318,3.98177900538185));
#6034=CARTESIAN_POINT('',(83.536437379927,62.5000581091596,4.07492197366652));
#6035=CARTESIAN_POINT('',(84.0147564840469,62.2984579914453,3.69648462952734));
#6036=CARTESIAN_POINT('',(84.6003431043453,62.4509730226147,3.88328131577502));
#6037=CARTESIAN_POINT('',(83.4234281388318,62.8537879283405,3.84953540742229));
#6038=CARTESIAN_POINT('',(83.9916716302939,62.3072171634346,3.44775181082135));
#6039=CARTESIAN_POINT('',(84.7237301656926,62.6888246476874,3.7330236049459));
#6040=CARTESIAN_POINT('',(83.3746620205209,63.0253334118145,3.54816329012538));
#6041=CARTESIAN_POINT('',(83.9766109422822,62.1545869420597,3.47048322365126));
#6042=CARTESIAN_POINT('',(84.7923849994102,62.8093170091028,3.53210886008134));
#6043=CARTESIAN_POINT('',(83.4012273729373,62.9305046656425,3.23520705926434));
#6044=CARTESIAN_POINT('',(83.9858739785695,62.2594662229721,3.58697480134754));
#6045=CARTESIAN_POINT('',(84.7538563003046,62.7423685856049,3.32347137284065));
#6046=CARTESIAN_POINT('',(83.4648913037296,62.7220063380546,3.06703984505591));
#6047=CARTESIAN_POINT('',(84.0003327943445,62.3082439905841,3.44775215703346));
#6048=CARTESIAN_POINT('',(84.6768361643283,62.5996794479162,3.21135989670168));
#6049=CARTESIAN_POINT('',(83.5070352101277,62.5973810100006,2.99661132578175));
#6050=CARTESIAN_POINT('',(84.0102240125599,62.285625014538,3.36674849192545));
#6051=CARTESIAN_POINT('',(84.6367459062116,62.5178334415312,3.16440755051892));
#6052=CARTESIAN_POINT('',(76.2535000965037,71.1963002748799,2.93349715575951));
#6053=CARTESIAN_POINT('',(76.7444574102223,71.0290357001279,3.28945539846789));
#6054=CARTESIAN_POINT('',(77.2985683132787,71.2755179126431,3.12233143716855));
#6055=CARTESIAN_POINT('',(76.3177424941936,71.0648593963534,2.87164622495353));
#6056=CARTESIAN_POINT('',(76.7612523091127,70.9858971546989,3.20962124209191));
#6057=CARTESIAN_POINT('',(77.2684410640098,71.1837951646635,3.0810974832979));
#6058=CARTESIAN_POINT('',(76.4721028388824,70.769331681637,2.77497033643861));
#6059=CARTESIAN_POINT('',(76.8110171995729,70.8284168973313,3.04966216505323));
#6060=CARTESIAN_POINT('',(77.2132569575229,70.9862168823505,3.01664689095464));
#6061=CARTESIAN_POINT('',(76.8531681196159,70.2737890875981,2.73000214775503));
#6062=CARTESIAN_POINT('',(77.0354416539381,70.4913144600673,2.96300833480844));
#6063=CARTESIAN_POINT('',(77.2740131628601,70.7585847832936,2.98666809849891));
#6064=CARTESIAN_POINT('',(77.3193677361889,69.9078627115319,2.81591162786537));
#6065=CARTESIAN_POINT('',(77.3541509759941,70.3006429324294,3.12491569471071));
#6066=CARTESIAN_POINT('',(77.5507240580853,70.7459348074976,3.04394108523913));
#6067=CARTESIAN_POINT('',(77.7119959568233,69.6718219727603,2.98811154049446));
#6068=CARTESIAN_POINT('',(77.5221146283877,70.2319782859846,3.39201898734251));
#6069=CARTESIAN_POINT('',(77.8453580963712,70.815217022143,3.15874102699184));
#6070=CARTESIAN_POINT('',(77.9953389272492,69.5198931366144,3.2402643561619));
#6071=CARTESIAN_POINT('',(77.4447855787211,70.2262021449778,3.58738385389054));
#6072=CARTESIAN_POINT('',(78.0741426360406,70.8857998583139,3.32684290410349));
#6073=CARTESIAN_POINT('',(78.0791449311239,69.4773910393639,3.55345981651044));
#6074=CARTESIAN_POINT('',(77.3444723216884,70.2371304020901,3.46764605993324));
#6075=CARTESIAN_POINT('',(78.1439859483969,70.909412192799,3.53563987766918));
#6076=CARTESIAN_POINT('',(77.9173045018553,69.5603481942496,3.85353839282021));
#6077=CARTESIAN_POINT('',(77.4979597702831,70.2221894537622,3.45009867071868));
#6078=CARTESIAN_POINT('',(78.0099042741477,70.8648057092053,3.73569226187555));
#6079=CARTESIAN_POINT('',(77.5889837779867,69.7422863428351,4.07888109144284));
#6080=CARTESIAN_POINT('',(77.489857466285,70.247459692883,3.70194560081358));
#6081=CARTESIAN_POINT('',(77.7500004476024,70.7896167724053,3.88592072762452));
#6082=CARTESIAN_POINT('',(77.1634041573379,70.0141713284579,4.22561777030789));
#6083=CARTESIAN_POINT('',(77.2525965951421,70.34597735952,3.95118950479081));
#6084=CARTESIAN_POINT('',(77.4445079811853,70.7323548166958,3.9837451802007));
#6085=CARTESIAN_POINT('',(76.7037319905326,70.4371146638439,4.2698159270052));
#6086=CARTESIAN_POINT('',(76.9365652718203,70.5994118053071,4.03672480468615));
#6087=CARTESIAN_POINT('',(77.2241261335379,70.8135230026016,4.01321061799903));
#6088=CARTESIAN_POINT('',(76.3803696649452,70.9328256548708,4.18394053928933));
#6089=CARTESIAN_POINT('',(76.7749164197222,70.9329967057946,3.87481912459308));
#6090=CARTESIAN_POINT('',(77.2358059572705,71.0900664383321,3.9559603595218));
#6091=CARTESIAN_POINT('',(76.1793398000171,71.3448498791162,4.01144563710685));
#6092=CARTESIAN_POINT('',(76.7211140928096,71.1062846368995,3.60727372918097));
#6093=CARTESIAN_POINT('',(77.3306374951422,71.3778043986372,3.84096375806666));
#6094=CARTESIAN_POINT('',(76.0527100537235,71.6404075999588,3.75868756259768));
#6095=CARTESIAN_POINT('',(76.7087254024753,71.0287860958965,3.41236552590372));
#6096=CARTESIAN_POINT('',(77.4209684062482,71.5996477991389,3.67245837506068));
#6097=CARTESIAN_POINT('',(76.0182363790895,71.7262615504978,3.44507273505651));
#6098=CARTESIAN_POINT('',(76.7108938429695,70.9288412589087,3.53297396088541));
#6099=CARTESIAN_POINT('',(77.4501558668022,71.6661538886756,3.46338182336652));
#6100=CARTESIAN_POINT('',(76.0866484527429,71.5579769527964,3.1460759212745));
#6101=CARTESIAN_POINT('',(76.7092877788238,71.0833366726739,3.54970206388529));
#6102=CARTESIAN_POINT('',(77.3940204531359,71.5365533702277,3.26405061417853));
#6103=CARTESIAN_POINT('',(76.1892576988137,71.3277411534065,2.99534808656549));
#6104=CARTESIAN_POINT('',(76.7265477057275,71.075037680015,3.37458875703131));
#6105=CARTESIAN_POINT('',(77.3286955625475,71.3672406606226,3.16356539103919));
#6106=CARTESIAN_POINT('',(76.2535000965037,71.1963002748799,2.93349715575951));
#6107=CARTESIAN_POINT('',(76.7444574102223,71.0290357001279,3.28945539846789));
#6108=CARTESIAN_POINT('',(77.2985683132787,71.2755179126431,3.12233143716855));
#6109=CARTESIAN_POINT('',(68.9211910185239,78.1229752251503,2.76615388782955));
#6110=CARTESIAN_POINT('',(69.0187663815875,78.415154922695,3.02873092330653));
#6111=CARTESIAN_POINT('',(69.2153993556001,78.7684953800788,3.01076925854644));
#6112=CARTESIAN_POINT('',(69.081398489217,78.0094454458324,2.7861711769317));
#6113=CARTESIAN_POINT('',(69.120135621357,78.3521583098946,3.06369378779337));
#6114=CARTESIAN_POINT('',(69.291780202549,78.7561747431794,3.02411411794787));
#6115=CARTESIAN_POINT('',(69.3992784488431,77.8371816758721,2.8653903095329));
#6116=CARTESIAN_POINT('',(69.3230348456507,78.2821795276237,3.20996959763195));
#6117=CARTESIAN_POINT('',(69.4878790487687,78.8000931770067,3.07692687301532));
#6118=CARTESIAN_POINT('',(69.7816827721405,77.6693293478449,3.06366757768527));
#6119=CARTESIAN_POINT('',(69.4193192407359,78.246089314908,3.4796937567646));
#6120=CARTESIAN_POINT('',(69.7576330873166,78.9040449729417,3.20911171845021));
#6121=CARTESIAN_POINT('',(70.0202664519089,77.5762927070048,3.33950328674318));
#6122=CARTESIAN_POINT('',(69.2795599742117,78.2397643502515,3.58026597973032));
#6123=CARTESIAN_POINT('',(69.9361964354728,78.9841949221982,3.39300219115547));
#6124=CARTESIAN_POINT('',(70.0217877014221,77.5757012678481,3.6582356195095));
#6125=CARTESIAN_POINT('',(69.2782672802978,78.239728439181,3.41997957565757));
#6126=CARTESIAN_POINT('',(69.9373369520698,78.9847085005507,3.60549041299969));
#6127=CARTESIAN_POINT('',(69.7814559566825,77.669413152729,3.9369460916934));
#6128=CARTESIAN_POINT('',(69.419822806217,78.2460779905906,3.52002127544337));
#6129=CARTESIAN_POINT('',(69.7574585050166,78.9039623268254,3.79129739445562));
#6130=CARTESIAN_POINT('',(69.3973781599801,77.8379777470524,4.13539531772234));
#6131=CARTESIAN_POINT('',(69.3222502225634,78.2823141889164,3.7914211137775));
#6132=CARTESIAN_POINT('',(69.4865077784722,78.7995281331937,3.92359687847495));
#6133=CARTESIAN_POINT('',(68.9189039074598,78.0979961195218,4.25387433466619));
#6134=CARTESIAN_POINT('',(69.0229347849073,78.3861313142594,4.00546077693207));
#6135=CARTESIAN_POINT('',(69.1919534495679,78.7343602181582,4.00258288977084));
#6136=CARTESIAN_POINT('',(68.4365412835234,78.5201777067512,4.25443717073588));
#6137=CARTESIAN_POINT('',(68.7075286895529,78.6618593225154,4.00649055615256));
#6138=CARTESIAN_POINT('',(69.0295191258287,78.8751116437764,4.00295811381737));
#6139=CARTESIAN_POINT('',(68.1142613495831,78.9629071982055,4.1357401368043));
#6140=CARTESIAN_POINT('',(68.5642741260967,78.9468116567526,3.79190583472492));
#6141=CARTESIAN_POINT('',(69.0554238870901,79.1769007175116,3.9238267578629));
#6142=CARTESIAN_POINT('',(67.8974819821138,79.3209291484245,3.93779003799001));
#6143=CARTESIAN_POINT('',(68.5157185283143,79.039010033534,3.52128019867238));
#6144=CARTESIAN_POINT('',(69.1234629845385,79.4585682156102,3.79186002532005));
#6145=CARTESIAN_POINT('',(67.7728067672278,79.5475456946961,3.66038528922435));
#6146=CARTESIAN_POINT('',(68.5276097083792,78.8989197985599,3.41932456038377));
#6147=CARTESIAN_POINT('',(69.1800958144352,79.6478553111717,3.6069235261429));
#6148=CARTESIAN_POINT('',(67.7726403588053,79.5478869695773,3.34039299552307));
#6149=CARTESIAN_POINT('',(68.5277059669945,78.8983703276971,3.58049573726155));
#6150=CARTESIAN_POINT('',(69.1802041596961,79.6481589818572,3.39359533034212));
#6151=CARTESIAN_POINT('',(67.8971551028783,79.3214082065691,3.06224422842855));
#6152=CARTESIAN_POINT('',(68.5155608273151,79.0394189668936,3.47920935854111));
#6153=CARTESIAN_POINT('',(69.1235143662082,79.4589133275548,3.20816281894552));
#6154=CARTESIAN_POINT('',(68.1158047304128,78.9605307280517,2.86324816920628));
#6155=CARTESIAN_POINT('',(68.5647475652835,78.9458127330331,3.20656986559731));
#6156=CARTESIAN_POINT('',(69.0550846212586,79.175120750377,3.07549877946429));
#6157=CARTESIAN_POINT('',(68.4380336246845,78.5183603517796,2.74528657491999));
#6158=CARTESIAN_POINT('',(68.7083802891831,78.6604369330023,2.99290839285453));
#6159=CARTESIAN_POINT('',(69.0295939670752,78.8740169984028,2.99685771660671));
#6160=CARTESIAN_POINT('',(68.7609835478308,78.2365050044682,2.7461365987274));
#6161=CARTESIAN_POINT('',(68.9196406263569,78.4767573065643,2.99454185021919));
#6162=CARTESIAN_POINT('',(69.1390185086512,78.7808160169781,2.997424399145));
#6163=CARTESIAN_POINT('',(68.9211910185239,78.1229752251503,2.76615388782955));
#6164=CARTESIAN_POINT('',(69.0187663815875,78.415154922695,3.02873092330653));
#6165=CARTESIAN_POINT('',(69.2153993556001,78.7684953800788,3.01076925854644));
#6166=CARTESIAN_POINT('',(92.2791308662119,-2.02071942626992E-13,3.5));
#6167=CARTESIAN_POINT('',(100.455213901519,-9.52804645441037E-14,3.5));
#6168=CARTESIAN_POINT('',(100.455213901519,1.52289056420649,1.91229589360909));
#6169=CARTESIAN_POINT('',(100.455213901519,1.52289056420645,5.08770410639095));
#6170=CARTESIAN_POINT('',(100.455213901519,-9.52804645441037E-14,3.5));
#6171=CARTESIAN_POINT('',(100.455213901519,-9.52804645441037E-14,3.5));
#6172=CARTESIAN_POINT('',(100.455213901519,1.52289056420645,5.08770410639095));
#6173=CARTESIAN_POINT('',(100.455213901519,1.19426596672279,5.29616067061537));
#6174=CARTESIAN_POINT('',(100.455213901519,0.455531628336299,5.58152507717229));
#6175=CARTESIAN_POINT('',(100.455213901519,-0.736345447540564,5.42396118182584));
#6176=CARTESIAN_POINT('',(100.455213901519,-1.66794875266933,4.65149478586907));
#6177=CARTESIAN_POINT('',(100.455213901519,-2.01657126747779,3.49131439645144));
#6178=CARTESIAN_POINT('',(100.455213901519,-1.65953992491666,2.33631668324877));
#6179=CARTESIAN_POINT('',(100.455213901519,-0.72224860798944,1.57069708114416));
#6180=CARTESIAN_POINT('',(100.455213901519,0.461982646696971,1.42110927797366));
#6181=CARTESIAN_POINT('',(100.455213901519,1.19495245513126,1.70427478983435));
#6182=CARTESIAN_POINT('',(100.455213901519,1.52289056420649,1.91229589360909));
#6183=CARTESIAN_POINT('',(101.796127001036,1.01932609344327,2.70614794680455));
#6184=CARTESIAN_POINT('',(100.455213901519,0.758857065142521,3.11676840340063));
#6185=CARTESIAN_POINT('',(100.455213901519,1.52289056420649,1.91229589360909));
#6186=CARTESIAN_POINT('',(101.851371444151,1.12748461774759,2.75103192181355));
#6187=CARTESIAN_POINT('',(100.50248388545,0.786839357046835,3.22181871215077));
#6188=CARTESIAN_POINT('',(100.455213901519,1.64144103325149,2.0260068913891));
#6189=CARTESIAN_POINT('',(101.967524117035,1.34917647435497,2.85128302258744));
#6190=CARTESIAN_POINT('',(100.616016806613,0.804003066063727,3.44532838634971));
#6191=CARTESIAN_POINT('',(100.455213901519,1.84269400275403,2.26937075703678));
#6192=CARTESIAN_POINT('',(102.139797978568,1.71579849508783,3.03395720014683));
#6193=CARTESIAN_POINT('',(100.858400927503,0.684359059962567,3.77381070441213));
#6194=CARTESIAN_POINT('',(100.455213901519,2.05127751063634,2.6659458479029));
#6195=CARTESIAN_POINT('',(102.242081598208,2.01650195752131,3.21445081673314));
#6196=CARTESIAN_POINT('',(101.134863676144,0.402781944330043,3.91148199849876));
#6197=CARTESIAN_POINT('',(100.455213901519,2.15241151762357,3.0083050345151));
#6198=CARTESIAN_POINT('',(102.281766008967,2.17127268841487,3.37443371202922));
#6199=CARTESIAN_POINT('',(101.329583477408,0.156709212068944,3.75684484965195));
#6200=CARTESIAN_POINT('',(100.455213901519,2.1931575510459,3.2874623447448));
#6201=CARTESIAN_POINT('',(102.291454645273,2.21426304660099,3.50036198789009));
#6202=CARTESIAN_POINT('',(101.39313862074,0.0712177273432148,3.49931541143797));
#6203=CARTESIAN_POINT('',(100.455213901519,2.20339580166347,3.50061670069036));
#6204=CARTESIAN_POINT('',(102.281867334982,2.17168803441401,3.62470145191644));
#6205=CARTESIAN_POINT('',(101.330161718701,0.155956273242048,3.24457986880049));
#6206=CARTESIAN_POINT('',(100.455213901519,2.19325920541358,3.71105766198954));
#6207=CARTESIAN_POINT('',(102.242099454177,2.01653538468955,3.78579825865558));
#6208=CARTESIAN_POINT('',(101.134881135165,0.402803168520427,3.08791859043424));
#6209=CARTESIAN_POINT('',(100.455213901519,2.15244729717209,3.99210276459887));
#6210=CARTESIAN_POINT('',(102.140053121266,1.7165940913405,3.96545290849511));
#6211=CARTESIAN_POINT('',(100.859093680012,0.683504891533844,3.22611714819848));
#6212=CARTESIAN_POINT('',(100.455213901519,2.05138113379279,4.33299744578501));
#6213=CARTESIAN_POINT('',(101.968758596424,1.35157347226598,4.14765962978971));
#6214=CARTESIAN_POINT('',(100.617318203299,0.804070282124496,3.55217173734697));
#6215=CARTESIAN_POINT('',(100.455213901519,1.84473413365095,4.72808541164916));
#6216=CARTESIAN_POINT('',(101.85087587889,1.12651439081487,4.24937070625959));
#6217=CARTESIAN_POINT('',(100.502051838451,0.78658360797235,3.77914144127527));
#6218=CARTESIAN_POINT('',(100.455213901519,1.64037759456942,4.9750131447604));
#6219=CARTESIAN_POINT('',(101.796127001036,1.01932609344324,4.29385205319547));
#6220=CARTESIAN_POINT('',(100.455213901519,0.758857065142512,3.88323159659939));
#6221=CARTESIAN_POINT('',(100.455213901519,1.52289056420645,5.08770410639094));
#6222=CARTESIAN_POINT('',(101.455213901519,1.5228905642065,1.91229589360909));
#6223=CARTESIAN_POINT('',(101.455213901519,1.52289056420646,5.08770410639095));
#6224=CARTESIAN_POINT('',(100.455213901519,1.52289056420649,1.91229589360909));
#6225=CARTESIAN_POINT('',(100.455213901519,0.758857065142523,3.11676840340063));
#6226=CARTESIAN_POINT('',(101.796127001036,1.01932609344327,2.70614794680454));
#6227=CARTESIAN_POINT('',(100.455213901519,1.19486802464099,1.70422122499837));
#6228=CARTESIAN_POINT('',(100.455213901508,0.702103416047973,2.85769804914408));
#6229=CARTESIAN_POINT('',(101.668074990798,0.76862364208408,2.60211062751389));
#6230=CARTESIAN_POINT('',(100.455213901519,0.461684111962835,1.42101747497267));
#6231=CARTESIAN_POINT('',(100.455213901524,0.374831941042506,2.4836931205041));
#6232=CARTESIAN_POINT('',(101.478990857752,0.32098186131666,2.46050873052098));
#6233=CARTESIAN_POINT('',(100.455213901519,-0.722844019200885,1.57088405670326));
#6234=CARTESIAN_POINT('',(100.455213901518,-0.335174186471035,2.41996303135603));
#6235=CARTESIAN_POINT('',(101.335764876915,-0.313514734066829,2.53544203020829));
#6236=CARTESIAN_POINT('',(100.455213901519,-1.66012631565192,2.33706677344522));
#6237=CARTESIAN_POINT('',(100.45521390152,-0.928574847607527,2.81811530516504));
#6238=CARTESIAN_POINT('',(101.268318554742,-0.797142051952497,2.91853338626129));
#6239=CARTESIAN_POINT('',(100.455213901519,-2.01662899541332,3.49258417002466));
#6240=CARTESIAN_POINT('',(100.455213901519,-1.15769881607337,3.49561932047338));
#6241=CARTESIAN_POINT('',(101.248765320151,-0.979289923633017,3.49629208500081));
#6242=CARTESIAN_POINT('',(100.455213901519,-1.66715800541032,4.652871626097));
#6243=CARTESIAN_POINT('',(100.455213901519,-0.933046630660454,4.17612891080747));
#6244=CARTESIAN_POINT('',(101.267899200817,-0.800757620659141,4.07643581355588));
#6245=CARTESIAN_POINT('',(100.455213901519,-0.734513808540693,5.42462781086308));
#6246=CARTESIAN_POINT('',(100.45521390152,-0.342574667749212,4.5784834395311));
#6247=CARTESIAN_POINT('',(101.334774002099,-0.319535037504208,4.46231390341353));
#6248=CARTESIAN_POINT('',(100.455213901519,0.457223711528958,5.58177024345975));
#6249=CARTESIAN_POINT('',(100.455213901518,0.373599803884317,4.51905524110939));
#6250=CARTESIAN_POINT('',(101.47760173235,0.318027293823288,4.54088512929454));
#6251=CARTESIAN_POINT('',(100.455213901519,1.1974364902014,5.29414952679414));
#6252=CARTESIAN_POINT('',(100.455213901523,0.702508750122352,4.14045172570528));
#6253=CARTESIAN_POINT('',(101.669077653947,0.770586673833787,4.39707474709152));
#6254=CARTESIAN_POINT('',(100.455213901519,1.52289056420644,5.08770410639094));
#6255=CARTESIAN_POINT('',(100.455213901519,0.75885706514251,3.8832315965994));
#6256=CARTESIAN_POINT('',(101.796127001036,1.01932609344324,4.29385205319547));
#6257=CARTESIAN_POINT('',(304.898265230297,534.099286518486,3.5));
#6258=CARTESIAN_POINT('',(304.898265230297,534.099286518486,3.5));
#6259=CARTESIAN_POINT('',(302.151923788647,529.342483606615,3.5));
#6260=CARTESIAN_POINT('',(302.151923788647,529.342483606615,3.5));
#6261=CARTESIAN_POINT('',(303.47079262098,528.581034331242,1.9123035541592));
#6262=CARTESIAN_POINT('',(303.47079262098,528.581034331242,5.08769644584056));
#6263=CARTESIAN_POINT('',(302.151923788647,529.342483606615,3.5));
#6264=CARTESIAN_POINT('',(302.151923788647,529.342483606615,3.5));
#6265=CARTESIAN_POINT('',(303.47079262098,528.581034331242,5.08769644584052));
#6266=CARTESIAN_POINT('',(303.189005160974,528.743724397131,5.29409748048624));
#6267=CARTESIAN_POINT('',(302.549123611622,529.113160181899,5.58139372672527));
#6268=CARTESIAN_POINT('',(301.516928695065,529.709098194829,5.42525535458561));
#6269=CARTESIAN_POINT('',(300.709671405682,530.175168408159,4.6543859204077));
#6270=CARTESIAN_POINT('',(300.404999711039,530.351070693076,3.49779053816132));
#6271=CARTESIAN_POINT('',(300.714497553209,530.172382030586,2.3364569237919));
#6272=CARTESIAN_POINT('',(301.522283696022,529.706006483585,1.5732040878719));
#6273=CARTESIAN_POINT('',(302.551270363301,529.111920754239,1.41969337738876));
#6274=CARTESIAN_POINT('',(303.188476015323,528.744029899515,1.70551493587246));
#6275=CARTESIAN_POINT('',(303.470792620979,528.581034331242,1.91230355415924));
#6276=CARTESIAN_POINT('',(304.75,527.842483606615,3.5));
#6277=CARTESIAN_POINT('',(302.364231509295,527.67155070892,2.70615177707964));
#6278=CARTESIAN_POINT('',(302.253339397751,527.84268088435,2.63078997848186));
#6279=CARTESIAN_POINT('',(302.01437113661,528.182726942563,2.49205562485476));
#6280=CARTESIAN_POINT('',(301.541789355542,528.6535355392,2.4857600987227));
#6281=CARTESIAN_POINT('',(301.083771783904,529.016205582514,2.84584477788445));
#6282=CARTESIAN_POINT('',(300.892586889935,529.155317078387,3.49809147556826));
#6283=CARTESIAN_POINT('',(301.081215602175,529.018048976815,4.14972861156985));
#6284=CARTESIAN_POINT('',(301.537757883694,528.657165626576,4.51344383694374));
#6285=CARTESIAN_POINT('',(302.014300966644,528.183102789102,4.50845574775823));
#6286=CARTESIAN_POINT('',(302.253138147938,527.842991455727,4.36934679001914));
#6287=CARTESIAN_POINT('',(302.364231509295,527.67155070892,4.29384822292032));
#6288=CARTESIAN_POINT('',(302.364231509295,527.67155070892,2.70615177707964));
#6289=CARTESIAN_POINT('',(302.364231509295,527.67155070892,4.29384822292031));
#6290=CARTESIAN_POINT('',(302.364231509295,527.67155070892,4.29384822292031));
#6291=CARTESIAN_POINT('',(302.430711667178,527.568957648668,4.24866859562881));
#6292=CARTESIAN_POINT('',(302.560253409126,527.364940912929,4.15148586302404));
#6293=CARTESIAN_POINT('',(302.763049875181,527.071813072302,3.99194230307338));
#6294=CARTESIAN_POINT('',(302.947175767135,526.849088798629,3.83605941667368));
#6295=CARTESIAN_POINT('',(303.091127623813,526.700978475841,3.68008160574652));
#6296=CARTESIAN_POINT('',(303.167411766212,526.630144826535,3.49159636604177));
#6297=CARTESIAN_POINT('',(303.082578338573,526.709231905594,3.30993369621498));
#6298=CARTESIAN_POINT('',(302.940058927284,526.857337393293,3.15727540992395));
#6299=CARTESIAN_POINT('',(302.758238681095,527.078444696574,3.00439199108136));
#6300=CARTESIAN_POINT('',(302.558609112605,527.367592928447,2.8472123117564));
#6301=CARTESIAN_POINT('',(302.430028589964,527.570011782473,2.75086718805575));
#6302=CARTESIAN_POINT('',(302.364231509295,527.67155070892,2.70615177707962));
#6303=CARTESIAN_POINT('',(584.012668202911,20.4374819620042,3.5));
#6304=CARTESIAN_POINT('',(604.223672342871,20.6790220677977,3.27597399817061));
#6305=CARTESIAN_POINT('',(604.432205846059,20.7876757272256,3.14834791616684));
#6306=CARTESIAN_POINT('',(604.612113681138,20.8980335683158,3.06659653227217));
#6307=CARTESIAN_POINT('',(604.7425134464,21.0096907823246,3.02079761470949));
#6308=CARTESIAN_POINT('',(604.824326606709,21.1264104764155,2.99526538347905));
#6309=CARTESIAN_POINT('',(604.78423464457,21.2665055755967,3.00539324850566));
#6310=CARTESIAN_POINT('',(604.649499743712,21.3831056431363,3.04653723983614));
#6311=CARTESIAN_POINT('',(604.465847811576,21.4872804969857,3.11839008736728));
#6312=CARTESIAN_POINT('',(604.251177684701,21.584632600832,3.23625004248694));
#6313=CARTESIAN_POINT('',(604.058595918269,21.6620194979767,3.45939028259744));
#6314=CARTESIAN_POINT('',(604.194684251551,21.6079205355663,3.72685428782971));
#6315=CARTESIAN_POINT('',(604.410300342795,21.5138841499923,3.85343032088475));
#6316=CARTESIAN_POINT('',(604.595722679989,21.4167980454956,3.93400793594286));
#6317=CARTESIAN_POINT('',(604.731615168516,21.3158452042562,3.97913549048651));
#6318=CARTESIAN_POINT('',(604.82150155005,21.2052315464687,4.00471819142129));
#6319=CARTESIAN_POINT('',(604.791552454506,21.0628507588144,3.9946625928521));
#6320=CARTESIAN_POINT('',(604.665744733266,20.9372789179016,3.95366733666878));
#6321=CARTESIAN_POINT('',(604.49050553167,20.8208143346193,3.88227721766229));
#6322=CARTESIAN_POINT('',(604.283891728445,20.7089260143993,3.76480785471738));
#6323=CARTESIAN_POINT('',(604.096297220696,20.6177815079467,3.54467823432044));
#6324=CARTESIAN_POINT('',(604.223672342871,20.6790220677977,3.27597399817061));
#6325=CARTESIAN_POINT('',(604.432205846059,20.7876757272256,3.14834791616684));
#6326=CARTESIAN_POINT('',(604.612113681138,20.8980335683158,3.06659653227217));
#6327=CARTESIAN_POINT('',(604.43343182921,20.7916383522056,3.15326865305527));
#6328=CARTESIAN_POINT('',(586.129138310997,56.4378168488095,3.5));
#6329=CARTESIAN_POINT('',(602.309140866874,57.8165114121843,3.96956613941922));
#6330=CARTESIAN_POINT('',(602.182715410507,57.7019178825083,3.92067899097725));
#6331=CARTESIAN_POINT('',(602.011238700944,57.5858211792463,3.83495913792193));
#6332=CARTESIAN_POINT('',(601.803595063343,57.4630583106599,3.69477594578271));
#6333=CARTESIAN_POINT('',(601.731032447687,57.4228056103396,3.40485155416999));
#6334=CARTESIAN_POINT('',(601.93084214791,57.5362512417523,3.21385314339542));
#6335=CARTESIAN_POINT('',(602.128570861574,57.663316336812,3.10139975887286));
#6336=CARTESIAN_POINT('',(602.295555614253,57.7932883895211,3.03472507863109));
#6337=CARTESIAN_POINT('',(602.403714312685,57.9423635664036,2.99792569022202));
#6338=CARTESIAN_POINT('',(602.378321983818,58.0854669243596,3.00120058824018));
#6339=CARTESIAN_POINT('',(602.273323781755,58.172916787511,3.03093069594708));
#6340=CARTESIAN_POINT('',(602.127600454691,58.2606873147445,3.07985332436256));
#6341=CARTESIAN_POINT('',(601.937552253874,58.3416959428843,3.1656567884103));
#6342=CARTESIAN_POINT('',(601.712392199109,58.4218390455345,3.30451812356717));
#6343=CARTESIAN_POINT('',(601.631735537172,58.4480989800949,3.59360632027443));
#6344=CARTESIAN_POINT('',(601.848416941956,58.3752743404849,3.78513687335416));
#6345=CARTESIAN_POINT('',(602.067263200312,58.288220902361,3.8980868412435));
#6346=CARTESIAN_POINT('',(602.255296236514,58.19292005594,3.96468440888938));
#6347=CARTESIAN_POINT('',(602.390928301761,58.0679251141141,4.00188268781549));
#6348=CARTESIAN_POINT('',(602.394774359077,57.9220606500376,3.99899821950326));
#6349=CARTESIAN_POINT('',(602.309140866874,57.8165114121843,3.96956613941922));
#6350=CARTESIAN_POINT('',(602.182715410507,57.7019178825083,3.92067899097725));
#6351=CARTESIAN_POINT('',(602.011238700944,57.5858211792463,3.83495913792193));
#6352=CARTESIAN_POINT('',(602.213425448659,57.7323759455162,3.9312600502542));
#6353=CARTESIAN_POINT('',(584.600453447763,92.5916156327942,3.5));
#6354=CARTESIAN_POINT('',(597.360307946196,94.2214873406588,3.17308643367789));
#6355=CARTESIAN_POINT('',(597.521838073507,94.3441487755326,3.08618791945563));
#6356=CARTESIAN_POINT('',(597.644175480049,94.4651915847273,3.03510050957512));
#6357=CARTESIAN_POINT('',(597.726294472715,94.5714389169483,3.00433535370838));
#6358=CARTESIAN_POINT('',(597.733243438777,94.7177798564302,2.99582075567834));
#6359=CARTESIAN_POINT('',(597.594323388833,94.8450219472802,3.03077636284027));
#6360=CARTESIAN_POINT('',(597.399739991423,94.92919371975,3.09605029055011));
#6361=CARTESIAN_POINT('',(597.17427116519,95.0049767110498,3.20797770410431));
#6362=CARTESIAN_POINT('',(596.94883533854,95.0658638216955,3.39178065684286));
#6363=CARTESIAN_POINT('',(597.012015858674,95.0495822553963,3.68530126521489));
#6364=CARTESIAN_POINT('',(597.241360494946,94.9839583630729,3.8279853430857));
#6365=CARTESIAN_POINT('',(597.434095182621,94.9165209870499,3.9149791914152));
#6366=CARTESIAN_POINT('',(597.586055372345,94.8396063888265,3.96527231645426));
#6367=CARTESIAN_POINT('',(597.696028037573,94.7643443751145,3.99574489862011));
#6368=CARTESIAN_POINT('',(597.74735152072,94.6273221620088,4.00411900901107));
#6369=CARTESIAN_POINT('',(597.654741645834,94.4640663709177,3.9692309371127));
#6370=CARTESIAN_POINT('',(597.496352169653,94.324195164225,3.9043208565504));
#6371=CARTESIAN_POINT('',(597.305851339887,94.1827548540933,3.79256336920759));
#6372=CARTESIAN_POINT('',(597.110810951596,94.0554564755519,3.61144754863075));
#6373=CARTESIAN_POINT('',(597.161823689555,94.087850683292,3.31694157071759));
#6374=CARTESIAN_POINT('',(597.360307946196,94.2214873406588,3.17308643367789));
#6375=CARTESIAN_POINT('',(597.521838073507,94.3441487755326,3.08618791945563));
#6376=CARTESIAN_POINT('',(597.644175480049,94.4651915847273,3.03510050957512));
#6377=CARTESIAN_POINT('',(597.551848533867,94.3763189496058,3.07495201711036));
#6378=CARTESIAN_POINT('',(573.29249641379,127.095886588185,3.5));
#6379=CARTESIAN_POINT('',(590.539509664214,131.204610568629,3.07744794156857));
#6380=CARTESIAN_POINT('',(590.308105250248,131.273607218299,3.18053659595361));
#6381=CARTESIAN_POINT('',(590.120066980091,131.313535157132,3.31313441926228));
#6382=CARTESIAN_POINT('',(590.045077295408,131.328681793599,3.48592888677286));
#6383=CARTESIAN_POINT('',(590.09993473436,131.317649911851,3.66735151063372));
#6384=CARTESIAN_POINT('',(590.281145910398,131.27973156996,3.80403454146031));
#6385=CARTESIAN_POINT('',(590.515210958284,131.21370268579,3.91373605796093));
#6386=CARTESIAN_POINT('',(590.714800445628,131.14180823181,3.97642638947159));
#6387=CARTESIAN_POINT('',(590.849661399605,131.004321725091,4.00628239543317));
#6388=CARTESIAN_POINT('',(590.814258960692,130.813620339828,3.98434748970498));
#6389=CARTESIAN_POINT('',(590.657287865391,130.65849418912,3.92189934335761));
#6390=CARTESIAN_POINT('',(590.47784892778,130.499210658992,3.81622606328498));
#6391=CARTESIAN_POINT('',(590.284282241967,130.354078921554,3.65924638638441));
#6392=CARTESIAN_POINT('',(590.270765135713,130.344136629237,3.36099757280808));
#6393=CARTESIAN_POINT('',(590.461062420603,130.486285147622,3.19483130179257));
#6394=CARTESIAN_POINT('',(590.641922536685,130.642759784912,3.08600526360778));
#6395=CARTESIAN_POINT('',(590.793546024918,130.793269527198,3.02313609980899));
#6396=CARTESIAN_POINT('',(590.856183521639,130.974845676081,2.99372898982964));
#6397=CARTESIAN_POINT('',(590.743224632055,131.131224269309,3.01579878061343));
#6398=CARTESIAN_POINT('',(590.539509664214,131.204610568629,3.07744794156857));
#6399=CARTESIAN_POINT('',(590.308105250248,131.273607218299,3.18053659595361));
#6400=CARTESIAN_POINT('',(590.120066980091,131.313535157132,3.31313441926228));
#6401=CARTESIAN_POINT('',(590.309064998544,131.270093364454,3.18987471821635));
#6402=CARTESIAN_POINT('',(570.814402412518,163.678396016461,3.5));
#6403=CARTESIAN_POINT('',(581.261753964549,166.176832205554,3.29759810044047));
#6404=CARTESIAN_POINT('',(581.442562575075,166.335262997219,3.1610453314368));
#6405=CARTESIAN_POINT('',(581.5871016348,166.478435684853,3.07767677951114));
#6406=CARTESIAN_POINT('',(581.689666419379,166.614247163528,3.0293042641479));
#6407=CARTESIAN_POINT('',(581.753087726611,166.733663166434,3.00045436702592));
#6408=CARTESIAN_POINT('',(581.719325904412,166.875158961729,2.9985911688771));
#6409=CARTESIAN_POINT('',(581.562691560423,166.971715818683,3.03618560602785));
#6410=CARTESIAN_POINT('',(581.360632205071,167.030935498442,3.1030388864574));
#6411=CARTESIAN_POINT('',(581.128989984663,167.076473426135,3.21667360793081));
#6412=CARTESIAN_POINT('',(580.904476177542,167.108252651519,3.41018942913762));
#6413=CARTESIAN_POINT('',(580.992632722689,167.096609015427,3.69753330559719));
#6414=CARTESIAN_POINT('',(581.229806067919,167.058452473146,3.83627587880288));
#6415=CARTESIAN_POINT('',(581.430721252923,167.013388593499,3.92119342913276));
#6416=CARTESIAN_POINT('',(581.590071702098,166.952987747593,3.96992136376624));
#6417=CARTESIAN_POINT('',(581.709039611867,166.88534532097,3.99940433547823));
#6418=CARTESIAN_POINT('',(581.756656285731,166.746504798639,4.00152548943982));
#6419=CARTESIAN_POINT('',(581.674431540729,166.580835501501,3.96374527696457));
#6420=CARTESIAN_POINT('',(581.533351002169,166.42251876391,3.89615972309295));
#6421=CARTESIAN_POINT('',(581.360352560187,166.260774430759,3.78223353402882));
#6422=CARTESIAN_POINT('',(581.186267228037,166.11453070802,3.58409549182342));
#6423=CARTESIAN_POINT('',(581.261753964549,166.176832205554,3.29759810044047));
#6424=CARTESIAN_POINT('',(581.442562575075,166.335262997219,3.1610453314368));
#6425=CARTESIAN_POINT('',(581.5871016348,166.478435684853,3.07767677951114));
#6426=CARTESIAN_POINT('',(581.441335618599,166.337492402802,3.16713041588561));
#6427=CARTESIAN_POINT('',(561.025588110809,198.669580414995,3.5));
#6428=CARTESIAN_POINT('',(570.12581160596,202.20047075765,3.08501595877312));
#6429=CARTESIAN_POINT('',(569.890123371704,202.237723170813,3.19269837551679));
#6430=CARTESIAN_POINT('',(569.649234873378,202.257813965387,3.36054474633285));
#6431=CARTESIAN_POINT('',(569.667519452875,202.256403787722,3.65989407137873));
#6432=CARTESIAN_POINT('',(569.904827461861,202.236222134954,3.8144008507763));
#6433=CARTESIAN_POINT('',(570.14119408242,202.196751084975,3.9207762080088));
#6434=CARTESIAN_POINT('',(570.352060704464,202.149320482357,3.98236831594704));
#6435=CARTESIAN_POINT('',(570.488729502637,202.01208533284,4.00647500903858));
#6436=CARTESIAN_POINT('',(570.453779855144,201.822306966282,3.97837742725006));
#6437=CARTESIAN_POINT('',(570.320791325646,201.653506340715,3.91543005139141));
#6438=CARTESIAN_POINT('',(570.157388816066,201.47268312118,3.80638674855325));
#6439=CARTESIAN_POINT('',(570.02318282869,201.343832941075,3.67048693973718));
#6440=CARTESIAN_POINT('',(569.979927793676,201.302950837759,3.49022753021164));
#6441=CARTESIAN_POINT('',(570.033873428405,201.35401218304,3.31564231454526));
#6442=CARTESIAN_POINT('',(570.168123418591,201.483318836304,3.18542558272092));
#6443=CARTESIAN_POINT('',(570.330545358193,201.666192150988,3.07895690857925));
#6444=CARTESIAN_POINT('',(570.465295137242,201.837074397043,3.01683199366809));
#6445=CARTESIAN_POINT('',(570.482152439924,202.029863453996,2.99360673055071));
#6446=CARTESIAN_POINT('',(570.334450261973,202.153198153613,3.02225864622888));
#6447=CARTESIAN_POINT('',(570.12581160596,202.20047075765,3.08501595877312));
#6448=CARTESIAN_POINT('',(569.890123371704,202.237723170813,3.19269837551679));
#6449=CARTESIAN_POINT('',(569.649234873378,202.257813965387,3.36054474633285));
#6450=CARTESIAN_POINT('',(569.889256661023,202.234862901049,3.20272570119082));
#6451=CARTESIAN_POINT('',(546.649479352273,232.038937279132,3.5));
#6452=CARTESIAN_POINT('',(557.085072834901,236.343154048154,3.00890814017279));
#6453=CARTESIAN_POINT('',(557.079363273869,236.487936337876,2.99406255120997));
#6454=CARTESIAN_POINT('',(556.961103061172,236.569355648548,3.01671209979121));
#6455=CARTESIAN_POINT('',(556.796530243257,236.618036570997,3.0609817485636));
#6456=CARTESIAN_POINT('',(556.587638647603,236.643937871388,3.13979682899271));
#6457=CARTESIAN_POINT('',(556.354490753104,236.655179138809,3.2625718808044));
#6458=CARTESIAN_POINT('',(556.188231115005,236.657318526522,3.52062464671494));
#6459=CARTESIAN_POINT('',(556.385426538898,236.654435570193,3.75607707686004));
#6460=CARTESIAN_POINT('',(556.620116589267,236.641326197961,3.87508246782253));
#6461=CARTESIAN_POINT('',(556.827793587833,236.611837100599,3.94876822235021));
#6462=CARTESIAN_POINT('',(556.995487462563,236.55565467205,3.99127595770101));
#6463=CARTESIAN_POINT('',(557.095440387931,236.449866431186,4.00591139823193));
#6464=CARTESIAN_POINT('',(557.070899839192,236.308017433474,3.98297832750016));
#6465=CARTESIAN_POINT('',(556.990960928863,236.155436386339,3.93832235539636));
#6466=CARTESIAN_POINT('',(556.865324954844,235.988534208355,3.86007110686652));
#6467=CARTESIAN_POINT('',(556.709263585285,235.81064268489,3.73488158265499));
#6468=CARTESIAN_POINT('',(556.598442899776,235.692989252786,3.47660796124063));
#6469=CARTESIAN_POINT('',(556.733728691376,235.837327826318,3.24328561884624));
#6470=CARTESIAN_POINT('',(556.88637839491,236.014052379295,3.12483266795419));
#6471=CARTESIAN_POINT('',(557.010356398403,236.185663252613,3.05071162360391));
#6472=CARTESIAN_POINT('',(557.085072834901,236.343154048154,3.00890814017279));
#6473=CARTESIAN_POINT('',(557.079363273869,236.487936337876,2.99406255120997));
#6474=CARTESIAN_POINT('',(556.961103061172,236.569355648548,3.01671209979121));
#6475=CARTESIAN_POINT('',(557.060604831925,236.477375841368,3.00031174080065));
#6476=CARTESIAN_POINT('',(531.137087935363,264.81518339963,3.5));
#6477=CARTESIAN_POINT('',(541.287183777397,269.37222859518,3.25366200141639));
#6478=CARTESIAN_POINT('',(541.42773678005,269.554704589222,3.13366145461196));
#6479=CARTESIAN_POINT('',(541.545254938205,269.736199340344,3.05521881590898));
#6480=CARTESIAN_POINT('',(541.613489154977,269.897413372509,3.01190057139936));
#6481=CARTESIAN_POINT('',(541.611139232213,270.043491910671,2.99355362469381));
#6482=CARTESIAN_POINT('',(541.491603340947,270.126252175647,3.01402113914445));
#6483=CARTESIAN_POINT('',(541.325657565741,270.16648304037,3.05702424334383));
#6484=CARTESIAN_POINT('',(541.113784356384,270.181373848316,3.13445235156256));
#6485=CARTESIAN_POINT('',(540.879484177451,270.178756326197,3.25650770402376));
#6486=CARTESIAN_POINT('',(540.702678418985,270.170368212315,3.50582369393931));
#6487=CARTESIAN_POINT('',(540.888483954167,270.179075122422,3.74890554858875));
#6488=CARTESIAN_POINT('',(541.121878236876,270.181223551721,3.86921709291594));
#6489=CARTESIAN_POINT('',(541.33384713037,270.165340745188,3.94550304881034));
#6490=CARTESIAN_POINT('',(541.500524622909,270.123365163046,3.98801133725939));
#6491=CARTESIAN_POINT('',(541.615789578135,270.034118203808,4.00644125906367));
#6492=CARTESIAN_POINT('',(541.610371308164,269.889030303148,3.98611144766784));
#6493=CARTESIAN_POINT('',(541.543047435709,269.732744340152,3.94333075241701));
#6494=CARTESIAN_POINT('',(541.427754062298,269.554749405651,3.86627691519891));
#6495=CARTESIAN_POINT('',(541.285230859672,269.369764973637,3.74474502519483));
#6496=CARTESIAN_POINT('',(541.17078510745,269.231929888613,3.49794920229813));
#6497=CARTESIAN_POINT('',(541.287183777397,269.37222859518,3.25366200141639));
#6498=CARTESIAN_POINT('',(541.42773678005,269.554704589222,3.13366145461196));
#6499=CARTESIAN_POINT('',(541.545254938205,269.736199340344,3.05521881590898));
#6500=CARTESIAN_POINT('',(541.427814911239,269.560590873773,3.13797301800544));
#6501=CARTESIAN_POINT('',(513.960645577544,296.735317077062,3.5));
#6502=CARTESIAN_POINT('',(523.727857982799,301.771110216533,3.45770715126496));
#6503=CARTESIAN_POINT('',(523.850455736028,301.939286426684,3.23567561392979));
#6504=CARTESIAN_POINT('',(523.980446122721,302.134890921292,3.11824100579752));
#6505=CARTESIAN_POINT('',(524.081093744685,302.321222130741,3.04629677571529));
#6506=CARTESIAN_POINT('',(524.133221841438,302.490541592155,3.00541592022576));
#6507=CARTESIAN_POINT('',(524.092881152705,302.630723289718,2.99528703551952));
#6508=CARTESIAN_POINT('',(523.962302082291,302.686093039003,3.02068259141595));
#6509=CARTESIAN_POINT('',(523.79267575733,302.711852793056,3.06638202671258));
#6510=CARTESIAN_POINT('',(523.582679325674,302.71017929453,3.14764840552263));
#6511=CARTESIAN_POINT('',(523.346516362944,302.691741994365,3.2753333167317));
#6512=CARTESIAN_POINT('',(523.20589615487,302.676137284898,3.54648196220284));
#6513=CARTESIAN_POINT('',(523.415517321178,302.698460001927,3.76598241407179));
#6514=CARTESIAN_POINT('',(523.649233247708,302.71295543449,3.88284419109267));
#6515=CARTESIAN_POINT('',(523.860971347091,302.706811413931,3.9544778194556));
#6516=CARTESIAN_POINT('',(524.034555977252,302.66608403203,3.99526671582138));
#6517=CARTESIAN_POINT('',(524.132979879251,302.55881149347,4.00436212727023));
#6518=CARTESIAN_POINT('',(524.114148161544,302.419373088825,3.97872468401891));
#6519=CARTESIAN_POINT('',(524.051879116011,302.260672701124,3.93314350728933));
#6520=CARTESIAN_POINT('',(523.945914270515,302.080722490514,3.85231232957575));
#6521=CARTESIAN_POINT('',(523.813101148738,301.887041147576,3.72527007867017));
#6522=CARTESIAN_POINT('',(523.727857982799,301.771110216533,3.45770715126496));
#6523=CARTESIAN_POINT('',(523.850455736028,301.939286426684,3.23567561392979));
#6524=CARTESIAN_POINT('',(523.980446122721,302.134890921292,3.11824100579752));
#6525=CARTESIAN_POINT('',(523.851687841605,301.943857807427,3.2531084354636));
#6526=CARTESIAN_POINT('',(309.705712669944,495.551065814649,3.49999999991938));
#6527=CARTESIAN_POINT('',(320.794488142083,512.334739529218,3.62270450615276));
#6528=CARTESIAN_POINT('',(320.800516032264,512.376857980896,3.32711286280719));
#6529=CARTESIAN_POINT('',(320.832056847649,512.614674058112,3.17792450106651));
#6530=CARTESIAN_POINT('',(320.842656098041,512.855182792999,3.07368091471152));
#6531=CARTESIAN_POINT('',(320.841735542242,513.078419803127,3.01194639169926));
#6532=CARTESIAN_POINT('',(320.717229062905,513.227793373087,2.99444690044203));
#6533=CARTESIAN_POINT('',(320.526821915249,513.21632379358,3.02712893878944));
#6534=CARTESIAN_POINT('',(320.335615362587,513.124709771995,3.09087189687719));
#6535=CARTESIAN_POINT('',(320.129015380006,513.005191883798,3.20163109321473));
#6536=CARTESIAN_POINT('',(319.933302106011,512.874198985605,3.37497849364154));
#6537=CARTESIAN_POINT('',(319.967084622346,512.897120880632,3.67329930630477));
#6538=CARTESIAN_POINT('',(320.168210851647,513.030432117017,3.8223490008223));
#6539=CARTESIAN_POINT('',(320.379135252924,513.145004193757,3.92640013420661));
#6540=CARTESIAN_POINT('',(320.581123237322,513.242242086836,3.98829406662038));
#6541=CARTESIAN_POINT('',(320.769379682672,513.194975407533,4.00549612000837));
#6542=CARTESIAN_POINT('',(320.842115587298,513.01859112648,3.97270101559832));
#6543=CARTESIAN_POINT('',(320.843490842949,512.806583613532,3.90876628557362));
#6544=CARTESIAN_POINT('',(320.826567437359,512.568696272404,3.79842903860289));
#6545=CARTESIAN_POINT('',(320.794488142083,512.334739529218,3.62270450615276));
#6546=CARTESIAN_POINT('',(320.800516032264,512.376857980896,3.32711286280719));
#6547=CARTESIAN_POINT('',(320.832056847649,512.614674058112,3.17792450106651));
#6548=CARTESIAN_POINT('',(320.804768186465,512.409474251819,3.35151340974129));
#6549=CARTESIAN_POINT('',(341.941152280707,479.383815251198,3.49999999992823));
#6550=CARTESIAN_POINT('',(351.102771784231,492.67082180083,3.06506765853017));
#6551=CARTESIAN_POINT('',(350.913618291854,492.583687994853,3.14468924455073));
#6552=CARTESIAN_POINT('',(350.702524823294,492.467043231419,3.2732276575883));
#6553=CARTESIAN_POINT('',(350.578590759532,492.393058402915,3.54528861877631));
#6554=CARTESIAN_POINT('',(350.76118647853,492.500946673078,3.76642412005422));
#6555=CARTESIAN_POINT('',(350.967556204443,492.610913890298,3.88283549446462));
#6556=CARTESIAN_POINT('',(351.163650473681,492.693412376851,3.95477900538668));
#6557=CARTESIAN_POINT('',(351.338491080691,492.728050220259,3.99542793674575));
#6558=CARTESIAN_POINT('',(351.472513919514,492.670338318354,4.00431937258819));
#6559=CARTESIAN_POINT('',(351.512635872415,492.534152938405,3.97817335111938));
#6560=CARTESIAN_POINT('',(351.521295451787,492.365101661369,3.93272172913883));
#6561=CARTESIAN_POINT('',(351.49944310288,492.156640762516,3.85144516169077));
#6562=CARTESIAN_POINT('',(351.458506424658,491.924279934231,3.72331747610275));
#6563=CARTESIAN_POINT('',(351.429830912926,491.787357063213,3.45377096432386));
#6564=CARTESIAN_POINT('',(351.471924034278,491.992896875141,3.23444104592139));
#6565=CARTESIAN_POINT('',(351.508646628661,492.222898729259,3.11795432397118));
#6566=CARTESIAN_POINT('',(351.522968333773,492.43389621629,3.04619293895747));
#6567=CARTESIAN_POINT('',(351.500030709656,492.608858635974,3.00551610776211));
#6568=CARTESIAN_POINT('',(351.406465998344,492.719438814655,2.99522813029237));
#6569=CARTESIAN_POINT('',(351.264873238332,492.71645629129,3.02039445589712));
#6570=CARTESIAN_POINT('',(351.102771784231,492.67082180083,3.06506765853017));
#6571=CARTESIAN_POINT('',(350.913618291854,492.583687994853,3.14468924455073));
#6572=CARTESIAN_POINT('',(350.702524823294,492.467043231419,3.2732276575883));
#6573=CARTESIAN_POINT('',(350.916266745569,492.581673962143,3.15018799618607));
#6574=CARTESIAN_POINT('',(372.486918039331,459.983035933264,3.49999999993766));
#6575=CARTESIAN_POINT('',(380.679516545789,470.367772237106,3.01835201823422));
#6576=CARTESIAN_POINT('',(380.471368055218,470.296946391538,3.08159154523032));
#6577=CARTESIAN_POINT('',(380.251917730284,470.207348994047,3.18757758698803));
#6578=CARTESIAN_POINT('',(380.037325272159,470.09965600301,3.34672447179027));
#6579=CARTESIAN_POINT('',(380.031342983375,470.096566205528,3.64494310215944));
#6580=CARTESIAN_POINT('',(380.24343447172,470.203271456858,3.8075504845683));
#6581=CARTESIAN_POINT('',(380.463841784476,470.294569862532,3.91550415379809));
#6582=CARTESIAN_POINT('',(380.665887177667,470.362985501917,3.97786740625024));
#6583=CARTESIAN_POINT('',(380.856084549943,470.334620418764,4.00640436740471));
#6584=CARTESIAN_POINT('',(380.942134728156,470.160952504592,3.98304586435452));
#6585=CARTESIAN_POINT('',(380.916078843023,469.943494429083,3.92013833498786));
#6586=CARTESIAN_POINT('',(380.87383041976,469.706341102436,3.8155564723349));
#6587=CARTESIAN_POINT('',(380.826161638974,469.522720124805,3.68286766864201));
#6588=CARTESIAN_POINT('',(380.807285809916,469.452726078048,3.50819966632255));
#6589=CARTESIAN_POINT('',(380.823043254049,469.511031341085,3.3284250980319));
#6590=CARTESIAN_POINT('',(380.870654703673,469.693195821112,3.19173732732587));
#6591=CARTESIAN_POINT('',(380.914999312854,469.932008368356,3.08377559748827));
#6592=CARTESIAN_POINT('',(380.940384978143,470.147280312598,3.02051721692563));
#6593=CARTESIAN_POINT('',(380.867610951825,470.325564275652,2.99354063943847));
#6594=CARTESIAN_POINT('',(380.679516545789,470.367772237106,3.01835201823422));
#6595=CARTESIAN_POINT('',(380.471368055218,470.296946391538,3.08159154523032));
#6596=CARTESIAN_POINT('',(380.251917730284,470.207348994047,3.18757758698803));
#6597=CARTESIAN_POINT('',(380.476422699177,470.296178661069,3.08660798012405));
#6598=CARTESIAN_POINT('',(396.714514708774,432.937922399245,3.4999999999481));
#6599=CARTESIAN_POINT('',(408.917331763053,446.030508991649,3.02037198962691));
#6600=CARTESIAN_POINT('',(408.890724295201,446.170637406688,2.99500648834674));
#6601=CARTESIAN_POINT('',(408.760063080654,446.238615282401,3.00602020988821));
#6602=CARTESIAN_POINT('',(408.584055790484,446.223235596293,3.04715208665223));
#6603=CARTESIAN_POINT('',(408.379021325355,446.164697045197,3.12011535843746));
#6604=CARTESIAN_POINT('',(408.159870275878,446.079680836991,3.23812700379867));
#6605=CARTESIAN_POINT('',(407.971233116548,445.997267006115,3.46513495872682));
#6606=CARTESIAN_POINT('',(408.11243341512,446.059464532545,3.73113359188411));
#6607=CARTESIAN_POINT('',(408.328733547913,446.146399336755,3.85526934259831));
#6608=CARTESIAN_POINT('',(408.53046959546,446.210673779957,3.93606668631423));
#6609=CARTESIAN_POINT('',(408.697109223919,446.235879625254,3.98045372018323));
#6610=CARTESIAN_POINT('',(408.840169030515,446.218727709057,4.00536508279281));
#6611=CARTESIAN_POINT('',(408.914993504208,446.092995911154,3.99318423409113));
#6612=CARTESIAN_POINT('',(408.914467719558,445.91792771166,3.95214487876313));
#6613=CARTESIAN_POINT('',(408.873877500088,445.709219250885,3.87915185656533));
#6614=CARTESIAN_POINT('',(408.808583756165,445.484659577815,3.76141053013938));
#6615=CARTESIAN_POINT('',(408.743296914932,445.290679887106,3.53527106676365));
#6616=CARTESIAN_POINT('',(408.792135305485,445.434212386955,3.2706190504217));
#6617=CARTESIAN_POINT('',(408.859972037223,445.657561443814,3.14545914487636));
#6618=CARTESIAN_POINT('',(408.906470405558,445.862411870284,3.06501641628123));
#6619=CARTESIAN_POINT('',(408.917331763053,446.030508991649,3.02037198962691));
#6620=CARTESIAN_POINT('',(408.890724295201,446.170637406688,2.99500648834674));
#6621=CARTESIAN_POINT('',(408.760063080654,446.238615282401,3.00602020988821));
#6622=CARTESIAN_POINT('',(408.873382004085,446.158612316801,3.00106969215034));
#6623=CARTESIAN_POINT('',(427.156850207209,412.500575327039,3.49999999995778));
#6624=CARTESIAN_POINT('',(434.726888718624,420.363230274411,3.18262902306248));
#6625=CARTESIAN_POINT('',(434.5507268439,420.300709501572,3.31187062320539));
#6626=CARTESIAN_POINT('',(434.477228632537,420.273871631202,3.48367664226426));
#6627=CARTESIAN_POINT('',(434.528044022363,420.292498784992,3.66553195669975));
#6628=CARTESIAN_POINT('',(434.701617732268,420.35459043359,3.80259684134698));
#6629=CARTESIAN_POINT('',(434.934962793585,420.420849294545,3.91260877128881));
#6630=CARTESIAN_POINT('',(435.141802448194,420.463380578934,3.97531597329712));
#6631=CARTESIAN_POINT('',(435.328675188553,420.420608365751,4.00606425134326));
#6632=CARTESIAN_POINT('',(435.402956975929,420.241857035007,3.985671562728));
#6633=CARTESIAN_POINT('',(435.350769784143,420.027923592714,3.9235816954886));
#6634=CARTESIAN_POINT('',(435.279796954951,419.793984972721,3.81876261014571));
#6635=CARTESIAN_POINT('',(435.211054884443,419.619675329163,3.68994229840707));
#6636=CARTESIAN_POINT('',(435.18101963224,419.54552630358,3.51928054884909));
#6637=CARTESIAN_POINT('',(435.200380330453,419.593142843025,3.33675636941445));
#6638=CARTESIAN_POINT('',(435.269386133969,419.766365862616,3.1972299625149));
#6639=CARTESIAN_POINT('',(435.343943426768,419.998751335957,3.08691434920984));
#6640=CARTESIAN_POINT('',(435.394765084703,420.206298472373,3.02361002073188));
#6641=CARTESIAN_POINT('',(435.354345848103,420.395271497085,2.99369009459097));
#6642=CARTESIAN_POINT('',(435.175521201982,420.470550978253,3.01575006752867));
#6643=CARTESIAN_POINT('',(434.962787254986,420.426219982859,3.0774677428098));
#6644=CARTESIAN_POINT('',(434.726888718624,420.363230274411,3.18262902306248));
#6645=CARTESIAN_POINT('',(434.5507268439,420.300709501572,3.31187062320539));
#6646=CARTESIAN_POINT('',(434.477228632537,420.273871631202,3.48367664226426));
#6647=CARTESIAN_POINT('',(434.537971565094,420.295931596305,3.36052318954884));
#6648=CARTESIAN_POINT('',(452.56569765399,386.527621269563,3.49999999996812));
#6649=CARTESIAN_POINT('',(459.602915326207,393.044866951843,3.17212854336843));
#6650=CARTESIAN_POINT('',(459.372390756111,392.98079228577,3.31507095344059));
#6651=CARTESIAN_POINT('',(459.311435314419,392.962079710285,3.60975687671132));
#6652=CARTESIAN_POINT('',(459.536023222745,393.028107757234,3.792642999855));
#6653=CARTESIAN_POINT('',(459.767826273258,393.081106001201,3.90440365492239));
#6654=CARTESIAN_POINT('',(459.977572366258,393.111090537616,3.96952922897495));
#6655=CARTESIAN_POINT('',(460.162919273626,393.074156390744,4.00434893182134));
#6656=CARTESIAN_POINT('',(460.232006208098,392.944929457671,3.99535868000826));
#6657=CARTESIAN_POINT('',(460.217340659001,392.812521908175,3.96472379934034));
#6658=CARTESIAN_POINT('',(460.176628161895,392.646547438809,3.91403586421646));
#6659=CARTESIAN_POINT('',(460.102698485281,392.456602558803,3.82675861354311));
#6660=CARTESIAN_POINT('',(460.003086255681,392.238662996135,3.68273990895553));
#6661=CARTESIAN_POINT('',(459.977115398885,392.185616417945,3.38701203343861));
#6662=CARTESIAN_POINT('',(460.077136664575,392.396577999153,3.20683405371852));
#6663=CARTESIAN_POINT('',(460.165470764197,392.616783666059,3.09519650242164));
#6664=CARTESIAN_POINT('',(460.227628963995,392.818812646292,3.03038559628938));
#6665=CARTESIAN_POINT('',(460.220008934802,393.006948678658,2.99571783812331));
#6666=CARTESIAN_POINT('',(460.104161102474,393.095312610271,3.00451291852176));
#6667=CARTESIAN_POINT('',(459.971521787814,393.101921433516,3.03493210859884));
#6668=CARTESIAN_POINT('',(459.80156751682,393.087905556646,3.08538220224559));
#6669=CARTESIAN_POINT('',(459.602915326207,393.044866951843,3.17212854336843));
#6670=CARTESIAN_POINT('',(459.372390756111,392.98079228577,3.31507095344059));
#6671=CARTESIAN_POINT('',(459.311435314419,392.962079710285,3.60975687671132));
#6672=CARTESIAN_POINT('',(459.400652277512,392.988352634201,3.34036153897368));
#6673=CARTESIAN_POINT('',(474.276354027014,357.392867445034,3.49999999997873));
#6674=CARTESIAN_POINT('',(483.06305048119,364.292826169638,3.04628735280224));
#6675=CARTESIAN_POINT('',(482.851504537729,364.272977560329,3.11853441756806));
#6676=CARTESIAN_POINT('',(482.621253065722,364.229795157865,3.23549959632058));
#6677=CARTESIAN_POINT('',(482.417612632083,364.18246121361,3.45931616751685));
#6678=CARTESIAN_POINT('',(482.560960645287,364.216365478938,3.7273050149656));
#6679=CARTESIAN_POINT('',(482.791720694302,364.263021859017,3.8537722672409));
#6680=CARTESIAN_POINT('',(483.000493167531,364.289900184104,3.9346583990082));
#6681=CARTESIAN_POINT('',(483.170650132125,364.284688451419,3.97979275847134));
#6682=CARTESIAN_POINT('',(483.307171564318,364.244172741653,4.00493509598313));
#6683=CARTESIAN_POINT('',(483.36190245148,364.10932975557,3.99413737000854));
#6684=CARTESIAN_POINT('',(483.33048510189,363.935649640927,3.95323311402677));
#6685=CARTESIAN_POINT('',(483.253029379724,363.738361546506,3.88095399230351));
#6686=CARTESIAN_POINT('',(483.148467462974,363.529745405871,3.76412485904064));
#6687=CARTESIAN_POINT('',(483.047095264964,363.347528068128,3.541187163719));
#6688=CARTESIAN_POINT('',(483.118834260493,363.475268067344,3.27299490272703));
#6689=CARTESIAN_POINT('',(483.227417182473,363.68459744632,3.14634172310074));
#6690=CARTESIAN_POINT('',(483.310586734821,363.876846135612,3.06568786364959));
#6691=CARTESIAN_POINT('',(483.35271860913,364.042833308416,3.02024916914897));
#6692=CARTESIAN_POINT('',(483.351779875836,364.184286834468,2.99518614497035));
#6693=CARTESIAN_POINT('',(483.237992012207,364.274868876489,3.00567146111698));
#6694=CARTESIAN_POINT('',(483.06305048119,364.292826169638,3.04628735280224));
#6695=CARTESIAN_POINT('',(482.851504537729,364.272977560329,3.11853441756806));
#6696=CARTESIAN_POINT('',(482.621253065722,364.229795157865,3.23549959632058));
#6697=CARTESIAN_POINT('',(482.855438481087,364.269750215114,3.12357920107371));
#6698=CARTESIAN_POINT('',(494.9052200996,327.570619344293,3.49999999998935));
#6699=CARTESIAN_POINT('',(504.085013655113,334.104626015099,3.16826067128165));
#6700=CARTESIAN_POINT('',(503.848467807041,334.069501925151,3.30774819014929));
#6701=CARTESIAN_POINT('',(503.772803769822,334.056147567719,3.60139993257799));
#6702=CARTESIAN_POINT('',(504.001886999716,334.094129476743,3.78887603766825));
#6703=CARTESIAN_POINT('',(504.237900693928,334.119247248867,3.90155630675426));
#6704=CARTESIAN_POINT('',(504.449642059082,334.123528273314,3.96745868215506));
#6705=CARTESIAN_POINT('',(504.629482018617,334.069577547843,4.0034566430302));
#6706=CARTESIAN_POINT('',(504.690008854223,333.936514502754,3.99689264937561));
#6707=CARTESIAN_POINT('',(504.660954887204,333.805197925313,3.96666655686852));
#6708=CARTESIAN_POINT('',(504.601366952072,333.645045028243,3.91665835997358));
#6709=CARTESIAN_POINT('',(504.504814570714,333.464435782438,3.83010700654685));
#6710=CARTESIAN_POINT('',(504.379519674888,333.259927394937,3.68808802071598));
#6711=CARTESIAN_POINT('',(504.341518966996,333.201493818284,3.39507674773692));
#6712=CARTESIAN_POINT('',(504.465124761428,333.396312118096,3.2106942317393));
#6713=CARTESIAN_POINT('',(504.580045840766,333.603046032262,3.09824607359354));
#6714=CARTESIAN_POINT('',(504.66626186702,333.79562834571,3.0326843856665));
#6715=CARTESIAN_POINT('',(504.687075659111,333.980746349151,2.99683037088357));
#6716=CARTESIAN_POINT('',(504.591199614635,334.088815720687,3.00262596976263));
#6717=CARTESIAN_POINT('',(504.458919084758,334.114541213816,3.03257551091513));
#6718=CARTESIAN_POINT('',(504.288337709106,334.12260004474,3.08228814056567));
#6719=CARTESIAN_POINT('',(504.085013655113,334.104626015099,3.16826067128165));
#6720=CARTESIAN_POINT('',(503.848467807041,334.069501925151,3.30774819014929));
#6721=CARTESIAN_POINT('',(503.772803769822,334.056147567719,3.60139993257799));
#6722=CARTESIAN_POINT('',(503.875281442183,334.073130213903,3.33344222740933));
#6723=CARTESIAN_POINT('',(320.808013264818,512.433926808045,3.32197997634779));
#6724=CARTESIAN_POINT('',(321.344448740714,513.138399535919,3.53600247171561));
#6725=CARTESIAN_POINT('',(322.113083506434,512.754703863278,3.23296996460509));
#6726=CARTESIAN_POINT('',(320.800742505509,512.377851453502,3.38416150772389));
#6727=CARTESIAN_POINT('',(321.338443352397,513.170613994949,3.55646169826908));
#6728=CARTESIAN_POINT('',(322.159483463581,512.695299101715,3.32624226166923));
#6729=CARTESIAN_POINT('',(320.791896277926,512.319626449192,3.52292525591513));
#6730=CARTESIAN_POINT('',(321.315389737099,513.251288621051,3.47711348425978));
#6731=CARTESIAN_POINT('',(322.204688677119,512.635061944751,3.53438788395611));
#6732=CARTESIAN_POINT('',(320.81134956005,512.450197677604,3.72466249260009));
#6733=CARTESIAN_POINT('',(321.358311264989,513.097227883583,3.43038914482734));
#6734=CARTESIAN_POINT('',(322.102433719657,512.770572611525,3.8369937389835));
#6735=CARTESIAN_POINT('',(320.840907410625,512.719512670172,3.87845885394388));
#6736=CARTESIAN_POINT('',(321.33753989092,513.083777718911,3.68123638817034));
#6737=CARTESIAN_POINT('',(321.867286371848,513.061860732554,4.06768828099947));
#6738=CARTESIAN_POINT('',(320.847500884213,513.030926085097,3.97873431290333));
#6739=CARTESIAN_POINT('',(321.206715048563,513.290407137934,3.93671032904068));
#6740=CARTESIAN_POINT('',(321.532050089913,513.429536264044,4.21810146943845));
#6741=CARTESIAN_POINT('',(320.739620128993,513.251332231621,4.01419345265935));
#6742=CARTESIAN_POINT('',(320.907750716679,513.564873301978,4.03989914482867));
#6743=CARTESIAN_POINT('',(321.036021510092,513.816193898324,4.27129017907232));
#6744=CARTESIAN_POINT('',(320.473291072221,513.199377514174,3.96150413488957));
#6745=CARTESIAN_POINT('',(320.542005377897,513.672334169403,3.88868839767305));
#6746=CARTESIAN_POINT('',(320.481732234938,514.053171643703,4.19225620241866));
#6747=CARTESIAN_POINT('',(320.203493721822,513.051430969303,3.85027765372972));
#6748=CARTESIAN_POINT('',(320.344475717499,513.69405439286,3.6207498625912));
#6749=CARTESIAN_POINT('',(320.027153453873,514.178574634293,4.02541648067808));
#6750=CARTESIAN_POINT('',(319.992892636645,512.91501225616,3.68567094687601));
#6751=CARTESIAN_POINT('',(320.405950823544,513.721828636302,3.40613222177755));
#6752=CARTESIAN_POINT('',(319.695694368729,514.251292459383,3.77850642039746));
#6753=CARTESIAN_POINT('',(319.919795628655,512.864532795479,3.47700879909128));
#6754=CARTESIAN_POINT('',(320.528031683046,513.74346188775,3.52286395566761));
#6755=CARTESIAN_POINT('',(319.584133950049,514.272769745166,3.46551319872029));
#6756=CARTESIAN_POINT('',(320.028824075717,512.939368689286,3.27528305591377));
#6757=CARTESIAN_POINT('',(320.370557206892,513.714489365154,3.56957890042816));
#6758=CARTESIAN_POINT('',(319.751040040732,514.240185932465,3.1629245839541));
#6759=CARTESIAN_POINT('',(320.257912732601,513.083926461931,3.12151115451188));
#6760=CARTESIAN_POINT('',(320.367676344186,513.689929155831,3.31869513696779));
#6761=CARTESIAN_POINT('',(320.115877716597,514.156471913557,2.93226673185104));
#6762=CARTESIAN_POINT('',(320.535022801959,513.226384441379,3.02122197481628));
#6763=CARTESIAN_POINT('',(320.610826025691,513.662901611968,3.06317202352258));
#6764=CARTESIAN_POINT('',(320.593404591418,514.016248035493,2.7818329623079));
#6765=CARTESIAN_POINT('',(320.780460274637,513.225788101866,2.98580797207944));
#6766=CARTESIAN_POINT('',(320.988795335554,513.514210146324,2.960114784835));
#6767=CARTESIAN_POINT('',(321.158683633918,513.739523359234,2.7287119582028));
#6768=CARTESIAN_POINT('',(320.850292337424,512.963472716516,3.03858421720527));
#6769=CARTESIAN_POINT('',(321.245443192359,513.232563203922,3.11151857732102));
#6770=CARTESIAN_POINT('',(321.614355765795,513.345168205515,2.80787632589064));
#6771=CARTESIAN_POINT('',(320.835520833778,512.656078576451,3.14983606765855));
#6772=CARTESIAN_POINT('',(321.351476081436,513.064640577258,3.37961940287811));
#6773=CARTESIAN_POINT('',(321.926288934236,512.991490514133,2.97475410157129));
#6774=CARTESIAN_POINT('',(320.815284024127,512.490002162588,3.2597984449717));
#6775=CARTESIAN_POINT('',(321.350105453576,513.108055462375,3.51673111674415));
#6776=CARTESIAN_POINT('',(322.066683549286,512.814108624842,3.13969766754096));
#6777=CARTESIAN_POINT('',(320.808013264818,512.433926808045,3.32197997634779));
#6778=CARTESIAN_POINT('',(321.344448740714,513.138399535919,3.53600247171561));
#6779=CARTESIAN_POINT('',(322.113083506434,512.754703863278,3.23296996460509));
#6780=CARTESIAN_POINT('',(303.47079262098,528.581034331242,5.0876964458406));
#6781=CARTESIAN_POINT('',(302.80911188101,528.963055884581,3.88322357504845));
#6782=CARTESIAN_POINT('',(302.364231509295,527.67155070892,4.2938482229203));
#6783=CARTESIAN_POINT('',(303.57219807736,528.522487863704,4.97538235853624));
#6784=CARTESIAN_POINT('',(302.80970171176,528.90881603496,3.77948790046076));
#6785=CARTESIAN_POINT('',(302.429465501485,527.570880739155,4.24951548492372));
#6786=CARTESIAN_POINT('',(303.749507627832,528.420118147009,4.72774873623904));
#6787=CARTESIAN_POINT('',(302.766831135506,528.800044311094,3.55217590493003));
#6788=CARTESIAN_POINT('',(302.565867755286,527.355711526141,4.14746051759626));
#6789=CARTESIAN_POINT('',(303.926832572447,528.317739542501,4.33732979817309));
#6790=CARTESIAN_POINT('',(302.545107917567,528.652538460988,3.22931403015587));
#6791=CARTESIAN_POINT('',(302.793554656468,527.028504845503,3.96754909654448));
#6792=CARTESIAN_POINT('',(304.0153571696,528.266629842505,3.99514798709623));
#6793=CARTESIAN_POINT('',(302.165284269731,528.553293414565,3.08848200963423));
#6794=CARTESIAN_POINT('',(303.002947229951,526.788702987901,3.78746674979052));
#6795=CARTESIAN_POINT('',(304.050941758548,528.246085070497,3.71579721970715));
#6796=CARTESIAN_POINT('',(301.853739166081,528.507334055097,3.24022134663358));
#6797=CARTESIAN_POINT('',(303.11795412439,526.676012960856,3.62746559675837));
#6798=CARTESIAN_POINT('',(304.060118353936,528.240786960679,3.50407658270113));
#6799=CARTESIAN_POINT('',(301.744680133229,528.49462267824,3.49445086148706));
#6800=CARTESIAN_POINT('',(303.151393364279,526.645132162246,3.50242354763945));
#6801=CARTESIAN_POINT('',(304.051643267279,528.245680054243,3.29235264457492));
#6802=CARTESIAN_POINT('',(301.84618253846,528.506380656099,3.75220368874901));
#6803=CARTESIAN_POINT('',(303.120389965975,526.673720435038,3.37729157278595));
#6804=CARTESIAN_POINT('',(304.016763495266,528.265817900003,3.01216590360753));
#6805=CARTESIAN_POINT('',(302.155592405424,528.551516217871,3.91192170561948));
#6806=CARTESIAN_POINT('',(303.007134769227,526.784363705962,3.21657338039783));
#6807=CARTESIAN_POINT('',(303.930026092658,528.315895762748,2.67073822127031));
#6808=CARTESIAN_POINT('',(302.539139433278,528.649489953773,3.77720803195369));
#6809=CARTESIAN_POINT('',(302.798436431851,527.021917121013,3.03631548281465));
#6810=CARTESIAN_POINT('',(303.74943603038,528.420159483817,2.27175469662634));
#6811=CARTESIAN_POINT('',(302.767376597531,528.800114097059,3.4477451383463));
#6812=CARTESIAN_POINT('',(302.565489113953,527.356081103795,2.85225389358663));
#6813=CARTESIAN_POINT('',(303.573552469306,528.521705905149,2.02611773631136));
#6814=CARTESIAN_POINT('',(302.809709736002,528.908077764594,3.22192406998056));
#6815=CARTESIAN_POINT('',(302.430336782596,527.569536166747,2.75107663395276));
#6816=CARTESIAN_POINT('',(303.47079262098,528.581034331242,1.9123035541592));
#6817=CARTESIAN_POINT('',(302.80911188101,528.963055884582,3.11677642495147));
#6818=CARTESIAN_POINT('',(302.364231509295,527.67155070892,2.70615177707962));
#6819=CARTESIAN_POINT('',(302.970792620979,527.715008927458,1.91230355415927));
#6820=CARTESIAN_POINT('',(302.97079262098,527.715008927458,5.08769644584055));
#6821=CARTESIAN_POINT('',(303.47079262098,528.581034331242,1.91230355415931));
#6822=CARTESIAN_POINT('',(302.80911188101,528.963055884581,3.11677642495144));
#6823=CARTESIAN_POINT('',(302.364231509295,527.67155070892,2.70615177707964));
#6824=CARTESIAN_POINT('',(303.187979063566,528.744316814746,1.7051509216506));
#6825=CARTESIAN_POINT('',(302.760163377918,528.991316316001,2.85875327860052));
#6826=CARTESIAN_POINT('',(302.211822796386,527.906749860719,2.60257547644665));
#6827=CARTESIAN_POINT('',(302.55090715619,529.112130451963,1.41973941894282));
#6828=CARTESIAN_POINT('',(302.476546216211,529.155062760683,2.48262497381047));
#6829=CARTESIAN_POINT('',(301.917580153072,528.296134967606,2.45986970222443));
#6830=CARTESIAN_POINT('',(301.522190442313,529.706060323639,1.57329387349536));
#6831=CARTESIAN_POINT('',(301.859243272587,529.511462781347,2.42103124388804));
#6832=CARTESIAN_POINT('',(301.438393124839,528.738062146234,2.53664693868001));
#6833=CARTESIAN_POINT('',(300.714622892231,530.172309666068,2.33635677982133));
#6834=CARTESIAN_POINT('',(301.347994051172,529.806632656957,2.8177733516983));
#6835=CARTESIAN_POINT('',(301.055211740234,529.036722865096,2.91817838942826));
#6836=CARTESIAN_POINT('',(300.405048256883,530.35104266512,3.49731640370666));
#6837=CARTESIAN_POINT('',(301.14907929686,529.921476143904,3.49836993273186));
#6838=CARTESIAN_POINT('',(300.906856473335,529.145052334472,3.49865820185054));
#6839=CARTESIAN_POINT('',(300.709355711163,530.175350674475,4.65369529271997));
#6840=CARTESIAN_POINT('',(301.344625411907,529.808577541742,4.1765671617081));
#6841=CARTESIAN_POINT('',(301.052694599397,529.038592680962,4.07684764685353));
#6842=CARTESIAN_POINT('',(301.516047741858,529.7096068134,5.42485519273758));
#6843=CARTESIAN_POINT('',(301.855482146764,529.513634268358,4.57856460231393));
#6844=CARTESIAN_POINT('',(301.435509850426,528.740493464857,4.46242759439758));
#6845=CARTESIAN_POINT('',(302.548152857138,529.113720647261,5.58126275110519));
#6846=CARTESIAN_POINT('',(302.475262448393,529.155803944362,4.51869813182194));
#6847=CARTESIAN_POINT('',(301.916323811801,528.297686406566,4.54063138294396));
#6848=CARTESIAN_POINT('',(303.187376723127,528.744664576161,5.29529027648987));
#6849=CARTESIAN_POINT('',(302.76006833967,528.991371186398,4.14174770842942));
#6850=CARTESIAN_POINT('',(302.211498193427,527.907250792399,4.39764512231261));
#6851=CARTESIAN_POINT('',(303.47079262098,528.581034331242,5.08769644584059));
#6852=CARTESIAN_POINT('',(302.80911188101,528.963055884581,3.88322357504846));
#6853=CARTESIAN_POINT('',(302.364231509295,527.67155070892,4.29384822292032));
#6854=CARTESIAN_POINT('',(606.499175597131,1.00000000000067,3.5));
#6855=CARTESIAN_POINT('',(604.458261764284,20.8059692551821,3.13981262240261));
#6856=CARTESIAN_POINT('',(605.070879039583,20.6322893680016,3.32755990593144));
#6857=CARTESIAN_POINT('',(605.323538089388,20.1407915599621,2.95971893360393));
#6858=CARTESIAN_POINT('',(604.375492574704,20.758056671882,3.18327698332832));
#6859=CARTESIAN_POINT('',(605.059286020618,20.5950186134853,3.4132572054303));
#6860=CARTESIAN_POINT('',(605.285978945566,20.0041681649365,3.02491547499251));
#6861=CARTESIAN_POINT('',(604.219988733309,20.6771286636774,3.28753328261274));
#6862=CARTESIAN_POINT('',(605.08238091486,20.5999216085678,3.5787612373106));
#6863=CARTESIAN_POINT('',(605.214600230039,19.7747002099578,3.18129992391906));
#6864=CARTESIAN_POINT('',(604.112602799856,20.6259242155476,3.49167478915093));
#6865=CARTESIAN_POINT('',(605.180187383735,20.7152202878447,3.50855485229723));
#6866=CARTESIAN_POINT('',(605.164882668061,19.6302409682043,3.48751218372642));
#6867=CARTESIAN_POINT('',(604.205349705785,20.6699886943995,3.69800336991473));
#6868=CARTESIAN_POINT('',(605.091149303658,20.6096222623652,3.41173999974336));
#6869=CARTESIAN_POINT('',(605.207837318192,19.7545299952103,3.79700505487207));
#6870=CARTESIAN_POINT('',(604.435025554712,20.7884036992814,3.85973206393321));
#6871=CARTESIAN_POINT('',(605.046139282954,20.5853438754908,3.64018882107885));
#6872=CARTESIAN_POINT('',(605.313362859638,20.0901157577222,4.03959809589993));
#6873=CARTESIAN_POINT('',(604.698699000163,20.9511717480626,3.96750455057902));
#6874=CARTESIAN_POINT('',(605.132918661776,20.781342709206,3.9052603063007));
#6875=CARTESIAN_POINT('',(605.432102580068,20.5556944261979,4.20125682586849));
#6876=CARTESIAN_POINT('',(604.860059462505,21.1594127805753,4.01474597473667));
#6877=CARTESIAN_POINT('',(605.214238569438,21.1642690602669,4.04149092260131));
#6878=CARTESIAN_POINT('',(605.49523659707,21.1663743643416,4.27211896210509));
#6879=CARTESIAN_POINT('',(604.702916929328,21.358872527356,3.97319844976868));
#6880=CARTESIAN_POINT('',(605.115574561139,21.549590518488,3.92124943183227));
#6881=CARTESIAN_POINT('',(605.398572667358,21.7785465030936,4.20979767465292));
#6882=CARTESIAN_POINT('',(604.429607163067,21.5056770240071,3.86957636911504));
#6883=CARTESIAN_POINT('',(605.008415318952,21.7528160463355,3.66128514178026));
#6884=CARTESIAN_POINT('',(605.24788596491,22.2431738717529,4.05436455367285));
#6885=CARTESIAN_POINT('',(604.185943165664,21.6115898618532,3.71127747399743));
#6886=CARTESIAN_POINT('',(605.042616306677,21.7480410037067,3.42007626154475));
#6887=CARTESIAN_POINT('',(605.11566235584,22.5826415988343,3.8169162109961));
#6888=CARTESIAN_POINT('',(604.076715381526,21.6545150071349,3.5080633924873));
#6889=CARTESIAN_POINT('',(605.147864611103,21.640035244424,3.49228728653291));
#6890=CARTESIAN_POINT('',(605.056768996022,22.7211984886939,3.51209508873096));
#6891=CARTESIAN_POINT('',(604.17301704736,21.6167792609776,3.30101695916754));
#6892=CARTESIAN_POINT('',(605.051091565405,21.7397653826183,3.58773967133928));
#6893=CARTESIAN_POINT('',(605.108683902211,22.5993660207846,3.2015254387513));
#6894=CARTESIAN_POINT('',(604.410258845977,21.5146834554623,3.14005120879529));
#6895=CARTESIAN_POINT('',(605.005232682187,21.7598850381424,3.35906264502954));
#6896=CARTESIAN_POINT('',(605.237336554777,22.271914319907,2.9600768131929));
#6897=CARTESIAN_POINT('',(604.684185393611,21.3710237502771,3.03242255921364));
#6898=CARTESIAN_POINT('',(605.105391638596,21.570711653825,3.09460141335062));
#6899=CARTESIAN_POINT('',(605.388065173737,21.816652639136,2.79863383882046));
#6900=CARTESIAN_POINT('',(604.859547503658,21.1742029581686,2.98527917644196));
#6901=CARTESIAN_POINT('',(605.213240991358,21.1937920734263,2.95848760705495));
#6902=CARTESIAN_POINT('',(605.493685178957,21.2107870370266,2.72791876466296));
#6903=CARTESIAN_POINT('',(604.716603870794,20.9646041634778,3.02674711705845));
#6904=CARTESIAN_POINT('',(605.141511320355,20.8029665137495,3.07889741498394));
#6905=CARTESIAN_POINT('',(605.439955092969,20.5944405801111,2.79012067558763));
#6906=CARTESIAN_POINT('',(604.541030953865,20.8538818384822,3.09634826147689));
#6907=CARTESIAN_POINT('',(605.081707242129,20.6671012906025,3.24751624177782));
#6908=CARTESIAN_POINT('',(605.36109723321,20.2774149549876,2.89452239221536));
#6909=CARTESIAN_POINT('',(604.458261764284,20.8059692551821,3.13981262240261));
#6910=CARTESIAN_POINT('',(605.070879039583,20.6322893680016,3.32755990593144));
#6911=CARTESIAN_POINT('',(605.323538089388,20.1407915599621,2.95971893360393));
#6912=CARTESIAN_POINT('',(602.011371969244,57.5888647863475,3.82901495507323));
#6913=CARTESIAN_POINT('',(602.683236633932,57.4674090539117,3.61698307905288));
#6914=CARTESIAN_POINT('',(602.949426201705,56.9210828068051,3.99352243260981));
#6915=CARTESIAN_POINT('',(602.088432208079,57.6379768873747,3.87672173156976));
#6916=CARTESIAN_POINT('',(602.684216128149,57.4870595233519,3.69255866191528));
#6917=CARTESIAN_POINT('',(602.978104461998,57.0491772774736,4.06508259735464));
#6918=CARTESIAN_POINT('',(602.257343065017,57.7530011091495,3.95401059854117));
#6919=CARTESIAN_POINT('',(602.723785974934,57.596358088495,3.86837334701103));
#6920=CARTESIAN_POINT('',(603.039190671333,57.3518820858612,4.18101589781192));
#6921=CARTESIAN_POINT('',(602.440575522712,57.9654406511382,4.01289064458699));
#6922=CARTESIAN_POINT('',(602.800005762643,57.9578588311694,4.03604161802645));
#6923=CARTESIAN_POINT('',(603.084499246501,57.9413396708309,4.26933596688047));
#6924=CARTESIAN_POINT('',(602.317007541103,58.1657766724783,3.98486042231843));
#6925=CARTESIAN_POINT('',(602.701139973842,58.3586076067866,3.95405810868287));
#6926=CARTESIAN_POINT('',(602.971922680395,58.5678720199737,4.22729063347765));
#6927=CARTESIAN_POINT('',(602.037402785665,58.3026442945628,3.88904890668913));
#6928=CARTESIAN_POINT('',(602.567431897108,58.5831748716042,3.70576547300275));
#6929=CARTESIAN_POINT('',(602.792655274399,59.042764545547,4.08357336003366));
#6930=CARTESIAN_POINT('',(601.778942716003,58.3995924642098,3.74109321838501));
#6931=CARTESIAN_POINT('',(602.572267294112,58.6149495069998,3.44620337951583));
#6932=CARTESIAN_POINT('',(602.633923386467,59.3937800104818,3.86163982757769));
#6933=CARTESIAN_POINT('',(601.63638298204,58.4462961658852,3.54232712520485));
#6934=CARTESIAN_POINT('',(602.696398211768,58.5040323365074,3.45838031452191));
#6935=CARTESIAN_POINT('',(602.547956625887,59.5672703185442,3.56349068780724));
#6936=CARTESIAN_POINT('',(601.701909085699,58.4252230459047,3.33230756217824));
#6937=CARTESIAN_POINT('',(602.622751196652,58.571583078046,3.59877157999781));
#6938=CARTESIAN_POINT('',(602.587379215886,59.4886955140736,3.24846134326737));
#6939=CARTESIAN_POINT('',(601.929368967489,58.3455813894255,3.16243459295571));
#6940=CARTESIAN_POINT('',(602.54722562013,58.621936383286,3.40532246443934));
#6941=CARTESIAN_POINT('',(602.725739350608,59.1966631230061,2.99365188943355));
#6942=CARTESIAN_POINT('',(602.212405343145,58.2241433837263,3.0457808354191));
#6943=CARTESIAN_POINT('',(602.640024336222,58.4670390062738,3.1312573588598));
#6944=CARTESIAN_POINT('',(602.903158961119,58.7668545688276,2.81867125312864));
#6945=CARTESIAN_POINT('',(602.432534449861,58.0499672879015,2.98710807004391));
#6946=CARTESIAN_POINT('',(602.783977814466,58.125368297835,2.96387760203457));
#6947=CARTESIAN_POINT('',(603.060109743052,58.1951435494597,2.73066210506574));
#6948=CARTESIAN_POINT('',(602.349208284384,57.8304705608363,3.01513736164009));
#6949=CARTESIAN_POINT('',(602.763066736343,57.7145287928843,3.04602332405063));
#6950=CARTESIAN_POINT('',(603.068840481181,57.5608971786902,2.77270604246039));
#6951=CARTESIAN_POINT('',(602.100648598113,57.6424517354652,3.11114750730439));
#6952=CARTESIAN_POINT('',(602.674768514893,57.4682657329843,3.29452135593573));
#6953=CARTESIAN_POINT('',(602.983446715616,57.0596349872141,2.91672126095578));
#6954=CARTESIAN_POINT('',(601.866038993693,57.4984033705113,3.25862733690547));
#6955=CARTESIAN_POINT('',(602.685502941282,57.4381671797701,3.55351566489664));
#6956=CARTESIAN_POINT('',(602.894820523083,56.685934937301,3.13794100535808));
#6957=CARTESIAN_POINT('',(601.734621343503,57.4251077164625,3.45781970254735));
#6958=CARTESIAN_POINT('',(602.78633406744,57.5708242004471,3.54171876979297));
#6959=CARTESIAN_POINT('',(602.843392217521,56.4985807776683,3.43672955382106));
#6960=CARTESIAN_POINT('',(601.794981632007,57.4583285029865,3.66776993956197));
#6961=CARTESIAN_POINT('',(602.726737186236,57.4901897225343,3.40097192453083));
#6962=CARTESIAN_POINT('',(602.867121109578,56.5833152618499,3.75165490934294));
#6963=CARTESIAN_POINT('',(601.934311730409,57.5397526853203,3.78130817857669));
#6964=CARTESIAN_POINT('',(602.682184386259,57.4462990152957,3.53579400224751));
#6965=CARTESIAN_POINT('',(602.920747941413,56.7929883361365,3.92196226786498));
#6966=CARTESIAN_POINT('',(602.011371969244,57.5888647863475,3.82901495507323));
#6967=CARTESIAN_POINT('',(602.683236633932,57.4674090539117,3.61698307905288));
#6968=CARTESIAN_POINT('',(602.949426201705,56.9210828068051,3.99352243260981));
#6969=CARTESIAN_POINT('',(597.580664249798,94.4030030569737,3.06217112296835));
#6970=CARTESIAN_POINT('',(598.081337608559,94.3032847922405,3.1596849682775));
#6971=CARTESIAN_POINT('',(598.401182004037,94.0430940960244,2.84325668445255));
#6972=CARTESIAN_POINT('',(597.50979593522,94.3353169102773,3.09277988365569));
#6973=CARTESIAN_POINT('',(598.063356326095,94.215461599654,3.23565972285909));
#6974=CARTESIAN_POINT('',(598.387498176617,93.8712843343112,2.88916982548355));
#6975=CARTESIAN_POINT('',(597.349313932024,94.2128991067029,3.17231708355925));
#6976=CARTESIAN_POINT('',(598.032765170502,94.1081867083654,3.42405044113204));
#6977=CARTESIAN_POINT('',(598.344572211093,93.572939328604,3.00847562533884));
#6978=CARTESIAN_POINT('',(597.155376068253,94.0838697610325,3.34555022075504));
#6979=CARTESIAN_POINT('',(598.100153639281,94.1896065842462,3.59990191163471));
#6980=CARTESIAN_POINT('',(598.285357596292,93.2679127895476,3.26832533113257));
#6981=CARTESIAN_POINT('',(597.109641367899,94.0549728449633,3.55607703138364));
#6982=CARTESIAN_POINT('',(598.143931706748,94.2572801504756,3.44603958476641));
#6983=CARTESIAN_POINT('',(598.270797794029,93.2004698593695,3.58411554707545));
#6984=CARTESIAN_POINT('',(597.245928273139,94.142528033709,3.75260099843029));
#6985=CARTESIAN_POINT('',(598.05007840052,94.1179174771836,3.45871923790325));
#6986=CARTESIAN_POINT('',(598.313622511006,93.4056766250041,3.87890149764548));
#6987=CARTESIAN_POINT('',(597.475602728984,94.305175020408,3.89728497226848));
#6988=CARTESIAN_POINT('',(598.045467349346,94.1643178858795,3.72491220475737));
#6989=CARTESIAN_POINT('',(598.379926813491,93.7957985660375,4.09592745840272));
#6990=CARTESIAN_POINT('',(597.70934206975,94.5107345584354,3.98952104587432));
#6991=CARTESIAN_POINT('',(598.120677400368,94.42955006441,3.96742997356279));
#6992=CARTESIAN_POINT('',(598.431888525766,94.3104271377283,4.23428156881149));
#6993=CARTESIAN_POINT('',(597.7562943141,94.7339377996134,4.01127780972007));
#6994=CARTESIAN_POINT('',(598.102598687589,94.8461004693344,4.03134302712588));
#6995=CARTESIAN_POINT('',(598.372000502648,94.948912112128,4.26691671458013));
#6996=CARTESIAN_POINT('',(597.51410885779,94.8881849938683,3.94775056098298));
#6997=CARTESIAN_POINT('',(597.935299977328,95.1642041965581,3.85132409542312));
#6998=CARTESIAN_POINT('',(598.17616377708,95.496431258979,4.17162584147451));
#6999=CARTESIAN_POINT('',(597.225599899044,94.9895838826253,3.82734768827382));
#7000=CARTESIAN_POINT('',(597.843759068459,95.3005002675499,3.57528007625305));
#7001=CARTESIAN_POINT('',(597.974603354796,95.9066174073225,3.99102153241072));
#7002=CARTESIAN_POINT('',(597.002616312045,95.0518986172976,3.6548521348391));
#7003=CARTESIAN_POINT('',(597.933028640341,95.2435493930238,3.40049211046295));
#7004=CARTESIAN_POINT('',(597.824961113049,96.1765180503891,3.73227820225866));
#7005=CARTESIAN_POINT('',(596.949333700644,95.0655098710873,3.44450333748328));
#7006=CARTESIAN_POINT('',(597.995991318856,95.192499058585,3.55346930409677));
#7007=CARTESIAN_POINT('',(597.789689505928,96.2372625894784,3.41675500622492));
#7008=CARTESIAN_POINT('',(597.106024363375,95.0243419943836,3.24750608041286));
#7009=CARTESIAN_POINT('',(597.86351671464,95.2961483109723,3.54164798454497));
#7010=CARTESIAN_POINT('',(597.893845792743,96.0552878882794,3.12125912061927));
#7011=CARTESIAN_POINT('',(597.37501866001,94.9405787390425,3.10266956316007));
#7012=CARTESIAN_POINT('',(597.873336604517,95.2507246287664,3.27501686537097));
#7013=CARTESIAN_POINT('',(598.077647682639,95.7044850733057,2.90400434474012));
#7014=CARTESIAN_POINT('',(597.661312274618,94.8169862960694,3.01034618343194));
#7015=CARTESIAN_POINT('',(598.027261457967,95.021065409428,3.03218409074744));
#7016=CARTESIAN_POINT('',(598.286486004493,95.2299675490192,2.76551927514798));
#7017=CARTESIAN_POINT('',(597.774523819494,94.619015986881,2.98866451943523));
#7018=CARTESIAN_POINT('',(598.138528137806,94.6186578501333,2.96863161531746));
#7019=CARTESIAN_POINT('',(598.426675175617,94.6037978988832,2.7329967791528));
#7020=CARTESIAN_POINT('',(597.651532564376,94.47068920367,3.03156236228101));
#7021=CARTESIAN_POINT('',(598.098419638186,94.3867159034973,3.08750974877659));
#7022=CARTESIAN_POINT('',(598.414865831458,94.2149038577376,2.79734354342154));
#7023=CARTESIAN_POINT('',(597.580664249798,94.4030030569737,3.06217112296835));
#7024=CARTESIAN_POINT('',(598.081337608559,94.3032847922405,3.1596849682775));
#7025=CARTESIAN_POINT('',(598.401182004037,94.0430940960244,2.84325668445255));
#7026=CARTESIAN_POINT('',(590.197923096788,131.296406859052,3.26615662867999));
#7027=CARTESIAN_POINT('',(590.957479979778,131.592982441993,3.50267613095667));
#7028=CARTESIAN_POINT('',(590.920432271111,132.364041456467,3.14923494301993));
#7029=CARTESIAN_POINT('',(590.267707249782,131.280646664049,3.20833368643736));
#7030=CARTESIAN_POINT('',(590.936830831921,131.601542290088,3.45884423294586));
#7031=CARTESIAN_POINT('',(590.971966700625,132.281556039573,3.06250052965594));
#7032=CARTESIAN_POINT('',(590.447761782317,131.237119187625,3.10957603630678));
#7033=CARTESIAN_POINT('',(590.937374978788,131.579837876846,3.29122367111955));
#7034=CARTESIAN_POINT('',(591.106431421195,132.060489313254,2.91436405445983));
#7035=CARTESIAN_POINT('',(590.741896878649,131.134690018511,3.01437344377546));
#7036=CARTESIAN_POINT('',(591.098866567183,131.370971057328,3.04371038160733));
#7037=CARTESIAN_POINT('',(591.342542850705,131.609124891159,2.77156016566322));
#7038=CARTESIAN_POINT('',(590.885500183029,130.949852694484,2.98734733285291));
#7039=CARTESIAN_POINT('',(591.244047170103,130.983941352888,2.96464248160103));
#7040=CARTESIAN_POINT('',(591.529053801261,130.999771520785,2.73102099927928));
#7041=CARTESIAN_POINT('',(590.727497033353,130.716880207556,3.04692289729244));
#7042=CARTESIAN_POINT('',(591.211207936047,130.617586077913,3.13423690537133));
#7043=CARTESIAN_POINT('',(591.554554047776,130.41087185148,2.82038434593792));
#7044=CARTESIAN_POINT('',(590.496839054198,130.515017504116,3.16363482768687));
#7045=CARTESIAN_POINT('',(591.171765828915,130.444298254146,3.40750333951271));
#7046=CARTESIAN_POINT('',(591.518674747085,129.949904600779,2.99545224153046));
#7047=CARTESIAN_POINT('',(590.305996813651,130.369768297941,3.33372705997287));
#7048=CARTESIAN_POINT('',(591.228546257219,130.516900124786,3.59884425474595));
#7049=CARTESIAN_POINT('',(591.477455743367,129.631209844592,3.25059058995923));
#7050=CARTESIAN_POINT('',(590.251332207111,130.330302263922,3.54339190064887));
#7051=CARTESIAN_POINT('',(591.276850772764,130.602386486429,3.45733461707335));
#7052=CARTESIAN_POINT('',(591.46451427268,129.546076360148,3.56508785097332));
#7053=CARTESIAN_POINT('',(590.373361368584,130.419428180494,3.74228511056106));
#7054=CARTESIAN_POINT('',(591.192797744562,130.458142792878,3.44714573482424));
#7055=CARTESIAN_POINT('',(591.492859532797,129.739067237183,3.86342766584158));
#7056=CARTESIAN_POINT('',(590.590376290394,130.592583912397,3.89028135459652));
#7057=CARTESIAN_POINT('',(591.179147571823,130.488935927149,3.70847769632984));
#7058=CARTESIAN_POINT('',(591.535498850647,130.124468132448,4.08542203189494));
#7059=CARTESIAN_POINT('',(590.813838089977,130.809825780075,3.98561689396093));
#7060=CARTESIAN_POINT('',(591.237267897297,130.746442962761,3.95622775104362));
#7061=CARTESIAN_POINT('',(591.558786499087,130.633533260267,4.22842534094087));
#7062=CARTESIAN_POINT('',(590.866051500694,131.038194743503,4.01268731220677));
#7063=CARTESIAN_POINT('',(591.205318126678,131.158892168833,4.03547693852445));
#7064=CARTESIAN_POINT('',(591.47032582132,131.264984417434,4.26903096831035));
#7065=CARTESIAN_POINT('',(590.623617604348,131.182756488532,3.95291022267168));
#7066=CARTESIAN_POINT('',(591.020302814179,131.47746273478,3.86518678674354));
#7067=CARTESIAN_POINT('',(591.243975620591,131.810450578301,4.17936533400744));
#7068=CARTESIAN_POINT('',(590.330016254393,131.267908938078,3.83620991719063));
#7069=CARTESIAN_POINT('',(590.911989807355,131.617006787933,3.59279559578684));
#7070=CARTESIAN_POINT('',(591.017280316121,132.211750158215,4.00431487578596));
#7071=CARTESIAN_POINT('',(590.096487348389,131.318774963514,3.66742904186602));
#7072=CARTESIAN_POINT('',(590.993183399025,131.5759558681,3.4013753672791));
#7073=CARTESIAN_POINT('',(590.845807566927,132.482382420435,3.75114356279906));
#7074=CARTESIAN_POINT('',(590.029056864356,131.331680357646,3.45651368976256));
#7075=CARTESIAN_POINT('',(591.07402437183,131.518257587687,3.54251899639938));
#7076=CARTESIAN_POINT('',(590.797224844112,132.555401814619,3.43477053464382));
#7077=CARTESIAN_POINT('',(590.128138943795,131.312167054056,3.32397957092262));
#7078=CARTESIAN_POINT('',(590.97961563743,131.583806379702,3.54966343984532));
#7079=CARTESIAN_POINT('',(590.868897841597,132.446526873362,3.23596935638393));
#7080=CARTESIAN_POINT('',(590.197923096788,131.296406859052,3.26615662867999));
#7081=CARTESIAN_POINT('',(590.957479979778,131.592982441993,3.50267613095667));
#7082=CARTESIAN_POINT('',(590.920432271111,132.364041456467,3.14923494301993));
#7083=CARTESIAN_POINT('',(581.459959847397,166.355135307434,3.15433162883414));
#7084=CARTESIAN_POINT('',(582.11825758369,166.344836391208,3.35431759340929));
#7085=CARTESIAN_POINT('',(582.481489776503,165.894809866378,2.98149744325121));
#7086=CARTESIAN_POINT('',(581.392085852769,166.290675338796,3.19966517992643));
#7087=CARTESIAN_POINT('',(582.118287566557,166.314456698551,3.43830422590697));
#7088=CARTESIAN_POINT('',(582.477317440085,165.758352488316,3.04949776988964));
#7089=CARTESIAN_POINT('',(581.265338382217,166.179901544963,3.30758572838963));
#7090=CARTESIAN_POINT('',(582.146308717548,166.344230027052,3.59050794829965));
#7091=CARTESIAN_POINT('',(582.463156489968,165.530486476323,3.21137859258448));
#7092=CARTESIAN_POINT('',(581.190568582445,166.11846603424,3.5150401395297));
#7093=CARTESIAN_POINT('',(582.204322777854,166.462489478828,3.48507180956548));
#7094=CARTESIAN_POINT('',(582.452205573766,165.407036446245,3.52256020929454));
#7095=CARTESIAN_POINT('',(581.287065722933,166.198007803614,3.71813487314268));
#7096=CARTESIAN_POINT('',(582.135169316239,166.322863442738,3.42495914857062));
#7097=CARTESIAN_POINT('',(582.466170072731,165.56707022426,3.82720230971403));
#7098=CARTESIAN_POINT('',(581.487416222256,166.376011099445,3.87390634690003));
#7099=CARTESIAN_POINT('',(582.107392280009,166.317125843178,3.67105733407572));
#7100=CARTESIAN_POINT('',(582.486627801772,165.935407706636,4.06085952035023));
#7101=CARTESIAN_POINT('',(581.701808116381,166.601837984248,3.97608857724371));
#7102=CARTESIAN_POINT('',(582.147656690827,166.550962220867,3.92923656804967));
#7103=CARTESIAN_POINT('',(582.485064984968,166.428836269506,4.21413286586559));
#7104=CARTESIAN_POINT('',(581.779168667319,166.839476075818,4.01453718959598));
#7105=CARTESIAN_POINT('',(582.115464036422,166.952640646309,4.04087075301462));
#7106=CARTESIAN_POINT('',(582.380983930967,167.046061126702,4.27180578439386));
#7107=CARTESIAN_POINT('',(581.553499765517,166.982836383809,3.96438652777675));
#7108=CARTESIAN_POINT('',(581.917627947107,167.283563698878,3.89677830861743));
#7109=CARTESIAN_POINT('',(582.129950537379,167.599005070708,4.19657979166584));
#7110=CARTESIAN_POINT('',(581.253650130118,167.054719447631,3.85520840109056));
#7111=CARTESIAN_POINT('',(581.779943848725,167.437501965383,3.6304803450236));
#7112=CARTESIAN_POINT('',(581.87490052348,168.000294705703,4.03281260163593));
#7113=CARTESIAN_POINT('',(581.001337592157,167.095400188412,3.69107880629048));
#7114=CARTESIAN_POINT('',(581.837715622769,167.422372165236,3.40837286405986));
#7115=CARTESIAN_POINT('',(581.673321908979,168.282368136885,3.78661820943566));
#7116=CARTESIAN_POINT('',(580.907162791903,167.107587690299,3.48458604152543));
#7117=CARTESIAN_POINT('',(581.9488586787,167.353112071738,3.51585977931932));
#7118=CARTESIAN_POINT('',(581.600047648758,168.379249579,3.47687906228816));
#7119=CARTESIAN_POINT('',(581.031810669603,167.091191864526,3.28095976538395));
#7120=CARTESIAN_POINT('',(581.81574010251,167.435192300214,3.57435495637923));
#7121=CARTESIAN_POINT('',(581.697204674478,168.250278108418,3.1714396480759));
#7122=CARTESIAN_POINT('',(581.295956111279,167.046318368462,3.12585518898429));
#7123=CARTESIAN_POINT('',(581.79012107961,167.424531238992,3.32815259722722));
#7124=CARTESIAN_POINT('',(581.909739244737,167.948563879842,2.93878278347639));
#7125=CARTESIAN_POINT('',(581.596547004602,166.968670820143,3.02392670772188));
#7126=CARTESIAN_POINT('',(581.94774439008,167.248087684023,3.07084180631296));
#7127=CARTESIAN_POINT('',(582.169104512976,167.530592863458,2.78589006158288));
#7128=CARTESIAN_POINT('',(581.788290227466,166.807832305335,2.9854758314261));
#7129=CARTESIAN_POINT('',(582.133507265919,166.88990607977,2.9590682417937));
#7130=CARTESIAN_POINT('',(582.40826457232,166.951005815231,2.72821374713909));
#7131=CARTESIAN_POINT('',(581.672582349982,166.566661356794,3.03558442183589));
#7132=CARTESIAN_POINT('',(582.14080809333,166.504229705416,3.10351115863169));
#7133=CARTESIAN_POINT('',(582.488190508476,166.349230744693,2.8033766327539));
#7134=CARTESIAN_POINT('',(581.527833842024,166.419595276073,3.10899807774185));
#7135=CARTESIAN_POINT('',(582.118229624552,166.373165570229,3.27599973897396));
#7136=CARTESIAN_POINT('',(582.485662112921,166.031267244439,2.91349711661278));
#7137=CARTESIAN_POINT('',(581.459959847397,166.355135307434,3.15433162883414));
#7138=CARTESIAN_POINT('',(582.11825758369,166.344836391208,3.35431759340929));
#7139=CARTESIAN_POINT('',(582.481489776503,165.894809866378,2.98149744325121));
#7140=CARTESIAN_POINT('',(569.788459722357,202.245679463712,3.2737312545802));
#7141=CARTESIAN_POINT('',(570.518507347978,202.630752447665,3.50879924618037));
#7142=CARTESIAN_POINT('',(570.376779423795,203.402228959501,3.16059688187027));
#7143=CARTESIAN_POINT('',(569.857753654549,202.238848054577,3.21522965489253));
#7144=CARTESIAN_POINT('',(570.495496193243,202.637908723264,3.46824502452447));
#7145=CARTESIAN_POINT('',(570.436265037329,203.32896500155,3.07284448233872));
#7146=CARTESIAN_POINT('',(570.039619431497,202.218340456624,3.1149742987394));
#7147=CARTESIAN_POINT('',(570.492293959872,202.621048233945,3.30360632754753));
#7148=CARTESIAN_POINT('',(570.594399767184,203.129676044789,2.92246144810886));
#7149=CARTESIAN_POINT('',(570.344515889266,202.154843622757,3.01744578120322));
#7150=CARTESIAN_POINT('',(570.672423320377,202.440503686598,3.05251971605969));
#7151=CARTESIAN_POINT('',(570.882303889003,202.716399229565,2.77616867180484));
#7152=CARTESIAN_POINT('',(570.522021204262,201.994844786382,2.98658481058884));
#7153=CARTESIAN_POINT('',(570.869410150317,202.081004712015,2.96228897018956));
#7154=CARTESIAN_POINT('',(571.146703058861,202.14074832268,2.72987721588339));
#7155=CARTESIAN_POINT('',(570.402915006698,201.745451447537,3.04275015898451));
#7156=CARTESIAN_POINT('',(570.887550410268,201.707549589164,3.12320375433177));
#7157=CARTESIAN_POINT('',(571.250188395876,201.555007871754,2.81412523847617));
#7158=CARTESIAN_POINT('',(570.198468300614,201.514804654481,3.1575528074256));
#7159=CARTESIAN_POINT('',(570.867873747066,201.520764527014,3.39481907456776));
#7160=CARTESIAN_POINT('',(571.272385086262,201.087262122247,2.98632921113778));
#7161=CARTESIAN_POINT('',(570.02467658173,201.344613159733,3.32351193869326));
#7162=CARTESIAN_POINT('',(570.911712012881,201.587704320201,3.59636098392942));
#7163=CARTESIAN_POINT('',(571.270874776366,200.760012915503,3.23526790804313));
#7164=CARTESIAN_POINT('',(569.96682045737,201.290904941372,3.53335147113071));
#7165=CARTESIAN_POINT('',(570.954573338828,201.690932685186,3.46718992863829));
#7166=CARTESIAN_POINT('',(571.268048165229,200.659081492567,3.55002720669521));
#7167=CARTESIAN_POINT('',(570.070472421519,201.387852571148,3.7335019829434));
#7168=CARTESIAN_POINT('',(570.890161414084,201.53971679382,3.43831744505438));
#7169=CARTESIAN_POINT('',(571.272539323511,200.841876613032,3.85025297441529));
#7170=CARTESIAN_POINT('',(570.263214541846,201.583403196752,3.88455236597944));
#7171=CARTESIAN_POINT('',(570.86923144495,201.555518417799,3.69510263131368));
#7172=CARTESIAN_POINT('',(571.268856548949,201.223302038403,4.0768285489693));
#7173=CARTESIAN_POINT('',(570.460630769121,201.824783425992,3.98233460023951));
#7174=CARTESIAN_POINT('',(570.895729714124,201.808734008896,3.94689641481651));
#7175=CARTESIAN_POINT('',(571.232726321946,201.725753495165,4.22350190035856));
#7176=CARTESIAN_POINT('',(570.498833843144,202.061489250046,4.01354486322404));
#7177=CARTESIAN_POINT('',(570.822903565143,202.212854433171,4.03800948898792));
#7178=CARTESIAN_POINT('',(571.076155803498,202.340551642531,4.27031729483628));
#7179=CARTESIAN_POINT('',(570.248272163006,202.180694751917,3.95705359147638));
#7180=CARTESIAN_POINT('',(570.60129055845,202.515409949116,3.87638257772699));
#7181=CARTESIAN_POINT('',(570.786868350093,202.862654208276,4.18558038721455));
#7182=CARTESIAN_POINT('',(569.945169042217,202.231039279407,3.84264724496776));
#7183=CARTESIAN_POINT('',(570.468835015144,202.647625232548,3.60545676346895));
#7184=CARTESIAN_POINT('',(570.510672547209,203.238743102731,4.01397086745162));
#7185=CARTESIAN_POINT('',(569.702059369205,202.254060057423,3.67601978067722));
#7186=CARTESIAN_POINT('',(570.545290561166,202.623201492013,3.40315916282387));
#7187=CARTESIAN_POINT('',(570.302717208165,203.49320502752,3.76402967101579));
#7188=CARTESIAN_POINT('',(569.62385583835,202.259328911436,3.46598389686542));
#7189=CARTESIAN_POINT('',(570.643225442583,202.570077547232,3.53370001537919));
#7190=CARTESIAN_POINT('',(570.237486085977,203.569259792497,3.44897584529814));
#7191=CARTESIAN_POINT('',(569.719165790166,202.252510872848,3.33223285426787));
#7192=CARTESIAN_POINT('',(570.543151363061,202.62308836623,3.55223117567821));
#7193=CARTESIAN_POINT('',(570.31729381026,203.475492917453,3.24834928140181));
#7194=CARTESIAN_POINT('',(569.788459722357,202.245679463712,3.2737312545802));
#7195=CARTESIAN_POINT('',(570.518507347978,202.630752447665,3.50879924618037));
#7196=CARTESIAN_POINT('',(570.376779423795,203.402228959501,3.16059688187027));
#7197=CARTESIAN_POINT('',(557.033167290084,236.512616795253,3.00371207362511));
#7198=CARTESIAN_POINT('',(557.366385518768,236.710330048649,3.01005915294154));
#7199=CARTESIAN_POINT('',(557.600184700021,236.885651057209,2.75556811043768));
#7200=CARTESIAN_POINT('',(557.082624093834,236.460741035352,2.99579242694769));
#7201=CARTESIAN_POINT('',(557.424903228455,236.603288424862,2.98936015153544));
#7202=CARTESIAN_POINT('',(557.690551237825,236.70515335887,2.74368864042155));
#7203=CARTESIAN_POINT('',(557.095031677144,236.311850245419,3.00829899874644));
#7204=CARTESIAN_POINT('',(557.508413671281,236.336528642106,3.0262331363341));
#7205=CARTESIAN_POINT('',(557.835495590696,236.303730795026,2.76244849811973));
#7206=CARTESIAN_POINT('',(556.920294696397,236.054701456097,3.0986015371202));
#7207=CARTESIAN_POINT('',(557.500940038191,236.05367159806,3.26535991308977));
#7208=CARTESIAN_POINT('',(557.912667272793,235.786720099714,2.89790230568019));
#7209=CARTESIAN_POINT('',(556.735996803489,235.83950844956,3.2412991517528));
#7210=CARTESIAN_POINT('',(557.514622266802,236.000373431567,3.53358101401754));
#7211=CARTESIAN_POINT('',(557.943643616465,235.388108197186,3.11194872762919));
#7212=CARTESIAN_POINT('',(556.620850481349,235.716979753145,3.4356448632461));
#7213=CARTESIAN_POINT('',(557.572140878302,236.157208910441,3.56075793233891));
#7214=CARTESIAN_POINT('',(557.952268155098,235.170240491692,3.40346729486914));
#7215=CARTESIAN_POINT('',(556.652037229273,235.749592167524,3.64682782615041));
#7216=CARTESIAN_POINT('',(557.550026511742,236.092534912606,3.39999321361767));
#7217=CARTESIAN_POINT('',(557.950448706841,235.227750253113,3.7202417392256));
#7218=CARTESIAN_POINT('',(556.807049249415,235.918965840134,3.82284263858205));
#7219=CARTESIAN_POINT('',(557.502301401165,235.988300665325,3.56636354467167));
#7220=CARTESIAN_POINT('',(557.934857007031,235.532610705996,3.98426395787308));
#7221=CARTESIAN_POINT('',(556.996882938469,236.15501999344,3.94413002661613));
#7222=CARTESIAN_POINT('',(557.506682068628,236.14398684336,3.84209093837361));
#7223=CARTESIAN_POINT('',(557.889992115002,235.980873983103,4.16619503992415));
#7224=CARTESIAN_POINT('',(557.126953846958,236.415018126455,4.01033994080412));
#7225=CARTESIAN_POINT('',(557.484377004971,236.497031072926,4.02842732229252));
#7226=CARTESIAN_POINT('',(557.770835432962,236.545432593443,4.26550991120624));
#7227=CARTESIAN_POINT('',(556.979486754216,236.584807312759,3.99177659186252));
#7228=CARTESIAN_POINT('',(557.284244198867,236.865037673587,3.97401968045757));
#7229=CARTESIAN_POINT('',(557.487822533012,237.123173169758,4.23766488779382));
#7230=CARTESIAN_POINT('',(556.672759808142,236.637527898994,3.90141172904172));
#7231=CARTESIAN_POINT('',(557.075359237341,237.055988317955,3.73446922941023));
#7232=CARTESIAN_POINT('',(557.169393137863,237.537599285978,4.10211759356264));
#7233=CARTESIAN_POINT('',(556.389636581392,236.654500455056,3.7582962610315));
#7234=CARTESIAN_POINT('',(557.046809473767,237.102803976152,3.46614504191014));
#7235=CARTESIAN_POINT('',(556.903852570249,237.837210069445,3.88744439154724));
#7236=CARTESIAN_POINT('',(556.222069872186,236.656747511396,3.56469036511981));
#7237=CARTESIAN_POINT('',(557.199372250823,237.035257059515,3.43924635727632));
#7238=CARTESIAN_POINT('',(556.753653529876,237.994149824157,3.59703554767971));
#7239=CARTESIAN_POINT('',(556.267152033454,236.656549881876,3.35285352159119));
#7240=CARTESIAN_POINT('',(557.137415282344,237.064357646117,3.60004406492941));
#7241=CARTESIAN_POINT('',(556.793701451362,237.952988905899,3.27928028238679));
#7242=CARTESIAN_POINT('',(556.49678631365,236.6503340051,3.17711675228532));
#7243=CARTESIAN_POINT('',(557.029487341899,237.102212862834,3.43344466273476));
#7244=CARTESIAN_POINT('',(557.002330663153,237.729722972317,3.01567512842796));
#7245=CARTESIAN_POINT('',(556.798290854648,236.623104804824,3.05581687881098));
#7246=CARTESIAN_POINT('',(557.144363148779,236.997619430467,3.15782356135449));
#7247=CARTESIAN_POINT('',(557.293296363871,237.386716985058,2.83372531821649));
#7248=CARTESIAN_POINT('',(556.983710486335,236.564492555154,3.01163172030254));
#7249=CARTESIAN_POINT('',(557.307071957694,236.818827457792,3.03103966449337));
#7250=CARTESIAN_POINT('',(557.509818162217,237.066148755547,2.76744758045381));
#7251=CARTESIAN_POINT('',(557.033167290084,236.512616795253,3.00371207362511));
#7252=CARTESIAN_POINT('',(557.366385518768,236.710330048649,3.01005915294154));
#7253=CARTESIAN_POINT('',(557.600184700021,236.885651057209,2.75556811043768));
#7254=CARTESIAN_POINT('',(541.52574844812,269.712708518383,3.06840177010577));
#7255=CARTESIAN_POINT('',(542.044426563312,269.768499065263,3.17456030933443));
#7256=CARTESIAN_POINT('',(542.433521290089,269.600101410103,2.85260265515867));
#7257=CARTESIAN_POINT('',(541.4766829466,269.627081980492,3.1003257697206));
#7258=CARTESIAN_POINT('',(542.052415415138,269.683333263042,3.25281419273349));
#7259=CARTESIAN_POINT('',(542.470069490527,269.434547667547,2.90048865458091));
#7260=CARTESIAN_POINT('',(541.360395962908,269.464021036941,3.18216237387386));
#7261=CARTESIAN_POINT('',(542.056399208656,269.58252920467,3.44231279107706));
#7262=CARTESIAN_POINT('',(542.516853196427,269.142022011874,3.02324356081077));
#7263=CARTESIAN_POINT('',(541.218936662803,269.289496474427,3.35889879508251));
#7264=CARTESIAN_POINT('',(542.098494208802,269.695184582265,3.59919640459855));
#7265=CARTESIAN_POINT('',(542.549953920207,268.845777898475,3.28834819262379));
#7266=CARTESIAN_POINT('',(541.193707299003,269.259678566567,3.57036064264345));
#7267=CARTESIAN_POINT('',(542.114178085823,269.75227701556,3.43438304601358));
#7268=CARTESIAN_POINT('',(542.554550345343,268.796211200468,3.60554096396517));
#7269=CARTESIAN_POINT('',(541.304756385048,269.393505654475,3.76407429681544));
#7270=CARTESIAN_POINT('',(542.066090021149,269.59278766789,3.47292399509312));
#7271=CARTESIAN_POINT('',(542.531740904434,269.020826647789,3.89611144522313));
#7272=CARTESIAN_POINT('',(541.476381161287,269.621763062828,3.90509871121579));
#7273=CARTESIAN_POINT('',(542.050274666338,269.653995834549,3.7435641742531));
#7274=CARTESIAN_POINT('',(542.475081770159,269.421542617057,4.10764806682376));
#7275=CARTESIAN_POINT('',(541.633106574098,269.889552966446,3.99369430797669));
#7276=CARTESIAN_POINT('',(542.039140889173,269.942629436727,3.97950419060542));
#7277=CARTESIAN_POINT('',(542.364054643061,269.935989793366,4.24054146196478));
#7278=CARTESIAN_POINT('',(541.590050110417,270.107719643924,4.00934772044677));
#7279=CARTESIAN_POINT('',(541.883094801492,270.332619871548,4.02559451863755));
#7280=CARTESIAN_POINT('',(542.10306239421,270.525500918598,4.26402158067025));
#7281=CARTESIAN_POINT('',(541.304404144204,270.174124646509,3.94121562316701));
#7282=CARTESIAN_POINT('',(541.630138228745,270.573249117311,3.83410825860509));
#7283=CARTESIAN_POINT('',(541.751225137386,270.977355031758,4.16182343475047));
#7284=CARTESIAN_POINT('',(541.001466792,270.182171290515,3.8174333458226));
#7285=CARTESIAN_POINT('',(541.515590311444,270.666953232935,3.55690296701687));
#7286=CARTESIAN_POINT('',(541.440248893153,271.300478613909,3.97615001873393));
#7287=CARTESIAN_POINT('',(540.778241467117,270.174195060958,3.64128823445584));
#7288=CARTESIAN_POINT('',(541.631097857464,270.632462625624,3.40112627427211));
#7289=CARTESIAN_POINT('',(541.224900230102,271.503826023906,3.71193235168372));
#7290=CARTESIAN_POINT('',(540.738632386863,270.171988634954,3.43002739260585));
#7291=CARTESIAN_POINT('',(541.686370325561,270.610612240871,3.56531000244815));
#7292=CARTESIAN_POINT('',(541.187470728048,271.537933535282,3.39504108890882));
#7293=CARTESIAN_POINT('',(540.912405778563,270.18013359228,3.23597143978276));
#7294=CARTESIAN_POINT('',(541.52990513002,270.668240769291,3.5273177949431));
#7295=CARTESIAN_POINT('',(541.353196527598,271.38446768917,3.10395715967407));
#7296=CARTESIAN_POINT('',(541.198227072027,270.179860479608,3.09484725344957));
#7297=CARTESIAN_POINT('',(541.569211274433,270.618804149044,3.25632754925428));
#7298=CARTESIAN_POINT('',(541.639334806577,271.097895357914,2.89227088017443));
#7299=CARTESIAN_POINT('',(541.506793246609,270.143717585965,3.00620727005458));
#7300=CARTESIAN_POINT('',(541.793494166785,270.435807213795,3.02019948123442));
#7301=CARTESIAN_POINT('',(541.983901690797,270.698869163696,2.75931090508191));
#7302=CARTESIAN_POINT('',(541.654788972027,269.977780264284,2.99061837618489));
#7303=CARTESIAN_POINT('',(542.010934328934,270.075945205802,2.97443720761068));
#7304=CARTESIAN_POINT('',(542.297563993801,270.135344467208,2.7359275642773));
#7305=CARTESIAN_POINT('',(541.57481394964,269.798335056273,3.03647777049094));
#7306=CARTESIAN_POINT('',(542.036852587331,269.849242049915,3.10037029478112));
#7307=CARTESIAN_POINT('',(542.396973089652,269.765655152659,2.80471665573642));
#7308=CARTESIAN_POINT('',(541.52574844812,269.712708518383,3.06840177010577));
#7309=CARTESIAN_POINT('',(542.044426563312,269.768499065263,3.17456030933443));
#7310=CARTESIAN_POINT('',(542.433521290089,269.600101410103,2.85260265515867));
#7311=CARTESIAN_POINT('',(523.804613959704,301.876865577475,3.32742175569632));
#7312=CARTESIAN_POINT('',(524.612685059593,302.254058948287,3.53782297756952));
#7313=CARTESIAN_POINT('',(525.111513984821,301.54506885051,3.24113263354446));
#7314=CARTESIAN_POINT('',(523.772744473516,301.832069213314,3.38985636224668));
#7315=CARTESIAN_POINT('',(524.622393914876,302.285649163172,3.55582297316802));
#7316=CARTESIAN_POINT('',(525.12416870232,301.47299295257,3.33478454337001));
#7317=CARTESIAN_POINT('',(523.740162229899,301.788284697211,3.52834053261058));
#7318=CARTESIAN_POINT('',(524.638810122153,302.362826073585,3.47171038924584));
#7319=CARTESIAN_POINT('',(525.134925869569,301.40408117874,3.54251079891588));
#7320=CARTESIAN_POINT('',(523.821234580751,301.898085064332,3.72908511957161));
#7321=CARTESIAN_POINT('',(524.603785142339,302.20480976242,3.43437269001487));
#7322=CARTESIAN_POINT('',(525.107234840988,301.577573783071,3.84362767935739));
#7323=CARTESIAN_POINT('',(523.974551437774,302.123836954008,3.88152645220592));
#7324=CARTESIAN_POINT('',(524.579768527004,302.209508296973,3.68817412025431));
#7325=CARTESIAN_POINT('',(525.035258362979,301.948630552723,4.0722896783088));
#7326=CARTESIAN_POINT('',(524.12537146554,302.396282803948,3.98046517223565));
#7327=CARTESIAN_POINT('',(524.560326979964,302.458360049421,3.94162324414358));
#7328=CARTESIAN_POINT('',(524.909894559228,302.433268612658,4.2206977583538));
#7329=CARTESIAN_POINT('',(524.127470729343,302.638305367134,4.01391582916485));
#7330=CARTESIAN_POINT('',(524.421131116381,302.840518622243,4.03910783869166));
#7331=CARTESIAN_POINT('',(524.650036849682,303.00644375093,4.2708737437472));
#7332=CARTESIAN_POINT('',(523.863741933534,302.714343410025,3.95952030893699));
#7333=CARTESIAN_POINT('',(524.14783086952,303.10351946418,3.88311406952324));
#7334=CARTESIAN_POINT('',(524.270500725075,303.47302980353,4.18928046340546));
#7335=CARTESIAN_POINT('',(523.555964201001,302.709400918746,3.84661265741691));
#7336=CARTESIAN_POINT('',(523.988210171164,303.212465522086,3.61346215016291));
#7337=CARTESIAN_POINT('',(523.928890849674,303.794991881622,4.01991898612545));
#7338=CARTESIAN_POINT('',(523.309528278496,302.687822368047,3.68147151643306));
#7339=CARTESIAN_POINT('',(524.061158554277,303.205486473816,3.4048214347524));
#7340=CARTESIAN_POINT('',(523.674340529184,304.010979294815,3.77220727464955));
#7341=CARTESIAN_POINT('',(523.225903745669,302.678088271835,3.47191877184081));
#7342=CARTESIAN_POINT('',(524.173820055828,303.168964208383,3.52765013338404));
#7343=CARTESIAN_POINT('',(523.590551189281,304.078555952039,3.45787815776122));
#7344=CARTESIAN_POINT('',(523.361758664575,302.693432759195,3.27121153588542));
#7345=CARTESIAN_POINT('',(524.019012816486,303.217799027539,3.56603104269705));
#7346=CARTESIAN_POINT('',(523.727176059986,303.967660976852,3.15681730382812));
#7347=CARTESIAN_POINT('',(523.634132081945,302.713348641129,3.11843824969207));
#7348=CARTESIAN_POINT('',(524.010889816033,303.194694191685,3.31185933166179));
#7349=CARTESIAN_POINT('',(524.012750387151,303.719610261284,2.92765737453813));
#7350=CARTESIAN_POINT('',(523.945940310584,302.70778494225,3.01943297756942));
#7351=CARTESIAN_POINT('',(524.21704978539,303.053285355896,3.05807440511712));
#7352=CARTESIAN_POINT('',(524.37023904042,303.368339346882,2.77914946635407));
#7353=CARTESIAN_POINT('',(524.156474484689,302.588002075749,2.98607549573316));
#7354=CARTESIAN_POINT('',(524.4787308699,302.740691592648,2.96092716532187));
#7355=CARTESIAN_POINT('',(524.73720552097,302.855429472596,2.72911324359974));
#7356=CARTESIAN_POINT('',(524.089742374168,302.321289972075,3.0407869756276));
#7357=CARTESIAN_POINT('',(524.569341111437,302.372687061884,3.11754728316795));
#7358=CARTESIAN_POINT('',(524.951025628615,302.293519618176,2.81118046344141));
#7359=CARTESIAN_POINT('',(523.931379147022,302.057062882176,3.15373289330842));
#7360=CARTESIAN_POINT('',(524.583853237216,302.180258157392,3.38790714392166));
#7361=CARTESIAN_POINT('',(525.058997564578,301.83653656638,2.98059933996259));
#7362=CARTESIAN_POINT('',(523.836483445891,301.921661941636,3.26498714914596));
#7363=CARTESIAN_POINT('',(524.603528458955,302.224265633488,3.52084684944941));
#7364=CARTESIAN_POINT('',(525.098859267323,301.61714474845,3.14748072371892));
#7365=CARTESIAN_POINT('',(523.804613959704,301.876865577475,3.32742175569632));
#7366=CARTESIAN_POINT('',(524.612685059593,302.254058948287,3.53782297756952));
#7367=CARTESIAN_POINT('',(525.111513984821,301.54506885051,3.24113263354446));
#7368=CARTESIAN_POINT('',(503.806888423346,334.061896022955,3.51327999589874));
#7369=CARTESIAN_POINT('',(504.641941752934,334.615243351349,3.49326918568767));
#7370=CARTESIAN_POINT('',(504.087495129953,335.449381492373,3.51991999385896));
#7371=CARTESIAN_POINT('',(503.80255497747,334.061160193157,3.44494446753394));
#7372=CARTESIAN_POINT('',(504.645913593292,334.614336555739,3.52230399219962));
#7373=CARTESIAN_POINT('',(504.082861763589,335.452728340449,3.41741670131175));
#7374=CARTESIAN_POINT('',(503.866363004502,334.072533190771,3.30679622215425));
#7375=CARTESIAN_POINT('',(504.561983466041,334.635874603515,3.59055910615964));
#7376=CARTESIAN_POINT('',(504.150473899835,335.404648486113,3.21019433324219));
#7377=CARTESIAN_POINT('',(504.118923310172,334.109463939675,3.14406306223677));
#7378=CARTESIAN_POINT('',(504.50449790232,334.632216201613,3.36767440335288));
#7379=CARTESIAN_POINT('',(504.427319398226,335.196280095391,2.96609459336604));
#7380=CARTESIAN_POINT('',(504.427530293735,334.130937048323,3.03479408255208));
#7381=CARTESIAN_POINT('',(504.683746453804,334.525873867794,3.10115763851897));
#7382=CARTESIAN_POINT('',(504.792680779668,334.888776609772,2.80219112383898));
#7383=CARTESIAN_POINT('',(504.684508912351,334.060407439411,2.98539372832928));
#7384=CARTESIAN_POINT('',(504.972288012296,334.26763243019,2.95886931446401));
#7385=CARTESIAN_POINT('',(505.198572430699,334.434744283055,2.72809059250476));
#7386=CARTESIAN_POINT('',(504.679623071796,333.809172201378,3.02467112426142));
#7387=CARTESIAN_POINT('',(505.121847855339,333.894256276389,3.07294187014155));
#7388=CARTESIAN_POINT('',(505.481735336022,333.877348970597,2.78700668640296));
#7389=CARTESIAN_POINT('',(504.542735903219,333.529719119673,3.12737816983188));
#7390=CARTESIAN_POINT('',(505.153373233139,333.661548440035,3.33168722099209));
#7391=CARTESIAN_POINT('',(505.630742151959,333.408475768978,2.94106725475874));
#7392=CARTESIAN_POINT('',(504.406006152822,333.301298658243,3.28309372791566));
#7393=CARTESIAN_POINT('',(505.178099064894,333.677408235253,3.57543643334683));
#7394=CARTESIAN_POINT('',(505.721197272639,333.053655178628,3.17464059188428));
#7395=CARTESIAN_POINT('',(504.338556345374,333.197450525782,3.4854558589122));
#7396=CARTESIAN_POINT('',(505.201889799857,333.830362221607,3.51437597912845));
#7397=CARTESIAN_POINT('',(505.755652868792,332.898375312705,3.47818378837913));
#7398=CARTESIAN_POINT('',(504.391626953786,333.278841677312,3.69332748433948));
#7399=CARTESIAN_POINT('',(505.18202056021,333.699087658327,3.40924888254484));
#7400=CARTESIAN_POINT('',(505.728908746995,333.019841286129,3.78999122652015));
#7401=CARTESIAN_POINT('',(504.524575815966,333.497323934726,3.85616061799234));
#7402=CARTESIAN_POINT('',(505.156168759952,333.647577642555,3.63273751991476));
#7403=CARTESIAN_POINT('',(505.645124217307,333.356745880862,4.03424092699921));
#7404=CARTESIAN_POINT('',(504.665048009079,333.773500943791,3.96546472201554));
#7405=CARTESIAN_POINT('',(505.128189460127,333.855086260934,3.8995356207991));
#7406=CARTESIAN_POINT('',(505.504412376526,333.814176124512,4.19819708303472));
#7407=CARTESIAN_POINT('',(504.699901467781,334.037113581684,4.01459412163588));
#7408=CARTESIAN_POINT('',(505.002846134537,334.221455422284,4.04110983620738));
#7409=CARTESIAN_POINT('',(505.244838982854,334.364823970289,4.27189118246457));
#7410=CARTESIAN_POINT('',(504.466450599665,334.130407580935,3.97518800984078));
#7411=CARTESIAN_POINT('',(504.717665376242,334.504504909104,3.9266636845432));
#7412=CARTESIAN_POINT('',(504.842472909129,334.842751637399,4.21278201477206));
#7413=CARTESIAN_POINT('',(504.156049235176,334.113565173041,3.87249048659462));
#7414=CARTESIAN_POINT('',(504.516169653384,334.624218161737,3.66809771465204));
#7415=CARTESIAN_POINT('',(504.469534405292,335.162681865495,4.05873572990275));
#7416=CARTESIAN_POINT('',(503.89236367976,334.076948169557,3.71680939234309));
#7417=CARTESIAN_POINT('',(504.540626972258,334.640715337166,3.42437299745969));
#7418=CARTESIAN_POINT('',(504.178274098019,335.384567397658,3.8252140885255));
#7419=CARTESIAN_POINT('',(503.811221869223,334.062631852753,3.58161552426355));
#7420=CARTESIAN_POINT('',(504.637990475745,334.616145452261,3.46438469932134));
#7421=CARTESIAN_POINT('',(504.092128496317,335.446034644297,3.62242328640618));
#7422=CARTESIAN_POINT('',(503.806888423346,334.061896022955,3.51327999589874));
#7423=CARTESIAN_POINT('',(504.641941752934,334.615243351349,3.49326918568767));
#7424=CARTESIAN_POINT('',(504.087495129953,335.449381492373,3.51991999385896));
#7425=CARTESIAN_POINT('',(482.631471676786,364.230294790309,3.24890207065788));
#7426=CARTESIAN_POINT('',(483.171359540382,364.81013954698,3.48682670215088));
#7427=CARTESIAN_POINT('',(482.849673624335,365.479999303715,3.12335310600847));
#7428=CARTESIAN_POINT('',(482.705575053983,364.245431441753,3.19265520998238));
#7429=CARTESIAN_POINT('',(483.153711684271,364.807648471681,3.43586467947138));
#7430=CARTESIAN_POINT('',(482.935852223721,365.422548126007,3.03898281499514));
#7431=CARTESIAN_POINT('',(482.891954233833,364.280134084813,3.09770560616462));
#7432=CARTESIAN_POINT('',(483.180257802599,364.782474747841,3.2631177146412));
#7433=CARTESIAN_POINT('',(483.156622246249,365.2710067478,2.89655840926808));
#7434=CARTESIAN_POINT('',(483.201225184385,364.302310083072,3.00797904516894));
#7435=CARTESIAN_POINT('',(483.429544758746,364.646841903689,3.02529133097519));
#7436=CARTESIAN_POINT('',(483.565353171702,364.945417912852,2.76196856777515));
#7437=CARTESIAN_POINT('',(483.383765004994,364.173523450691,2.98971791427675));
#7438=CARTESIAN_POINT('',(483.710842842276,364.339530533589,2.97173265566395));
#7439=CARTESIAN_POINT('',(483.977102827002,364.455852035173,2.73457687143673));
#7440=CARTESIAN_POINT('',(483.320363324449,363.88903976531,3.05612284849905));
#7441=CARTESIAN_POINT('',(483.818224389201,364.001688929081,3.15865218013051));
#7442=CARTESIAN_POINT('',(484.230059599921,363.935446499425,2.8341842727703));
#7443=CARTESIAN_POINT('',(483.193424094967,363.614873450464,3.1774066612828));
#7444=CARTESIAN_POINT('',(483.851318212803,363.850820412524,3.4336333350469));
#7445=CARTESIAN_POINT('',(484.381282644678,363.512853133077,3.01610999194563));
#7446=CARTESIAN_POINT('',(483.084443090623,363.413721690783,3.35239165430611));
#7447=CARTESIAN_POINT('',(483.872397975289,363.962446015531,3.59976736643341));
#7448=CARTESIAN_POINT('',(484.469966413125,363.221729463231,3.27858748148087));
#7449=CARTESIAN_POINT('',(483.061637783756,363.373813004157,3.5638965624747));
#7450=CARTESIAN_POINT('',(483.878272663601,364.031695085721,3.43987803205833));
#7451=CARTESIAN_POINT('',(484.485899850896,363.165378845298,3.59584484373374));
#7452=CARTESIAN_POINT('',(483.143395707365,363.519814610782,3.75814978470909));
#7453=CARTESIAN_POINT('',(483.860528448268,363.865054741371,3.4654191922086));
#7454=CARTESIAN_POINT('',(484.425261207595,363.373519313837,3.88722467708512));
#7455=CARTESIAN_POINT('',(483.271058287504,363.775244083274,3.90197067004203));
#7456=CARTESIAN_POINT('',(483.834016254901,363.914043925663,3.73567519124763));
#7457=CARTESIAN_POINT('',(484.297579180598,363.756002535619,4.10295600508546));
#7458=CARTESIAN_POINT('',(483.378304501923,364.066523823583,3.9918609308643));
#7459=CARTESIAN_POINT('',(483.773037589745,364.190602755455,3.97435135741351));
#7460=CARTESIAN_POINT('',(484.098102294174,364.238038053879,4.23779139631798));
#7461=CARTESIAN_POINT('',(483.304253101228,364.279025396532,4.01028299404379));
#7462=CARTESIAN_POINT('',(483.553665386707,364.54812406109,4.02825561948196));
#7463=CARTESIAN_POINT('',(483.738349117181,364.772681924697,4.26542449108726));
#7464=CARTESIAN_POINT('',(483.013391602074,364.295825501479,3.94377679166895));
#7465=CARTESIAN_POINT('',(483.258892863778,364.743534918231,3.8410306013873));
#7466=CARTESIAN_POINT('',(483.308740899581,365.15778735409,4.16566518752572));
#7467=CARTESIAN_POINT('',(482.713573922196,364.249220464481,3.82188431486056));
#7468=CARTESIAN_POINT('',(483.122951074979,364.817184161261,3.5647030687498));
#7469=CARTESIAN_POINT('',(482.942578473429,365.420856691422,3.98282647231237));
#7470=CARTESIAN_POINT('',(482.490828601419,364.199921670892,3.64608283266071));
#7471=CARTESIAN_POINT('',(483.237825194531,364.806069319708,3.40026204648385));
#7472=CARTESIAN_POINT('',(482.688077970246,365.585596119444,3.71912424901276));
#7473=CARTESIAN_POINT('',(482.447333970653,364.18931417615,3.43518677021764));
#7474=CARTESIAN_POINT('',(483.303970584427,364.793090917832,3.56132349934622));
#7475=CARTESIAN_POINT('',(482.639550649936,365.615713814047,3.40278015534807));
#7476=CARTESIAN_POINT('',(482.55736829959,364.215158138865,3.30514893133338));
#7477=CARTESIAN_POINT('',(483.190309447116,364.812814412657,3.54154867918211));
#7478=CARTESIAN_POINT('',(482.76349502495,365.537450481422,3.2077233970218));
#7479=CARTESIAN_POINT('',(482.631471676786,364.230294790309,3.24890207065788));
#7480=CARTESIAN_POINT('',(483.171359540382,364.81013954698,3.48682670215088));
#7481=CARTESIAN_POINT('',(482.849673624335,365.479999303715,3.12335310600847));
#7482=CARTESIAN_POINT('',(459.36228635037,392.977164918078,3.40169158337616));
#7483=CARTESIAN_POINT('',(460.076823117475,393.623971124893,3.54022763414083));
#7484=CARTESIAN_POINT('',(459.476043219046,394.36690394715,3.35253737509663));
#7485=CARTESIAN_POINT('',(459.393371093783,392.986315421397,3.33509258814598));
#7486=CARTESIAN_POINT('',(460.051107989299,393.626230908225,3.5524269564811));
#7487=CARTESIAN_POINT('',(459.51316721606,394.346284343025,3.25263888225136));
#7488=CARTESIAN_POINT('',(459.520492502667,393.023781042723,3.21091765520081));
#7489=CARTESIAN_POINT('',(459.953284936198,393.635009645321,3.4910927142716));
#7490=CARTESIAN_POINT('',(459.664931770759,394.262046689541,3.06637648283363));
#7491=CARTESIAN_POINT('',(459.806171655362,393.091502806632,3.07801539637793));
#7492=CARTESIAN_POINT('',(460.042317325005,393.58571425562,3.214999951772));
#7493=CARTESIAN_POINT('',(460.026207000015,394.040723108681,2.86702309459932));
#7494=CARTESIAN_POINT('',(460.111006695122,393.117864976127,2.99800914398704));
#7495=CARTESIAN_POINT('',(460.326262645895,393.44184572775,2.99623982050598));
#7496=CARTESIAN_POINT('',(460.468217963785,393.715277383237,2.74701371601298));
#7497=CARTESIAN_POINT('',(460.255150504212,392.957778131621,2.9965071013535));
#7498=CARTESIAN_POINT('',(460.603142325596,393.122730335661,2.99182590220124));
#7499=CARTESIAN_POINT('',(460.890356290073,393.22536787565,2.74476065206252));
#7500=CARTESIAN_POINT('',(460.184833425283,392.661546337033,3.07464499176897));
#7501=CARTESIAN_POINT('',(460.704787203154,392.815079010256,3.20651278168995));
#7502=CARTESIAN_POINT('',(461.147050637925,392.735100729698,2.861967487686));
#7503=CARTESIAN_POINT('',(460.073581958295,392.388868514349,3.20554343127839));
#7504=CARTESIAN_POINT('',(460.740538401695,392.711444379124,3.48224832868045));
#7505=CARTESIAN_POINT('',(461.311011906586,392.341089881416,3.05831514695002));
#7506=CARTESIAN_POINT('',(459.986563505689,392.205194072002,3.38950549917089));
#7507=CARTESIAN_POINT('',(460.751415507665,392.858182040476,3.59014194448563));
#7508=CARTESIAN_POINT('',(461.402689358604,392.090506757364,3.3342582487887));
#7509=CARTESIAN_POINT('',(459.984321936471,392.200626872021,3.60179440290094));
#7510=CARTESIAN_POINT('',(460.751613451878,392.865648908363,3.41380062370951));
#7511=CARTESIAN_POINT('',(461.404848258914,392.084370882235,3.65269160438381));
#7512=CARTESIAN_POINT('',(460.069568358911,392.379963024942,3.78876675496336));
#7513=CARTESIAN_POINT('',(460.741295592241,392.712553644248,3.50820605661912));
#7514=CARTESIAN_POINT('',(461.315776030026,392.32868856017,3.93315013247738));
#7515=CARTESIAN_POINT('',(460.181091094852,392.651184365792,3.92161545537186));
#7516=CARTESIAN_POINT('',(460.706681319574,392.80735243764,3.78416545794322));
#7517=CARTESIAN_POINT('',(461.154035406744,392.719531895613,4.13242318309021));
#7518=CARTESIAN_POINT('',(460.255184275773,392.948558230609,4.00192098640851));
#7519=CARTESIAN_POINT('',(460.609215082367,393.110233613289,4.00350710441069));
#7520=CARTESIAN_POINT('',(460.901802025958,393.207366933771,4.25288147964516));
#7521=CARTESIAN_POINT('',(460.120098847051,393.116440597388,4.00358218875084));
#7522=CARTESIAN_POINT('',(460.337553965798,393.434001679965,4.00844434820784));
#7523=CARTESIAN_POINT('',(460.484129556423,393.701267479514,4.25537328315887));
#7524=CARTESIAN_POINT('',(459.816352552596,393.093476618335,3.92549511807168));
#7525=CARTESIAN_POINT('',(460.049197306268,393.582851861652,3.79382004454869));
#7526=CARTESIAN_POINT('',(460.039621970575,394.031981056456,4.13824267713945));
#7527=CARTESIAN_POINT('',(459.529483294315,393.026228693203,3.79456701403574));
#7528=CARTESIAN_POINT('',(459.952086041312,393.634459378779,3.51787398522133));
#7529=CARTESIAN_POINT('',(459.675913223404,394.255696203053,3.94185052108593));
#7530=CARTESIAN_POINT('',(459.333984042186,392.968878022808,3.61051162658191));
#7531=CARTESIAN_POINT('',(460.099131102778,393.622213634831,3.40972798878541));
#7532=CARTESIAN_POINT('',(459.442187788674,394.385764314291,3.66576743990527));
#7533=CARTESIAN_POINT('',(459.331201606956,392.968014414758,3.46829057860635));
#7534=CARTESIAN_POINT('',(460.103508721844,393.621626058459,3.52756791542194));
#7535=CARTESIAN_POINT('',(459.438919222032,394.387523551275,3.45243586794191));
#7536=CARTESIAN_POINT('',(459.36228635037,392.977164918078,3.40169158337616));
#7537=CARTESIAN_POINT('',(460.076823117475,393.623971124893,3.54022763414083));
#7538=CARTESIAN_POINT('',(459.476043219046,394.36690394715,3.35253737509663));
#7539=CARTESIAN_POINT('',(434.521594612183,420.29003819131,3.38797712664067));
#7540=CARTESIAN_POINT('',(435.181812158723,420.977028833074,3.54263408155944));
#7541=CARTESIAN_POINT('',(434.552049015947,421.677585281289,3.33196569000398));
#7542=CARTESIAN_POINT('',(434.556139496621,420.302500822639,3.32188500276311));
#7543=CARTESIAN_POINT('',(435.153848165509,420.977632634526,3.55019952824411));
#7544=CARTESIAN_POINT('',(434.59554427637,421.656740213145,3.23282750418766));
#7545=CARTESIAN_POINT('',(434.687377134054,420.349714273239,3.20000537274487));
#7546=CARTESIAN_POINT('',(435.062199542611,420.979064261671,3.47350496954551));
#7547=CARTESIAN_POINT('',(434.760948962478,421.577311329054,3.05000805916036));
#7548=CARTESIAN_POINT('',(434.971799613918,420.434152840072,3.07077412068484));
#7549=CARTESIAN_POINT('',(435.171256801952,420.931358418102,3.19668674729078));
#7550=CARTESIAN_POINT('',(435.141627010095,421.373122246926,2.85616118107016));
#7551=CARTESIAN_POINT('',(435.271924704401,420.471662672372,2.99488775659459));
#7552=CARTESIAN_POINT('',(435.472544825601,420.795412926686,2.98706053268968));
#7553=CARTESIAN_POINT('',(435.607606816166,421.065133050795,2.74233163493494));
#7554=CARTESIAN_POINT('',(435.408061580614,420.303784259732,2.99986584188042));
#7555=CARTESIAN_POINT('',(435.758002751369,420.484099963354,3.00163664143443));
#7556=CARTESIAN_POINT('',(436.050067335273,420.593471519567,2.74979876286353));
#7557=CARTESIAN_POINT('',(435.348943697788,420.002123325325,3.08194707430018));
#7558=CARTESIAN_POINT('',(435.869186597836,420.193155881215,3.22497712517724));
#7559=CARTESIAN_POINT('',(436.326347890357,420.12551198313,2.87292061149336));
#7560=CARTESIAN_POINT('',(435.253897518677,419.725959507128,3.21715973366571));
#7561=CARTESIAN_POINT('',(435.907981290369,420.109437738238,3.50030975831144));
#7562=CARTESIAN_POINT('',(436.509454398466,419.748071010482,3.07573960054152));
#7563=CARTESIAN_POINT('',(435.181870828059,419.547605033113,3.40426851683636));
#7564=CARTESIAN_POINT('',(435.908113220263,420.26639545147,3.58245827472543));
#7565=CARTESIAN_POINT('',(436.609564533148,419.517520929774,3.35640277529754));
#7566=CARTESIAN_POINT('',(435.186592850036,419.558867166729,3.61789264115463));
#7567=CARTESIAN_POINT('',(435.908829520946,420.24749783672,3.40677003691291));
#7568=CARTESIAN_POINT('',(436.603539291114,419.531863904529,3.67683896177493));
#7569=CARTESIAN_POINT('',(435.264126807497,419.75284549881,3.80013766397264));
#7570=CARTESIAN_POINT('',(435.906060854462,420.105183049197,3.52685773456705));
#7571=CARTESIAN_POINT('',(436.493292494982,419.783604164158,3.95020649600188));
#7572=CARTESIAN_POINT('',(435.358575900777,420.034764681569,3.92955248737346));
#7573=CARTESIAN_POINT('',(435.861981712118,420.216465081063,3.80403798010008));
#7574=CARTESIAN_POINT('',(436.301973724439,420.172114715004,4.14432873110323));
#7575=CARTESIAN_POINT('',(435.406238804727,420.332998360208,4.00517368402092));
#7576=CARTESIAN_POINT('',(435.736454960844,420.522418671297,4.01317263739317));
#7577=CARTESIAN_POINT('',(436.010425021573,420.648214000605,4.25776052607439));
#7578=CARTESIAN_POINT('',(435.242600816794,420.474487029787,4.00002332391564));
#7579=CARTESIAN_POINT('',(435.434827409207,420.818358518393,3.99801063769608));
#7580=CARTESIAN_POINT('',(435.553975478634,421.106870588132,4.25003498591658));
#7581=CARTESIAN_POINT('',(434.939271144913,420.425708850435,3.917837540472));
#7582=CARTESIAN_POINT('',(435.148706352327,420.939155303473,3.77457567316079));
#7583=CARTESIAN_POINT('',(435.096582712845,421.398648778513,4.12675631075099));
#7584=CARTESIAN_POINT('',(434.661007128161,420.340722118017,3.78309911112502));
#7585=CARTESIAN_POINT('',(435.066606873119,420.980759345295,3.50043788289793));
#7586=CARTESIAN_POINT('',(434.727100319811,421.594157180308,3.92464866673058));
#7587=CARTESIAN_POINT('',(434.480107827424,420.274938485263,3.59655811601022));
#7588=CARTESIAN_POINT('',(435.222668433825,420.975529375469,3.41710513603723));
#7589=CARTESIAN_POINT('',(434.49997739994,421.702381737915,3.6448371740583));
#7590=CARTESIAN_POINT('',(434.487049727745,420.27757555998,3.45406925051822));
#7591=CARTESIAN_POINT('',(435.210962975592,420.976399405601,3.5347475487191));
#7592=CARTESIAN_POINT('',(434.508553755524,421.698430349432,3.43110387582031));
#7593=CARTESIAN_POINT('',(434.521594612183,420.29003819131,3.38797712664067));
#7594=CARTESIAN_POINT('',(435.181812158723,420.977028833074,3.54263408155944));
#7595=CARTESIAN_POINT('',(434.552049015947,421.677585281289,3.33196569000398));
#7596=CARTESIAN_POINT('',(408.851250934386,446.183823819709,3.00000043650916));
#7597=CARTESIAN_POINT('',(409.106182048175,446.462872430595,3.00000118653775));
#7598=CARTESIAN_POINT('',(409.297136477479,446.672381714601,2.75000065481719));
#7599=CARTESIAN_POINT('',(408.90150864998,446.138187544889,2.99990266630523));
#7600=CARTESIAN_POINT('',(409.198279506217,446.378686173892,2.99975553678903));
#7601=CARTESIAN_POINT('',(409.447558972246,446.534753579882,2.74985399951133));
#7602=CARTESIAN_POINT('',(408.930195118909,445.968591608679,3.02927372536245));
#7603=CARTESIAN_POINT('',(409.348771641387,446.158749684163,3.08586235761389));
#7604=CARTESIAN_POINT('',(409.712332416768,446.220325638058,2.79391058809734));
#7605=CARTESIAN_POINT('',(408.863117307694,445.666147718061,3.13481716753086));
#7606=CARTESIAN_POINT('',(409.430948062374,445.951987311549,3.3476516026317));
#7607=CARTESIAN_POINT('',(409.964609435772,445.806735690377,2.9522257513489));
#7608=CARTESIAN_POINT('',(408.786326690775,445.416430428988,3.2931218079333));
#7609=CARTESIAN_POINT('',(409.44771904534,445.988621410005,3.58287022568696));
#7610=CARTESIAN_POINT('',(410.133138700217,445.491776579128,3.18968271195358));
#7611=CARTESIAN_POINT('',(408.749597437766,445.310061489492,3.49876174875498));
#7612=CARTESIAN_POINT('',(409.434256570682,446.134593149452,3.50154671873015));
#7613=CARTESIAN_POINT('',(410.197463798882,445.362584454188,3.49814262318585));
#7614=CARTESIAN_POINT('',(408.785263328444,445.413246388683,3.70375675998711));
#7615=CARTESIAN_POINT('',(409.447577075641,445.991177633131,3.41512675038241));
#7616=CARTESIAN_POINT('',(410.135131152039,445.487864847451,3.80563514003409));
#7617=CARTESIAN_POINT('',(408.862282909201,445.663005891653,3.86393430086742));
#7618=CARTESIAN_POINT('',(409.431570890079,445.950495938417,3.64911583552511));
#7619=CARTESIAN_POINT('',(409.966974467349,445.802609911774,4.04590145135464));
#7620=CARTESIAN_POINT('',(408.929900493925,445.966091066887,3.97007834744476));
#7621=CARTESIAN_POINT('',(409.349877220415,446.156292515825,3.91240586319202));
#7622=CARTESIAN_POINT('',(409.714901445917,446.216583174483,4.20511752122061));
#7623=CARTESIAN_POINT('',(408.888388402911,446.221746640692,4.01474037626827));
#7624=CARTESIAN_POINT('',(409.128471396176,446.482091052612,4.04159667791727));
#7625=CARTESIAN_POINT('',(409.318992011085,446.688408123078,4.27211056445588));
#7626=CARTESIAN_POINT('',(408.631483652625,446.243038151498,3.97095388938036));
#7627=CARTESIAN_POINT('',(408.784184109965,446.67631915909,3.91457597797247));
#7628=CARTESIAN_POINT('',(408.814291168662,447.043593707733,4.20643083412406));
#7629=CARTESIAN_POINT('',(408.334803646493,446.149376422901,3.8648055086266));
#7630=CARTESIAN_POINT('',(408.570569124803,446.740307014925,3.65177216901252));
#7631=CARTESIAN_POINT('',(408.378588657426,447.259613942247,4.04720826299338));
#7632=CARTESIAN_POINT('',(408.094154041334,446.051675492891,3.70745741473421));
#7633=CARTESIAN_POINT('',(408.605525787689,446.760054395616,3.41774062330042));
#7634=CARTESIAN_POINT('',(408.052093217794,447.39919779046,3.81118612215474));
#7635=CARTESIAN_POINT('',(407.990503376814,446.005452101914,3.501544768198));
#7636=CARTESIAN_POINT('',(408.752414950715,446.75944084238,3.49798998674366));
#7637=CARTESIAN_POINT('',(407.91658565265,447.452528445458,3.50231715235043));
#7638=CARTESIAN_POINT('',(408.090177425477,446.049971208626,3.29637395169854));
#7639=CARTESIAN_POINT('',(408.608453954298,446.760209514123,3.58508975577643));
#7640=CARTESIAN_POINT('',(408.046809086561,447.401357092483,3.19456092760125));
#7641=CARTESIAN_POINT('',(408.332425651056,446.148520235303,3.13604578412204));
#7642=CARTESIAN_POINT('',(408.569152281217,446.740693452647,3.35088821397496));
#7643=CARTESIAN_POINT('',(408.375227175466,447.261172400553,2.95406867623644));
#7644=CARTESIAN_POINT('',(408.628648825346,446.242409257603,3.02986034658603));
#7645=CARTESIAN_POINT('',(408.781445513419,446.677301628736,3.08741830477576));
#7646=CARTESIAN_POINT('',(408.809797448164,447.046094446371,2.79479051993254));
#7647=CARTESIAN_POINT('',(408.800993218792,446.22946009453,3.00009820671309));
#7648=CARTESIAN_POINT('',(409.01406982156,446.547072187247,3.0002468756784));
#7649=CARTESIAN_POINT('',(409.146713982712,446.81000984932,2.75014731012306));
#7650=CARTESIAN_POINT('',(408.851250934386,446.183823819709,3.00000043650916));
#7651=CARTESIAN_POINT('',(409.106182048175,446.462872430595,3.00000118653775));
#7652=CARTESIAN_POINT('',(409.297136477479,446.672381714601,2.75000065481719));
#7653=CARTESIAN_POINT('',(380.269053646375,470.211761637371,3.18622781621038));
#7654=CARTESIAN_POINT('',(380.559636463053,470.85380746123,3.40735055345228));
#7655=CARTESIAN_POINT('',(380.217916664002,471.388497448315,3.02934172437926));
#7656=CARTESIAN_POINT('',(380.34988238991,470.248394084141,3.1366803061688));
#7657=CARTESIAN_POINT('',(380.568754092436,470.844612086919,3.33530242122962));
#7658=CARTESIAN_POINT('',(380.335851873047,471.344187754406,2.95502045931685));
#7659=CARTESIAN_POINT('',(380.536143645709,470.326691478428,3.05579956612764));
#7660=CARTESIAN_POINT('',(380.666052435418,470.819652626686,3.15774190201958));
#7661=CARTESIAN_POINT('',(380.615057727889,471.232967883116,2.8336993492549));
#7662=CARTESIAN_POINT('',(380.821613426448,470.379937450601,2.98969242568564));
#7663=CARTESIAN_POINT('',(380.998992545753,470.700958542026,2.97164043998454));
#7664=CARTESIAN_POINT('',(381.124428639983,470.963011218694,2.73453863859226));
#7665=CARTESIAN_POINT('',(380.944185222748,470.191640258556,3.00818978786558));
#7666=CARTESIAN_POINT('',(381.297386121407,470.40742196167,3.02592158157934));
#7667=CARTESIAN_POINT('',(381.601479423222,470.532089981231,2.76228468186209));
#7668=CARTESIAN_POINT('',(380.910537772852,469.883095614898,3.09829575044453));
#7669=CARTESIAN_POINT('',(381.42320053447,470.154673525492,3.26454390969546));
#7670=CARTESIAN_POINT('',(381.9115036473,470.112737878005,2.89744362573049));
#7671=CARTESIAN_POINT('',(380.849232120103,469.607436355104,3.2402862026704));
#7672=CARTESIAN_POINT('',(381.46071483803,470.112709867326,3.53183544933703));
#7673=CARTESIAN_POINT('',(382.125718518768,469.776142589152,3.1104293040693));
#7674=CARTESIAN_POINT('',(380.804753676428,469.44386500145,3.43348869721914));
#7675=CARTESIAN_POINT('',(381.438053691327,470.277710016594,3.56218040737253));
#7676=CARTESIAN_POINT('',(382.236569210099,469.586253006278,3.40023304589231));
#7677=CARTESIAN_POINT('',(380.816676631838,469.486262654276,3.64618177150841));
#7678=CARTESIAN_POINT('',(381.448513611598,470.212380621709,3.40018964278159));
#7679=CARTESIAN_POINT('',(382.208626859107,469.634995560484,3.71927265732654));
#7680=CARTESIAN_POINT('',(380.873645874204,469.706798243581,3.82149250382999));
#7681=CARTESIAN_POINT('',(381.455799064245,470.096471107811,3.56409041327876));
#7682=CARTESIAN_POINT('',(382.053155166517,469.894652352581,3.98223875580783));
#7683=CARTESIAN_POINT('',(380.931029208861,470.006025567781,3.94406677367521));
#7684=CARTESIAN_POINT('',(381.38679983993,470.23538789788,3.84157648832208));
#7685=CARTESIAN_POINT('',(381.80222320695,470.271172327239,4.1661001605768));
#7686=CARTESIAN_POINT('',(380.92374059617,470.297207270541,4.01027684325708));
#7687=CARTESIAN_POINT('',(381.200914581263,470.537459755027,4.02836054585568));
#7688=CARTESIAN_POINT('',(381.431147444997,470.714620572751,4.26541526494938));
#7689=CARTESIAN_POINT('',(380.714599974217,470.378007501782,3.99193737216612));
#7690=CARTESIAN_POINT('',(380.852355297546,470.768026249116,3.97435586881032));
#7691=CARTESIAN_POINT('',(380.911448343689,471.091093028704,4.23790605831266));
#7692=CARTESIAN_POINT('',(380.419217962171,470.280954743512,3.90166944637376));
#7693=CARTESIAN_POINT('',(380.578120413765,470.838926054944,3.73549347185698));
#7694=CARTESIAN_POINT('',(380.435632723357,471.307872725255,4.10250416962537));
#7695=CARTESIAN_POINT('',(380.161927710166,470.163412534247,3.75967119305997));
#7696=CARTESIAN_POINT('',(380.529469623084,470.866837848088,3.46744457301891));
#7697=CARTESIAN_POINT('',(380.061369793767,471.447522360255,3.88950678965361));
#7698=CARTESIAN_POINT('',(380.011058128296,470.085827131706,3.56472667925363));
#7699=CARTESIAN_POINT('',(380.696555091769,470.879006940764,3.43867867184844));
#7700=CARTESIAN_POINT('',(379.852426431238,471.516512533261,3.59709001894412));
#7701=CARTESIAN_POINT('',(380.051171184496,470.106896797808,3.35308462637714));
#7702=CARTESIAN_POINT('',(380.628347505247,470.875557666259,3.60017139754441));
#7703=CARTESIAN_POINT('',(379.907446473619,471.498826046568,3.27962693962936));
#7704=CARTESIAN_POINT('',(380.18822490284,470.175129190601,3.23577532625196));
#7705=CARTESIAN_POINT('',(380.549833184347,470.863694331313,3.48481673361124));
#7706=CARTESIAN_POINT('',(380.099981454957,471.432807142224,3.10366298944167));
#7707=CARTESIAN_POINT('',(380.269053646375,470.211761637371,3.18622781621038));
#7708=CARTESIAN_POINT('',(380.559636463053,470.85380746123,3.40735055345228));
#7709=CARTESIAN_POINT('',(380.217916664002,471.388497448315,3.02934172437926));
#7710=CARTESIAN_POINT('',(350.746394451725,492.490786530124,3.26772351668396));
#7711=CARTESIAN_POINT('',(351.114715391746,493.220586871879,3.50398451708933));
#7712=CARTESIAN_POINT('',(350.568096843826,493.769322738495,3.15158527509965));
#7713=CARTESIAN_POINT('',(350.808448084303,492.525599844634,3.20976985708712));
#7714=CARTESIAN_POINT('',(351.093250024749,493.213154743448,3.46081807386089));
#7715=CARTESIAN_POINT('',(350.661028242234,493.74269595973,3.06465478570433));
#7716=CARTESIAN_POINT('',(350.970963074958,492.613628717666,3.11066333897596));
#7717=CARTESIAN_POINT('',(351.106529089702,493.197412471453,3.29376136125747));
#7718=CARTESIAN_POINT('',(350.908099907664,493.668739576558,2.91599500853723));
#7719=CARTESIAN_POINT('',(351.257943419302,492.73480663977,3.01498494581191));
#7720=CARTESIAN_POINT('',(351.364597937553,493.150801256937,3.04545845100943));
#7721=CARTESIAN_POINT('',(351.3847086619,493.492117696446,2.77247741879174));
#7722=CARTESIAN_POINT('',(351.489767827761,492.695973818869,2.98717129689189));
#7723=CARTESIAN_POINT('',(351.731705824917,492.962098901926,2.96411777410154));
#7724=CARTESIAN_POINT('',(351.931246196379,493.165671998175,2.73075694541156));
#7725=CARTESIAN_POINT('',(351.529596704792,492.418252615688,3.04610761719778));
#7726=CARTESIAN_POINT('',(351.954107129115,492.66753847711,3.13204760498822));
#7727=CARTESIAN_POINT('',(352.345836710496,492.745018885022,2.81916142586965));
#7728=CARTESIAN_POINT('',(351.493482110343,492.113555956205,3.1623813437195));
#7729=CARTESIAN_POINT('',(352.041614496832,492.510500863406,3.40503932488802));
#7730=CARTESIAN_POINT('',(352.628511803489,492.377719049165,2.99357201565312));
#7731=CARTESIAN_POINT('',(351.448763103952,491.876934227423,3.33199473716435));
#7732=CARTESIAN_POINT('',(352.035940697785,492.60037455432,3.59855096414203));
#7733=CARTESIAN_POINT('',(352.812104540723,492.112082581185,3.24799210582012));
#7734=CARTESIAN_POINT('',(351.434139578051,491.80911781877,3.54149846837758));
#7735=CARTESIAN_POINT('',(352.014109705078,492.698655916699,3.45907956680456));
#7736=CARTESIAN_POINT('',(352.860833451993,492.038067605702,3.56224770264007));
#7737=CARTESIAN_POINT('',(351.46487819404,491.955373818875,3.74072405588492));
#7738=CARTESIAN_POINT('',(352.048178802905,492.535601758593,3.44552241199521));
#7739=CARTESIAN_POINT('',(352.75402389124,492.198625487996,3.86108608390106));
#7740=CARTESIAN_POINT('',(351.510308228491,492.228545903604,3.8891593546775));
#7741=CARTESIAN_POINT('',(352.018257315483,492.547025765786,3.70590993809608));
#7742=CARTESIAN_POINT('',(352.528721928932,492.512574769546,4.08373903209001));
#7743=CARTESIAN_POINT('',(351.531563464528,492.539245970631,3.98493711202726));
#7744=CARTESIAN_POINT('',(351.890431685845,492.775503631778,3.95427747484869));
#7745=CARTESIAN_POINT('',(352.206907953949,492.905453525056,4.22740566811449));
#7746=CARTESIAN_POINT('',(351.419489406836,492.746212615765,4.01282986755866));
#7747=CARTESIAN_POINT('',(351.592489665947,493.061494596465,4.03596530179136));
#7748=CARTESIAN_POINT('',(351.720075288035,493.316353684463,4.26924480141253));
#7749=CARTESIAN_POINT('',(351.143994143954,492.693581822375,3.95404528103973));
#7750=CARTESIAN_POINT('',(351.241314507591,493.175986633486,3.86810353587123));
#7751=CARTESIAN_POINT('',(351.187346690445,493.571502965374,4.18106792163369));
#7752=CARTESIAN_POINT('',(350.867017711033,492.55989653801,3.83722505553449));
#7753=CARTESIAN_POINT('',(351.064367904452,493.207668074358,3.59472258372292));
#7754=CARTESIAN_POINT('',(350.747050161997,493.719495751036,4.00583758337532));
#7755=CARTESIAN_POINT('',(350.659121609564,492.441299161018,3.66911745512935));
#7756=CARTESIAN_POINT('',(351.150465751187,493.23138845548,3.40182856403856));
#7757=CARTESIAN_POINT('',(350.438015981925,493.80606484621,3.75367618276773));
#7758=CARTESIAN_POINT('',(350.598641279487,492.404748830606,3.45838529655701));
#7759=CARTESIAN_POINT('',(351.251395284721,493.242914201099,3.54072654209214));
#7760=CARTESIAN_POINT('',(350.350511517214,493.828500249146,3.43757794490914));
#7761=CARTESIAN_POINT('',(350.684340819146,492.455973215614,3.3256771762808));
#7762=CARTESIAN_POINT('',(351.137721646155,493.228552514278,3.55024965548278));
#7763=CARTESIAN_POINT('',(350.475165445418,493.79594951726,3.23851576449497));
#7764=CARTESIAN_POINT('',(350.746394451725,492.490786530124,3.26772351668396));
#7765=CARTESIAN_POINT('',(351.114715391746,493.220586871879,3.50398451708933));
#7766=CARTESIAN_POINT('',(350.568096843826,493.769322738495,3.15158527509965));
#7767=CARTESIAN_POINT('',(86.1695276765863,49.75000000002,8.));
#7768=CARTESIAN_POINT('',(99.2688736531763,6.69878474439256,8.));
#7769=CARTESIAN_POINT('',(172.306484906101,-7.49999999999901,8.));
#7770=CARTESIAN_POINT('',(245.306484906101,-7.49999999999817,8.));
#7771=CARTESIAN_POINT('',(318.306484906101,-7.49999999999723,8.));
#7772=CARTESIAN_POINT('',(391.306484906101,-7.49999999999623,8.));
#7773=CARTESIAN_POINT('',(464.306484906101,-7.49999999999523,8.));
#7774=CARTESIAN_POINT('',(537.306484906101,-7.49999999999429,8.));
#7775=CARTESIAN_POINT('',(55.4357545897151,82.6199740165213,8.));
#7776=CARTESIAN_POINT('',(79.6580519246655,152.971793165482,8.));
#7777=CARTESIAN_POINT('',(116.158051924665,216.191647641747,8.));
#7778=CARTESIAN_POINT('',(152.658051924664,279.411502118011,8.));
#7779=CARTESIAN_POINT('',(189.158051924663,342.631356594276,8.));
#7780=CARTESIAN_POINT('',(225.658051924662,405.85121107054,8.));
#7781=CARTESIAN_POINT('',(262.158051924662,469.071065546805,8.));
#7782=CARTESIAN_POINT('',(117.306484906101,-7.50000000000001,8.));
#7783=CARTESIAN_POINT('',(592.306484906101,-7.49999999999357,8.));
#7784=CARTESIAN_POINT('',(52.1580519246657,105.340395957338,8.));
#7785=CARTESIAN_POINT('',(289.658051924661,516.702462754949,8.));
#7786=CARTESIAN_POINT('',(317.707042854926,521.285381556684,8.));
#7787=CARTESIAN_POINT('',(610.299904477016,14.4996792952548,8.));
#7788=CARTESIAN_POINT('',(372.809572488622,483.436963494242,8.));
#7789=CARTESIAN_POINT('',(459.589256120223,401.814390695303,8.));
#7790=CARTESIAN_POINT('',(528.708509010467,305.250000000056,8.));
#7791=CARTESIAN_POINT('',(577.77609800841,197.108775758854,8.));
#7792=CARTESIAN_POINT('',(605.073477758735,81.1440788020414,8.));
#7793=CARTESIAN_POINT('',(610.435804056064,-5.99999999999295,-81.8905002093872));
#7794=CARTESIAN_POINT('',(500.806484906101,-7.49999999999473,-81.8905002093872));
#7795=CARTESIAN_POINT('',(354.806484906101,-7.49999999999673,-81.8905002093872));
#7796=CARTESIAN_POINT('',(208.806484906101,-7.49999999999856,-81.8905002093872));
#7797=CARTESIAN_POINT('',(99.3064849061007,-6.00000000000006,-81.8905002093872));
#7798=CARTESIAN_POINT('',(97.908051924665,184.581720403615,-81.8905002093872));
#7799=CARTESIAN_POINT('',(243.908051924662,437.461138308672,-81.8905002093872));
#7800=CARTESIAN_POINT('',(170.908051924663,311.021429356144,-81.8905002093872));
#7801=CARTESIAN_POINT('',(44.4570900303428,89.001938689218,-81.8905002093872));
#7802=CARTESIAN_POINT('',(297.521749605319,527.322786673211,-10.9655220191349));
#7803=CARTESIAN_POINT('',(555.816275257124,252.55769160239,-2.));
#7804=CARTESIAN_POINT('',(594.27893843441,139.798710452777,-2.));
#7805=CARTESIAN_POINT('',(496.629514477387,355.072168408318,-2.));
#7806=CARTESIAN_POINT('',(418.208703885615,444.761302391859,-2.));
#7807=MECHANICAL_DESIGN_GEOMETRIC_PRESENTATION_REPRESENTATION('',(#2865),
#7808);
#7808=(
GEOMETRIC_REPRESENTATION_CONTEXT(3)
GLOBAL_UNCERTAINTY_ASSIGNED_CONTEXT((#7809))
GLOBAL_UNIT_ASSIGNED_CONTEXT((#7812,#7811,#7810))
REPRESENTATION_CONTEXT('P2_Frame_V1','TOP_LEVEL_ASSEMBLY_PART')
);
#7809=UNCERTAINTY_MEASURE_WITH_UNIT(LENGTH_MEASURE(0.005),#7812,
'DISTANCE_ACCURACY_VALUE','Maximum Tolerance applied to model');
#7810=(
NAMED_UNIT(*)
SI_UNIT($,.STERADIAN.)
SOLID_ANGLE_UNIT()
);
#7811=(
NAMED_UNIT(*)
PLANE_ANGLE_UNIT()
SI_UNIT($,.RADIAN.)
);
#7812=(
LENGTH_UNIT()
NAMED_UNIT(*)
SI_UNIT(.MILLI.,.METRE.)
);
#7813=PRODUCT_DEFINITION_SHAPE('','',#7814);
#7814=PRODUCT_DEFINITION('','',#7816,#7815);
#7815=PRODUCT_DEFINITION_CONTEXT('',#7822,'design');
#7816=PRODUCT_DEFINITION_FORMATION_WITH_SPECIFIED_SOURCE('','',#7818,
 .NOT_KNOWN.);
#7817=PRODUCT_RELATED_PRODUCT_CATEGORY('','',(#7818));
#7818=PRODUCT('P2_Frame_V1','P2_Frame_V1','P2_Frame_V1',(#7820));
#7819=PRODUCT_CATEGORY('','');
#7820=PRODUCT_CONTEXT('',#7822,'mechanical');
#7821=APPLICATION_PROTOCOL_DEFINITION('international standard',
'automotive_design',2010,#7822);
#7822=APPLICATION_CONTEXT(
'core data for automotive mechanical design processes');
ENDSEC;
END-ISO-10303-21;
