  0
SECTION
  2
HEADER
  9
$ANGBASE
  50
0.0
  9
$ANGDIR
  70
1
  9
$MEASUREMENT
  70
1
  0
ENDSEC
  0
SECTION
  2
TABLES
  0
TABLE
  2
LTYPE
  70
4
  0
LTYPE
  5
40F
  2
CONTINUOUS
  70
0
  3
Solid line
  72
65
  73
0
  40
0.0
  0
LTYPE
  5
410
  2
DASHDOT
 70
0
  3
Dash Dot ____ _ ____ _
 72
65
 73
4
 40
2.0
 49
1.25
 49
-0.25
 49
0.25
 49
-0.25
  0
LTYPE
  5
411
  2
DASHED
 70
0
  3
Dashed __ __ __ __ __
 72
65
 73
2
 40
0.75
 49
0.5
 49
-0.25
  0
LTYPE
  5
43B
  2
DOTTED
 70
0
  3
Dotted .  .  .  .
 72
65
 73
2
 40
0.2
 49
0.0
 49
-0.2
  0
ENDTAB
  0
TABLE
  2
STYLE
  70
4
  0
STYLE
  2
KICAD
  70
0
  40
0
  41
1
  42
1
  50
0
  71
0
  3
isocp.shx
  0
STYLE
  2
KICADB
  70
0
  40
0
  41
1
  42
1
  50
0
  71
0
  3
isocp.shx
  0
STYLE
  2
KICADI
  70
0
  40
0
  41
1
  42
1
  50
15
  71
0
  3
isocp.shx
  0
STYLE
  2
KICADBI
  70
0
  40
0
  41
1
  42
1
  50
15
  71
0
  3
isocp.shx
  0
ENDTAB
  0
TABLE
  2
LAYER
  70
1
  0
LAYER
  2
BLACK
  70
0
  62
7
  6
CONTINUOUS
  0
ENDTAB
  0
ENDSEC
  0
SECTION
  2
ENTITIES
0
ARC
8
BLACK
10
173.9638999999999953
20
323.3140999999999963
40
1.0000178098414048
50
-208.10082527
51
-28.10517865
0
ARC
8
BLACK
10
647.6244909999999209
20
66.0549999999999926
40
0.970509
50
-179.99923252
51
-0.00000000
0
LINE
8
BLACK
6
CONTINUOUS
10
648.5929999999999609
20
39.8859999999999957
11
648.5939999999999372
21
-39.9959999999999951
0
LINE
8
BLACK
6
CONTINUOUS
10
648.5939999999999372
20
570.0040000000000191
11
648.5950000000000273
21
66.0549999999999926
0
LINE
8
BLACK
6
CONTINUOUS
10
38.5940000000000012
20
570.0040000000000191
11
648.5939999999999372
21
570.0040000000000191
0
LINE
8
BLACK
6
CONTINUOUS
10
38.5940000000000012
20
90.8019999999999925
11
38.5940000000000012
21
570.0040000000000191
0
LINE
8
BLACK
6
CONTINUOUS
10
38.5940000000000012
20
-39.9959999999999951
11
38.5940000000000012
21
84.660459000000003
0
LINE
8
BLACK
6
CONTINUOUS
10
648.5939999999999372
20
-39.9959999999999951
11
38.5940000000000012
21
-39.9959999999999951
0
ARC
8
BLACK
10
-0.0186
20
-0.0089
40
650.0375359365805252
50
3.82559968
51
5.83309307
0
CIRCLE
8
BLACK
10
377.0653189999999881
20
531.8052709999999479
40
0.4
0
ARC
8
BLACK
10
60.4724000000000004
20
71.9598999999999904
40
1.0099584001333917
50
-133.47406512
51
49.59807341
0
CIRCLE
8
BLACK
10
295.3480000000000132
20
534.9990000000000236
40
0.4
0
LINE
8
BLACK
6
CONTINUOUS
10
118.0769999999999982
20
-9.9959999999999987
11
184.4799999999999898
21
-9.9959999999999987
0
CIRCLE
8
BLACK
10
487.5299999999999727
20
-12.0019999999999989
40
0.4
0
CIRCLE
8
BLACK
10
488.5485519999999724
20
431.6290429999999674
40
0.4
0
CIRCLE
8
BLACK
10
188.7800000000000011
20
-12.0019999999999989
40
0.4
0
ARC
8
BLACK
10
576.0013999999999896
20
303.3292000000000144
40
1.0293891254486809
50
-322.71264807
51
-169.78547134
0
CIRCLE
8
BLACK
10
58.7489999999999952
20
125.2099999999999937
40
0.4
0
ARC
8
BLACK
10
0.1416
20
0.068
40
649.8443923771590107
50
35.09871325
51
40.99753434
0
LINE
8
BLACK
6
CONTINUOUS
10
294.6920000000000073
20
530.4189999999999827
11
255.7119869999999935
21
462.9036370000000034
0
CIRCLE
8
BLACK
10
337.5299999999999727
20
542.
40
0.4
0
LINE
8
BLACK
6
CONTINUOUS
10
373.7479999999999905
20
531.7880000000000109
11
361.7871000000000095
21
540.0057570000000169
0
ARC
8
BLACK
10
0.1008
20
-0.0046
40
649.9292851006720184
50
41.73112939
51
47.60140995
0
LINE
8
BLACK
6
CONTINUOUS
10
632.1237719999999172
20
14.8357139999999994
11
648.5704859999999599
21
43.3614129999999989
0
CIRCLE
8
BLACK
10
253.3019999999999925
20
462.1959999999999695
40
0.4
0
ARC
8
BLACK
10
0.3231
20
-0.0098
40
651.7124998301389951
50
28.55048337
51
34.40404845
0
ARC
8
BLACK
10
109.4763999999999982
20
-10.9953000000000003
40
0.9999590006480266
50
-90.00206256
51
90.00206273
0
CIRCLE
8
BLACK
10
488.7799999999999727
20
-12.0019999999999989
40
0.4
0
CIRCLE
8
BLACK
10
562.5299999999999727
20
-12.0019999999999989
40
0.4
0
CIRCLE
8
BLACK
10
630.8339999999999463
20
8.7789999999999999
40
0.4
0
LINE
8
BLACK
6
CONTINUOUS
10
251.4051729999999907
20
455.4549599999999714
11
212.4029859999999985
21
387.8947059999999851
0
CIRCLE
8
BLACK
10
537.1069999999999709
20
369.4819999999999709
40
0.4
0
CIRCLE
8
BLACK
10
115.027000000000001
20
-11.9959999999999987
40
0.4
0
CIRCLE
8
BLACK
10
575.1179999999999382
20
306.4329999999999927
40
0.4
0
ARC
8
BLACK
10
609.6000999999999976
20
228.4591999999999814
40
1.0007402403021475
50
-347.85833620
51
-158.61616443
0
CIRCLE
8
BLACK
10
112.527000000000001
20
-11.9959999999999987
40
0.4
0
CIRCLE
8
BLACK
10
573.3460000000000036
20
309.742999999999995
40
0.4
0
CIRCLE
8
BLACK
10
436.5842789999999809
20
484.1865649999999732
40
0.4
0
ARC
8
BLACK
10
293.7898000000000138
20
530.8557999999999311
40
1.0023229020410538
50
-25.83393822
51
154.16139686
0
LINE
8
BLACK
6
CONTINUOUS
10
343.0799979999999891
20
-12.0019989999999996
11
409.4829980000000091
21
-12.0019989999999996
0
ARC
8
BLACK
10
250.5
20
455.8799999999999955
40
0.9999990058045057
50
-25.15323349
51
154.84671465
0
ARC
8
BLACK
10
341.7679999999999723
20
541.0079999999999245
40
0.999041
50
-270.00000000
51
-90.00000000
0
CIRCLE
8
BLACK
10
566.2799999999999727
20
-12.0019999999999989
40
0.4
0
ARC
8
BLACK
10
0.301899
20
0.003603
40
651.7098459117438551
50
14.68001631
51
20.54059943
0
CIRCLE
8
BLACK
10
250.7989999999999782
20
457.8580000000000041
40
0.4
0
CIRCLE
8
BLACK
10
170.6269999999999811
20
318.9989999999999668
40
0.4
0
CIRCLE
8
BLACK
10
186.2800000000000011
20
-12.0019999999999989
40
0.4
0
CIRCLE
8
BLACK
10
607.9499999999999318
20
234.8589999999999804
40
0.4
0
LINE
8
BLACK
6
CONTINUOUS
10
568.0809980000000223
20
-12.0019989999999996
11
618.6210019999999759
21
-12.0019989999999996
0
ARC
8
BLACK
10
-0.149
20
-0.0163
40
93.1723651080349811
50
-6.15392199
51
-2.64870736
0
CIRCLE
8
BLACK
10
632.08299999999997
20
10.9459999999999997
40
0.4
0
ARC
8
BLACK
10
211.5072999999999865
20
388.3393999999999551
40
1.0000030821112502
50
-213.57700343
51
-26.40367496
0
LINE
8
BLACK
6
CONTINUOUS
10
98.125670999999997
20
193.9505259999999964
11
131.3128260000000012
21
251.4510259999999846
0
CIRCLE
8
BLACK
10
295.9679999999999609
20
536.0849999999999227
40
0.4
0
ARC
8
BLACK
10
559.4829999999999472
20
-11.0019999999999989
40
1.0000000000005
50
-90.00005730
51
90.00005730
0
CIRCLE
8
BLACK
10
434.7382789999999773
20
485.8745649999999614
40
0.4
0
LINE
8
BLACK
6
CONTINUOUS
10
618.6210019999999759
20
-12.0019989999999996
11
629.2596350000000029
21
6.4246539999999994
0
ARC
8
BLACK
10
-0.0096
20
0.0458
40
649.9944182451312145
50
21.26101854
51
27.79523098
0
CIRCLE
8
BLACK
10
57.4959999999999951
20
123.0390000000000015
40
0.4
0
LINE
8
BLACK
6
CONTINUOUS
10
418.0799979999999891
20
-12.0019989999999996
11
484.4829979999999523
21
-12.0019989999999996
0
CIRCLE
8
BLACK
10
134.375
20
256.1970000000000027
40
0.4
0
CIRCLE
8
BLACK
10
132.5019999999999811
20
252.9399999999999977
40
0.4
0
LINE
8
BLACK
6
CONTINUOUS
10
118.0769990000000007
20
-11.9959989999999994
11
184.4799989999999923
21
-11.9959989999999994
0
CIRCLE
8
BLACK
10
490.2055519999999547
20
429.7570429999999533
40
0.4
0
LINE
8
BLACK
6
CONTINUOUS
10
268.0799989999999866
20
-10.0019999999999989
11
334.4829990000000066
21
-10.0019999999999989
0
CIRCLE
8
BLACK
10
172.5060000000000002
20
322.2469999999999573
40
0.4
0
LINE
8
BLACK
6
CONTINUOUS
10
193.0799999999999841
20
-10.0030000000000001
11
259.4830000000000041
21
-10.0030000000000001
0
CIRCLE
8
BLACK
10
379.1053190000000086
20
530.351270999999997
40
0.4
0
CIRCLE
8
BLACK
10
63.134999999999998
20
68.5259999999999962
40
0.4
0
CIRCLE
8
BLACK
10
113.777000000000001
20
-11.9959999999999987
40
0.4
0
CIRCLE
8
BLACK
10
435.6692789999999604
20
485.0375649999999723
40
0.4
0
CIRCLE
8
BLACK
10
535.6689999999999827
20
371.5310000000000059
40
0.4
0
CIRCLE
8
BLACK
10
93.144999999999996
20
-2.6879999999999997
40
0.4
0
LINE
8
BLACK
6
CONTINUOUS
10
300.2283239999999864
20
540.0081910000000107
11
298.7249999999999659
21
537.40300000000002
0
ARC
8
BLACK
10
259.4830000000000041
20
-11.0030000000000001
40
1.
50
-90.00000000
51
90.00000000
0
ARC
8
BLACK
10
61.4100999999999999
20
128.356899999999996
40
1.0033907390747634
50
-202.45867887
51
-25.71676222
0
CIRCLE
8
BLACK
10
93.1499999999999915
20
2.3079999999999998
40
0.4
0
CIRCLE
8
BLACK
10
59.3689999999999998
20
126.2959999999999923
40
0.4
0
ARC
8
BLACK
10
136.4849999999999852
20
258.3915000000000077
40
0.9999608208424968
50
-210.39813732
51
-30.39681545
0
CIRCLE
8
BLACK
10
210.0109999999999957
20
387.1959999999999695
40
0.4
0
ARC
8
BLACK
10
380.811999999999955
20
527.9932000000000016
40
0.9999861707783763
50
-304.51296355
51
-127.22282384
0
LINE
8
BLACK
6
CONTINUOUS
10
646.8919999999999391
20
81.5611849999999947
11
648.5950000000000273
21
66.0549999999999926
0
CIRCLE
8
BLACK
10
208.1319999999999766
20
383.9479999999999791
40
0.4
0
CIRCLE
8
BLACK
10
563.7799999999999727
20
-12.0019999999999989
40
0.4
0
CIRCLE
8
BLACK
10
96.2530000000000001
20
190.1599999999999966
40
0.4
0
LINE
8
BLACK
6
CONTINUOUS
10
133.1435819999999808
20
250.6089999999999804
11
99.9024089999999916
21
193.0336020000000019
0
CIRCLE
8
BLACK
10
190.0300000000000011
20
-12.0019999999999989
40
0.4
0
CIRCLE
8
BLACK
10
609.7179999999999609
20
230.1730000000000018
40
0.4
0
CIRCLE
8
BLACK
10
261.2799999999999727
20
-12.0019999999999989
40
0.4
0
CIRCLE
8
BLACK
10
632.7129999999999654
20
12.0269999999999992
40
0.4
0
ARC
8
BLACK
10
485.9274999999999523
20
433.2211999999999534
40
1.0054835677990963
50
-142.68403792
51
36.36546349
0
CIRCLE
8
BLACK
10
608.8339999999999463
20
232.5149999999999864
40
0.4
0
ARC
8
BLACK
10
333.2309999999999945
20
541.0070999999999231
40
0.999020000024524
50
-90.00000000
51
89.99959854
0
LINE
8
BLACK
6
CONTINUOUS
10
208.0935179999999889
20
380.4300169999999639
11
174.8460000000000036
21
322.8429999999999609
0
ARC
8
BLACK
10
439.0756999999999834
20
480.6371999999999503
40
1.0083365621953813
50
-304.71460981
51
-137.03261381
0
CIRCLE
8
BLACK
10
133.1260000000000048
20
254.0300000000000011
40
0.4
0
CIRCLE
8
BLACK
10
645.8509999999999991
20
87.4699999999999989
40
0.4
0
CIRCLE
8
BLACK
10
341.2799999999999727
20
-12.0019999999999989
40
0.4
0
ARC
8
BLACK
10
99.0137
20
193.4920999999999935
40
1.0000120512698834
50
-207.28594346
51
-27.28987235
0
CIRCLE
8
BLACK
10
93.1769999999999925
20
1.0580000000000001
40
0.4
0
CIRCLE
8
BLACK
10
437.525278999999955
20
483.3585649999999987
40
0.4
0
ARC
8
BLACK
10
0.0384
20
-0.0005
40
651.9726519117272119
50
41.71188871
51
47.60180837
0
LINE
8
BLACK
6
CONTINUOUS
10
93.8245029999999929
20
186.4957679999999982
11
60.4827079999999953
21
128.7389729999999872
0
ARC
8
BLACK
10
343.0799999999999841
20
-11.0019999999999989
40
1.0000000000005
50
-269.99994270
51
-90.00005730
0
CIRCLE
8
BLACK
10
64.953000000000003
20
66.8089999999999975
40
0.4
0
CIRCLE
8
BLACK
10
411.2799999999999727
20
-12.0019999999999989
40
0.4
0
CIRCLE
8
BLACK
10
561.2799999999999727
20
-12.0019999999999989
40
0.4
0
ARC
8
BLACK
10
93.921999999999997
20
-4.3220000000000001
40
0.998176
50
0.22937292
51
180.00000000
0
CIRCLE
8
BLACK
10
490.0299999999999727
20
-12.0019999999999989
40
0.4
0
CIRCLE
8
BLACK
10
95.6239999999999952
20
189.0789999999999793
40
0.4
0
CIRCLE
8
BLACK
10
266.2799999999999727
20
-12.0019999999999989
40
0.4
0
CIRCLE
8
BLACK
10
263.7799999999999727
20
-12.0019999999999989
40
0.4
0
LINE
8
BLACK
6
CONTINUOUS
10
137.3475080000000048
20
257.8849260000000072
11
170.6083069999999964
21
315.4943189999999618
0
CIRCLE
8
BLACK
10
116.277000000000001
20
-11.9959999999999987
40
0.4
0
LINE
8
BLACK
6
CONTINUOUS
10
92.2490339999999946
20
-11.9950390000000002
11
109.4763639999999896
21
-11.9953409999999998
0
ARC
8
BLACK
10
0.0034
20
0.0011
40
650.0014296456073453
50
14.68390574
51
20.54316385
0
LINE
8
BLACK
6
CONTINUOUS
10
493.0799979999999891
20
-12.0019989999999996
11
559.4829979999999523
21
-12.0019989999999996
0
ARC
8
BLACK
10
418.0799999999999841
20
-11.0019999999999989
40
1.0000000000005
50
-269.99994270
51
-90.00005730
0
CIRCLE
8
BLACK
10
412.5299999999999727
20
-12.0019999999999989
40
0.4
0
ARC
8
BLACK
10
629.7528539999999566
20
164.9898110000000031
40
1.0026784251234291
50
-167.19120274
51
9.81986803
0
CIRCLE
8
BLACK
10
631.2010000000000218
20
162.2930000000000064
40
0.4
0
ARC
8
BLACK
10
-0.0186
20
-0.0089
40
650.0256940604956526
50
7.97628743
51
13.92238399
0
CIRCLE
8
BLACK
10
340.0299999999999727
20
-12.0019999999999989
40
0.4
0
LINE
8
BLACK
6
CONTINUOUS
10
297.3499999999999659
20
538.4669999999999845
11
299.3796519999999646
21
542.0024220000000241
0
CIRCLE
8
BLACK
10
208.7609999999999957
20
385.0289999999999964
40
0.4
0
CIRCLE
8
BLACK
10
338.7799999999999727
20
-12.0019999999999989
40
0.4
0
CIRCLE
8
BLACK
10
58.1199999999999974
20
124.1289999999999907
40
0.4
0
CIRCLE
8
BLACK
10
609.2809999999999491
20
231.3460000000000036
40
0.4
0
LINE
8
BLACK
6
CONTINUOUS
10
418.0799989999999866
20
-10.0019999999999989
11
484.4829989999999498
21
-10.0019999999999989
0
LINE
8
BLACK
6
CONTINUOUS
10
341.7769999999999868
20
542.0069999999999482
11
362.3477189999999837
21
542.0109999999999673
0
ARC
8
BLACK
10
631.8823999999999614
20
156.6269999999999811
40
0.9994203405979888
50
-347.62193487
51
-166.40034274
0
LINE
8
BLACK
6
CONTINUOUS
10
333.2309999999999945
20
540.0079999999999245
11
300.2283239999999864
21
540.0081910000000107
0
ARC
8
BLACK
10
568.0810000000000173
20
-11.0019999999999989
40
1.0000000000005
50
-269.99994270
51
-90.00005730
0
ARC
8
BLACK
10
645.8924999999999272
20
81.5281999999999982
40
0.999989996412464
50
-358.10983928
51
-175.46047501
0
ARC
8
BLACK
10
0.0011
20
-0.002
40
650.0172356901208559
50
5.83266414
51
7.19842210
0
ARC
8
BLACK
10
93.904129999999995
20
3.9859099999999996
40
1.0341229999999999
50
-180.00000000
51
-0.00000000
0
ARC
8
BLACK
10
132.2281999999999869
20
251.0300000000000011
40
1.0075585028473533
50
-24.69851835
51
155.29984497
0
LINE
8
BLACK
6
CONTINUOUS
10
38.5939959999999971
20
86.8100000000000023
11
58.2243649999999988
21
120.8107969999999938
0
CIRCLE
8
BLACK
10
97.5030000000000001
20
192.3269999999999982
40
0.4
0
LINE
8
BLACK
6
CONTINUOUS
10
62.3126350000000002
20
127.9229999999999876
11
95.6107349999999911
21
185.59699999999998
0
CIRCLE
8
BLACK
10
646.0090000000000146
20
86.2199999999999989
40
0.4
0
ARC
8
BLACK
10
532.4317999999999529
20
374.6793999999999869
40
1.1378772989474744
50
-122.52547175
51
1.68717720
0
CIRCLE
8
BLACK
10
575.70799999999997
20
305.3319999999999936
40
0.4
0
LINE
8
BLACK
6
CONTINUOUS
10
193.0799989999999866
20
-12.0029989999999991
11
259.4829990000000066
21
-12.0029989999999991
0
CIRCLE
8
BLACK
10
95.
20
187.9890000000000043
40
0.4
0
CIRCLE
8
BLACK
10
338.7799999999999727
20
542.
40
0.4
0
CIRCLE
8
BLACK
10
335.0299999999999727
20
542.
40
0.4
0
ARC
8
BLACK
10
374.2586000000000013
20
532.692299999999932
40
1.0384659142889572
50
-119.45062070
51
40.74149741
0
CIRCLE
8
BLACK
10
265.0299999999999727
20
-12.0019999999999989
40
0.4
0
ARC
8
BLACK
10
632.9732999999999947
20
14.5567999999999991
40
0.8941437971601659
50
-198.17681747
51
-45.23108493
0
CIRCLE
8
BLACK
10
336.2799999999999727
20
-12.0019999999999989
40
0.4
0
LINE
8
BLACK
6
CONTINUOUS
10
168.804899000000006
20
316.365680999999995
11
135.6224660000000029
21
258.8975080000000162
0
CIRCLE
8
BLACK
10
61.2789999999999964
20
70.2009999999999934
40
0.4
0
CIRCLE
8
BLACK
10
59.9989999999999952
20
127.3769999999999953
40
0.4
0
CIRCLE
8
BLACK
10
111.277000000000001
20
-11.9959999999999987
40
0.4
0
CIRCLE
8
BLACK
10
534.2559999999999718
20
373.5979999999999563
40
0.4
0
CIRCLE
8
BLACK
10
645.6920000000000073
20
88.7199999999999989
40
0.4
0
CIRCLE
8
BLACK
10
534.9689999999999372
20
372.56899999999996
40
0.4
0
ARC
8
BLACK
10
0.004
20
-0.009
40
95.0096722328362659
50
49.95908331
51
66.03543126
0
LINE
8
BLACK
6
CONTINUOUS
10
568.0809990000000198
20
-10.0019999999999989
11
617.7809989999999516
21
-10.0019999999999989
0
CIRCLE
8
BLACK
10
631.4629999999999654
20
9.8599999999999994
40
0.4
0
ARC
8
BLACK
10
254.8667309999999873
20
463.442579999999964
40
1.0024556163666298
50
-213.35599946
51
-32.52195901
0
ARC
8
BLACK
10
491.3881999999999834
20
427.0047999999999888
40
1.0009010824502089
50
-322.13774461
51
-141.60602484
0
ARC
8
BLACK
10
0.0789
20
-0.0698
40
652.0052821546867108
50
48.34381467
51
54.21039682
0
CIRCLE
8
BLACK
10
438.456278999999995
20
482.5185649999999669
40
0.4
0
CIRCLE
8
BLACK
10
631.8159999999999172
20
159.8299999999999841
40
0.4
0
ARC
8
BLACK
10
644.6965999999999894
20
90.5067999999999984
40
1.0278881248156337
50
-162.09508900
51
-5.32263729
0
ARC
8
BLACK
10
-0.0101
20
-0.0651
40
650.0541165601230205
50
48.34704095
51
54.20401540
0
CIRCLE
8
BLACK
10
573.9370000000000118
20
308.63900000000001
40
0.4
0
LINE
8
BLACK
6
CONTINUOUS
10
173.0817959999999971
20
323.7851900000000001
11
206.3274409999999932
21
381.368614999999977
0
CIRCLE
8
BLACK
10
251.4230000000000018
20
458.9479999999999791
40
0.4
0
ARC
8
BLACK
10
-0.2264
20
-0.009
40
93.1810629192010111
50
2.45710420
51
44.76452119
0
LINE
8
BLACK
6
CONTINUOUS
10
254.0304889999999887
20
463.9937699999999836
11
292.8863210000000095
21
531.2940449999999828
0
ARC
8
BLACK
10
0.1641
20
0.0306
40
651.8512227717476435
50
35.08576697
51
40.99251288
0
ARC
8
BLACK
10
57.3094999999999999
20
121.222999999999999
40
1.0034951442956761
50
-24.25449638
51
156.20048333
0
CIRCLE
8
BLACK
10
294.7189999999999941
20
533.9180000000000064
40
0.4
0
CIRCLE
8
BLACK
10
632.1190000000000282
20
158.6159999999999854
40
0.4
0
LINE
8
BLACK
6
CONTINUOUS
10
341.7679999999999723
20
540.0070039999999381
11
361.7871000000000095
21
540.0057570000000169
0
ARC
8
BLACK
10
0.22
20
-0.117
40
94.8070759677041366
50
2.48032852
51
45.03611993
0
CIRCLE
8
BLACK
10
209.3810000000000002
20
386.1150000000000091
40
0.4
0
CIRCLE
8
BLACK
10
336.2799999999999727
20
542.
40
0.4
0
CIRCLE
8
BLACK
10
340.0299999999999727
20
542.
40
0.4
0
ARC
8
BLACK
10
268.0799999999999841
20
-11.0019999999999989
40
1.0000000000005
50
-269.99994270
51
-90.00005730
0
CIRCLE
8
BLACK
10
486.2799999999999727
20
-12.0019999999999989
40
0.4
0
ARC
8
BLACK
10
66.5733999999999924
20
66.2861999999999938
40
0.9324679984321177
50
-313.60068108
51
-133.39263319
0
CIRCLE
8
BLACK
10
171.2560000000000002
20
320.0799999999999841
40
0.4
0
CIRCLE
8
BLACK
10
608.3859999999999673
20
233.6819999999999879
40
0.4
0
ARC
8
BLACK
10
169.7049999999999841
20
315.9300000000000068
40
0.9999998719809917
50
-25.82863843
51
154.17136157
0
CIRCLE
8
BLACK
10
294.0949999999999704
20
532.8279999999999745
40
0.4
0
ARC
8
BLACK
10
571.8566999999999325
20
311.0834999999999582
40
1.0036294914519004
50
-157.65819034
51
22.34385378
0
CIRCLE
8
BLACK
10
64.0489999999999924
20
67.6730000000000018
40
0.4
0
CIRCLE
8
BLACK
10
630.2099999999999227
20
7.6890000000000001
40
0.4
0
CIRCLE
8
BLACK
10
487.7325519999999983
20
432.5780429999999797
40
0.4
0
CIRCLE
8
BLACK
10
62.2089999999999961
20
69.3659999999999997
40
0.4
0
CIRCLE
8
BLACK
10
491.2799999999999727
20
-12.0019999999999989
40
0.4
0
ARC
8
BLACK
10
0.0033
20
-0.009
40
95.0149933371091606
50
-6.03408224
51
-2.60417115
0
CIRCLE
8
BLACK
10
413.7799999999999727
20
-12.0019999999999989
40
0.4
0
LINE
8
BLACK
6
CONTINUOUS
10
617.7809989999999516
20
-10.0019999999999989
11
627.7809989999999516
21
7.3185069999999994
0
CIRCLE
8
BLACK
10
262.5299999999999727
20
-12.0019999999999989
40
0.4
0
CIRCLE
8
BLACK
10
296.5980000000000132
20
537.16599999999994
40
0.4
0
ARC
8
BLACK
10
118.0769999999999982
20
-10.9959999999999987
40
1.
50
-270.00000000
51
-90.00000000
0
CIRCLE
8
BLACK
10
133.7549999999999955
20
255.11099999999999
40
0.4
0
CIRCLE
8
BLACK
10
135.0049999999999955
20
257.2779999999999632
40
0.4
0
CIRCLE
8
BLACK
10
191.2800000000000011
20
-12.0019999999999989
40
0.4
0
LINE
8
BLACK
6
CONTINUOUS
10
343.0799989999999866
20
-10.0019999999999989
11
409.4829990000000066
21
-10.0019999999999989
0
ARC
8
BLACK
10
628.4104999999999563
20
6.6838999999999995
40
0.8938016518445242
50
-16.98318030
51
134.76737611
0
CIRCLE
8
BLACK
10
630.8659999999999854
20
163.5430000000000064
40
0.4
0
ARC
8
BLACK
10
184.4799999999999898
20
-10.9959999999999987
40
1.
50
-90.00000000
51
90.00000000
0
ARC
8
BLACK
10
193.0799999999999841
20
-11.0030000000000001
40
1.
50
-270.00000000
51
-90.00000000
0
CIRCLE
8
BLACK
10
491.019551999999976
20
428.8070429999999646
40
0.4
0
CIRCLE
8
BLACK
10
337.5299999999999727
20
-12.0019999999999989
40
0.4
0
LINE
8
BLACK
6
CONTINUOUS
10
94.4918629999999951
20
-9.9969809999999999
11
109.4763639999999896
21
-9.9953409999999998
0
ARC
8
BLACK
10
0.0329
20
0.0659
40
649.9357602466189974
50
28.55152866
51
34.39587989
0
CIRCLE
8
BLACK
10
170.0029999999999859
20
317.9089999999999918
40
0.4
0
ARC
8
BLACK
10
207.2104999999999961
20
380.8992999999999824
40
1.0000257660805545
50
-27.98905629
51
152.01094371
0
CIRCLE
8
BLACK
10
252.0519999999999925
20
460.0289999999999964
40
0.4
0
ARC
8
BLACK
10
0.3049
20
-0.0481
40
651.7195970645997249
50
7.97839192
51
13.92970974
0
LINE
8
BLACK
6
CONTINUOUS
10
493.0799989999999866
20
-10.0019999999999989
11
559.4829989999999498
21
-10.0019999999999989
0
CIRCLE
8
BLACK
10
574.5299999999999727
20
307.5369999999999777
40
0.4
0
CIRCLE
8
BLACK
10
489.3865519999999947
20
430.7000429999999938
40
0.4
0
CIRCLE
8
BLACK
10
171.8760000000000048
20
321.1659999999999968
40
0.4
0
CIRCLE
8
BLACK
10
565.0299999999999727
20
-12.0019999999999989
40
0.4
0
CIRCLE
8
BLACK
10
646.3210000000000264
20
83.7169999999999987
40
0.4
0
ARC
8
BLACK
10
-0.1088
20
-0.014
40
93.1326434834031716
50
-7.39136675
51
-6.15798000
0
LINE
8
BLACK
6
CONTINUOUS
10
299.3809929999999895
20
542.0024220000000241
11
333.2319999999999709
21
542.0079999999999245
0
LINE
8
BLACK
6
CONTINUOUS
10
210.6744889999999941
20
388.8930389999999875
11
249.5948259999999834
21
456.3050409999999601
0
ARC
8
BLACK
10
606.6770000000000209
20
236.1699999999999875
40
1.0243240112508347
50
-155.48672308
51
24.51350899
0
CIRCLE
8
BLACK
10
536.3819999999999482
20
370.5020000000000095
40
0.4
0
ARC
8
BLACK
10
-0.2683
20
-0.0388
40
93.189284987272444
50
49.88379823
51
65.35306874
0
ARC
8
BLACK
10
409.4830000000000041
20
-11.0019999999999989
40
1.0000000000005
50
-90.00005730
51
90.00005730
0
CIRCLE
8
BLACK
10
646.1720000000000255
20
84.9699999999999989
40
0.4
0
ARC
8
BLACK
10
0.3462
20
-0.2988
40
651.8333917490058411
50
21.31080444
51
27.82352597
0
ARC
8
BLACK
10
484.4830000000000041
20
-11.0019999999999989
40
1.0000000000005
50
-90.00005730
51
90.00005730
0
CIRCLE
8
BLACK
10
96.8729999999999905
20
191.2459999999999809
40
0.4
0
ARC
8
BLACK
10
334.4830000000000041
20
-11.0019999999999989
40
1.0000000000005
50
-90.00005730
51
90.00005730
0
CIRCLE
8
BLACK
10
416.2799999999999727
20
-12.0019999999999989
40
0.4
0
CIRCLE
8
BLACK
10
378.0953189999999609
20
531.0932709999999588
40
0.4
0
CIRCLE
8
BLACK
10
93.1829999999999927
20
-0.192
40
0.4
0
CIRCLE
8
BLACK
10
93.1749999999999972
20
-1.4419999999999999
40
0.4
0
LINE
8
BLACK
6
CONTINUOUS
10
362.3477189999999837
20
542.0109999999999673
11
375.0430000000000064
21
533.3719999999999573
0
CIRCLE
8
BLACK
10
631.5109999999999673
20
161.0420000000000016
40
0.4
0
LINE
8
BLACK
6
CONTINUOUS
10
56.3918739999999943
20
121.627955
11
38.5940000000000012
21
90.8011339999999905
0
ARC
8
BLACK
10
94.7086520000000007
20
186.0285629999999912
40
0.9999999831129998
50
-25.56678805
51
152.14698003
0
CIRCLE
8
BLACK
10
380.1293190000000095
20
529.6332709999999224
40
0.4
0
LINE
8
BLACK
6
CONTINUOUS
10
633.6029979999999568
20
13.9219999999999988
11
648.5929999999999609
21
39.8859999999999957
0
CIRCLE
8
BLACK
10
252.671999999999997
20
461.1149999999999523
40
0.4
0
LINE
8
BLACK
6
CONTINUOUS
10
268.0799979999999891
20
-12.0019989999999996
11
334.4829980000000091
21
-12.0019989999999996
0
CIRCLE
8
BLACK
10
376.0533189999999877
20
532.5392709999999852
40
0.4
0
CIRCLE
8
BLACK
10
415.0299999999999727
20
-12.0019999999999989
40
0.4
0
ARC
8
BLACK
10
432.790300000000002
20
486.3038999999999987
40
1.0084037966990207
50
-139.19840360
51
49.65858573
0
CIRCLE
8
BLACK
10
207.5079999999999814
20
382.8580000000000041
40
0.4
0
ARC
8
BLACK
10
537.1813999999999396
20
367.7214999999999918
40
0.9875508575106398
50
-329.48478785
51
-149.48107327
0
ARC
8
BLACK
10
493.0799999999999841
20
-11.0019999999999989
40
1.0000000000005
50
-269.99994270
51
-90.00005730
0
ARC
8
BLACK
10
298.130299999999977
20
538.0534999999999854
40
0.8813723110019964
50
-207.73606021
51
-47.56587436
0
CIRCLE
8
BLACK
10
187.5300000000000011
20
-12.0019999999999989
40
0.4
0
LINE
8
BLACK
6
CONTINUOUS
10
332.9607049999999617
20
525.0515759999999545
11
333.3607049999999958
21
524.6515759999999773
0
LINE
8
BLACK
6
CONTINUOUS
10
333.3607049999999958
20
525.0515759999999545
11
332.9607049999999617
21
524.6515759999999773
0
LINE
8
BLACK
6
CONTINUOUS
10
332.9913589999999886
20
523.6292670000000271
11
333.3913589999999658
21
523.2292669999999362
0
LINE
8
BLACK
6
CONTINUOUS
10
333.3913589999999658
20
523.6292670000000271
11
332.9913589999999886
21
523.2292669999999362
0
LINE
8
BLACK
6
CONTINUOUS
10
334.3356339999999705
20
524.0949190000000044
11
334.7356340000000046
21
523.6949190000000272
0
LINE
8
BLACK
6
CONTINUOUS
10
334.7356340000000046
20
524.0949190000000044
11
334.3356339999999705
21
523.6949190000000272
0
LINE
8
BLACK
6
CONTINUOUS
10
334.3662889999999948
20
522.6726089999999658
11
334.766288999999972
21
522.2726089999999886
0
LINE
8
BLACK
6
CONTINUOUS
10
334.766288999999972
20
522.6726089999999658
11
334.3662889999999948
21
522.2726089999999886
0
LINE
8
BLACK
6
CONTINUOUS
10
335.7105639999999767
20
523.1382619999999406
11
336.1105640000000108
21
522.7382619999999633
0
LINE
8
BLACK
6
CONTINUOUS
10
336.1105640000000108
20
523.1382619999999406
11
335.7105639999999767
21
522.7382619999999633
0
LINE
8
BLACK
6
CONTINUOUS
10
335.741217000000006
20
521.7159500000000207
11
336.1412169999999833
21
521.3159499999999298
0
LINE
8
BLACK
6
CONTINUOUS
10
336.1412169999999833
20
521.7159500000000207
11
335.741217000000006
21
521.3159499999999298
0
LINE
8
BLACK
6
CONTINUOUS
10
337.0854919999999879
20
522.181601999999998
11
337.4854919999999652
21
521.7816020000000208
0
LINE
8
BLACK
6
CONTINUOUS
10
337.4854919999999652
20
522.181601999999998
11
337.0854919999999879
21
521.7816020000000208
0
LINE
8
BLACK
6
CONTINUOUS
10
337.1161470000000122
20
520.7592929999999569
11
337.5161469999999895
21
520.3592929999999797
0
LINE
8
BLACK
6
CONTINUOUS
10
337.5161469999999895
20
520.7592929999999569
11
337.1161470000000122
21
520.3592929999999797
0
LINE
8
BLACK
6
CONTINUOUS
10
338.4604219999999941
20
521.2249449999999342
11
338.8604219999999714
21
520.824944999999957
0
LINE
8
BLACK
6
CONTINUOUS
10
338.8604219999999714
20
521.2249449999999342
11
338.4604219999999941
21
520.824944999999957
0
LINE
8
BLACK
6
CONTINUOUS
10
338.4910759999999641
20
519.8026340000000118
11
338.8910759999999982
21
519.4026339999999209
0
LINE
8
BLACK
6
CONTINUOUS
10
338.8910759999999982
20
519.8026340000000118
11
338.4910759999999641
21
519.4026339999999209
0
LINE
8
BLACK
6
CONTINUOUS
10
339.8353510000000028
20
520.2682859999999891
11
340.2353509999999801
21
519.8682860000000119
0
LINE
8
BLACK
6
CONTINUOUS
10
340.2353509999999801
20
520.2682859999999891
11
339.8353510000000028
21
519.8682860000000119
0
LINE
8
BLACK
6
CONTINUOUS
10
339.8660049999999728
20
518.8459759999999505
11
340.2660050000000069
21
518.4459759999999733
0
LINE
8
BLACK
6
CONTINUOUS
10
340.2660050000000069
20
518.8459759999999505
11
339.8660049999999728
21
518.4459759999999733
0
LINE
8
BLACK
6
CONTINUOUS
10
341.2102789999999573
20
519.3116279999999279
11
341.6102789999999914
21
518.9116279999999506
0
LINE
8
BLACK
6
CONTINUOUS
10
341.6102789999999914
20
519.3116279999999279
11
341.2102789999999573
21
518.9116279999999506
0
LINE
8
BLACK
6
CONTINUOUS
10
341.2409359999999765
20
517.8893190000000004
11
341.6409360000000106
21
517.4893190000000232
0
LINE
8
BLACK
6
CONTINUOUS
10
341.6409360000000106
20
517.8893190000000004
11
341.2409359999999765
21
517.4893190000000232
0
LINE
8
BLACK
6
CONTINUOUS
10
342.5852099999999609
20
518.3549709999999777
11
342.985209999999995
21
517.9549710000000005
0
LINE
8
BLACK
6
CONTINUOUS
10
342.985209999999995
20
518.3549709999999777
11
342.5852099999999609
21
517.9549710000000005
0
LINE
8
BLACK
6
CONTINUOUS
10
342.6158639999999878
20
516.9326599999999416
11
343.015863999999965
21
516.5326599999999644
0
LINE
8
BLACK
6
CONTINUOUS
10
343.015863999999965
20
516.9326599999999416
11
342.6158639999999878
21
516.5326599999999644
0
LINE
8
BLACK
6
CONTINUOUS
10
343.9601369999999747
20
517.3983120000000326
11
344.3601370000000088
21
516.9983119999999417
0
LINE
8
BLACK
6
CONTINUOUS
10
344.3601370000000088
20
517.3983120000000326
11
343.9601369999999747
21
516.9983119999999417
0
LINE
8
BLACK
6
CONTINUOUS
10
343.9907929999999965
20
515.976001999999994
11
344.3907929999999737
21
515.5760020000000168
0
LINE
8
BLACK
6
CONTINUOUS
10
344.3907929999999737
20
515.976001999999994
11
343.9907929999999965
21
515.5760020000000168
0
LINE
8
BLACK
6
CONTINUOUS
10
345.3350679999999784
20
516.4416549999999688
11
345.7350680000000125
21
516.0416549999999916
0
LINE
8
BLACK
6
CONTINUOUS
10
345.7350680000000125
20
516.4416549999999688
11
345.3350679999999784
21
516.0416549999999916
0
LINE
8
BLACK
6
CONTINUOUS
10
345.3657230000000027
20
515.0193439999999327
11
345.7657229999999799
21
514.6193439999999555
0
LINE
8
BLACK
6
CONTINUOUS
10
345.7657229999999799
20
515.0193439999999327
11
345.3657230000000027
21
514.6193439999999555
0
LINE
8
BLACK
6
CONTINUOUS
10
346.7099959999999896
20
515.4849970000000212
11
347.1099959999999669
21
515.0849969999999303
0
LINE
8
BLACK
6
CONTINUOUS
10
347.1099959999999669
20
515.4849970000000212
11
346.7099959999999896
21
515.0849969999999303
0
LINE
8
BLACK
6
CONTINUOUS
10
346.7406520000000114
20
514.0626849999999877
11
347.1406519999999887
21
513.6626850000000104
0
LINE
8
BLACK
6
CONTINUOUS
10
347.1406519999999887
20
514.0626849999999877
11
346.7406520000000114
21
513.6626850000000104
0
LINE
8
BLACK
6
CONTINUOUS
10
348.0849259999999958
20
514.5283379999999624
11
348.4849259999999731
21
514.1283379999999852
0
LINE
8
BLACK
6
CONTINUOUS
10
348.4849259999999731
20
514.5283379999999624
11
348.0849259999999958
21
514.1283379999999852
0
LINE
8
BLACK
6
CONTINUOUS
10
348.1155819999999608
20
513.1060289999999213
11
348.5155819999999949
21
512.7060289999999441
0
LINE
8
BLACK
6
CONTINUOUS
10
348.5155819999999949
20
513.1060289999999213
11
348.1155819999999608
21
512.7060289999999441
0
LINE
8
BLACK
6
CONTINUOUS
10
349.459856000000002
20
513.5716810000000123
11
349.8598559999999793
21
513.1716809999999214
0
LINE
8
BLACK
6
CONTINUOUS
10
349.8598559999999793
20
513.5716810000000123
11
349.459856000000002
21
513.1716809999999214
0
LINE
8
BLACK
6
CONTINUOUS
10
349.4905089999999745
20
512.1493679999999813
11
349.8905090000000087
21
511.749368000000004
0
LINE
8
BLACK
6
CONTINUOUS
10
349.8905090000000087
20
512.1493679999999813
11
349.4905089999999745
21
511.749368000000004
0
LINE
8
BLACK
6
CONTINUOUS
10
350.2694889999999646
20
535.0342090000000326
11
350.6694889999999987
21
534.6342089999999416
0
LINE
8
BLACK
6
CONTINUOUS
10
350.6694889999999987
20
535.0342090000000326
11
350.2694889999999646
21
534.6342089999999416
0
LINE
8
BLACK
6
CONTINUOUS
10
350.4440480000000093
20
536.313733999999954
11
350.8440479999999866
21
535.9137339999999767
0
LINE
8
BLACK
6
CONTINUOUS
10
350.8440479999999866
20
536.313733999999954
11
350.4440480000000093
21
535.9137339999999767
0
LINE
8
BLACK
6
CONTINUOUS
10
350.8347839999999564
20
512.6150209999999561
11
351.2347839999999906
21
512.2150209999999788
0
LINE
8
BLACK
6
CONTINUOUS
10
351.2347839999999906
20
512.6150209999999561
11
350.8347839999999564
21
512.2150209999999788
0
LINE
8
BLACK
6
CONTINUOUS
10
350.8654389999999808
20
511.1927129999999693
11
351.265438999999958
21
510.792712999999992
0
LINE
8
BLACK
6
CONTINUOUS
10
351.265438999999958
20
511.1927129999999693
11
350.8654389999999808
21
510.792712999999992
0
LINE
8
BLACK
6
CONTINUOUS
10
351.2339900000000057
20
534.3631189999999833
11
351.633989999999983
21
533.9631190000000061
0
LINE
8
BLACK
6
CONTINUOUS
10
351.633989999999983
20
534.3631189999999833
11
351.2339900000000057
21
533.9631190000000061
0
LINE
8
BLACK
6
CONTINUOUS
10
351.4085479999999961
20
535.6426450000000159
11
351.8085479999999734
21
535.2426449999999249
0
LINE
8
BLACK
6
CONTINUOUS
10
351.8085479999999734
20
535.6426450000000159
11
351.4085479999999961
21
535.2426449999999249
0
LINE
8
BLACK
6
CONTINUOUS
10
352.1984929999999849
20
533.692032999999924
11
352.5984929999999622
21
533.2920329999999467
0
LINE
8
BLACK
6
CONTINUOUS
10
352.5984929999999622
20
533.692032999999924
11
352.1984929999999849
21
533.2920329999999467
0
LINE
8
BLACK
6
CONTINUOUS
10
352.2097139999999627
20
511.6583639999999491
11
352.6097139999999968
21
511.2583639999999718
0
LINE
8
BLACK
6
CONTINUOUS
10
352.6097139999999968
20
511.6583639999999491
11
352.2097139999999627
21
511.2583639999999718
0
LINE
8
BLACK
6
CONTINUOUS
10
352.240368999999987
20
510.2360539999999673
11
352.6403689999999642
21
509.8360539999999901
0
LINE
8
BLACK
6
CONTINUOUS
10
352.6403689999999642
20
510.2360539999999673
11
352.240368999999987
21
509.8360539999999901
0
LINE
8
BLACK
6
CONTINUOUS
10
352.3730519999999728
20
534.9715579999999591
11
352.773052000000007
21
534.5715579999999818
0
LINE
8
BLACK
6
CONTINUOUS
10
352.773052000000007
20
534.9715579999999591
11
352.3730519999999728
21
534.5715579999999818
0
LINE
8
BLACK
6
CONTINUOUS
10
353.1629949999999667
20
533.0209429999999884
11
353.5629950000000008
21
532.6209430000000111
0
LINE
8
BLACK
6
CONTINUOUS
10
353.5629950000000008
20
533.0209429999999884
11
353.1629949999999667
21
532.6209430000000111
0
LINE
8
BLACK
6
CONTINUOUS
10
353.3375540000000115
20
534.300469000000021
11
353.7375539999999887
21
533.90046899999993
0
LINE
8
BLACK
6
CONTINUOUS
10
353.7375539999999887
20
534.300469000000021
11
353.3375540000000115
21
533.90046899999993
0
LINE
8
BLACK
6
CONTINUOUS
10
353.5846429999999714
20
510.7017060000000015
11
353.9846430000000055
21
510.3017059999999674
0
LINE
8
BLACK
6
CONTINUOUS
10
353.9846430000000055
20
510.7017060000000015
11
353.5846429999999714
21
510.3017059999999674
0
LINE
8
BLACK
6
CONTINUOUS
10
353.6152960000000007
20
509.2793959999999629
11
354.015295999999978
21
508.8793959999999856
0
LINE
8
BLACK
6
CONTINUOUS
10
354.015295999999978
20
509.2793959999999629
11
353.6152960000000007
21
508.8793959999999856
0
LINE
8
BLACK
6
CONTINUOUS
10
354.1274980000000028
20
532.3498549999999341
11
354.52749799999998
21
531.9498549999999568
0
LINE
8
BLACK
6
CONTINUOUS
10
354.52749799999998
20
532.3498549999999341
11
354.1274980000000028
21
531.9498549999999568
0
LINE
8
BLACK
6
CONTINUOUS
10
354.3020569999999907
20
533.6293799999999692
11
354.702056999999968
21
533.2293799999999919
0
LINE
8
BLACK
6
CONTINUOUS
10
354.702056999999968
20
533.6293799999999692
11
354.3020569999999907
21
533.2293799999999919
0
LINE
8
BLACK
6
CONTINUOUS
10
354.9595719999999801
20
509.7450469999999996
11
355.3595719999999574
21
509.3450469999999655
0
LINE
8
BLACK
6
CONTINUOUS
10
355.3595719999999574
20
509.7450469999999996
11
354.9595719999999801
21
509.3450469999999655
0
LINE
8
BLACK
6
CONTINUOUS
10
354.9902280000000019
20
508.3227389999999559
11
355.3902279999999791
21
507.9227389999999787
0
LINE
8
BLACK
6
CONTINUOUS
10
355.3902279999999791
20
508.3227389999999559
11
354.9902280000000019
21
507.9227389999999787
0
LINE
8
BLACK
6
CONTINUOUS
10
355.092000999999982
20
531.678765999999996
11
355.4920009999999593
21
531.2787660000000187
0
LINE
8
BLACK
6
CONTINUOUS
10
355.4920009999999593
20
531.678765999999996
11
355.092000999999982
21
531.2787660000000187
0
LINE
8
BLACK
6
CONTINUOUS
10
355.2665589999999725
20
532.9582920000000286
11
355.6665590000000066
21
532.5582919999999376
0
LINE
8
BLACK
6
CONTINUOUS
10
355.6665590000000066
20
532.9582920000000286
11
355.2665589999999725
21
532.5582919999999376
0
LINE
8
BLACK
6
CONTINUOUS
10
356.0565039999999613
20
531.0076769999999442
11
356.4565039999999954
21
530.6076769999999669
0
LINE
8
BLACK
6
CONTINUOUS
10
356.4565039999999954
20
531.0076769999999442
11
356.0565039999999613
21
530.6076769999999669
0
LINE
8
BLACK
6
CONTINUOUS
10
356.2310640000000035
20
532.2872019999999793
11
356.6310639999999808
21
531.887202000000002
0
LINE
8
BLACK
6
CONTINUOUS
10
356.6310639999999808
20
532.2872019999999793
11
356.2310640000000035
21
531.887202000000002
0
LINE
8
BLACK
6
CONTINUOUS
10
356.3345019999999863
20
508.7883899999999926
11
356.7345019999999636
21
508.3883899999999585
0
LINE
8
BLACK
6
CONTINUOUS
10
356.7345019999999636
20
508.7883899999999926
11
356.3345019999999863
21
508.3883899999999585
0
LINE
8
BLACK
6
CONTINUOUS
10
356.3651559999999563
20
507.366079999999954
11
356.7651559999999904
21
506.9660799999999767
0
LINE
8
BLACK
6
CONTINUOUS
10
356.7651559999999904
20
507.366079999999954
11
356.3651559999999563
21
506.9660799999999767
0
LINE
8
BLACK
6
CONTINUOUS
10
357.0210069999999973
20
530.3365900000000011
11
357.4210069999999746
21
529.9365900000000238
0
LINE
8
BLACK
6
CONTINUOUS
10
357.4210069999999746
20
530.3365900000000011
11
357.0210069999999973
21
529.9365900000000238
0
LINE
8
BLACK
6
CONTINUOUS
10
357.1955649999999878
20
531.616113999999925
11
357.595564999999965
21
531.2161139999999477
0
LINE
8
BLACK
6
CONTINUOUS
10
357.595564999999965
20
531.616113999999925
11
357.1955649999999878
21
531.2161139999999477
0
LINE
8
BLACK
6
CONTINUOUS
10
357.7094299999999976
20
507.8317309999999907
11
358.1094299999999748
21
507.4317309999999566
0
LINE
8
BLACK
6
CONTINUOUS
10
358.1094299999999748
20
507.8317309999999907
11
357.7094299999999976
21
507.4317309999999566
0
LINE
8
BLACK
6
CONTINUOUS
10
357.740084999999965
20
506.4094209999999521
11
358.1400849999999991
21
506.0094209999999748
0
LINE
8
BLACK
6
CONTINUOUS
10
358.1400849999999991
20
506.4094209999999521
11
357.740084999999965
21
506.0094209999999748
0
LINE
8
BLACK
6
CONTINUOUS
10
357.9855089999999791
20
529.6654999999999518
11
358.3855089999999564
21
529.2654999999999745
0
LINE
8
BLACK
6
CONTINUOUS
10
358.3855089999999564
20
529.6654999999999518
11
357.9855089999999791
21
529.2654999999999745
0
LINE
8
BLACK
6
CONTINUOUS
10
358.160067999999967
20
530.9450259999999844
11
358.5600680000000011
21
530.5450260000000071
0
LINE
8
BLACK
6
CONTINUOUS
10
358.5600680000000011
20
530.9450259999999844
11
358.160067999999967
21
530.5450260000000071
0
LINE
8
BLACK
6
CONTINUOUS
10
358.9500119999999583
20
528.9944130000000087
11
359.3500119999999924
21
528.5944130000000314
0
LINE
8
BLACK
6
CONTINUOUS
10
359.3500119999999924
20
528.9944130000000087
11
358.9500119999999583
21
528.5944130000000314
0
LINE
8
BLACK
6
CONTINUOUS
10
359.0843590000000063
20
506.8750739999999837
11
359.4843589999999836
21
506.4750739999999496
0
LINE
8
BLACK
6
CONTINUOUS
10
359.4843589999999836
20
506.8750739999999837
11
359.0843590000000063
21
506.4750739999999496
0
LINE
8
BLACK
6
CONTINUOUS
10
359.1150149999999712
20
505.4527640000000019
11
359.5150150000000053
21
505.0527639999999678
0
LINE
8
BLACK
6
CONTINUOUS
10
359.5150150000000053
20
505.4527640000000019
11
359.1150149999999712
21
505.0527639999999678
0
LINE
8
BLACK
6
CONTINUOUS
10
359.1245710000000031
20
530.2739379999999301
11
359.5245709999999804
21
529.8739379999999528
0
LINE
8
BLACK
6
CONTINUOUS
10
359.5245709999999804
20
530.2739379999999301
11
359.1245710000000031
21
529.8739379999999528
0
LINE
8
BLACK
6
CONTINUOUS
10
359.9145139999999969
20
528.3233239999999569
11
360.3145139999999742
21
527.9233239999999796
0
LINE
8
BLACK
6
CONTINUOUS
10
360.3145139999999742
20
528.3233239999999569
11
359.9145139999999969
21
527.9233239999999796
0
LINE
8
BLACK
6
CONTINUOUS
10
360.0890729999999849
20
529.602848999999992
11
360.4890729999999621
21
529.2028490000000147
0
LINE
8
BLACK
6
CONTINUOUS
10
360.4890729999999621
20
529.602848999999992
11
360.0890729999999849
21
529.2028490000000147
0
LINE
8
BLACK
6
CONTINUOUS
10
360.45929000000001
20
505.9184169999999767
11
360.8592899999999872
21
505.5184169999999995
0
LINE
8
BLACK
6
CONTINUOUS
10
360.8592899999999872
20
505.9184169999999767
11
360.45929000000001
21
505.5184169999999995
0
LINE
8
BLACK
6
CONTINUOUS
10
360.4899429999999825
20
504.496105
11
360.8899429999999597
21
504.0961049999999659
0
LINE
8
BLACK
6
CONTINUOUS
10
360.8899429999999597
20
504.496105
11
360.4899429999999825
21
504.0961049999999659
0
LINE
8
BLACK
6
CONTINUOUS
10
360.8790169999999762
20
527.6522360000000162
11
361.2790170000000103
21
527.2522359999999253
0
LINE
8
BLACK
6
CONTINUOUS
10
361.2790170000000103
20
527.6522360000000162
11
360.8790169999999762
21
527.2522359999999253
0
LINE
8
BLACK
6
CONTINUOUS
10
361.0535749999999666
20
528.9317619999999351
11
361.4535750000000007
21
528.5317619999999579
0
LINE
8
BLACK
6
CONTINUOUS
10
361.4535750000000007
20
528.9317619999999351
11
361.0535749999999666
21
528.5317619999999579
0
LINE
8
BLACK
6
CONTINUOUS
10
361.8342169999999669
20
504.9617569999999773
11
362.234217000000001
21
504.5617570000000001
0
LINE
8
BLACK
6
CONTINUOUS
10
362.234217000000001
20
504.9617569999999773
11
361.8342169999999669
21
504.5617570000000001
0
LINE
8
BLACK
6
CONTINUOUS
10
361.8435189999999579
20
526.9811469999999645
11
362.243518999999992
21
526.5811469999999872
0
LINE
8
BLACK
6
CONTINUOUS
10
362.243518999999992
20
526.9811469999999645
11
361.8435189999999579
21
526.5811469999999872
0
LINE
8
BLACK
6
CONTINUOUS
10
361.8648729999999887
20
503.5394469999999956
11
362.2648729999999659
21
503.1394469999999615
0
LINE
8
BLACK
6
CONTINUOUS
10
362.2648729999999659
20
503.5394469999999956
11
361.8648729999999887
21
503.1394469999999615
0
LINE
8
BLACK
6
CONTINUOUS
10
362.0180770000000052
20
528.2606719999999996
11
362.4180769999999825
21
527.8606720000000223
0
LINE
8
BLACK
6
CONTINUOUS
10
362.4180769999999825
20
528.2606719999999996
11
362.0180770000000052
21
527.8606720000000223
0
LINE
8
BLACK
6
CONTINUOUS
10
362.808021999999994
20
526.3100590000000238
11
363.2080219999999713
21
525.9100589999999329
0
LINE
8
BLACK
6
CONTINUOUS
10
363.2080219999999713
20
526.3100590000000238
11
362.808021999999994
21
525.9100589999999329
0
LINE
8
BLACK
6
CONTINUOUS
10
362.9825809999999819
20
527.5895849999999427
11
363.3825809999999592
21
527.1895849999999655
0
LINE
8
BLACK
6
CONTINUOUS
10
363.3825809999999592
20
527.5895849999999427
11
362.9825809999999819
21
527.1895849999999655
0
LINE
8
BLACK
6
CONTINUOUS
10
363.2091479999999706
20
504.0050999999999704
11
363.6091480000000047
21
503.6050999999999931
0
LINE
8
BLACK
6
CONTINUOUS
10
363.6091480000000047
20
504.0050999999999704
11
363.2091479999999706
21
503.6050999999999931
0
LINE
8
BLACK
6
CONTINUOUS
10
363.2398009999999999
20
502.5827889999999911
11
363.6398009999999772
21
502.182788999999957
0
LINE
8
BLACK
6
CONTINUOUS
10
363.6398009999999772
20
502.5827889999999911
11
363.2398009999999999
21
502.182788999999957
0
LINE
8
BLACK
6
CONTINUOUS
10
363.7725249999999733
20
525.6389689999999746
11
364.1725250000000074
21
525.2389689999999973
0
LINE
8
BLACK
6
CONTINUOUS
10
364.1725250000000074
20
525.6389689999999746
11
363.7725249999999733
21
525.2389689999999973
0
LINE
8
BLACK
6
CONTINUOUS
10
363.9470819999999662
20
526.9184940000000097
11
364.3470820000000003
21
526.5184940000000324
0
LINE
8
BLACK
6
CONTINUOUS
10
364.3470820000000003
20
526.9184940000000097
11
363.9470819999999662
21
526.5184940000000324
0
LINE
8
BLACK
6
CONTINUOUS
10
364.5840759999999818
20
503.0484409999999684
11
364.9840759999999591
21
502.6484409999999912
0
LINE
8
BLACK
6
CONTINUOUS
10
364.9840759999999591
20
503.0484409999999684
11
364.5840759999999818
21
502.6484409999999912
0
LINE
8
BLACK
6
CONTINUOUS
10
364.6147320000000036
20
501.6261299999999892
11
365.0147319999999809
21
501.2261299999999551
0
LINE
8
BLACK
6
CONTINUOUS
10
365.0147319999999809
20
501.6261299999999892
11
364.6147320000000036
21
501.2261299999999551
0
LINE
8
BLACK
6
CONTINUOUS
10
364.7370290000000068
20
524.9678809999999203
11
365.1370289999999841
21
524.567880999999943
0
LINE
8
BLACK
6
CONTINUOUS
10
365.1370289999999841
20
524.9678809999999203
11
364.7370290000000068
21
524.567880999999943
0
LINE
8
BLACK
6
CONTINUOUS
10
364.9115869999999973
20
526.2474069999999529
11
365.3115869999999745
21
525.8474069999999756
0
LINE
8
BLACK
6
CONTINUOUS
10
365.3115869999999745
20
526.2474069999999529
11
364.9115869999999973
21
525.8474069999999756
0
LINE
8
BLACK
6
CONTINUOUS
10
365.7015289999999936
20
524.2967909999999847
11
366.1015289999999709
21
523.8967910000000074
0
LINE
8
BLACK
6
CONTINUOUS
10
366.1015289999999709
20
524.2967909999999847
11
365.7015289999999936
21
523.8967910000000074
0
LINE
8
BLACK
6
CONTINUOUS
10
365.8760879999999815
20
525.5763170000000173
11
366.2760879999999588
21
525.1763169999999263
0
LINE
8
BLACK
6
CONTINUOUS
10
366.2760879999999588
20
525.5763170000000173
11
365.8760879999999815
21
525.1763169999999263
0
LINE
8
BLACK
6
CONTINUOUS
10
365.959005999999988
20
502.091782999999964
11
366.3590059999999653
21
501.6917829999999867
0
LINE
8
BLACK
6
CONTINUOUS
10
366.3590059999999653
20
502.091782999999964
11
365.959005999999988
21
501.6917829999999867
0
LINE
8
BLACK
6
CONTINUOUS
10
365.9896609999999555
20
500.6694739999999797
11
366.3896609999999896
21
500.2694740000000024
0
LINE
8
BLACK
6
CONTINUOUS
10
366.3896609999999896
20
500.6694739999999797
11
365.9896609999999555
21
500.2694740000000024
0
LINE
8
BLACK
6
CONTINUOUS
10
366.6660319999999729
20
523.6257039999999279
11
367.066032000000007
21
523.2257039999999506
0
LINE
8
BLACK
6
CONTINUOUS
10
367.066032000000007
20
523.6257039999999279
11
366.6660319999999729
21
523.2257039999999506
0
LINE
8
BLACK
6
CONTINUOUS
10
366.8405919999999583
20
524.9052299999999605
11
367.2405919999999924
21
524.5052299999999832
0
LINE
8
BLACK
6
CONTINUOUS
10
367.2405919999999924
20
524.9052299999999605
11
366.8405919999999583
21
524.5052299999999832
0
LINE
8
BLACK
6
CONTINUOUS
10
367.3339359999999942
20
501.135125999999957
11
367.7339359999999715
21
500.7351259999999797
0
LINE
8
BLACK
6
CONTINUOUS
10
367.7339359999999715
20
501.135125999999957
11
367.3339359999999942
21
500.7351259999999797
0
LINE
8
BLACK
6
CONTINUOUS
10
367.3645889999999667
20
499.7128139999999803
11
367.7645890000000009
21
499.312814000000003
0
LINE
8
BLACK
6
CONTINUOUS
10
367.7645890000000009
20
499.7128139999999803
11
367.3645889999999667
21
499.312814000000003
0
LINE
8
BLACK
6
CONTINUOUS
10
367.6305350000000089
20
522.9546149999999898
11
368.0305349999999862
21
522.5546150000000125
0
LINE
8
BLACK
6
CONTINUOUS
10
368.0305349999999862
20
522.9546149999999898
11
367.6305350000000089
21
522.5546150000000125
0
LINE
8
BLACK
6
CONTINUOUS
10
367.8050929999999994
20
524.2341400000000249
11
368.2050929999999767
21
523.8341399999999339
0
LINE
8
BLACK
6
CONTINUOUS
10
368.2050929999999767
20
524.2341400000000249
11
367.8050929999999994
21
523.8341399999999339
0
LINE
8
BLACK
6
CONTINUOUS
10
368.5950369999999907
20
522.2835269999999355
11
368.995036999999968
21
521.8835269999999582
0
LINE
8
BLACK
6
CONTINUOUS
10
368.995036999999968
20
522.2835269999999355
11
368.5950369999999907
21
521.8835269999999582
0
LINE
8
BLACK
6
CONTINUOUS
10
368.7088640000000055
20
500.1784669999999551
11
369.1088639999999828
21
499.7784669999999778
0
LINE
8
BLACK
6
CONTINUOUS
10
369.1088639999999828
20
500.1784669999999551
11
368.7088640000000055
21
499.7784669999999778
0
LINE
8
BLACK
6
CONTINUOUS
10
368.7395179999999755
20
498.7561579999999708
11
369.1395180000000096
21
498.3561579999999935
0
LINE
8
BLACK
6
CONTINUOUS
10
369.1395180000000096
20
498.7561579999999708
11
368.7395179999999755
21
498.3561579999999935
0
LINE
8
BLACK
6
CONTINUOUS
10
368.7695959999999786
20
523.5630519999999706
11
369.1695959999999559
21
523.1630519999999933
0
LINE
8
BLACK
6
CONTINUOUS
10
369.1695959999999559
20
523.5630519999999706
11
368.7695959999999786
21
523.1630519999999933
0
LINE
8
BLACK
6
CONTINUOUS
10
369.55953999999997
20
521.6124399999999923
11
369.9595400000000041
21
521.2124400000000151
0
LINE
8
BLACK
6
CONTINUOUS
10
369.9595400000000041
20
521.6124399999999923
11
369.55953999999997
21
521.2124400000000151
0
LINE
8
BLACK
6
CONTINUOUS
10
369.7340979999999604
20
522.89196400000003
11
370.1340979999999945
21
522.491963999999939
0
LINE
8
BLACK
6
CONTINUOUS
10
370.1340979999999945
20
522.89196400000003
11
369.7340979999999604
21
522.491963999999939
0
LINE
8
BLACK
6
CONTINUOUS
10
370.0837939999999548
20
499.2218089999999506
11
370.483793999999989
21
498.8218089999999734
0
LINE
8
BLACK
6
CONTINUOUS
10
370.483793999999989
20
499.2218089999999506
11
370.0837939999999548
21
498.8218089999999734
0
LINE
8
BLACK
6
CONTINUOUS
10
370.1144479999999817
20
497.7994989999999689
11
370.5144479999999589
21
497.3994989999999916
0
LINE
8
BLACK
6
CONTINUOUS
10
370.5144479999999589
20
497.7994989999999689
11
370.1144479999999817
21
497.3994989999999916
0
LINE
8
BLACK
6
CONTINUOUS
10
370.5240420000000086
20
520.9413499999999431
11
370.9240419999999858
21
520.5413499999999658
0
LINE
8
BLACK
6
CONTINUOUS
10
370.9240419999999858
20
520.9413499999999431
11
370.5240420000000086
21
520.5413499999999658
0
LINE
8
BLACK
6
CONTINUOUS
10
370.6986009999999965
20
522.2208759999999756
11
371.0986009999999737
21
521.8208759999999984
0
LINE
8
BLACK
6
CONTINUOUS
10
371.0986009999999737
20
522.2208759999999756
11
370.6986009999999965
21
521.8208759999999984
0
LINE
8
BLACK
6
CONTINUOUS
10
371.4587229999999636
20
498.265151000000003
11
371.8587229999999977
21
497.8651509999999689
0
LINE
8
BLACK
6
CONTINUOUS
10
371.8587229999999977
20
498.265151000000003
11
371.4587229999999636
21
497.8651509999999689
0
LINE
8
BLACK
6
CONTINUOUS
10
371.4885449999999878
20
520.2702629999999999
11
371.8885449999999651
21
519.8702630000000227
0
LINE
8
BLACK
6
CONTINUOUS
10
371.8885449999999651
20
520.2702629999999999
11
371.4885449999999878
21
519.8702630000000227
0
LINE
8
BLACK
6
CONTINUOUS
10
371.4893759999999929
20
496.8428409999999644
11
371.8893759999999702
21
496.4428409999999872
0
LINE
8
BLACK
6
CONTINUOUS
10
371.8893759999999702
20
496.8428409999999644
11
371.4893759999999929
21
496.4428409999999872
0
LINE
8
BLACK
6
CONTINUOUS
10
371.6631039999999757
20
521.5497879999999213
11
372.0631040000000098
21
521.1497879999999441
0
LINE
8
BLACK
6
CONTINUOUS
10
372.0631040000000098
20
521.5497879999999213
11
371.6631039999999757
21
521.1497879999999441
0
LINE
8
BLACK
6
CONTINUOUS
10
372.453047999999967
20
519.5991729999999507
11
372.8530480000000011
21
519.1991729999999734
0
LINE
8
BLACK
6
CONTINUOUS
10
372.8530480000000011
20
519.5991729999999507
11
372.453047999999967
21
519.1991729999999734
0
LINE
8
BLACK
6
CONTINUOUS
10
372.6276059999999575
20
520.8786989999999832
11
373.0276059999999916
21
520.478699000000006
0
LINE
8
BLACK
6
CONTINUOUS
10
373.0276059999999916
20
520.8786989999999832
11
372.6276059999999575
21
520.478699000000006
0
LINE
8
BLACK
6
CONTINUOUS
10
372.8336529999999698
20
497.3084920000000011
11
373.2336530000000039
21
496.908491999999967
0
LINE
8
BLACK
6
CONTINUOUS
10
373.2336530000000039
20
497.3084920000000011
11
372.8336529999999698
21
496.908491999999967
0
LINE
8
BLACK
6
CONTINUOUS
10
372.8643069999999966
20
495.8861839999999575
11
373.2643069999999739
21
495.4861839999999802
0
LINE
8
BLACK
6
CONTINUOUS
10
373.2643069999999739
20
495.8861839999999575
11
372.8643069999999966
21
495.4861839999999802
0
LINE
8
BLACK
6
CONTINUOUS
10
373.4175520000000006
20
518.92808500000001
11
373.8175519999999779
21
518.5280850000000328
0
LINE
8
BLACK
6
CONTINUOUS
10
373.8175519999999779
20
518.92808500000001
11
373.4175520000000006
21
518.5280850000000328
0
LINE
8
BLACK
6
CONTINUOUS
10
373.592109999999991
20
520.2076109999999289
11
373.9921099999999683
21
519.8076109999999517
0
LINE
8
BLACK
6
CONTINUOUS
10
373.9921099999999683
20
520.2076109999999289
11
373.592109999999991
21
519.8076109999999517
0
LINE
8
BLACK
6
CONTINUOUS
10
374.2085819999999785
20
496.3518359999999916
11
374.6085819999999558
21
495.9518359999999575
0
LINE
8
BLACK
6
CONTINUOUS
10
374.6085819999999558
20
496.3518359999999916
11
374.2085819999999785
21
495.9518359999999575
0
LINE
8
BLACK
6
CONTINUOUS
10
374.2392360000000053
20
494.9295239999999581
11
374.6392359999999826
21
494.5295239999999808
0
LINE
8
BLACK
6
CONTINUOUS
10
374.6392359999999826
20
494.9295239999999581
11
374.2392360000000053
21
494.5295239999999808
0
LINE
8
BLACK
6
CONTINUOUS
10
374.3820529999999849
20
518.2569959999999583
11
374.7820529999999621
21
517.856995999999981
0
LINE
8
BLACK
6
CONTINUOUS
10
374.7820529999999621
20
518.2569959999999583
11
374.3820529999999849
21
517.856995999999981
0
LINE
8
BLACK
6
CONTINUOUS
10
374.5566119999999728
20
519.5365209999999934
11
374.9566120000000069
21
519.1365210000000161
0
LINE
8
BLACK
6
CONTINUOUS
10
374.9566120000000069
20
519.5365209999999934
11
374.5566119999999728
21
519.1365210000000161
0
LINE
8
BLACK
6
CONTINUOUS
10
375.3465559999999641
20
517.5859080000000176
11
375.7465559999999982
21
517.1859079999999267
0
LINE
8
BLACK
6
CONTINUOUS
10
375.7465559999999982
20
517.5859080000000176
11
375.3465559999999641
21
517.1859079999999267
0
LINE
8
BLACK
6
CONTINUOUS
10
375.5211150000000089
20
518.8654339999999365
11
375.9211149999999861
21
518.4654339999999593
0
LINE
8
BLACK
6
CONTINUOUS
10
375.9211149999999861
20
518.8654339999999365
11
375.5211150000000089
21
518.4654339999999593
0
LINE
8
BLACK
6
CONTINUOUS
10
375.5835109999999872
20
495.3951769999999897
11
375.9835109999999645
21
494.9951769999999556
0
LINE
8
BLACK
6
CONTINUOUS
10
375.9835109999999645
20
495.3951769999999897
11
375.5835109999999872
21
494.9951769999999556
0
LINE
8
BLACK
6
CONTINUOUS
10
375.6141649999999572
20
493.9728669999999511
11
376.0141649999999913
21
493.5728669999999738
0
LINE
8
BLACK
6
CONTINUOUS
10
376.0141649999999913
20
493.9728669999999511
11
375.6141649999999572
21
493.5728669999999738
0
LINE
8
BLACK
6
CONTINUOUS
10
376.3110570000000052
20
516.9148189999999659
11
376.7110569999999825
21
516.5148189999999886
0
LINE
8
BLACK
6
CONTINUOUS
10
376.7110569999999825
20
516.9148189999999659
11
376.3110570000000052
21
516.5148189999999886
0
LINE
8
BLACK
6
CONTINUOUS
10
376.4856169999999906
20
518.194344000000001
11
376.8856169999999679
21
517.7943440000000237
0
LINE
8
BLACK
6
CONTINUOUS
10
376.8856169999999679
20
518.194344000000001
11
376.4856169999999906
21
517.7943440000000237
0
LINE
8
BLACK
6
CONTINUOUS
10
377.275560999999982
20
516.2437310000000252
11
377.6755609999999592
21
515.8437309999999343
0
LINE
8
BLACK
6
CONTINUOUS
10
377.6755609999999592
20
516.2437310000000252
11
377.275560999999982
21
515.8437309999999343
0
LINE
8
BLACK
6
CONTINUOUS
10
377.4501199999999699
20
517.5232569999999441
11
377.850120000000004
21
517.1232569999999669
0
LINE
8
BLACK
6
CONTINUOUS
10
377.850120000000004
20
517.5232569999999441
11
377.4501199999999699
21
517.1232569999999669
0
LINE
8
BLACK
6
CONTINUOUS
10
378.2400619999999662
20
515.5726419999999735
11
378.6400620000000004
21
515.1726419999999962
0
LINE
8
BLACK
6
CONTINUOUS
10
378.6400620000000004
20
515.5726419999999735
11
378.2400619999999662
21
515.1726419999999962
0
LINE
8
BLACK
6
CONTINUOUS
10
378.414621000000011
20
516.8521670000000086
11
378.8146209999999883
21
516.4521670000000313
0
LINE
8
BLACK
6
CONTINUOUS
10
378.8146209999999883
20
516.8521670000000086
11
378.414621000000011
21
516.4521670000000313
0
LINE
8
BLACK
6
CONTINUOUS
10
379.2045659999999998
20
514.9015550000000303
11
379.6045659999999771
21
514.5015549999999394
0
LINE
8
BLACK
6
CONTINUOUS
10
379.6045659999999771
20
514.9015550000000303
11
379.2045659999999998
21
514.5015549999999394
0
LINE
8
BLACK
6
CONTINUOUS
10
379.3791239999999902
20
516.1810799999999517
11
379.7791239999999675
21
515.7810799999999745
0
LINE
8
BLACK
6
CONTINUOUS
10
379.7791239999999675
20
516.1810799999999517
11
379.3791239999999902
21
515.7810799999999745
0
LINE
8
BLACK
6
CONTINUOUS
10
380.1690679999999816
20
514.230464999999981
11
380.5690679999999588
21
513.8304650000000038
0
LINE
8
BLACK
6
CONTINUOUS
10
380.5690679999999588
20
514.230464999999981
11
380.1690679999999816
21
513.8304650000000038
0
LINE
8
BLACK
6
CONTINUOUS
10
380.343625999999972
20
515.5099900000000162
11
380.7436260000000061
21
515.1099899999999252
0
LINE
8
BLACK
6
CONTINUOUS
10
380.7436260000000061
20
515.5099900000000162
11
380.343625999999972
21
515.1099899999999252
0
LINE
8
BLACK
6
CONTINUOUS
10
382.4761039999999639
20
488.6243809999999712
11
382.876103999999998
21
488.2243809999999939
0
LINE
8
BLACK
6
CONTINUOUS
10
382.876103999999998
20
488.6243809999999712
11
382.4761039999999639
21
488.2243809999999939
0
LINE
8
BLACK
6
CONTINUOUS
10
382.5847079999999778
20
490.042868999999996
11
382.9847079999999551
21
489.6428689999999619
0
LINE
8
BLACK
6
CONTINUOUS
10
382.9847079999999551
20
490.042868999999996
11
382.5847079999999778
21
489.6428689999999619
0
LINE
8
BLACK
6
CONTINUOUS
10
383.7508740000000103
20
487.5378309999999829
11
384.1508739999999875
21
487.1378310000000056
0
LINE
8
BLACK
6
CONTINUOUS
10
384.1508739999999875
20
487.5378309999999829
11
383.7508740000000103
21
487.1378310000000056
0
LINE
8
BLACK
6
CONTINUOUS
10
383.8594779999999673
20
488.9563210000000026
11
384.2594780000000014
21
488.5563209999999685
0
LINE
8
BLACK
6
CONTINUOUS
10
384.2594780000000014
20
488.9563210000000026
11
383.8594779999999673
21
488.5563209999999685
0
LINE
8
BLACK
6
CONTINUOUS
10
385.0256410000000074
20
486.451281999999992
11
385.4256409999999846
21
486.0512819999999579
0
LINE
8
BLACK
6
CONTINUOUS
10
385.4256409999999846
20
486.451281999999992
11
385.0256410000000074
21
486.0512819999999579
0
LINE
8
BLACK
6
CONTINUOUS
10
385.1342479999999568
20
487.8697719999999549
11
385.534247999999991
21
487.4697719999999777
0
LINE
8
BLACK
6
CONTINUOUS
10
385.534247999999991
20
487.8697719999999549
11
385.1342479999999568
21
487.4697719999999777
0
LINE
8
BLACK
6
CONTINUOUS
10
386.3004119999999944
20
485.3647339999999986
11
386.7004119999999716
21
484.9647339999999645
0
LINE
8
BLACK
6
CONTINUOUS
10
386.7004119999999716
20
485.3647339999999986
11
386.3004119999999944
21
484.9647339999999645
0
LINE
8
BLACK
6
CONTINUOUS
10
386.4090160000000083
20
486.7832219999999666
11
386.8090159999999855
21
486.3832219999999893
0
LINE
8
BLACK
6
CONTINUOUS
10
386.8090159999999855
20
486.7832219999999666
11
386.4090160000000083
21
486.3832219999999893
0
LINE
8
BLACK
6
CONTINUOUS
10
387.5751809999999864
20
484.2781839999999534
11
387.9751809999999637
21
483.8781839999999761
0
LINE
8
BLACK
6
CONTINUOUS
10
387.9751809999999637
20
484.2781839999999534
11
387.5751809999999864
21
483.8781839999999761
0
LINE
8
BLACK
6
CONTINUOUS
10
387.6837850000000003
20
485.6966739999999731
11
388.0837849999999776
21
485.2966739999999959
0
LINE
8
BLACK
6
CONTINUOUS
10
388.0837849999999776
20
485.6966739999999731
11
387.6837850000000003
21
485.2966739999999959
0
LINE
8
BLACK
6
CONTINUOUS
10
388.8499499999999784
20
483.1916349999999625
11
389.2499499999999557
21
482.7916349999999852
0
LINE
8
BLACK
6
CONTINUOUS
10
389.2499499999999557
20
483.1916349999999625
11
388.8499499999999784
21
482.7916349999999852
0
LINE
8
BLACK
6
CONTINUOUS
10
388.9585539999999924
20
484.6101239999999848
11
389.3585539999999696
21
484.2101239999999507
0
LINE
8
BLACK
6
CONTINUOUS
10
389.3585539999999696
20
484.6101239999999848
11
388.9585539999999924
21
484.2101239999999507
0
LINE
8
BLACK
6
CONTINUOUS
10
390.124719999999968
20
482.1050879999999665
11
390.5247200000000021
21
481.7050879999999893
0
LINE
8
BLACK
6
CONTINUOUS
10
390.5247200000000021
20
482.1050879999999665
11
390.124719999999968
21
481.7050879999999893
0
LINE
8
BLACK
6
CONTINUOUS
10
390.2333219999999869
20
483.5235759999999914
11
390.6333219999999642
21
483.1235759999999573
0
LINE
8
BLACK
6
CONTINUOUS
10
390.6333219999999642
20
483.5235759999999914
11
390.2333219999999869
21
483.1235759999999573
0
LINE
8
BLACK
6
CONTINUOUS
10
391.3994879999999625
20
481.0185369999999807
11
391.7994879999999966
21
480.6185370000000034
0
LINE
8
BLACK
6
CONTINUOUS
10
391.7994879999999966
20
481.0185369999999807
11
391.3994879999999625
21
480.6185370000000034
0
LINE
8
BLACK
6
CONTINUOUS
10
391.5080939999999714
20
482.437027999999998
11
391.9080940000000055
21
482.0370279999999639
0
LINE
8
BLACK
6
CONTINUOUS
10
391.9080940000000055
20
482.437027999999998
11
391.5080939999999714
21
482.0370279999999639
0
LINE
8
BLACK
6
CONTINUOUS
10
392.6742580000000089
20
479.9319889999999873
11
393.0742579999999862
21
479.5319889999999532
0
LINE
8
BLACK
6
CONTINUOUS
10
393.0742579999999862
20
479.9319889999999873
11
392.6742580000000089
21
479.5319889999999532
0
LINE
8
BLACK
6
CONTINUOUS
10
392.7828609999999685
20
481.3504779999999528
11
393.1828610000000026
21
480.9504779999999755
0
LINE
8
BLACK
6
CONTINUOUS
10
393.1828610000000026
20
481.3504779999999528
11
392.7828609999999685
21
480.9504779999999755
0
LINE
8
BLACK
6
CONTINUOUS
10
393.949027000000001
20
478.8454399999999964
11
394.3490269999999782
21
478.4454399999999623
0
LINE
8
BLACK
6
CONTINUOUS
10
394.3490269999999782
20
478.8454399999999964
11
393.949027000000001
21
478.4454399999999623
0
LINE
8
BLACK
6
CONTINUOUS
10
394.057630999999958
20
480.2639289999999619
11
394.4576309999999921
21
479.8639289999999846
0
LINE
8
BLACK
6
CONTINUOUS
10
394.4576309999999921
20
480.2639289999999619
11
394.057630999999958
21
479.8639289999999846
0
LINE
8
BLACK
6
CONTINUOUS
10
395.223795999999993
20
477.7588899999999512
11
395.6237959999999703
21
477.358889999999974
0
LINE
8
BLACK
6
CONTINUOUS
10
395.6237959999999703
20
477.7588899999999512
11
395.223795999999993
21
477.358889999999974
0
LINE
8
BLACK
6
CONTINUOUS
10
395.3324000000000069
20
479.1773809999999685
11
395.7323999999999842
21
478.7773809999999912
0
LINE
8
BLACK
6
CONTINUOUS
10
395.7323999999999842
20
479.1773809999999685
11
395.3324000000000069
21
478.7773809999999912
0
LINE
8
BLACK
6
CONTINUOUS
10
396.4985659999999825
20
476.6723429999999553
11
396.8985659999999598
21
476.272342999999978
0
LINE
8
BLACK
6
CONTINUOUS
10
396.8985659999999598
20
476.6723429999999553
11
396.4985659999999825
21
476.272342999999978
0
LINE
8
BLACK
6
CONTINUOUS
10
396.607168999999999
20
478.0908299999999826
11
397.0071689999999762
21
477.6908300000000054
0
LINE
8
BLACK
6
CONTINUOUS
10
397.0071689999999762
20
478.0908299999999826
11
396.607168999999999
21
477.6908300000000054
0
LINE
8
BLACK
6
CONTINUOUS
10
397.7733329999999796
20
475.5857919999999694
11
398.1733329999999569
21
475.1857919999999922
0
LINE
8
BLACK
6
CONTINUOUS
10
398.1733329999999569
20
475.5857919999999694
11
397.7733329999999796
21
475.1857919999999922
0
LINE
8
BLACK
6
CONTINUOUS
10
397.8819389999999885
20
477.0042829999999867
11
398.2819389999999657
21
476.6042829999999526
0
LINE
8
BLACK
6
CONTINUOUS
10
398.2819389999999657
20
477.0042829999999867
11
397.8819389999999885
21
476.6042829999999526
0
LINE
8
BLACK
6
CONTINUOUS
10
399.0481029999999691
20
474.4992449999999735
11
399.4481030000000032
21
474.0992449999999963
0
LINE
8
BLACK
6
CONTINUOUS
10
399.4481030000000032
20
474.4992449999999735
11
399.0481029999999691
21
474.0992449999999963
0
LINE
8
BLACK
6
CONTINUOUS
10
399.1567069999999831
20
475.9177329999999984
11
399.5567069999999603
21
475.5177329999999642
0
LINE
8
BLACK
6
CONTINUOUS
10
399.5567069999999603
20
475.9177329999999984
11
399.1567069999999831
21
475.5177329999999642
0
LINE
8
BLACK
6
CONTINUOUS
10
400.3228729999999587
20
473.4126949999999852
11
400.7228729999999928
21
473.0126949999999511
0
LINE
8
BLACK
6
CONTINUOUS
10
400.7228729999999928
20
473.4126949999999852
11
400.3228729999999587
21
473.0126949999999511
0
LINE
8
BLACK
6
CONTINUOUS
10
400.4314769999999726
20
474.8311839999999506
11
400.8314770000000067
21
474.4311839999999734
0
LINE
8
BLACK
6
CONTINUOUS
10
400.8314770000000067
20
474.8311839999999506
11
400.4314769999999726
21
474.4311839999999734
0
LINE
8
BLACK
6
CONTINUOUS
10
400.7868750000000091
20
498.2847189999999955
11
401.1868749999999864
21
497.8847189999999614
0
LINE
8
BLACK
6
CONTINUOUS
10
401.1868749999999864
20
498.2847189999999955
11
400.7868750000000091
21
497.8847189999999614
0
LINE
8
BLACK
6
CONTINUOUS
10
401.0857429999999795
20
499.5410369999999602
11
401.4857429999999567
21
499.141036999999983
0
LINE
8
BLACK
6
CONTINUOUS
10
401.4857429999999567
20
499.5410369999999602
11
401.0857429999999795
21
499.141036999999983
0
LINE
8
BLACK
6
CONTINUOUS
10
401.5976410000000101
20
472.3261459999999943
11
401.9976409999999873
21
471.9261459999999602
0
LINE
8
BLACK
6
CONTINUOUS
10
401.9976409999999873
20
472.3261459999999943
11
401.5976410000000101
21
471.9261459999999602
0
LINE
8
BLACK
6
CONTINUOUS
10
401.6811139999999796
20
497.5225119999999492
11
402.0811139999999568
21
497.122511999999972
0
LINE
8
BLACK
6
CONTINUOUS
10
402.0811139999999568
20
497.5225119999999492
11
401.6811139999999796
21
497.122511999999972
0
LINE
8
BLACK
6
CONTINUOUS
10
401.7062459999999646
20
473.7446349999999597
11
402.1062459999999987
21
473.3446349999999825
0
LINE
8
BLACK
6
CONTINUOUS
10
402.1062459999999987
20
473.7446349999999597
11
401.7062459999999646
21
473.3446349999999825
0
LINE
8
BLACK
6
CONTINUOUS
10
401.9799820000000068
20
498.7788299999999708
11
402.3799819999999841
21
498.3788299999999936
0
LINE
8
BLACK
6
CONTINUOUS
10
402.3799819999999841
20
498.7788299999999708
11
401.9799820000000068
21
498.3788299999999936
0
LINE
8
BLACK
6
CONTINUOUS
10
402.5753569999999968
20
496.7603079999999522
11
402.9753569999999741
21
496.360307999999975
0
LINE
8
BLACK
6
CONTINUOUS
10
402.9753569999999741
20
496.7603079999999522
11
402.5753569999999968
21
496.360307999999975
0
LINE
8
BLACK
6
CONTINUOUS
10
402.8724119999999971
20
471.2395980000000009
11
403.2724119999999743
21
470.8395979999999668
0
LINE
8
BLACK
6
CONTINUOUS
10
403.2724119999999743
20
471.2395980000000009
11
402.8724119999999971
21
470.8395979999999668
0
LINE
8
BLACK
6
CONTINUOUS
10
402.8742249999999672
20
498.0166249999999764
11
403.2742250000000013
21
497.6166249999999991
0
LINE
8
BLACK
6
CONTINUOUS
10
403.2742250000000013
20
498.0166249999999764
11
402.8742249999999672
21
497.6166249999999991
0
LINE
8
BLACK
6
CONTINUOUS
10
402.9810149999999567
20
472.6580859999999689
11
403.3810149999999908
21
472.2580859999999916
0
LINE
8
BLACK
6
CONTINUOUS
10
403.3810149999999908
20
472.6580859999999689
11
402.9810149999999567
21
472.2580859999999916
0
LINE
8
BLACK
6
CONTINUOUS
10
403.4695969999999647
20
495.9981009999999628
11
403.8695969999999988
21
495.5981009999999856
0
LINE
8
BLACK
6
CONTINUOUS
10
403.8695969999999988
20
495.9981009999999628
11
403.4695969999999647
21
495.5981009999999856
0
LINE
8
BLACK
6
CONTINUOUS
10
403.768464999999992
20
497.2544189999999844
11
404.1684649999999692
21
496.8544189999999503
0
LINE
8
BLACK
6
CONTINUOUS
10
404.1684649999999692
20
497.2544189999999844
11
403.768464999999992
21
496.8544189999999503
0
LINE
8
BLACK
6
CONTINUOUS
10
404.1471799999999917
20
470.1530479999999557
11
404.5471799999999689
21
469.7530479999999784
0
LINE
8
BLACK
6
CONTINUOUS
10
404.5471799999999689
20
470.1530479999999557
11
404.1471799999999917
21
469.7530479999999784
0
LINE
8
BLACK
6
CONTINUOUS
10
404.2557840000000056
20
471.5715379999999755
11
404.6557839999999828
21
471.1715379999999982
0
LINE
8
BLACK
6
CONTINUOUS
10
404.6557839999999828
20
471.5715379999999755
11
404.2557840000000056
21
471.1715379999999982
0
LINE
8
BLACK
6
CONTINUOUS
10
404.363837999999987
20
495.2358949999999709
11
404.7638379999999643
21
494.8358949999999936
0
LINE
8
BLACK
6
CONTINUOUS
10
404.7638379999999643
20
495.2358949999999709
11
404.363837999999987
21
494.8358949999999936
0
LINE
8
BLACK
6
CONTINUOUS
10
404.6627059999999574
20
496.4922129999999925
11
405.0627059999999915
21
496.0922129999999584
0
LINE
8
BLACK
6
CONTINUOUS
10
405.0627059999999915
20
496.4922129999999925
11
404.6627059999999574
21
496.0922129999999584
0
LINE
8
BLACK
6
CONTINUOUS
10
405.2580800000000067
20
494.4736879999999815
11
405.658079999999984
21
494.0736880000000042
0
LINE
8
BLACK
6
CONTINUOUS
10
405.658079999999984
20
494.4736879999999815
11
405.2580800000000067
21
494.0736880000000042
0
LINE
8
BLACK
6
CONTINUOUS
10
405.4219489999999837
20
469.0664989999999648
11
405.821948999999961
21
468.6664989999999875
0
LINE
8
BLACK
6
CONTINUOUS
10
405.821948999999961
20
469.0664989999999648
11
405.4219489999999837
21
468.6664989999999875
0
LINE
8
BLACK
6
CONTINUOUS
10
405.5305529999999976
20
470.4849879999999871
11
405.9305529999999749
21
470.084987999999953
0
LINE
8
BLACK
6
CONTINUOUS
10
405.9305529999999749
20
470.4849879999999871
11
405.5305529999999976
21
470.084987999999953
0
LINE
8
BLACK
6
CONTINUOUS
10
405.5569469999999797
20
495.7300070000000005
11
405.9569469999999569
21
495.3300069999999664
0
LINE
8
BLACK
6
CONTINUOUS
10
405.9569469999999569
20
495.7300070000000005
11
405.5569469999999797
21
495.3300069999999664
0
LINE
8
BLACK
6
CONTINUOUS
10
406.1523209999999722
20
493.7114819999999895
11
406.5523210000000063
21
493.3114819999999554
0
LINE
8
BLACK
6
CONTINUOUS
10
406.5523210000000063
20
493.7114819999999895
11
406.1523209999999722
21
493.3114819999999554
0
LINE
8
BLACK
6
CONTINUOUS
10
406.4511899999999969
20
494.9677989999999568
11
406.8511899999999741
21
494.5677989999999795
0
LINE
8
BLACK
6
CONTINUOUS
10
406.8511899999999741
20
494.9677989999999568
11
406.4511899999999969
21
494.5677989999999795
0
LINE
8
BLACK
6
CONTINUOUS
10
406.6967189999999732
20
467.9799509999999714
11
407.0967190000000073
21
467.5799509999999941
0
LINE
8
BLACK
6
CONTINUOUS
10
407.0967190000000073
20
467.9799509999999714
11
406.6967189999999732
21
467.5799509999999941
0
LINE
8
BLACK
6
CONTINUOUS
10
406.8053209999999922
20
469.3984399999999937
11
407.2053209999999694
21
468.9984399999999596
0
LINE
8
BLACK
6
CONTINUOUS
10
407.2053209999999694
20
469.3984399999999937
11
406.8053209999999922
21
468.9984399999999596
0
LINE
8
BLACK
6
CONTINUOUS
10
407.0465629999999919
20
492.949276999999995
11
407.4465629999999692
21
492.5492769999999609
0
LINE
8
BLACK
6
CONTINUOUS
10
407.4465629999999692
20
492.949276999999995
11
407.0465629999999919
21
492.5492769999999609
0
LINE
8
BLACK
6
CONTINUOUS
10
407.3454299999999648
20
494.2055939999999623
11
407.7454299999999989
21
493.805593999999985
0
LINE
8
BLACK
6
CONTINUOUS
10
407.7454299999999989
20
494.2055939999999623
11
407.3454299999999648
21
493.805593999999985
0
LINE
8
BLACK
6
CONTINUOUS
10
407.9408029999999599
20
492.1870700000000056
11
408.340802999999994
21
491.7870699999999715
0
LINE
8
BLACK
6
CONTINUOUS
10
408.340802999999994
20
492.1870700000000056
11
407.9408029999999599
21
491.7870699999999715
0
LINE
8
BLACK
6
CONTINUOUS
10
407.9714869999999678
20
466.893400999999983
11
408.3714870000000019
21
466.4934010000000058
0
LINE
8
BLACK
6
CONTINUOUS
10
408.3714870000000019
20
466.893400999999983
11
407.9714869999999678
21
466.4934010000000058
0
LINE
8
BLACK
6
CONTINUOUS
10
408.0800929999999767
20
468.3118910000000028
11
408.4800929999999539
21
467.9118909999999687
0
LINE
8
BLACK
6
CONTINUOUS
10
408.4800929999999539
20
468.3118910000000028
11
408.0800929999999767
21
467.9118909999999687
0
LINE
8
BLACK
6
CONTINUOUS
10
408.2396709999999871
20
493.4433879999999704
11
408.6396709999999644
21
493.0433879999999931
0
LINE
8
BLACK
6
CONTINUOUS
10
408.6396709999999644
20
493.4433879999999704
11
408.2396709999999871
21
493.0433879999999931
0
LINE
8
BLACK
6
CONTINUOUS
10
408.8350449999999796
20
491.4248649999999543
11
409.2350449999999569
21
491.024864999999977
0
LINE
8
BLACK
6
CONTINUOUS
10
409.2350449999999569
20
491.4248649999999543
11
408.8350449999999796
21
491.024864999999977
0
LINE
8
BLACK
6
CONTINUOUS
10
409.1339130000000068
20
492.6811829999999759
11
409.5339129999999841
21
492.2811829999999986
0
LINE
8
BLACK
6
CONTINUOUS
10
409.5339129999999841
20
492.6811829999999759
11
409.1339130000000068
21
492.2811829999999986
0
LINE
8
BLACK
6
CONTINUOUS
10
409.2462569999999573
20
465.8068529999999896
11
409.6462569999999914
21
465.4068529999999555
0
LINE
8
BLACK
6
CONTINUOUS
10
409.6462569999999914
20
465.8068529999999896
11
409.2462569999999573
21
465.4068529999999555
0
LINE
8
BLACK
6
CONTINUOUS
10
409.3548599999999738
20
467.2253419999999551
11
409.7548600000000079
21
466.8253419999999778
0
LINE
8
BLACK
6
CONTINUOUS
10
409.7548600000000079
20
467.2253419999999551
11
409.3548599999999738
21
466.8253419999999778
0
LINE
8
BLACK
6
CONTINUOUS
10
409.7292840000000069
20
490.6626589999999624
11
410.1292839999999842
21
490.2626589999999851
0
LINE
8
BLACK
6
CONTINUOUS
10
410.1292839999999842
20
490.6626589999999624
11
409.7292840000000069
21
490.2626589999999851
0
LINE
8
BLACK
6
CONTINUOUS
10
410.0281529999999748
20
491.9189759999999865
11
410.4281530000000089
21
491.5189759999999524
0
LINE
8
BLACK
6
CONTINUOUS
10
410.4281530000000089
20
491.9189759999999865
11
410.0281529999999748
21
491.5189759999999524
0
LINE
8
BLACK
6
CONTINUOUS
10
410.5210250000000087
20
464.7203039999999987
11
410.921024999999986
21
464.3203039999999646
0
LINE
8
BLACK
6
CONTINUOUS
10
410.921024999999986
20
464.7203039999999987
11
410.5210250000000087
21
464.3203039999999646
0
LINE
8
BLACK
6
CONTINUOUS
10
410.6235259999999698
20
489.9004539999999679
11
411.0235260000000039
21
489.5004539999999906
0
LINE
8
BLACK
6
CONTINUOUS
10
411.0235260000000039
20
489.9004539999999679
11
410.6235259999999698
21
489.5004539999999906
0
LINE
8
BLACK
6
CONTINUOUS
10
410.6296299999999633
20
466.1387929999999642
11
411.0296299999999974
21
465.7387929999999869
0
LINE
8
BLACK
6
CONTINUOUS
10
411.0296299999999974
20
466.1387929999999642
11
410.6296299999999633
21
465.7387929999999869
0
LINE
8
BLACK
6
CONTINUOUS
10
410.922393999999997
20
491.1567719999999895
11
411.3223939999999743
21
490.7567719999999554
0
LINE
8
BLACK
6
CONTINUOUS
10
411.3223939999999743
20
491.1567719999999895
11
410.922393999999997
21
490.7567719999999554
0
LINE
8
BLACK
6
CONTINUOUS
10
411.5177659999999946
20
489.1382469999999785
11
411.9177659999999719
21
488.7382470000000012
0
LINE
8
BLACK
6
CONTINUOUS
10
411.9177659999999719
20
489.1382469999999785
11
411.5177659999999946
21
488.7382470000000012
0
LINE
8
BLACK
6
CONTINUOUS
10
411.7957949999999983
20
463.633752999999956
11
412.1957949999999755
21
463.2337529999999788
0
LINE
8
BLACK
6
CONTINUOUS
10
412.1957949999999755
20
463.633752999999956
11
411.7957949999999983
21
463.2337529999999788
0
LINE
8
BLACK
6
CONTINUOUS
10
411.8166349999999625
20
490.3945650000000001
11
412.2166349999999966
21
489.9945649999999659
0
LINE
8
BLACK
6
CONTINUOUS
10
412.2166349999999966
20
490.3945650000000001
11
411.8166349999999625
21
489.9945649999999659
0
LINE
8
BLACK
6
CONTINUOUS
10
411.9043989999999553
20
465.0522429999999758
11
412.3043989999999894
21
464.6522429999999986
0
LINE
8
BLACK
6
CONTINUOUS
10
412.3043989999999894
20
465.0522429999999758
11
411.9043989999999553
21
464.6522429999999986
0
LINE
8
BLACK
6
CONTINUOUS
10
412.4120079999999575
20
488.376041999999984
11
412.8120079999999916
21
487.9760419999999499
0
LINE
8
BLACK
6
CONTINUOUS
10
412.8120079999999916
20
488.376041999999984
11
412.4120079999999575
21
487.9760419999999499
0
LINE
8
BLACK
6
CONTINUOUS
10
412.7108759999999847
20
489.6323600000000056
11
413.110875999999962
21
489.2323599999999715
0
LINE
8
BLACK
6
CONTINUOUS
10
413.110875999999962
20
489.6323600000000056
11
412.7108759999999847
21
489.2323599999999715
0
LINE
8
BLACK
6
CONTINUOUS
10
413.0705649999999878
20
462.5472069999999576
11
413.470564999999965
21
462.1472069999999803
0
LINE
8
BLACK
6
CONTINUOUS
10
413.470564999999965
20
462.5472069999999576
11
413.0705649999999878
21
462.1472069999999803
0
LINE
8
BLACK
6
CONTINUOUS
10
413.1791680000000042
20
463.965693999999985
11
413.5791679999999815
21
463.5656939999999508
0
LINE
8
BLACK
6
CONTINUOUS
10
413.5791679999999815
20
463.965693999999985
11
413.1791680000000042
21
463.5656939999999508
0
LINE
8
BLACK
6
CONTINUOUS
10
413.3062489999999798
20
487.6138349999999946
11
413.7062489999999571
21
487.2138349999999605
0
LINE
8
BLACK
6
CONTINUOUS
10
413.7062489999999571
20
487.6138349999999946
11
413.3062489999999798
21
487.2138349999999605
0
LINE
8
BLACK
6
CONTINUOUS
10
413.6051160000000095
20
488.8701519999999618
11
414.0051159999999868
21
488.4701519999999846
0
LINE
8
BLACK
6
CONTINUOUS
10
414.0051159999999868
20
488.8701519999999618
11
413.6051160000000095
21
488.4701519999999846
0
LINE
8
BLACK
6
CONTINUOUS
10
414.200491999999997
20
486.8516290000000026
11
414.6004919999999743
21
486.4516289999999685
0
LINE
8
BLACK
6
CONTINUOUS
10
414.6004919999999743
20
486.8516290000000026
11
414.200491999999997
21
486.4516289999999685
0
LINE
8
BLACK
6
CONTINUOUS
10
414.3453329999999823
20
461.4606559999999718
11
414.7453329999999596
21
461.0606559999999945
0
LINE
8
BLACK
6
CONTINUOUS
10
414.7453329999999596
20
461.4606559999999718
11
414.3453329999999823
21
461.0606559999999945
0
LINE
8
BLACK
6
CONTINUOUS
10
414.4539379999999937
20
462.879146999999989
11
414.853937999999971
21
462.4791469999999549
0
LINE
8
BLACK
6
CONTINUOUS
10
414.853937999999971
20
462.879146999999989
11
414.4539379999999937
21
462.4791469999999549
0
LINE
8
BLACK
6
CONTINUOUS
10
414.4993589999999699
20
488.1079469999999674
11
414.899359000000004
21
487.7079469999999901
0
LINE
8
BLACK
6
CONTINUOUS
10
414.899359000000004
20
488.1079469999999674
11
414.4993589999999699
21
487.7079469999999901
0
LINE
8
BLACK
6
CONTINUOUS
10
415.0947309999999675
20
486.0894219999999564
11
415.4947310000000016
21
485.6894219999999791
0
LINE
8
BLACK
6
CONTINUOUS
10
415.4947310000000016
20
486.0894219999999564
11
415.0947309999999675
21
485.6894219999999791
0
LINE
8
BLACK
6
CONTINUOUS
10
415.3935989999999947
20
487.345739999999978
11
415.793598999999972
21
486.9457400000000007
0
LINE
8
BLACK
6
CONTINUOUS
10
415.793598999999972
20
487.345739999999978
11
415.3935989999999947
21
486.9457400000000007
0
LINE
8
BLACK
6
CONTINUOUS
10
415.6201019999999744
20
460.3741089999999758
11
416.0201020000000085
21
459.9741089999999986
0
LINE
8
BLACK
6
CONTINUOUS
10
416.0201020000000085
20
460.3741089999999758
11
415.6201019999999744
21
459.9741089999999986
0
LINE
8
BLACK
6
CONTINUOUS
10
415.7287059999999883
20
461.7925960000000032
11
416.1287059999999656
21
461.3925959999999691
0
LINE
8
BLACK
6
CONTINUOUS
10
416.1287059999999656
20
461.7925960000000032
11
415.7287059999999883
21
461.3925959999999691
0
LINE
8
BLACK
6
CONTINUOUS
10
415.9889719999999897
20
485.3272169999999619
11
416.388971999999967
21
484.9272169999999846
0
LINE
8
BLACK
6
CONTINUOUS
10
416.388971999999967
20
485.3272169999999619
11
415.9889719999999897
21
484.9272169999999846
0
LINE
8
BLACK
6
CONTINUOUS
10
416.2878409999999576
20
486.5835349999999835
11
416.6878409999999917
21
486.1835350000000062
0
LINE
8
BLACK
6
CONTINUOUS
10
416.6878409999999917
20
486.5835349999999835
11
416.2878409999999576
21
486.1835350000000062
0
LINE
8
BLACK
6
CONTINUOUS
10
416.8832129999999552
20
484.56501099999997
11
417.2832129999999893
21
484.1650109999999927
0
LINE
8
BLACK
6
CONTINUOUS
10
417.2832129999999893
20
484.56501099999997
11
416.8832129999999552
21
484.1650109999999927
0
LINE
8
BLACK
6
CONTINUOUS
10
416.8948719999999639
20
459.2875589999999875
11
417.294871999999998
21
458.8875589999999534
0
LINE
8
BLACK
6
CONTINUOUS
10
417.294871999999998
20
459.2875589999999875
11
416.8948719999999639
21
458.8875589999999534
0
LINE
8
BLACK
6
CONTINUOUS
10
417.0034759999999778
20
460.7060479999999529
11
417.4034759999999551
21
460.3060479999999757
0
LINE
8
BLACK
6
CONTINUOUS
10
417.4034759999999551
20
460.7060479999999529
11
417.0034759999999778
21
460.3060479999999757
0
LINE
8
BLACK
6
CONTINUOUS
10
417.1820809999999824
20
485.8213279999999941
11
417.5820809999999597
21
485.42132799999996
0
LINE
8
BLACK
6
CONTINUOUS
10
417.5820809999999597
20
485.8213279999999941
11
417.1820809999999824
21
485.42132799999996
0
LINE
8
BLACK
6
CONTINUOUS
10
417.7774539999999774
20
483.802804999999978
11
418.1774539999999547
21
483.4028050000000007
0
LINE
8
BLACK
6
CONTINUOUS
10
418.1774539999999547
20
483.802804999999978
11
417.7774539999999774
21
483.4028050000000007
0
LINE
8
BLACK
6
CONTINUOUS
10
418.0763230000000021
20
485.0591220000000021
11
418.4763229999999794
21
484.659121999999968
0
LINE
8
BLACK
6
CONTINUOUS
10
418.4763229999999794
20
485.0591220000000021
11
418.0763230000000021
21
484.659121999999968
0
LINE
8
BLACK
6
CONTINUOUS
10
418.1696399999999585
20
458.2010099999999966
11
418.5696399999999926
21
457.8010099999999625
0
LINE
8
BLACK
6
CONTINUOUS
10
418.5696399999999926
20
458.2010099999999966
11
418.1696399999999585
21
457.8010099999999625
0
LINE
8
BLACK
6
CONTINUOUS
10
418.2782449999999699
20
459.6194989999999621
11
418.678245000000004
21
459.2194989999999848
0
LINE
8
BLACK
6
CONTINUOUS
10
418.678245000000004
20
459.6194989999999621
11
418.2782449999999699
21
459.2194989999999848
0
LINE
8
BLACK
6
CONTINUOUS
10
418.6716949999999997
20
483.0405999999999835
11
419.071694999999977
21
482.6406000000000063
0
LINE
8
BLACK
6
CONTINUOUS
10
419.071694999999977
20
483.0405999999999835
11
418.6716949999999997
21
482.6406000000000063
0
LINE
8
BLACK
6
CONTINUOUS
10
418.9705629999999701
20
484.2969169999999508
11
419.3705630000000042
21
483.8969169999999735
0
LINE
8
BLACK
6
CONTINUOUS
10
419.3705630000000042
20
484.2969169999999508
11
418.9705629999999701
21
483.8969169999999735
0
LINE
8
BLACK
6
CONTINUOUS
10
419.4444110000000023
20
457.1144620000000032
11
419.8444109999999796
21
456.7144619999999691
0
LINE
8
BLACK
6
CONTINUOUS
10
419.8444109999999796
20
457.1144620000000032
11
419.4444110000000023
21
456.7144619999999691
0
LINE
8
BLACK
6
CONTINUOUS
10
419.5530139999999619
20
458.5329489999999737
11
419.953013999999996
21
458.1329489999999964
0
LINE
8
BLACK
6
CONTINUOUS
10
419.953013999999996
20
458.5329489999999737
11
419.5530139999999619
21
458.1329489999999964
0
LINE
8
BLACK
6
CONTINUOUS
10
419.5659359999999651
20
482.2783929999999941
11
419.9659359999999992
21
481.87839299999996
0
LINE
8
BLACK
6
CONTINUOUS
10
419.9659359999999992
20
482.2783929999999941
11
419.5659359999999651
21
481.87839299999996
0
LINE
8
BLACK
6
CONTINUOUS
10
419.8648039999999924
20
483.5347109999999589
11
420.2648039999999696
21
483.1347109999999816
0
LINE
8
BLACK
6
CONTINUOUS
10
420.2648039999999696
20
483.5347109999999589
11
419.8648039999999924
21
483.1347109999999816
0
LINE
8
BLACK
6
CONTINUOUS
10
420.4601779999999849
20
481.5161879999999996
11
420.8601779999999621
21
481.1161879999999655
0
LINE
8
BLACK
6
CONTINUOUS
10
420.8601779999999621
20
481.5161879999999996
11
420.4601779999999849
21
481.1161879999999655
0
LINE
8
BLACK
6
CONTINUOUS
10
420.7191789999999969
20
456.0279109999999605
11
421.1191789999999742
21
455.6279109999999832
0
LINE
8
BLACK
6
CONTINUOUS
10
421.1191789999999742
20
456.0279109999999605
11
420.7191789999999969
21
455.6279109999999832
0
LINE
8
BLACK
6
CONTINUOUS
10
420.7590459999999553
20
482.7725059999999644
11
421.1590459999999894
21
482.3725059999999871
0
LINE
8
BLACK
6
CONTINUOUS
10
421.1590459999999894
20
482.7725059999999644
11
420.7590459999999553
21
482.3725059999999871
0
LINE
8
BLACK
6
CONTINUOUS
10
420.8277840000000083
20
457.4464019999999778
11
421.2277839999999856
21
457.0464020000000005
0
LINE
8
BLACK
6
CONTINUOUS
10
421.2277839999999856
20
457.4464019999999778
11
420.8277840000000083
21
457.0464020000000005
0
LINE
8
BLACK
6
CONTINUOUS
10
421.3544190000000071
20
480.7539809999999534
11
421.7544189999999844
21
480.3539809999999761
0
LINE
8
BLACK
6
CONTINUOUS
10
421.7544189999999844
20
480.7539809999999534
11
421.3544190000000071
21
480.3539809999999761
0
LINE
8
BLACK
6
CONTINUOUS
10
421.65328599999998
20
482.010298999999975
11
422.0532859999999573
21
481.6102989999999977
0
LINE
8
BLACK
6
CONTINUOUS
10
422.0532859999999573
20
482.010298999999975
11
421.65328599999998
21
481.6102989999999977
0
LINE
8
BLACK
6
CONTINUOUS
10
421.993947999999989
20
454.9413629999999671
11
422.3939479999999662
21
454.5413629999999898
0
LINE
8
BLACK
6
CONTINUOUS
10
422.3939479999999662
20
454.9413629999999671
11
421.993947999999989
21
454.5413629999999898
0
LINE
8
BLACK
6
CONTINUOUS
10
422.1025530000000003
20
456.3598519999999894
11
422.5025529999999776
21
455.9598519999999553
0
LINE
8
BLACK
6
CONTINUOUS
10
422.5025529999999776
20
456.3598519999999894
11
422.1025530000000003
21
455.9598519999999553
0
LINE
8
BLACK
6
CONTINUOUS
10
422.24866099999997
20
479.9917749999999614
11
422.6486610000000042
21
479.5917749999999842
0
LINE
8
BLACK
6
CONTINUOUS
10
422.6486610000000042
20
479.9917749999999614
11
422.24866099999997
21
479.5917749999999842
0
LINE
8
BLACK
6
CONTINUOUS
10
422.5475289999999973
20
481.248092999999983
11
422.9475289999999745
21
480.8480930000000058
0
LINE
8
BLACK
6
CONTINUOUS
10
422.9475289999999745
20
481.248092999999983
11
422.5475289999999973
21
480.8480930000000058
0
LINE
8
BLACK
6
CONTINUOUS
10
423.1429009999999948
20
479.2295689999999695
11
423.5429009999999721
21
478.8295689999999922
0
LINE
8
BLACK
6
CONTINUOUS
10
423.5429009999999721
20
479.2295689999999695
11
423.1429009999999948
21
478.8295689999999922
0
LINE
8
BLACK
6
CONTINUOUS
10
423.4417689999999652
20
480.4858869999999911
11
423.8417689999999993
21
480.085886999999957
0
LINE
8
BLACK
6
CONTINUOUS
10
423.8417689999999993
20
480.4858869999999911
11
423.4417689999999652
21
480.085886999999957
0
LINE
8
BLACK
6
CONTINUOUS
10
424.0371419999999603
20
478.467363999999975
11
424.4371419999999944
21
478.0673639999999978
0
LINE
8
BLACK
6
CONTINUOUS
10
424.4371419999999944
20
478.467363999999975
11
424.0371419999999603
21
478.0673639999999978
0
LINE
8
BLACK
6
CONTINUOUS
10
424.336010999999985
20
479.7236809999999991
11
424.7360109999999622
21
479.323680999999965
0
LINE
8
BLACK
6
CONTINUOUS
10
424.7360109999999622
20
479.7236809999999991
11
424.336010999999985
21
479.323680999999965
0
LINE
8
BLACK
6
CONTINUOUS
10
424.9313809999999876
20
477.7051569999999856
11
425.3313809999999648
21
477.3051569999999515
0
LINE
8
BLACK
6
CONTINUOUS
10
425.3313809999999648
20
477.7051569999999856
11
424.9313809999999876
21
477.3051569999999515
0
LINE
8
BLACK
6
CONTINUOUS
10
425.2302509999999529
20
478.9614749999999503
11
425.630250999999987
21
478.5614749999999731
0
LINE
8
BLACK
6
CONTINUOUS
10
425.630250999999987
20
478.9614749999999503
11
425.2302509999999529
21
478.5614749999999731
0
LINE
8
BLACK
6
CONTINUOUS
10
425.8256250000000023
20
476.9429519999999911
11
426.2256249999999795
21
476.542951999999957
0
LINE
8
BLACK
6
CONTINUOUS
10
426.2256249999999795
20
476.9429519999999911
11
425.8256250000000023
21
476.542951999999957
0
LINE
8
BLACK
6
CONTINUOUS
10
426.1244929999999727
20
478.1992689999999584
11
426.5244930000000068
21
477.7992689999999811
0
LINE
8
BLACK
6
CONTINUOUS
10
426.5244930000000068
20
478.1992689999999584
11
426.1244929999999727
21
477.7992689999999811
0
LINE
8
BLACK
6
CONTINUOUS
10
426.7198639999999727
20
476.1807450000000017
11
427.1198640000000069
21
475.7807449999999676
0
LINE
8
BLACK
6
CONTINUOUS
10
427.1198640000000069
20
476.1807450000000017
11
426.7198639999999727
21
475.7807449999999676
0
LINE
8
BLACK
6
CONTINUOUS
10
427.018732
20
477.4370629999999665
11
427.4187319999999772
21
477.0370629999999892
0
LINE
8
BLACK
6
CONTINUOUS
10
427.4187319999999772
20
477.4370629999999665
11
427.018732
21
477.0370629999999892
0
LINE
8
BLACK
6
CONTINUOUS
10
427.6141059999999925
20
475.4185399999999504
11
428.0141059999999698
21
475.0185399999999731
0
LINE
8
BLACK
6
CONTINUOUS
10
428.0141059999999698
20
475.4185399999999504
11
427.6141059999999925
21
475.0185399999999731
0
LINE
8
BLACK
6
CONTINUOUS
10
427.9129739999999629
20
476.674857999999972
11
428.312973999999997
21
476.2748579999999947
0
LINE
8
BLACK
6
CONTINUOUS
10
428.312973999999997
20
476.674857999999972
11
427.9129739999999629
21
476.2748579999999947
0
LINE
8
BLACK
6
CONTINUOUS
10
428.3082599999999616
20
448.9538969999999836
11
428.7082599999999957
21
448.5538970000000063
0
LINE
8
BLACK
6
CONTINUOUS
10
428.7082599999999957
20
448.9538969999999836
11
428.3082599999999616
21
448.5538970000000063
0
LINE
8
BLACK
6
CONTINUOUS
10
428.5083459999999604
20
474.6563339999999585
11
428.9083459999999945
21
474.2563339999999812
0
LINE
8
BLACK
6
CONTINUOUS
10
428.9083459999999945
20
474.6563339999999585
11
428.5083459999999604
21
474.2563339999999812
0
LINE
8
BLACK
6
CONTINUOUS
10
428.5545730000000049
20
450.3550510000000031
11
428.9545729999999821
21
449.955050999999969
0
LINE
8
BLACK
6
CONTINUOUS
10
428.9545729999999821
20
450.3550510000000031
11
428.5545730000000049
21
449.955050999999969
0
LINE
8
BLACK
6
CONTINUOUS
10
428.8072139999999877
20
475.9126509999999826
11
429.2072139999999649
21
475.5126510000000053
0
LINE
8
BLACK
6
CONTINUOUS
10
429.2072139999999649
20
475.9126509999999826
11
428.8072139999999877
21
475.5126510000000053
0
LINE
8
BLACK
6
CONTINUOUS
10
429.4710839999999621
20
447.748297999999977
11
429.8710839999999962
21
447.3482979999999998
0
LINE
8
BLACK
6
CONTINUOUS
10
429.8710839999999962
20
447.748297999999977
11
429.4710839999999621
21
447.3482979999999998
0
LINE
8
BLACK
6
CONTINUOUS
10
429.7173970000000054
20
449.1494529999999941
11
430.1173969999999827
21
448.74945299999996
0
LINE
8
BLACK
6
CONTINUOUS
10
430.1173969999999827
20
449.1494529999999941
11
429.7173970000000054
21
448.74945299999996
0
LINE
8
BLACK
6
CONTINUOUS
10
430.6339049999999702
20
446.542699999999968
11
431.0339050000000043
21
446.1426999999999907
0
LINE
8
BLACK
6
CONTINUOUS
10
431.0339050000000043
20
446.542699999999968
11
430.6339049999999702
21
446.1426999999999907
0
LINE
8
BLACK
6
CONTINUOUS
10
430.8802200000000084
20
447.943854999999985
11
431.2802199999999857
21
447.5438550000000077
0
LINE
8
BLACK
6
CONTINUOUS
10
431.2802199999999857
20
447.943854999999985
11
430.8802200000000084
21
447.5438550000000077
0
LINE
8
BLACK
6
CONTINUOUS
10
431.7967289999999707
20
445.3371009999999615
11
432.1967290000000048
21
444.9371009999999842
0
LINE
8
BLACK
6
CONTINUOUS
10
432.1967290000000048
20
445.3371009999999615
11
431.7967289999999707
21
444.9371009999999842
0
LINE
8
BLACK
6
CONTINUOUS
10
432.0430409999999597
20
446.738254999999981
11
432.4430409999999938
21
446.3382550000000037
0
LINE
8
BLACK
6
CONTINUOUS
10
432.4430409999999938
20
446.738254999999981
11
432.0430409999999597
21
446.3382550000000037
0
LINE
8
BLACK
6
CONTINUOUS
10
432.9595509999999763
20
444.1315019999999549
11
433.3595509999999535
21
443.7315019999999777
0
LINE
8
BLACK
6
CONTINUOUS
10
433.3595509999999535
20
444.1315019999999549
11
432.9595509999999763
21
443.7315019999999777
0
LINE
8
BLACK
6
CONTINUOUS
10
433.2058649999999602
20
445.5326579999999694
11
433.6058649999999943
21
445.1326579999999922
0
LINE
8
BLACK
6
CONTINUOUS
10
433.6058649999999943
20
445.5326579999999694
11
433.2058649999999602
21
445.1326579999999922
0
LINE
8
BLACK
6
CONTINUOUS
10
434.1223739999999793
20
442.9259030000000052
11
434.5223739999999566
21
442.5259029999999711
0
LINE
8
BLACK
6
CONTINUOUS
10
434.5223739999999566
20
442.9259030000000052
11
434.1223739999999793
21
442.5259029999999711
0
LINE
8
BLACK
6
CONTINUOUS
10
434.3686869999999658
20
444.3270579999999654
11
434.7686869999999999
21
443.9270579999999882
0
LINE
8
BLACK
6
CONTINUOUS
10
434.7686869999999999
20
444.3270579999999654
11
434.3686869999999658
21
443.9270579999999882
0
LINE
8
BLACK
6
CONTINUOUS
10
435.2851979999999799
20
441.7203059999999937
11
435.6851979999999571
21
441.3203059999999596
0
LINE
8
BLACK
6
CONTINUOUS
10
435.6851979999999571
20
441.7203059999999937
11
435.2851979999999799
21
441.3203059999999596
0
LINE
8
BLACK
6
CONTINUOUS
10
435.5315089999999714
20
443.1214599999999564
11
435.9315090000000055
21
442.7214599999999791
0
LINE
8
BLACK
6
CONTINUOUS
10
435.9315090000000055
20
443.1214599999999564
11
435.5315089999999714
21
442.7214599999999791
0
LINE
8
BLACK
6
CONTINUOUS
10
436.4480199999999854
20
440.5147059999999897
11
436.8480199999999627
21
440.1147059999999556
0
LINE
8
BLACK
6
CONTINUOUS
10
436.8480199999999627
20
440.5147059999999897
11
436.4480199999999854
21
440.1147059999999556
0
LINE
8
BLACK
6
CONTINUOUS
10
436.6943339999999694
20
441.9158620000000042
11
437.0943340000000035
21
441.5158619999999701
0
LINE
8
BLACK
6
CONTINUOUS
10
437.0943340000000035
20
441.9158620000000042
11
436.6943339999999694
21
441.5158619999999701
0
LINE
8
BLACK
6
CONTINUOUS
10
437.6108429999999885
20
439.3091079999999806
11
438.0108429999999657
21
438.9091080000000034
0
LINE
8
BLACK
6
CONTINUOUS
10
438.0108429999999657
20
439.3091079999999806
11
437.6108429999999885
21
438.9091080000000034
0
LINE
8
BLACK
6
CONTINUOUS
10
437.8571549999999775
20
440.7102629999999976
11
438.2571549999999547
21
440.3102629999999635
0
LINE
8
BLACK
6
CONTINUOUS
10
438.2571549999999547
20
440.7102629999999976
11
437.8571549999999775
21
440.3102629999999635
0
LINE
8
BLACK
6
CONTINUOUS
10
438.7736659999999915
20
438.1035089999999741
11
439.1736659999999688
21
437.7035089999999968
0
LINE
8
BLACK
6
CONTINUOUS
10
439.1736659999999688
20
438.1035089999999741
11
438.7736659999999915
21
437.7035089999999968
0
LINE
8
BLACK
6
CONTINUOUS
10
439.019978999999978
20
439.5046639999999911
11
439.4199789999999552
21
439.104663999999957
0
LINE
8
BLACK
6
CONTINUOUS
10
439.4199789999999552
20
439.5046639999999911
11
439.019978999999978
21
439.104663999999957
0
LINE
8
BLACK
6
CONTINUOUS
10
439.9364889999999946
20
436.8979089999999701
11
440.3364889999999718
21
436.4979089999999928
0
LINE
8
BLACK
6
CONTINUOUS
10
440.3364889999999718
20
436.8979089999999701
11
439.9364889999999946
21
436.4979089999999928
0
LINE
8
BLACK
6
CONTINUOUS
10
440.1828009999999836
20
438.2990659999999821
11
440.5828009999999608
21
437.8990660000000048
0
LINE
8
BLACK
6
CONTINUOUS
10
440.5828009999999608
20
438.2990659999999821
11
440.1828009999999836
21
437.8990660000000048
0
LINE
8
BLACK
6
CONTINUOUS
10
441.0993129999999951
20
435.692312999999956
11
441.4993129999999724
21
435.2923129999999787
0
LINE
8
BLACK
6
CONTINUOUS
10
441.4993129999999724
20
435.692312999999956
11
441.0993129999999951
21
435.2923129999999787
0
LINE
8
BLACK
6
CONTINUOUS
10
441.3456239999999866
20
437.0934659999999781
11
441.7456239999999639
21
436.6934660000000008
0
LINE
8
BLACK
6
CONTINUOUS
10
441.7456239999999639
20
437.0934659999999781
11
441.3456239999999866
21
436.6934660000000008
0
LINE
8
BLACK
6
CONTINUOUS
10
442.2621330000000057
20
434.4867119999999545
11
442.662132999999983
21
434.0867119999999773
0
LINE
8
BLACK
6
CONTINUOUS
10
442.662132999999983
20
434.4867119999999545
11
442.2621330000000057
21
434.0867119999999773
0
LINE
8
BLACK
6
CONTINUOUS
10
442.5084479999999871
20
435.8878689999999665
11
442.9084479999999644
21
435.4878689999999892
0
LINE
8
BLACK
6
CONTINUOUS
10
442.9084479999999644
20
435.8878689999999665
11
442.5084479999999871
21
435.4878689999999892
0
LINE
8
BLACK
6
CONTINUOUS
10
443.4249570000000062
20
433.2811149999999998
11
443.8249569999999835
21
432.8811149999999657
0
LINE
8
BLACK
6
CONTINUOUS
10
443.8249569999999835
20
433.2811149999999998
11
443.4249570000000062
21
432.8811149999999657
0
LINE
8
BLACK
6
CONTINUOUS
10
443.6712699999999927
20
434.6822689999999625
11
444.07126999999997
21
434.2822689999999852
0
LINE
8
BLACK
6
CONTINUOUS
10
444.07126999999997
20
434.6822689999999625
11
443.6712699999999927
21
434.2822689999999852
0
LINE
8
BLACK
6
CONTINUOUS
10
444.5877799999999525
20
432.0755159999999933
11
444.9877799999999866
21
431.6755159999999591
0
LINE
8
BLACK
6
CONTINUOUS
10
444.9877799999999866
20
432.0755159999999933
11
444.5877799999999525
21
431.6755159999999591
0
LINE
8
BLACK
6
CONTINUOUS
10
444.8340929999999958
20
433.4766709999999534
11
445.234092999999973
21
433.0766709999999762
0
LINE
8
BLACK
6
CONTINUOUS
10
445.234092999999973
20
433.4766709999999534
11
444.8340929999999958
21
433.0766709999999762
0
LINE
8
BLACK
6
CONTINUOUS
10
445.750601999999958
20
430.8699169999999867
11
446.1506019999999921
21
430.4699169999999526
0
LINE
8
BLACK
6
CONTINUOUS
10
446.1506019999999921
20
430.8699169999999867
11
445.750601999999958
21
430.4699169999999526
0
LINE
8
BLACK
6
CONTINUOUS
10
445.9969159999999988
20
432.2710730000000012
11
446.3969159999999761
21
431.8710729999999671
0
LINE
8
BLACK
6
CONTINUOUS
10
446.3969159999999761
20
432.2710730000000012
11
445.9969159999999988
21
431.8710729999999671
0
LINE
8
BLACK
6
CONTINUOUS
10
446.913426999999956
20
429.6643189999999777
11
447.3134269999999901
21
429.2643190000000004
0
LINE
8
BLACK
6
CONTINUOUS
10
447.3134269999999901
20
429.6643189999999777
11
446.913426999999956
21
429.2643190000000004
0
LINE
8
BLACK
6
CONTINUOUS
10
447.1597380000000044
20
431.0654729999999972
11
447.5597379999999816
21
430.6654729999999631
0
LINE
8
BLACK
6
CONTINUOUS
10
447.5597379999999816
20
431.0654729999999972
11
447.1597380000000044
21
430.6654729999999631
0
LINE
8
BLACK
6
CONTINUOUS
10
447.4732459999999605
20
456.7839549999999917
11
447.8732459999999946
21
456.3839549999999576
0
LINE
8
BLACK
6
CONTINUOUS
10
447.8732459999999946
20
456.7839549999999917
11
447.4732459999999605
21
456.3839549999999576
0
LINE
8
BLACK
6
CONTINUOUS
10
447.8931139999999687
20
458.0051699999999641
11
448.2931140000000028
21
457.6051699999999869
0
LINE
8
BLACK
6
CONTINUOUS
10
448.2931140000000028
20
458.0051699999999641
11
447.8931139999999687
21
457.6051699999999869
0
LINE
8
BLACK
6
CONTINUOUS
10
448.0762489999999616
20
428.4587199999999712
11
448.4762489999999957
21
428.0587199999999939
0
LINE
8
BLACK
6
CONTINUOUS
10
448.4762489999999957
20
428.4587199999999712
11
448.0762489999999616
21
428.0587199999999939
0
LINE
8
BLACK
6
CONTINUOUS
10
448.2889549999999872
20
455.9382359999999608
11
448.6889549999999645
21
455.5382359999999835
0
LINE
8
BLACK
6
CONTINUOUS
10
448.6889549999999645
20
455.9382359999999608
11
448.2889549999999872
21
455.5382359999999835
0
LINE
8
BLACK
6
CONTINUOUS
10
448.3225620000000049
20
429.8598749999999882
11
448.7225619999999822
21
429.4598749999999541
0
LINE
8
BLACK
6
CONTINUOUS
10
448.7225619999999822
20
429.8598749999999882
11
448.3225620000000049
21
429.4598749999999541
0
LINE
8
BLACK
6
CONTINUOUS
10
448.7088239999999928
20
457.15945099999999
11
449.1088239999999701
21
456.7594509999999559
0
LINE
8
BLACK
6
CONTINUOUS
10
449.1088239999999701
20
457.15945099999999
11
448.7088239999999928
21
456.7594509999999559
0
LINE
8
BLACK
6
CONTINUOUS
10
449.1046680000000038
20
455.0925189999999816
11
449.504667999999981
21
454.6925190000000043
0
LINE
8
BLACK
6
CONTINUOUS
10
449.504667999999981
20
455.0925189999999816
11
449.1046680000000038
21
454.6925190000000043
0
LINE
8
BLACK
6
CONTINUOUS
10
449.2390709999999672
20
427.2531209999999646
11
449.6390710000000013
21
426.8531209999999874
0
LINE
8
BLACK
6
CONTINUOUS
10
449.6390710000000013
20
427.2531209999999646
11
449.2390709999999672
21
426.8531209999999874
0
LINE
8
BLACK
6
CONTINUOUS
10
449.4853839999999536
20
428.6542759999999817
11
449.8853839999999877
21
428.2542760000000044
0
LINE
8
BLACK
6
CONTINUOUS
10
449.8853839999999877
20
428.6542759999999817
11
449.4853839999999536
21
428.2542760000000044
0
LINE
8
BLACK
6
CONTINUOUS
10
449.5245369999999525
20
456.313733999999954
11
449.9245369999999866
21
455.9137339999999767
0
LINE
8
BLACK
6
CONTINUOUS
10
449.9245369999999866
20
456.313733999999954
11
449.5245369999999525
21
455.9137339999999767
0
LINE
8
BLACK
6
CONTINUOUS
10
449.9203789999999685
20
454.2468000000000075
11
450.3203790000000026
21
453.8467999999999734
0
LINE
8
BLACK
6
CONTINUOUS
10
450.3203790000000026
20
454.2468000000000075
11
449.9203789999999685
21
453.8467999999999734
0
LINE
8
BLACK
6
CONTINUOUS
10
450.3402479999999741
20
455.4680149999999799
11
450.7402479999999514
21
455.0680150000000026
0
LINE
8
BLACK
6
CONTINUOUS
10
450.7402479999999514
20
455.4680149999999799
11
450.3402479999999741
21
455.0680150000000026
0
LINE
8
BLACK
6
CONTINUOUS
10
450.4018949999999677
20
426.0475229999999556
11
450.8018950000000018
21
425.6475229999999783
0
LINE
8
BLACK
6
CONTINUOUS
10
450.8018950000000018
20
426.0475229999999556
11
450.4018949999999677
21
425.6475229999999783
0
LINE
8
BLACK
6
CONTINUOUS
10
450.6482059999999592
20
427.4486779999999726
11
451.0482059999999933
21
427.0486779999999953
0
LINE
8
BLACK
6
CONTINUOUS
10
451.0482059999999933
20
427.4486779999999726
11
450.6482059999999592
21
427.0486779999999953
0
LINE
8
BLACK
6
CONTINUOUS
10
450.7360899999999901
20
453.4010809999999765
11
451.1360899999999674
21
453.0010809999999992
0
LINE
8
BLACK
6
CONTINUOUS
10
451.1360899999999674
20
453.4010809999999765
11
450.7360899999999901
21
453.0010809999999992
0
LINE
8
BLACK
6
CONTINUOUS
10
451.1559589999999957
20
454.6222960000000057
11
451.555958999999973
21
454.2222959999999716
0
LINE
8
BLACK
6
CONTINUOUS
10
451.555958999999973
20
454.6222960000000057
11
451.1559589999999957
21
454.2222959999999716
0
LINE
8
BLACK
6
CONTINUOUS
10
451.5518030000000067
20
452.5553620000000024
11
451.951802999999984
21
452.1553619999999682
0
LINE
8
BLACK
6
CONTINUOUS
10
451.951802999999984
20
452.5553620000000024
11
451.5518030000000067
21
452.1553619999999682
0
LINE
8
BLACK
6
CONTINUOUS
10
451.5647169999999733
20
424.8419240000000059
11
451.9647170000000074
21
424.4419239999999718
0
LINE
8
BLACK
6
CONTINUOUS
10
451.9647170000000074
20
424.8419240000000059
11
451.5647169999999733
21
424.4419239999999718
0
LINE
8
BLACK
6
CONTINUOUS
10
451.8110309999999572
20
426.2430799999999635
11
452.2110309999999913
21
425.8430799999999863
0
LINE
8
BLACK
6
CONTINUOUS
10
452.2110309999999913
20
426.2430799999999635
11
451.8110309999999572
21
425.8430799999999863
0
LINE
8
BLACK
6
CONTINUOUS
10
451.971670999999958
20
453.7765779999999722
11
452.3716709999999921
21
453.376577999999995
0
LINE
8
BLACK
6
CONTINUOUS
10
452.3716709999999921
20
453.7765779999999722
11
451.971670999999958
21
453.376577999999995
0
LINE
8
BLACK
6
CONTINUOUS
10
452.3675139999999715
20
451.7096439999999689
11
452.7675140000000056
21
451.3096439999999916
0
LINE
8
BLACK
6
CONTINUOUS
10
452.7675140000000056
20
451.7096439999999689
11
452.3675139999999715
21
451.3096439999999916
0
LINE
8
BLACK
6
CONTINUOUS
10
452.7275399999999763
20
423.6363259999999968
11
453.1275399999999536
21
423.2363259999999627
0
LINE
8
BLACK
6
CONTINUOUS
10
453.1275399999999536
20
423.6363259999999968
11
452.7275399999999763
21
423.2363259999999627
0
LINE
8
BLACK
6
CONTINUOUS
10
452.7873839999999745
20
452.9308580000000006
11
453.1873839999999518
21
452.5308579999999665
0
LINE
8
BLACK
6
CONTINUOUS
10
453.1873839999999518
20
452.9308580000000006
11
452.7873839999999745
21
452.5308579999999665
0
LINE
8
BLACK
6
CONTINUOUS
10
452.9738519999999653
20
425.037480999999957
11
453.3738519999999994
21
424.6374809999999798
0
LINE
8
BLACK
6
CONTINUOUS
10
453.3738519999999994
20
425.037480999999957
11
452.9738519999999653
21
424.6374809999999798
0
LINE
8
BLACK
6
CONTINUOUS
10
453.183226999999988
20
450.8639259999999922
11
453.5832269999999653
21
450.4639259999999581
0
LINE
8
BLACK
6
CONTINUOUS
10
453.5832269999999653
20
450.8639259999999922
11
453.183226999999988
21
450.4639259999999581
0
LINE
8
BLACK
6
CONTINUOUS
10
453.6030939999999987
20
452.0851399999999671
11
454.0030939999999759
21
451.6851399999999899
0
LINE
8
BLACK
6
CONTINUOUS
10
454.0030939999999759
20
452.0851399999999671
11
453.6030939999999987
21
451.6851399999999899
0
LINE
8
BLACK
6
CONTINUOUS
10
453.8903619999999819
20
422.4307269999999903
11
454.2903619999999592
21
422.0307269999999562
0
LINE
8
BLACK
6
CONTINUOUS
10
454.2903619999999592
20
422.4307269999999903
11
453.8903619999999819
21
422.0307269999999562
0
LINE
8
BLACK
6
CONTINUOUS
10
453.9989369999999553
20
450.0182069999999612
11
454.3989369999999894
21
449.618206999999984
0
LINE
8
BLACK
6
CONTINUOUS
10
454.3989369999999894
20
450.0182069999999612
11
453.9989369999999553
21
449.618206999999984
0
LINE
8
BLACK
6
CONTINUOUS
10
454.1366759999999658
20
423.8318820000000073
11
454.5366759999999999
21
423.4318819999999732
0
LINE
8
BLACK
6
CONTINUOUS
10
454.5366759999999999
20
423.8318820000000073
11
454.1366759999999658
21
423.4318819999999732
0
LINE
8
BLACK
6
CONTINUOUS
10
454.4188059999999609
20
451.2394219999999905
11
454.818805999999995
21
450.8394219999999564
0
LINE
8
BLACK
6
CONTINUOUS
10
454.818805999999995
20
451.2394219999999905
11
454.4188059999999609
21
450.8394219999999564
0
LINE
8
BLACK
6
CONTINUOUS
10
454.8146499999999719
20
449.1724889999999846
11
455.214650000000006
21
448.7724890000000073
0
LINE
8
BLACK
6
CONTINUOUS
10
455.214650000000006
20
449.1724889999999846
11
454.8146499999999719
21
448.7724890000000073
0
LINE
8
BLACK
6
CONTINUOUS
10
455.0531859999999824
20
421.2251269999999863
11
455.4531859999999597
21
420.825127000000009
0
LINE
8
BLACK
6
CONTINUOUS
10
455.4531859999999597
20
421.2251269999999863
11
455.0531859999999824
21
420.825127000000009
0
LINE
8
BLACK
6
CONTINUOUS
10
455.23451799999998
20
450.393703999999957
11
455.6345179999999573
21
449.9937039999999797
0
LINE
8
BLACK
6
CONTINUOUS
10
455.6345179999999573
20
450.393703999999957
11
455.23451799999998
21
449.9937039999999797
0
LINE
8
BLACK
6
CONTINUOUS
10
455.2994979999999714
20
422.6262830000000008
11
455.6994980000000055
21
422.2262829999999667
0
LINE
8
BLACK
6
CONTINUOUS
10
455.6994980000000055
20
422.6262830000000008
11
455.2994979999999714
21
422.2262829999999667
0
LINE
8
BLACK
6
CONTINUOUS
10
455.630359999999996
20
448.3267699999999536
11
456.0303599999999733
21
447.9267699999999763
0
LINE
8
BLACK
6
CONTINUOUS
10
456.0303599999999733
20
448.3267699999999536
11
455.630359999999996
21
447.9267699999999763
0
LINE
8
BLACK
6
CONTINUOUS
10
456.0502290000000016
20
449.5479849999999828
11
456.4502289999999789
21
449.1479850000000056
0
LINE
8
BLACK
6
CONTINUOUS
10
456.4502289999999789
20
449.5479849999999828
11
456.0502290000000016
21
449.1479850000000056
0
LINE
8
BLACK
6
CONTINUOUS
10
456.2160099999999829
20
420.0195299999999747
11
456.6160099999999602
21
419.6195299999999975
0
LINE
8
BLACK
6
CONTINUOUS
10
456.6160099999999602
20
420.0195299999999747
11
456.2160099999999829
21
419.6195299999999975
0
LINE
8
BLACK
6
CONTINUOUS
10
456.4460719999999583
20
447.4810529999999744
11
456.8460719999999924
21
447.0810529999999972
0
LINE
8
BLACK
6
CONTINUOUS
10
456.8460719999999924
20
447.4810529999999744
11
456.4460719999999583
21
447.0810529999999972
0
LINE
8
BLACK
6
CONTINUOUS
10
456.4623209999999744
20
421.4206839999999943
11
456.8623209999999517
21
421.0206839999999602
0
LINE
8
BLACK
6
CONTINUOUS
10
456.8623209999999517
20
421.4206839999999943
11
456.4623209999999744
21
421.0206839999999602
0
LINE
8
BLACK
6
CONTINUOUS
10
456.8659409999999639
20
448.7022680000000037
11
457.265940999999998
21
448.3022679999999696
0
LINE
8
BLACK
6
CONTINUOUS
10
457.265940999999998
20
448.7022680000000037
11
456.8659409999999639
21
448.3022679999999696
0
LINE
8
BLACK
6
CONTINUOUS
10
457.2617829999999799
20
446.6353340000000003
11
457.6617829999999572
21
446.2353339999999662
0
LINE
8
BLACK
6
CONTINUOUS
10
457.6617829999999572
20
446.6353340000000003
11
457.2617829999999799
21
446.2353339999999662
0
LINE
8
BLACK
6
CONTINUOUS
10
457.378830999999991
20
418.8139299999999707
11
457.7788309999999683
21
418.4139299999999935
0
LINE
8
BLACK
6
CONTINUOUS
10
457.7788309999999683
20
418.8139299999999707
11
457.378830999999991
21
418.4139299999999935
0
LINE
8
BLACK
6
CONTINUOUS
10
457.625144999999975
20
420.2150869999999827
11
458.0251449999999522
21
419.8150870000000054
0
LINE
8
BLACK
6
CONTINUOUS
10
458.0251449999999522
20
420.2150869999999827
11
457.625144999999975
21
419.8150870000000054
0
LINE
8
BLACK
6
CONTINUOUS
10
457.681650999999988
20
447.8565489999999727
11
458.0816509999999653
21
447.4565489999999954
0
LINE
8
BLACK
6
CONTINUOUS
10
458.0816509999999653
20
447.8565489999999727
11
457.681650999999988
21
447.4565489999999954
0
LINE
8
BLACK
6
CONTINUOUS
10
458.077494999999999
20
445.7896159999999668
11
458.4774949999999762
21
445.3896159999999895
0
LINE
8
BLACK
6
CONTINUOUS
10
458.4774949999999762
20
445.7896159999999668
11
458.077494999999999
21
445.3896159999999895
0
LINE
8
BLACK
6
CONTINUOUS
10
458.4973640000000046
20
447.010830999999996
11
458.8973639999999818
21
446.6108309999999619
0
LINE
8
BLACK
6
CONTINUOUS
10
458.8973639999999818
20
447.010830999999996
11
458.4973640000000046
21
446.6108309999999619
0
LINE
8
BLACK
6
CONTINUOUS
10
458.5416539999999941
20
417.6083329999999592
11
458.9416539999999713
21
417.2083329999999819
0
LINE
8
BLACK
6
CONTINUOUS
10
458.9416539999999713
20
417.6083329999999592
11
458.5416539999999941
21
417.2083329999999819
0
LINE
8
BLACK
6
CONTINUOUS
10
458.7879669999999805
20
419.0094869999999787
11
459.1879669999999578
21
418.6094870000000014
0
LINE
8
BLACK
6
CONTINUOUS
10
459.1879669999999578
20
419.0094869999999787
11
458.7879669999999805
21
418.6094870000000014
0
LINE
8
BLACK
6
CONTINUOUS
10
458.8932069999999612
20
444.9438959999999952
11
459.2932069999999953
21
444.5438959999999611
0
LINE
8
BLACK
6
CONTINUOUS
10
459.2932069999999953
20
444.9438959999999952
11
458.8932069999999612
21
444.5438959999999611
0
LINE
8
BLACK
6
CONTINUOUS
10
459.3130739999999719
20
446.1651109999999676
11
459.713074000000006
21
445.7651109999999903
0
LINE
8
BLACK
6
CONTINUOUS
10
459.713074000000006
20
446.1651109999999676
11
459.3130739999999719
21
445.7651109999999903
0
LINE
8
BLACK
6
CONTINUOUS
10
459.7044769999999971
20
416.4027340000000095
11
460.1044769999999744
21
416.0027339999999754
0
LINE
8
BLACK
6
CONTINUOUS
10
460.1044769999999744
20
416.4027340000000095
11
459.7044769999999971
21
416.0027339999999754
0
LINE
8
BLACK
6
CONTINUOUS
10
459.7089199999999778
20
444.0981779999999617
11
460.1089199999999551
21
443.6981779999999844
0
LINE
8
BLACK
6
CONTINUOUS
10
460.1089199999999551
20
444.0981779999999617
11
459.7089199999999778
21
443.6981779999999844
0
LINE
8
BLACK
6
CONTINUOUS
10
459.9507899999999836
20
417.8038889999999697
11
460.3507899999999609
21
417.4038889999999924
0
LINE
8
BLACK
6
CONTINUOUS
10
460.3507899999999609
20
417.8038889999999697
11
459.9507899999999836
21
417.4038889999999924
0
LINE
8
BLACK
6
CONTINUOUS
10
460.1287879999999859
20
445.3193929999999909
11
460.5287879999999632
21
444.9193929999999568
0
LINE
8
BLACK
6
CONTINUOUS
10
460.5287879999999632
20
445.3193929999999909
11
460.1287879999999859
21
444.9193929999999568
0
LINE
8
BLACK
6
CONTINUOUS
10
460.5246290000000045
20
443.2524579999999901
11
460.9246289999999817
21
442.852457999999956
0
LINE
8
BLACK
6
CONTINUOUS
10
460.9246289999999817
20
443.2524579999999901
11
460.5246290000000045
21
442.852457999999956
0
LINE
8
BLACK
6
CONTINUOUS
10
460.8672990000000027
20
415.1971350000000029
11
461.26729899999998
21
414.7971349999999688
0
LINE
8
BLACK
6
CONTINUOUS
10
461.26729899999998
20
415.1971350000000029
11
460.8672990000000027
21
414.7971349999999688
0
LINE
8
BLACK
6
CONTINUOUS
10
460.9444979999999532
20
444.47367399999996
11
461.3444979999999873
21
444.0736739999999827
0
LINE
8
BLACK
6
CONTINUOUS
10
461.3444979999999873
20
444.47367399999996
11
460.9444979999999532
21
444.0736739999999827
0
LINE
8
BLACK
6
CONTINUOUS
10
461.1136129999999866
20
416.5982899999999631
11
461.5136129999999639
21
416.1982899999999859
0
LINE
8
BLACK
6
CONTINUOUS
10
461.5136129999999639
20
416.5982899999999631
11
461.1136129999999866
21
416.1982899999999859
0
LINE
8
BLACK
6
CONTINUOUS
10
461.3403409999999667
20
442.4067409999999541
11
461.7403410000000008
21
442.0067409999999768
0
LINE
8
BLACK
6
CONTINUOUS
10
461.7403410000000008
20
442.4067409999999541
11
461.3403409999999667
21
442.0067409999999768
0
LINE
8
BLACK
6
CONTINUOUS
10
461.7602109999999698
20
443.6279569999999808
11
462.1602110000000039
21
443.2279570000000035
0
LINE
8
BLACK
6
CONTINUOUS
10
462.1602110000000039
20
443.6279569999999808
11
461.7602109999999698
21
443.2279570000000035
0
LINE
8
BLACK
6
CONTINUOUS
10
462.0301240000000007
20
413.9915369999999939
11
462.430123999999978
21
413.5915369999999598
0
LINE
8
BLACK
6
CONTINUOUS
10
462.430123999999978
20
413.9915369999999939
11
462.0301240000000007
21
413.5915369999999598
0
LINE
8
BLACK
6
CONTINUOUS
10
462.1560529999999858
20
441.5610219999999799
11
462.556052999999963
21
441.1610220000000027
0
LINE
8
BLACK
6
CONTINUOUS
10
462.556052999999963
20
441.5610219999999799
11
462.1560529999999858
21
441.1610220000000027
0
LINE
8
BLACK
6
CONTINUOUS
10
462.2764359999999897
20
415.3926899999999591
11
462.676435999999967
21
414.9926899999999819
0
LINE
8
BLACK
6
CONTINUOUS
10
462.676435999999967
20
415.3926899999999591
11
462.2764359999999897
21
414.9926899999999819
0
LINE
8
BLACK
6
CONTINUOUS
10
462.5759209999999939
20
442.7822369999999523
11
462.9759209999999712
21
442.3822369999999751
0
LINE
8
BLACK
6
CONTINUOUS
10
462.9759209999999712
20
442.7822369999999523
11
462.5759209999999939
21
442.3822369999999751
0
LINE
8
BLACK
6
CONTINUOUS
10
462.9717640000000074
20
440.7153050000000007
11
463.3717639999999847
21
440.3153049999999666
0
LINE
8
BLACK
6
CONTINUOUS
10
463.3717639999999847
20
440.7153050000000007
11
462.9717640000000074
21
440.3153049999999666
0
LINE
8
BLACK
6
CONTINUOUS
10
463.192944999999952
20
412.7859369999999899
11
463.5929449999999861
21
412.3859369999999558
0
LINE
8
BLACK
6
CONTINUOUS
10
463.5929449999999861
20
412.7859369999999899
11
463.192944999999952
21
412.3859369999999558
0
LINE
8
BLACK
6
CONTINUOUS
10
463.3916329999999562
20
441.9365189999999757
11
463.7916329999999903
21
441.5365189999999984
0
LINE
8
BLACK
6
CONTINUOUS
10
463.7916329999999903
20
441.9365189999999757
11
463.3916329999999562
21
441.5365189999999984
0
LINE
8
BLACK
6
CONTINUOUS
10
463.4392599999999902
20
414.1870940000000019
11
463.8392599999999675
21
413.7870939999999678
0
LINE
8
BLACK
6
CONTINUOUS
10
463.8392599999999675
20
414.1870940000000019
11
463.4392599999999902
21
413.7870939999999678
0
LINE
8
BLACK
6
CONTINUOUS
10
463.7874759999999696
20
439.8695869999999672
11
464.1874760000000038
21
439.46958699999999
0
LINE
8
BLACK
6
CONTINUOUS
10
464.1874760000000038
20
439.8695869999999672
11
463.7874759999999696
21
439.46958699999999
0
LINE
8
BLACK
6
CONTINUOUS
10
464.2073439999999778
20
441.090800999999999
11
464.607343999999955
21
440.6908009999999649
0
LINE
8
BLACK
6
CONTINUOUS
10
464.607343999999955
20
441.090800999999999
11
464.2073439999999778
21
440.6908009999999649
0
LINE
8
BLACK
6
CONTINUOUS
10
464.3557689999999525
20
411.5803389999999808
11
464.7557689999999866
21
411.1803390000000036
0
LINE
8
BLACK
6
CONTINUOUS
10
464.7557689999999866
20
411.5803389999999808
11
464.3557689999999525
21
411.1803390000000036
0
LINE
8
BLACK
6
CONTINUOUS
10
464.6020819999999958
20
412.9814949999999953
11
465.002081999999973
21
412.5814949999999612
0
LINE
8
BLACK
6
CONTINUOUS
10
465.002081999999973
20
412.9814949999999953
11
464.6020819999999958
21
412.5814949999999612
0
LINE
8
BLACK
6
CONTINUOUS
10
464.6031869999999913
20
439.0238679999999931
11
465.0031869999999685
21
438.623867999999959
0
LINE
8
BLACK
6
CONTINUOUS
10
465.0031869999999685
20
439.0238679999999931
11
464.6031869999999913
21
438.623867999999959
0
LINE
8
BLACK
6
CONTINUOUS
10
465.0230549999999994
20
440.2450829999999655
11
465.4230549999999766
21
439.8450829999999883
0
LINE
8
BLACK
6
CONTINUOUS
10
465.4230549999999766
20
440.2450829999999655
11
465.0230549999999994
21
439.8450829999999883
0
LINE
8
BLACK
6
CONTINUOUS
10
465.4188989999999535
20
438.1781499999999596
11
465.8188989999999876
21
437.7781499999999824
0
LINE
8
BLACK
6
CONTINUOUS
10
465.8188989999999876
20
438.1781499999999596
11
465.4188989999999535
21
437.7781499999999824
0
LINE
8
BLACK
6
CONTINUOUS
10
465.8387679999999591
20
439.3993649999999889
11
466.2387679999999932
21
438.9993649999999548
0
LINE
8
BLACK
6
CONTINUOUS
10
466.2387679999999932
20
439.3993649999999889
11
465.8387679999999591
21
438.9993649999999548
0
LINE
8
BLACK
6
CONTINUOUS
10
466.2346099999999751
20
437.332429999999988
11
466.6346099999999524
21
436.9324299999999539
0
LINE
8
BLACK
6
CONTINUOUS
10
466.6346099999999524
20
437.332429999999988
11
466.2346099999999751
21
436.9324299999999539
0
LINE
8
BLACK
6
CONTINUOUS
10
466.6544779999999832
20
438.5536459999999579
11
467.0544779999999605
21
438.1536459999999806
0
LINE
8
BLACK
6
CONTINUOUS
10
467.0544779999999605
20
438.5536459999999579
11
466.6544779999999832
21
438.1536459999999806
0
LINE
8
BLACK
6
CONTINUOUS
10
467.0503229999999917
20
436.4867119999999545
11
467.4503229999999689
21
436.0867119999999773
0
LINE
8
BLACK
6
CONTINUOUS
10
467.4503229999999689
20
436.4867119999999545
11
467.0503229999999917
21
436.0867119999999773
0
LINE
8
BLACK
6
CONTINUOUS
10
467.4701909999999998
20
437.7079269999999838
11
467.8701909999999771
21
437.3079270000000065
0
LINE
8
BLACK
6
CONTINUOUS
10
467.8701909999999771
20
437.7079269999999838
11
467.4701909999999998
21
437.3079270000000065
0
LINE
8
BLACK
6
CONTINUOUS
10
467.8660339999999564
20
435.6409929999999804
11
468.2660339999999906
21
435.2409930000000031
0
LINE
8
BLACK
6
CONTINUOUS
10
468.2660339999999906
20
435.6409929999999804
11
467.8660339999999564
21
435.2409930000000031
0
LINE
8
BLACK
6
CONTINUOUS
10
468.2859019999999646
20
436.8622079999999528
11
468.6859019999999987
21
436.4622079999999755
0
LINE
8
BLACK
6
CONTINUOUS
10
468.6859019999999987
20
436.8622079999999528
11
468.2859019999999646
21
436.4622079999999755
0
LINE
8
BLACK
6
CONTINUOUS
10
468.6817459999999755
20
434.7952750000000037
11
469.0817459999999528
21
434.3952749999999696
0
LINE
8
BLACK
6
CONTINUOUS
10
469.0817459999999528
20
434.7952750000000037
11
468.6817459999999755
21
434.3952749999999696
0
LINE
8
BLACK
6
CONTINUOUS
10
469.1016139999999837
20
436.0164909999999736
11
469.5016139999999609
21
435.6164909999999963
0
LINE
8
BLACK
6
CONTINUOUS
10
469.5016139999999609
20
436.0164909999999736
11
469.1016139999999837
21
435.6164909999999963
0
LINE
8
BLACK
6
CONTINUOUS
10
469.4974550000000022
20
433.9495559999999728
11
469.8974549999999795
21
433.5495559999999955
0
LINE
8
BLACK
6
CONTINUOUS
10
469.8974549999999795
20
433.9495559999999728
11
469.4974550000000022
21
433.5495559999999955
0
LINE
8
BLACK
6
CONTINUOUS
10
469.9173250000000053
20
435.170771000000002
11
470.3173249999999825
21
434.7707709999999679
0
LINE
8
BLACK
6
CONTINUOUS
10
470.3173249999999825
20
435.170771000000002
11
469.9173250000000053
21
434.7707709999999679
0
LINE
8
BLACK
6
CONTINUOUS
10
470.048923000000002
20
404.9975420000000099
11
470.4489229999999793
21
404.5975419999999758
0
LINE
8
BLACK
6
CONTINUOUS
10
470.4489229999999793
20
404.9975420000000099
11
470.048923000000002
21
404.5975419999999758
0
LINE
8
BLACK
6
CONTINUOUS
10
470.3131689999999594
20
433.1038389999999936
11
470.7131689999999935
21
432.7038389999999595
0
LINE
8
BLACK
6
CONTINUOUS
10
470.7131689999999935
20
433.1038389999999936
11
470.3131689999999594
21
432.7038389999999595
0
LINE
8
BLACK
6
CONTINUOUS
10
470.4308509999999615
20
406.3679559999999924
11
470.8308509999999956
21
405.9679559999999583
0
LINE
8
BLACK
6
CONTINUOUS
10
470.8308509999999956
20
406.3679559999999924
11
470.4308509999999615
21
405.9679559999999583
0
LINE
8
BLACK
6
CONTINUOUS
10
470.733037999999965
20
434.325053999999966
11
471.1330379999999991
21
433.9250539999999887
0
LINE
8
BLACK
6
CONTINUOUS
10
471.1330379999999991
20
434.325053999999966
11
470.733037999999965
21
433.9250539999999887
0
LINE
8
BLACK
6
CONTINUOUS
10
471.0884909999999763
20
403.6841779999999744
11
471.4884909999999536
21
403.2841779999999972
0
LINE
8
BLACK
6
CONTINUOUS
10
471.4884909999999536
20
403.6841779999999744
11
471.0884909999999763
21
403.2841779999999972
0
LINE
8
BLACK
6
CONTINUOUS
10
471.1288779999999861
20
432.2581189999999651
11
471.5288779999999633
21
431.8581189999999879
0
LINE
8
BLACK
6
CONTINUOUS
10
471.5288779999999633
20
432.2581189999999651
11
471.1288779999999861
21
431.8581189999999879
0
LINE
8
BLACK
6
CONTINUOUS
10
471.4704199999999901
20
405.0545929999999544
11
471.8704199999999673
21
404.6545929999999771
0
LINE
8
BLACK
6
CONTINUOUS
10
471.8704199999999673
20
405.0545929999999544
11
471.4704199999999901
21
404.6545929999999771
0
LINE
8
BLACK
6
CONTINUOUS
10
471.5487469999999917
20
433.4793349999999919
11
471.9487469999999689
21
433.0793349999999577
0
LINE
8
BLACK
6
CONTINUOUS
10
471.9487469999999689
20
433.4793349999999919
11
471.5487469999999917
21
433.0793349999999577
0
LINE
8
BLACK
6
CONTINUOUS
10
471.9445910000000026
20
431.4124019999999859
11
472.3445909999999799
21
431.0124020000000087
0
LINE
8
BLACK
6
CONTINUOUS
10
472.3445909999999799
20
431.4124019999999859
11
471.9445910000000026
21
431.0124020000000087
0
LINE
8
BLACK
6
CONTINUOUS
10
472.1280579999999532
20
402.3708149999999932
11
472.5280579999999873
21
401.9708149999999591
0
LINE
8
BLACK
6
CONTINUOUS
10
472.5280579999999873
20
402.3708149999999932
11
472.1280579999999532
21
401.9708149999999591
0
LINE
8
BLACK
6
CONTINUOUS
10
472.3644599999999514
20
432.6336179999999558
11
472.7644599999999855
21
432.2336179999999786
0
LINE
8
BLACK
6
CONTINUOUS
10
472.7644599999999855
20
432.6336179999999558
11
472.3644599999999514
21
432.2336179999999786
0
LINE
8
BLACK
6
CONTINUOUS
10
472.5099879999999644
20
403.7412299999999732
11
472.9099879999999985
21
403.3412299999999959
0
LINE
8
BLACK
6
CONTINUOUS
10
472.9099879999999985
20
403.7412299999999732
11
472.5099879999999644
21
403.3412299999999959
0
LINE
8
BLACK
6
CONTINUOUS
10
472.7603019999999674
20
430.566682999999955
11
473.1603020000000015
21
430.1666829999999777
0
LINE
8
BLACK
6
CONTINUOUS
10
473.1603020000000015
20
430.566682999999955
11
472.7603019999999674
21
430.1666829999999777
0
LINE
8
BLACK
6
CONTINUOUS
10
473.1676269999999818
20
401.0574509999999577
11
473.567626999999959
21
400.6574509999999805
0
LINE
8
BLACK
6
CONTINUOUS
10
473.567626999999959
20
401.0574509999999577
11
473.1676269999999818
21
400.6574509999999805
0
LINE
8
BLACK
6
CONTINUOUS
10
473.1801699999999755
20
431.7878979999999842
11
473.5801699999999528
21
431.387898000000007
0
LINE
8
BLACK
6
CONTINUOUS
10
473.5801699999999528
20
431.7878979999999842
11
473.1801699999999755
21
431.387898000000007
0
LINE
8
BLACK
6
CONTINUOUS
10
473.5495540000000005
20
402.4278649999999971
11
473.9495539999999778
21
402.0278649999999629
0
LINE
8
BLACK
6
CONTINUOUS
10
473.9495539999999778
20
402.4278649999999971
11
473.5495540000000005
21
402.0278649999999629
0
LINE
8
BLACK
6
CONTINUOUS
10
474.2071939999999586
20
399.7440869999999791
11
474.6071939999999927
21
399.3440870000000018
0
LINE
8
BLACK
6
CONTINUOUS
10
474.6071939999999927
20
399.7440869999999791
11
474.2071939999999586
21
399.3440870000000018
0
LINE
8
BLACK
6
CONTINUOUS
10
474.5891229999999723
20
401.114501999999959
11
474.9891230000000064
21
400.7145019999999818
0
LINE
8
BLACK
6
CONTINUOUS
10
474.9891230000000064
20
401.114501999999959
11
474.5891229999999723
21
400.7145019999999818
0
LINE
8
BLACK
6
CONTINUOUS
10
475.2467609999999922
20
398.4307230000000004
11
475.6467609999999695
21
398.0307229999999663
0
LINE
8
BLACK
6
CONTINUOUS
10
475.6467609999999695
20
398.4307230000000004
11
475.2467609999999922
21
398.0307229999999663
0
LINE
8
BLACK
6
CONTINUOUS
10
475.628690000000006
20
399.8011379999999804
11
476.0286899999999832
21
399.4011380000000031
0
LINE
8
BLACK
6
CONTINUOUS
10
476.0286899999999832
20
399.8011379999999804
11
475.628690000000006
21
399.4011380000000031
0
LINE
8
BLACK
6
CONTINUOUS
10
476.2863309999999615
20
397.1173609999999599
11
476.6863309999999956
21
396.7173609999999826
0
LINE
8
BLACK
6
CONTINUOUS
10
476.6863309999999956
20
397.1173609999999599
11
476.2863309999999615
21
396.7173609999999826
0
LINE
8
BLACK
6
CONTINUOUS
10
476.6682569999999828
20
398.4877749999999992
11
477.06825699999996
21
398.0877749999999651
0
LINE
8
BLACK
6
CONTINUOUS
10
477.06825699999996
20
398.4877749999999992
11
476.6682569999999828
21
398.0877749999999651
0
LINE
8
BLACK
6
CONTINUOUS
10
477.3258969999999977
20
395.8039959999999837
11
477.7258969999999749
21
395.4039960000000065
0
LINE
8
BLACK
6
CONTINUOUS
10
477.7258969999999749
20
395.8039959999999837
11
477.3258969999999977
21
395.4039960000000065
0
LINE
8
BLACK
6
CONTINUOUS
10
477.707826999999952
20
397.1744119999999612
11
478.1078269999999861
21
396.7744119999999839
0
LINE
8
BLACK
6
CONTINUOUS
10
478.1078269999999861
20
397.1744119999999612
11
477.707826999999952
21
396.7744119999999839
0
LINE
8
BLACK
6
CONTINUOUS
10
478.365464999999972
20
394.4906330000000025
11
478.7654650000000061
21
394.0906329999999684
0
LINE
8
BLACK
6
CONTINUOUS
10
478.7654650000000061
20
394.4906330000000025
11
478.365464999999972
21
394.0906329999999684
0
LINE
8
BLACK
6
CONTINUOUS
10
478.7473929999999882
20
395.8610479999999825
11
479.1473929999999655
21
395.4610480000000052
0
LINE
8
BLACK
6
CONTINUOUS
10
479.1473929999999655
20
395.8610479999999825
11
478.7473929999999882
21
395.4610480000000052
0
LINE
8
BLACK
6
CONTINUOUS
10
479.4050330000000031
20
393.177268999999967
11
479.8050329999999803
21
392.7772689999999898
0
LINE
8
BLACK
6
CONTINUOUS
10
479.8050329999999803
20
393.177268999999967
11
479.4050330000000031
21
392.7772689999999898
0
LINE
8
BLACK
6
CONTINUOUS
10
479.78696199999996
20
394.5476840000000038
11
480.1869619999999941
21
394.1476839999999697
0
LINE
8
BLACK
6
CONTINUOUS
10
480.1869619999999941
20
394.5476840000000038
11
479.78696199999996
21
394.1476839999999697
0
LINE
8
BLACK
6
CONTINUOUS
10
480.4446009999999774
20
391.8639039999999909
11
480.8446009999999546
21
391.4639039999999568
0
LINE
8
BLACK
6
CONTINUOUS
10
480.8446009999999546
20
391.8639039999999909
11
480.4446009999999774
21
391.4639039999999568
0
LINE
8
BLACK
6
CONTINUOUS
10
480.8265289999999936
20
393.2343209999999658
11
481.2265289999999709
21
392.8343209999999885
0
LINE
8
BLACK
6
CONTINUOUS
10
481.2265289999999709
20
393.2343209999999658
11
480.8265289999999936
21
392.8343209999999885
0
LINE
8
BLACK
6
CONTINUOUS
10
481.484170000000006
20
390.5505430000000047
11
481.8841699999999832
21
390.1505429999999706
0
LINE
8
BLACK
6
CONTINUOUS
10
481.8841699999999832
20
390.5505430000000047
11
481.484170000000006
21
390.1505429999999706
0
LINE
8
BLACK
6
CONTINUOUS
10
481.8660959999999704
20
391.9209559999999897
11
482.2660960000000046
21
391.5209559999999556
0
LINE
8
BLACK
6
CONTINUOUS
10
482.2660960000000046
20
391.9209559999999897
11
481.8660959999999704
21
391.5209559999999556
0
LINE
8
BLACK
6
CONTINUOUS
10
482.5237349999999878
20
389.2371769999999742
11
482.9237349999999651
21
388.837176999999997
0
LINE
8
BLACK
6
CONTINUOUS
10
482.9237349999999651
20
389.2371769999999742
11
482.5237349999999878
21
388.837176999999997
0
LINE
8
BLACK
6
CONTINUOUS
10
482.9056659999999965
20
390.607594000000006
11
483.3056659999999738
21
390.2075939999999719
0
LINE
8
BLACK
6
CONTINUOUS
10
483.3056659999999738
20
390.607594000000006
11
482.9056659999999965
21
390.2075939999999719
0
LINE
8
BLACK
6
CONTINUOUS
10
483.5633039999999596
20
387.923815999999988
11
483.9633039999999937
21
387.5238160000000107
0
LINE
8
BLACK
6
CONTINUOUS
10
483.9633039999999937
20
387.923815999999988
11
483.5633039999999596
21
387.5238160000000107
0
LINE
8
BLACK
6
CONTINUOUS
10
483.9452319999999759
20
389.294228999999973
11
484.3452319999999531
21
388.8942289999999957
0
LINE
8
BLACK
6
CONTINUOUS
10
484.3452319999999531
20
389.294228999999973
11
483.9452319999999759
21
388.8942289999999957
0
LINE
8
BLACK
6
CONTINUOUS
10
484.6028719999999907
20
386.610450999999955
11
485.002871999999968
21
386.2104509999999777
0
LINE
8
BLACK
6
CONTINUOUS
10
485.002871999999968
20
386.610450999999955
11
484.6028719999999907
21
386.2104509999999777
0
LINE
8
BLACK
6
CONTINUOUS
10
484.9847999999999502
20
387.9808659999999918
11
485.3847999999999843
21
387.5808659999999577
0
LINE
8
BLACK
6
CONTINUOUS
10
485.3847999999999843
20
387.9808659999999918
11
484.9847999999999502
21
387.5808659999999577
0
LINE
8
BLACK
6
CONTINUOUS
10
485.6424379999999701
20
385.2970879999999738
11
486.0424380000000042
21
384.8970879999999966
0
LINE
8
BLACK
6
CONTINUOUS
10
486.0424380000000042
20
385.2970879999999738
11
485.6424379999999701
21
384.8970879999999966
0
LINE
8
BLACK
6
CONTINUOUS
10
486.0243679999999813
20
386.6675030000000106
11
486.4243679999999586
21
386.2675029999999765
0
LINE
8
BLACK
6
CONTINUOUS
10
486.4243679999999586
20
386.6675030000000106
11
486.0243679999999813
21
386.2675029999999765
0
LINE
8
BLACK
6
CONTINUOUS
10
486.6820079999999962
20
383.9837249999999926
11
487.0820079999999734
21
383.5837249999999585
0
LINE
8
BLACK
6
CONTINUOUS
10
487.0820079999999734
20
383.9837249999999926
11
486.6820079999999962
21
383.5837249999999585
0
LINE
8
BLACK
6
CONTINUOUS
10
487.0639349999999581
20
385.3541379999999776
11
487.4639349999999922
21
384.9541380000000004
0
LINE
8
BLACK
6
CONTINUOUS
10
487.4639349999999922
20
385.3541379999999776
11
487.0639349999999581
21
384.9541380000000004
0
LINE
8
BLACK
6
CONTINUOUS
10
487.721574999999973
20
382.6703609999999571
11
488.1215749999999503
21
382.2703609999999799
0
LINE
8
BLACK
6
CONTINUOUS
10
488.1215749999999503
20
382.6703609999999571
11
487.721574999999973
21
382.2703609999999799
0
LINE
8
BLACK
6
CONTINUOUS
10
488.1035039999999867
20
384.0407749999999965
11
488.503503999999964
21
383.6407749999999623
0
LINE
8
BLACK
6
CONTINUOUS
10
488.503503999999964
20
384.0407749999999965
11
488.1035039999999867
21
383.6407749999999623
0
LINE
8
BLACK
6
CONTINUOUS
10
488.7611419999999498
20
381.356995999999981
11
489.1611419999999839
21
380.9569960000000037
0
LINE
8
BLACK
6
CONTINUOUS
10
489.1611419999999839
20
381.356995999999981
11
488.7611419999999498
21
380.9569960000000037
0
LINE
8
BLACK
6
CONTINUOUS
10
489.1430709999999635
20
382.7274109999999609
11
489.5430709999999976
21
382.3274109999999837
0
LINE
8
BLACK
6
CONTINUOUS
10
489.5430709999999976
20
382.7274109999999609
11
489.1430709999999635
21
382.3274109999999837
0
LINE
8
BLACK
6
CONTINUOUS
10
489.8007109999999784
20
380.0436329999999998
11
490.2007109999999557
21
379.6436329999999657
0
LINE
8
BLACK
6
CONTINUOUS
10
490.2007109999999557
20
380.0436329999999998
11
489.8007109999999784
21
379.6436329999999657
0
LINE
8
BLACK
6
CONTINUOUS
10
489.8867899999999622
20
410.9191549999999893
11
490.2867899999999963
21
410.5191549999999552
0
LINE
8
BLACK
6
CONTINUOUS
10
490.2867899999999963
20
410.9191549999999893
11
489.8867899999999622
21
410.5191549999999552
0
LINE
8
BLACK
6
CONTINUOUS
10
490.1826379999999972
20
381.4140479999999798
11
490.5826379999999745
21
381.0140480000000025
0
LINE
8
BLACK
6
CONTINUOUS
10
490.5826379999999745
20
381.4140479999999798
11
490.1826379999999972
21
381.0140480000000025
0
LINE
8
BLACK
6
CONTINUOUS
10
490.423878000000002
20
412.093545000000006
11
490.8238779999999792
21
411.6935449999999719
0
LINE
8
BLACK
6
CONTINUOUS
10
490.8238779999999792
20
412.093545000000006
11
490.423878000000002
21
411.6935449999999719
0
LINE
8
BLACK
6
CONTINUOUS
10
490.6160370000000057
20
409.9978399999999965
11
491.016036999999983
21
409.5978399999999624
0
LINE
8
BLACK
6
CONTINUOUS
10
491.016036999999983
20
409.9978399999999965
11
490.6160370000000057
21
409.5978399999999624
0
LINE
8
BLACK
6
CONTINUOUS
10
490.8402779999999552
20
378.7302689999999643
11
491.2402779999999893
21
378.330268999999987
0
LINE
8
BLACK
6
CONTINUOUS
10
491.2402779999999893
20
378.7302689999999643
11
490.8402779999999552
21
378.330268999999987
0
LINE
8
BLACK
6
CONTINUOUS
10
491.1531249999999886
20
411.1722299999999564
11
491.5531249999999659
21
410.7722299999999791
0
LINE
8
BLACK
6
CONTINUOUS
10
491.5531249999999659
20
411.1722299999999564
11
491.1531249999999886
21
410.7722299999999791
0
LINE
8
BLACK
6
CONTINUOUS
10
491.2222079999999664
20
380.1006849999999986
11
491.6222080000000005
21
379.7006849999999645
0
LINE
8
BLACK
6
CONTINUOUS
10
491.6222080000000005
20
380.1006849999999986
11
491.2222079999999664
21
379.7006849999999645
0
LINE
8
BLACK
6
CONTINUOUS
10
491.3452879999999823
20
409.0765260000000012
11
491.7452879999999595
21
408.6765259999999671
0
LINE
8
BLACK
6
CONTINUOUS
10
491.7452879999999595
20
409.0765260000000012
11
491.3452879999999823
21
408.6765259999999671
0
LINE
8
BLACK
6
CONTINUOUS
10
491.8798459999999864
20
377.4169059999999831
11
492.2798459999999636
21
377.0169060000000059
0
LINE
8
BLACK
6
CONTINUOUS
10
492.2798459999999636
20
377.4169059999999831
11
491.8798459999999864
21
377.0169060000000059
0
LINE
8
BLACK
6
CONTINUOUS
10
491.8823759999999652
20
410.2509169999999585
11
492.2823759999999993
21
409.8509169999999813
0
LINE
8
BLACK
6
CONTINUOUS
10
492.2823759999999993
20
410.2509169999999585
11
491.8823759999999652
21
409.8509169999999813
0
LINE
8
BLACK
6
CONTINUOUS
10
492.0745359999999664
20
408.1552110000000084
11
492.4745360000000005
21
407.7552109999999743
0
LINE
8
BLACK
6
CONTINUOUS
10
492.4745360000000005
20
408.1552110000000084
11
492.0745359999999664
21
407.7552109999999743
0
LINE
8
BLACK
6
CONTINUOUS
10
492.2617730000000051
20
378.7873209999999631
11
492.6617729999999824
21
378.3873209999999858
0
LINE
8
BLACK
6
CONTINUOUS
10
492.6617729999999824
20
378.7873209999999631
11
492.2617730000000051
21
378.3873209999999858
0
LINE
8
BLACK
6
CONTINUOUS
10
492.6116239999999493
20
409.3296009999999683
11
493.0116239999999834
21
408.929600999999991
0
LINE
8
BLACK
6
CONTINUOUS
10
493.0116239999999834
20
409.3296009999999683
11
492.6116239999999493
21
408.929600999999991
0
LINE
8
BLACK
6
CONTINUOUS
10
492.8037850000000049
20
407.2338959999999588
11
493.2037849999999821
21
406.8338959999999815
0
LINE
8
BLACK
6
CONTINUOUS
10
493.2037849999999821
20
407.2338959999999588
11
492.8037850000000049
21
406.8338959999999815
0
LINE
8
BLACK
6
CONTINUOUS
10
492.9194119999999657
20
376.1035430000000019
11
493.3194119999999998
21
375.7035429999999678
0
LINE
8
BLACK
6
CONTINUOUS
10
493.3194119999999998
20
376.1035430000000019
11
492.9194119999999657
21
375.7035429999999678
0
LINE
8
BLACK
6
CONTINUOUS
10
493.3013419999999769
20
377.4739579999999819
11
493.7013419999999542
21
377.0739580000000046
0
LINE
8
BLACK
6
CONTINUOUS
10
493.7013419999999542
20
377.4739579999999819
11
493.3013419999999769
21
377.0739580000000046
0
LINE
8
BLACK
6
CONTINUOUS
10
493.3408729999999878
20
408.4082859999999755
11
493.740872999999965
21
408.0082859999999982
0
LINE
8
BLACK
6
CONTINUOUS
10
493.740872999999965
20
408.4082859999999755
11
493.3408729999999878
21
408.0082859999999982
0
LINE
8
BLACK
6
CONTINUOUS
10
493.5330349999999839
20
406.312580999999966
11
493.9330349999999612
21
405.9125809999999888
0
LINE
8
BLACK
6
CONTINUOUS
10
493.9330349999999612
20
406.312580999999966
11
493.5330349999999839
21
405.9125809999999888
0
LINE
8
BLACK
6
CONTINUOUS
10
493.9589809999999943
20
374.790177999999969
11
494.3589809999999716
21
374.3901779999999917
0
LINE
8
BLACK
6
CONTINUOUS
10
494.3589809999999716
20
374.790177999999969
11
493.9589809999999943
21
374.3901779999999917
0
LINE
8
BLACK
6
CONTINUOUS
10
494.0701219999999694
20
407.4869719999999802
11
494.4701220000000035
21
407.0869720000000029
0
LINE
8
BLACK
6
CONTINUOUS
10
494.4701220000000035
20
407.4869719999999802
11
494.0701219999999694
21
407.0869720000000029
0
LINE
8
BLACK
6
CONTINUOUS
10
494.2622839999999655
20
405.3912659999999732
11
494.6622839999999997
21
404.991265999999996
0
LINE
8
BLACK
6
CONTINUOUS
10
494.6622839999999997
20
405.3912659999999732
11
494.2622839999999655
21
404.991265999999996
0
LINE
8
BLACK
6
CONTINUOUS
10
494.3409089999999537
20
376.1605930000000058
11
494.7409089999999878
21
375.7605929999999717
0
LINE
8
BLACK
6
CONTINUOUS
10
494.7409089999999878
20
376.1605930000000058
11
494.3409089999999537
21
375.7605929999999717
0
LINE
8
BLACK
6
CONTINUOUS
10
494.7993720000000053
20
406.5656549999999925
11
495.1993719999999826
21
406.1656549999999584
0
LINE
8
BLACK
6
CONTINUOUS
10
495.1993719999999826
20
406.5656549999999925
11
494.7993720000000053
21
406.1656549999999584
0
LINE
8
BLACK
6
CONTINUOUS
10
494.991533000000004
20
404.4699519999999779
11
495.3915329999999813
21
404.0699520000000007
0
LINE
8
BLACK
6
CONTINUOUS
10
495.3915329999999813
20
404.4699519999999779
11
494.991533000000004
21
404.0699520000000007
0
LINE
8
BLACK
6
CONTINUOUS
10
494.9985499999999661
20
373.4768159999999853
11
495.3985500000000002
21
373.076816000000008
0
LINE
8
BLACK
6
CONTINUOUS
10
495.3985500000000002
20
373.4768159999999853
11
494.9985499999999661
21
373.076816000000008
0
LINE
8
BLACK
6
CONTINUOUS
10
495.3804769999999849
20
374.8472299999999677
11
495.7804769999999621
21
374.4472299999999905
0
LINE
8
BLACK
6
CONTINUOUS
10
495.7804769999999621
20
374.8472299999999677
11
495.3804769999999849
21
374.4472299999999905
0
LINE
8
BLACK
6
CONTINUOUS
10
495.5286199999999894
20
405.6443409999999972
11
495.9286199999999667
21
405.2443409999999631
0
LINE
8
BLACK
6
CONTINUOUS
10
495.9286199999999667
20
405.6443409999999972
11
495.5286199999999894
21
405.2443409999999631
0
LINE
8
BLACK
6
CONTINUOUS
10
495.7207819999999856
20
403.5486359999999877
11
496.1207819999999629
21
403.1486359999999536
0
LINE
8
BLACK
6
CONTINUOUS
10
496.1207819999999629
20
403.5486359999999877
11
495.7207819999999856
21
403.1486359999999536
0
LINE
8
BLACK
6
CONTINUOUS
10
496.0381160000000023
20
372.1634510000000091
11
496.4381159999999795
21
371.763450999999975
0
LINE
8
BLACK
6
CONTINUOUS
10
496.4381159999999795
20
372.1634510000000091
11
496.0381160000000023
21
371.763450999999975
0
LINE
8
BLACK
6
CONTINUOUS
10
496.257868999999971
20
404.7230270000000019
11
496.6578690000000051
21
404.3230269999999678
0
LINE
8
BLACK
6
CONTINUOUS
10
496.6578690000000051
20
404.7230270000000019
11
496.257868999999971
21
404.3230269999999678
0
LINE
8
BLACK
6
CONTINUOUS
10
496.4200459999999566
20
373.5338669999999865
11
496.8200459999999907
21
373.1338670000000093
0
LINE
8
BLACK
6
CONTINUOUS
10
496.8200459999999907
20
373.5338669999999865
11
496.4200459999999566
21
373.1338670000000093
0
LINE
8
BLACK
6
CONTINUOUS
10
496.4500309999999672
20
402.6273219999999924
11
496.8500310000000013
21
402.2273219999999583
0
LINE
8
BLACK
6
CONTINUOUS
10
496.8500310000000013
20
402.6273219999999924
11
496.4500309999999672
21
402.2273219999999583
0
LINE
8
BLACK
6
CONTINUOUS
10
496.9871189999999501
20
403.8017130000000066
11
497.3871189999999842
21
403.4017129999999725
0
LINE
8
BLACK
6
CONTINUOUS
10
497.3871189999999842
20
403.8017130000000066
11
496.9871189999999501
21
403.4017129999999725
0
LINE
8
BLACK
6
CONTINUOUS
10
497.0776839999999765
20
370.8500889999999686
11
497.4776839999999538
21
370.4500889999999913
0
LINE
8
BLACK
6
CONTINUOUS
10
497.4776839999999538
20
370.8500889999999686
11
497.0776839999999765
21
370.4500889999999913
0
LINE
8
BLACK
6
CONTINUOUS
10
497.1792789999999513
20
401.7060079999999971
11
497.5792789999999854
21
401.306007999999963
0
LINE
8
BLACK
6
CONTINUOUS
10
497.5792789999999854
20
401.7060079999999971
11
497.1792789999999513
21
401.306007999999963
0
LINE
8
BLACK
6
CONTINUOUS
10
497.4596129999999903
20
372.2205030000000079
11
497.8596129999999675
21
371.8205029999999738
0
LINE
8
BLACK
6
CONTINUOUS
10
497.8596129999999675
20
372.2205030000000079
11
497.4596129999999903
21
371.8205029999999738
0
LINE
8
BLACK
6
CONTINUOUS
10
497.7163669999999911
20
402.8803969999999595
11
498.1163669999999684
21
402.4803969999999822
0
LINE
8
BLACK
6
CONTINUOUS
10
498.1163669999999684
20
402.8803969999999595
11
497.7163669999999911
21
402.4803969999999822
0
LINE
8
BLACK
6
CONTINUOUS
10
497.9085289999999873
20
400.7846930000000043
11
498.3085289999999645
21
400.3846929999999702
0
LINE
8
BLACK
6
CONTINUOUS
10
498.3085289999999645
20
400.7846930000000043
11
497.9085289999999873
21
400.3846929999999702
0
LINE
8
BLACK
6
CONTINUOUS
10
498.1172530000000052
20
369.5367249999999899
11
498.5172529999999824
21
369.1367249999999558
0
LINE
8
BLACK
6
CONTINUOUS
10
498.5172529999999824
20
369.5367249999999899
11
498.1172530000000052
21
369.1367249999999558
0
LINE
8
BLACK
6
CONTINUOUS
10
498.4456169999999702
20
401.9590839999999616
11
498.8456170000000043
21
401.5590839999999844
0
LINE
8
BLACK
6
CONTINUOUS
10
498.8456170000000043
20
401.9590839999999616
11
498.4456169999999702
21
401.5590839999999844
0
LINE
8
BLACK
6
CONTINUOUS
10
498.4991809999999646
20
370.9071399999999699
11
498.8991809999999987
21
370.5071399999999926
0
LINE
8
BLACK
6
CONTINUOUS
10
498.8991809999999987
20
370.9071399999999699
11
498.4991809999999646
21
370.5071399999999926
0
LINE
8
BLACK
6
CONTINUOUS
10
498.6377769999999714
20
399.8633779999999547
11
499.0377770000000055
21
399.4633779999999774
0
LINE
8
BLACK
6
CONTINUOUS
10
499.0377770000000055
20
399.8633779999999547
11
498.6377769999999714
21
399.4633779999999774
0
LINE
8
BLACK
6
CONTINUOUS
10
499.1568189999999845
20
368.2233610000000112
11
499.5568189999999618
21
367.8233609999999771
0
LINE
8
BLACK
6
CONTINUOUS
10
499.5568189999999618
20
368.2233610000000112
11
499.1568189999999845
21
367.8233609999999771
0
LINE
8
BLACK
6
CONTINUOUS
10
499.1748649999999543
20
401.0377679999999714
11
499.5748649999999884
21
400.6377679999999941
0
LINE
8
BLACK
6
CONTINUOUS
10
499.5748649999999884
20
401.0377679999999714
11
499.1748649999999543
21
400.6377679999999941
0
LINE
8
BLACK
6
CONTINUOUS
10
499.3670269999999505
20
398.9420639999999594
11
499.7670269999999846
21
398.5420639999999821
0
LINE
8
BLACK
6
CONTINUOUS
10
499.7670269999999846
20
398.9420639999999594
11
499.3670269999999505
21
398.5420639999999821
0
LINE
8
BLACK
6
CONTINUOUS
10
499.5387489999999957
20
369.5937759999999912
11
499.938748999999973
21
369.1937759999999571
0
LINE
8
BLACK
6
CONTINUOUS
10
499.938748999999973
20
369.5937759999999912
11
499.5387489999999957
21
369.1937759999999571
0
LINE
8
BLACK
6
CONTINUOUS
10
499.9041149999999902
20
400.1164539999999761
11
500.3041149999999675
21
399.7164539999999988
0
LINE
8
BLACK
6
CONTINUOUS
10
500.3041149999999675
20
400.1164539999999761
11
499.9041149999999902
21
399.7164539999999988
0
LINE
8
BLACK
6
CONTINUOUS
10
500.0962759999999889
20
398.0207479999999691
11
500.4962759999999662
21
397.6207479999999919
0
LINE
8
BLACK
6
CONTINUOUS
10
500.4962759999999662
20
398.0207479999999691
11
500.0962759999999889
21
397.6207479999999919
0
LINE
8
BLACK
6
CONTINUOUS
10
500.1963889999999537
20
366.9099979999999732
11
500.5963889999999878
21
366.509997999999996
0
LINE
8
BLACK
6
CONTINUOUS
10
500.5963889999999878
20
366.9099979999999732
11
500.1963889999999537
21
366.509997999999996
0
LINE
8
BLACK
6
CONTINUOUS
10
500.5783159999999725
20
368.2804109999999582
11
500.9783159999999498
21
367.880410999999981
0
LINE
8
BLACK
6
CONTINUOUS
10
500.9783159999999498
20
368.2804109999999582
11
500.5783159999999725
21
367.880410999999981
0
LINE
8
BLACK
6
CONTINUOUS
10
500.6333619999999769
20
399.1951379999999858
11
501.0333619999999542
21
398.7951380000000086
0
LINE
8
BLACK
6
CONTINUOUS
10
501.0333619999999542
20
399.1951379999999858
11
500.6333619999999769
21
398.7951380000000086
0
LINE
8
BLACK
6
CONTINUOUS
10
500.825525999999968
20
397.0994329999999763
11
501.2255260000000021
21
396.6994329999999991
0
LINE
8
BLACK
6
CONTINUOUS
10
501.2255260000000021
20
397.0994329999999763
11
500.825525999999968
21
396.6994329999999991
0
LINE
8
BLACK
6
CONTINUOUS
10
501.2359549999999899
20
365.5966329999999971
11
501.6359549999999672
21
365.196632999999963
0
LINE
8
BLACK
6
CONTINUOUS
10
501.6359549999999672
20
365.5966329999999971
11
501.2359549999999899
21
365.196632999999963
0
LINE
8
BLACK
6
CONTINUOUS
10
501.3626129999999534
20
398.2738239999999905
11
501.7626129999999876
21
397.8738239999999564
0
LINE
8
BLACK
6
CONTINUOUS
10
501.7626129999999876
20
398.2738239999999905
11
501.3626129999999534
21
397.8738239999999564
0
LINE
8
BLACK
6
CONTINUOUS
10
501.5547729999999547
20
396.1781179999999836
11
501.9547729999999888
21
395.7781180000000063
0
LINE
8
BLACK
6
CONTINUOUS
10
501.9547729999999888
20
396.1781179999999836
11
501.5547729999999547
21
395.7781180000000063
0
LINE
8
BLACK
6
CONTINUOUS
10
501.6178850000000011
20
366.9670489999999745
11
502.0178849999999784
21
366.5670489999999972
0
LINE
8
BLACK
6
CONTINUOUS
10
502.0178849999999784
20
366.9670489999999745
11
501.6178850000000011
21
366.5670489999999972
0
LINE
8
BLACK
6
CONTINUOUS
10
502.0918609999999944
20
397.3525080000000003
11
502.4918609999999717
21
396.9525079999999662
0
LINE
8
BLACK
6
CONTINUOUS
10
502.4918609999999717
20
397.3525080000000003
11
502.0918609999999944
21
396.9525079999999662
0
LINE
8
BLACK
6
CONTINUOUS
10
502.2755239999999617
20
364.2832699999999591
11
502.6755239999999958
21
363.8832699999999818
0
LINE
8
BLACK
6
CONTINUOUS
10
502.6755239999999958
20
364.2832699999999591
11
502.2755239999999617
21
363.8832699999999818
0
LINE
8
BLACK
6
CONTINUOUS
10
502.2840229999999906
20
395.2568029999999908
11
502.6840229999999679
21
394.8568029999999567
0
LINE
8
BLACK
6
CONTINUOUS
10
502.6840229999999679
20
395.2568029999999908
11
502.2840229999999906
21
394.8568029999999567
0
LINE
8
BLACK
6
CONTINUOUS
10
502.6574519999999779
20
365.6536849999999959
11
503.0574519999999552
21
365.2536849999999617
0
LINE
8
BLACK
6
CONTINUOUS
10
503.0574519999999552
20
365.6536849999999959
11
502.6574519999999779
21
365.2536849999999617
0
LINE
8
BLACK
6
CONTINUOUS
10
502.8211109999999735
20
396.4311950000000024
11
503.2211109999999508
21
396.0311949999999683
0
LINE
8
BLACK
6
CONTINUOUS
10
503.2211109999999508
20
396.4311950000000024
11
502.8211109999999735
21
396.0311949999999683
0
LINE
8
BLACK
6
CONTINUOUS
10
503.0132719999999722
20
394.3354889999999955
11
503.4132719999999495
21
393.9354889999999614
0
LINE
8
BLACK
6
CONTINUOUS
10
503.4132719999999495
20
394.3354889999999955
11
503.0132719999999722
21
393.9354889999999614
0
LINE
8
BLACK
6
CONTINUOUS
10
503.5503589999999576
20
395.5098789999999553
11
503.9503589999999917
21
395.1098789999999781
0
LINE
8
BLACK
6
CONTINUOUS
10
503.9503589999999917
20
395.5098789999999553
11
503.5503589999999576
21
395.1098789999999781
0
LINE
8
BLACK
6
CONTINUOUS
10
503.7425199999999563
20
393.4141750000000002
11
504.1425199999999904
21
393.0141749999999661
0
LINE
8
BLACK
6
CONTINUOUS
10
504.1425199999999904
20
393.4141750000000002
11
503.7425199999999563
21
393.0141749999999661
0
LINE
8
BLACK
6
CONTINUOUS
10
504.2796089999999936
20
394.5885639999999626
11
504.6796089999999708
21
394.1885639999999853
0
LINE
8
BLACK
6
CONTINUOUS
10
504.6796089999999708
20
394.5885639999999626
11
504.2796089999999936
21
394.1885639999999853
0
LINE
8
BLACK
6
CONTINUOUS
10
504.4717699999999923
20
392.4928610000000049
11
504.8717699999999695
21
392.0928609999999708
0
LINE
8
BLACK
6
CONTINUOUS
10
504.8717699999999695
20
392.4928610000000049
11
504.4717699999999923
21
392.0928609999999708
0
LINE
8
BLACK
6
CONTINUOUS
10
505.0088569999999777
20
393.6672499999999673
11
505.408856999999955
21
393.26724999999999
0
LINE
8
BLACK
6
CONTINUOUS
10
505.408856999999955
20
393.6672499999999673
11
505.0088569999999777
21
393.26724999999999
0
LINE
8
BLACK
6
CONTINUOUS
10
505.2010179999999764
20
391.5715449999999578
11
505.6010179999999536
21
391.1715449999999805
0
LINE
8
BLACK
6
CONTINUOUS
10
505.6010179999999536
20
391.5715449999999578
11
505.2010179999999764
21
391.1715449999999805
0
LINE
8
BLACK
6
CONTINUOUS
10
505.7381059999999593
20
392.745935999999972
11
506.1381059999999934
21
392.3459359999999947
0
LINE
8
BLACK
6
CONTINUOUS
10
506.1381059999999934
20
392.745935999999972
11
505.7381059999999593
21
392.3459359999999947
0
LINE
8
BLACK
6
CONTINUOUS
10
505.9302679999999555
20
390.6502309999999625
11
506.3302679999999896
21
390.2502309999999852
0
LINE
8
BLACK
6
CONTINUOUS
10
506.3302679999999896
20
390.6502309999999625
11
505.9302679999999555
21
390.2502309999999852
0
LINE
8
BLACK
6
CONTINUOUS
10
506.4673559999999952
20
391.8246219999999767
11
506.8673559999999725
21
391.4246219999999994
0
LINE
8
BLACK
6
CONTINUOUS
10
506.8673559999999725
20
391.8246219999999767
11
506.4673559999999952
21
391.4246219999999994
0
LINE
8
BLACK
6
CONTINUOUS
10
506.6595169999999939
20
389.7289149999999722
11
507.0595169999999712
21
389.328914999999995
0
LINE
8
BLACK
6
CONTINUOUS
10
507.0595169999999712
20
389.7289149999999722
11
506.6595169999999939
21
389.328914999999995
0
LINE
8
BLACK
6
CONTINUOUS
10
507.1966039999999794
20
390.9033059999999864
11
507.5966039999999566
21
390.5033060000000091
0
LINE
8
BLACK
6
CONTINUOUS
10
507.5966039999999566
20
390.9033059999999864
11
507.1966039999999794
21
390.5033060000000091
0
LINE
8
BLACK
6
CONTINUOUS
10
507.3054119999999898
20
357.1849520000000098
11
507.7054119999999671
21
356.7849519999999757
0
LINE
8
BLACK
6
CONTINUOUS
10
507.7054119999999671
20
357.1849520000000098
11
507.3054119999999898
21
356.7849519999999757
0
LINE
8
BLACK
6
CONTINUOUS
10
507.388766999999973
20
388.8075999999999794
11
507.7887669999999503
21
388.4076000000000022
0
LINE
8
BLACK
6
CONTINUOUS
10
507.7887669999999503
20
388.8075999999999794
11
507.388766999999973
21
388.4076000000000022
0
LINE
8
BLACK
6
CONTINUOUS
10
507.8192399999999793
20
358.5115579999999795
11
508.2192399999999566
21
358.1115580000000023
0
LINE
8
BLACK
6
CONTINUOUS
10
508.2192399999999566
20
358.5115579999999795
11
507.8192399999999793
21
358.1115580000000023
0
LINE
8
BLACK
6
CONTINUOUS
10
507.9258539999999584
20
389.9819909999999936
11
508.3258539999999925
21
389.5819909999999595
0
LINE
8
BLACK
6
CONTINUOUS
10
508.3258539999999925
20
389.9819909999999936
11
507.9258539999999584
21
389.5819909999999595
0
LINE
8
BLACK
6
CONTINUOUS
10
508.1180149999999571
20
387.8862849999999867
11
508.5180149999999912
21
387.4862850000000094
0
LINE
8
BLACK
6
CONTINUOUS
10
508.5180149999999912
20
387.8862849999999867
11
508.1180149999999571
21
387.4862850000000094
0
LINE
8
BLACK
6
CONTINUOUS
10
508.2118649999999889
20
355.7764159999999833
11
508.6118649999999661
21
355.3764160000000061
0
LINE
8
BLACK
6
CONTINUOUS
10
508.6118649999999661
20
355.7764159999999833
11
508.2118649999999889
21
355.3764160000000061
0
LINE
8
BLACK
6
CONTINUOUS
10
508.6551029999999969
20
389.0606760000000008
11
509.0551029999999741
21
388.6606759999999667
0
LINE
8
BLACK
6
CONTINUOUS
10
509.0551029999999741
20
389.0606760000000008
11
508.6551029999999969
21
388.6606759999999667
0
LINE
8
BLACK
6
CONTINUOUS
10
508.7256919999999809
20
357.1030240000000049
11
509.1256919999999582
21
356.7030239999999708
0
LINE
8
BLACK
6
CONTINUOUS
10
509.1256919999999582
20
357.1030240000000049
11
508.7256919999999809
21
356.7030239999999708
0
LINE
8
BLACK
6
CONTINUOUS
10
508.8472649999999931
20
386.9649709999999914
11
509.2472649999999703
21
386.5649709999999573
0
LINE
8
BLACK
6
CONTINUOUS
10
509.2472649999999703
20
386.9649709999999914
11
508.8472649999999931
21
386.5649709999999573
0
LINE
8
BLACK
6
CONTINUOUS
10
509.1183149999999955
20
354.3678820000000087
11
509.5183149999999728
21
353.9678819999999746
0
LINE
8
BLACK
6
CONTINUOUS
10
509.5183149999999728
20
354.3678820000000087
11
509.1183149999999955
21
353.9678819999999746
0
LINE
8
BLACK
6
CONTINUOUS
10
509.3843519999999785
20
388.1393620000000055
11
509.7843519999999558
21
387.7393619999999714
0
LINE
8
BLACK
6
CONTINUOUS
10
509.7843519999999558
20
388.1393620000000055
11
509.3843519999999785
21
387.7393619999999714
0
LINE
8
BLACK
6
CONTINUOUS
10
509.5765109999999822
20
386.0436559999999986
11
509.9765109999999595
21
385.6436559999999645
0
LINE
8
BLACK
6
CONTINUOUS
10
509.9765109999999595
20
386.0436559999999986
11
509.5765109999999822
21
385.6436559999999645
0
LINE
8
BLACK
6
CONTINUOUS
10
509.63214499999998
20
355.6944899999999734
11
510.0321449999999572
21
355.2944899999999961
0
LINE
8
BLACK
6
CONTINUOUS
10
510.0321449999999572
20
355.6944899999999734
11
509.63214499999998
21
355.2944899999999961
0
LINE
8
BLACK
6
CONTINUOUS
10
510.0247679999999946
20
352.9593469999999797
11
510.4247679999999718
21
352.5593470000000025
0
LINE
8
BLACK
6
CONTINUOUS
10
510.4247679999999718
20
352.9593469999999797
11
510.0247679999999946
21
352.5593470000000025
0
LINE
8
BLACK
6
CONTINUOUS
10
510.1136009999999601
20
387.2180459999999584
11
510.5136009999999942
21
386.8180459999999812
0
LINE
8
BLACK
6
CONTINUOUS
10
510.5136009999999942
20
387.2180459999999584
11
510.1136009999999601
21
386.8180459999999812
0
LINE
8
BLACK
6
CONTINUOUS
10
510.3057629999999563
20
385.1223420000000033
11
510.7057629999999904
21
384.7223419999999692
0
LINE
8
BLACK
6
CONTINUOUS
10
510.7057629999999904
20
385.1223420000000033
11
510.3057629999999563
21
384.7223419999999692
0
LINE
8
BLACK
6
CONTINUOUS
10
510.5385949999999866
20
354.2859540000000038
11
510.9385949999999639
21
353.8859539999999697
0
LINE
8
BLACK
6
CONTINUOUS
10
510.9385949999999639
20
354.2859540000000038
11
510.5385949999999866
21
353.8859539999999697
0
LINE
8
BLACK
6
CONTINUOUS
10
510.8428499999999985
20
386.2967319999999631
11
511.2428499999999758
21
385.8967319999999859
0
LINE
8
BLACK
6
CONTINUOUS
10
511.2428499999999758
20
386.2967319999999631
11
510.8428499999999985
21
385.8967319999999859
0
LINE
8
BLACK
6
CONTINUOUS
10
510.9312189999999987
20
351.5508120000000076
11
511.3312189999999759
21
351.1508119999999735
0
LINE
8
BLACK
6
CONTINUOUS
10
511.3312189999999759
20
351.5508120000000076
11
510.9312189999999987
21
351.1508119999999735
0
LINE
8
BLACK
6
CONTINUOUS
10
511.0350090000000023
20
384.2010270000000105
11
511.4350089999999796
21
383.8010269999999764
0
LINE
8
BLACK
6
CONTINUOUS
10
511.4350089999999796
20
384.2010270000000105
11
511.0350090000000023
21
383.8010269999999764
0
LINE
8
BLACK
6
CONTINUOUS
10
511.4450479999999857
20
352.8774199999999723
11
511.8450479999999629
21
352.4774199999999951
0
LINE
8
BLACK
6
CONTINUOUS
10
511.8450479999999629
20
352.8774199999999723
11
511.4450479999999857
21
352.4774199999999951
0
LINE
8
BLACK
6
CONTINUOUS
10
511.5720969999999852
20
385.3754169999999704
11
511.9720969999999625
21
384.9754169999999931
0
LINE
8
BLACK
6
CONTINUOUS
10
511.9720969999999625
20
385.3754169999999704
11
511.5720969999999852
21
384.9754169999999931
0
LINE
8
BLACK
6
CONTINUOUS
10
511.7642599999999788
20
383.2797129999999584
11
512.164260000000013
21
382.8797129999999811
0
LINE
8
BLACK
6
CONTINUOUS
10
512.164260000000013
20
383.2797129999999584
11
511.7642599999999788
21
382.8797129999999811
0
LINE
8
BLACK
6
CONTINUOUS
10
511.8376710000000003
20
350.1422769999999787
11
512.2376709999999775
21
349.7422770000000014
0
LINE
8
BLACK
6
CONTINUOUS
10
512.2376709999999775
20
350.1422769999999787
11
511.8376710000000003
21
349.7422770000000014
0
LINE
8
BLACK
6
CONTINUOUS
10
512.3013479999999618
20
384.4541039999999725
11
512.701347999999939
21
384.0541039999999953
0
LINE
8
BLACK
6
CONTINUOUS
10
512.701347999999939
20
384.4541039999999725
11
512.3013479999999618
21
384.0541039999999953
0
LINE
8
BLACK
6
CONTINUOUS
10
512.3514989999999898
20
351.4688850000000002
11
512.7514989999999671
21
351.0688849999999661
0
LINE
8
BLACK
6
CONTINUOUS
10
512.7514989999999671
20
351.4688850000000002
11
512.3514989999999898
21
351.0688849999999661
0
LINE
8
BLACK
6
CONTINUOUS
10
512.4935080000000198
20
382.3583979999999656
11
512.8935079999999971
21
381.9583979999999883
0
LINE
8
BLACK
6
CONTINUOUS
10
512.8935079999999971
20
382.3583979999999656
11
512.4935080000000198
21
381.9583979999999883
0
LINE
8
BLACK
6
CONTINUOUS
10
512.74412499999994
20
348.733743000000004
11
513.1441250000000309
21
348.3337429999999699
0
LINE
8
BLACK
6
CONTINUOUS
10
513.1441250000000309
20
348.733743000000004
11
512.74412499999994
21
348.3337429999999699
0
LINE
8
BLACK
6
CONTINUOUS
10
513.0305949999999484
20
383.5327879999999823
11
513.4305949999999257
21
383.132788000000005
0
LINE
8
BLACK
6
CONTINUOUS
10
513.4305949999999257
20
383.5327879999999823
11
513.0305949999999484
21
383.132788000000005
0
LINE
8
BLACK
6
CONTINUOUS
10
513.2579499999999371
20
350.0603509999999687
11
513.657950000000028
21
349.6603509999999915
0
LINE
8
BLACK
6
CONTINUOUS
10
513.657950000000028
20
350.0603509999999687
11
513.2579499999999371
21
349.6603509999999915
0
LINE
8
BLACK
6
CONTINUOUS
10
513.6505750000000035
20
347.3252079999999751
11
514.0505749999999807
21
346.9252079999999978
0
LINE
8
BLACK
6
CONTINUOUS
10
514.0505749999999807
20
347.3252079999999751
11
513.6505750000000035
21
346.9252079999999978
0
LINE
8
BLACK
6
CONTINUOUS
10
514.1644039999999904
20
348.6518159999999966
11
514.5644039999999677
21
348.2518159999999625
0
LINE
8
BLACK
6
CONTINUOUS
10
514.5644039999999677
20
348.6518159999999966
11
514.1644039999999904
21
348.2518159999999625
0
LINE
8
BLACK
6
CONTINUOUS
10
514.5570279999999457
20
345.916673000000003
11
514.9570279999999229
21
345.5166729999999689
0
LINE
8
BLACK
6
CONTINUOUS
10
514.9570279999999229
20
345.916673000000003
11
514.5570279999999457
21
345.5166729999999689
0
LINE
8
BLACK
6
CONTINUOUS
10
515.0708539999999402
20
347.2432809999999677
11
515.4708540000000312
21
346.8432809999999904
0
LINE
8
BLACK
6
CONTINUOUS
10
515.4708540000000312
20
347.2432809999999677
11
515.0708539999999402
21
346.8432809999999904
0
LINE
8
BLACK
6
CONTINUOUS
10
515.4634790000000066
20
344.5081389999999715
11
515.8634789999999839
21
344.1081389999999942
0
LINE
8
BLACK
6
CONTINUOUS
10
515.8634789999999839
20
344.5081389999999715
11
515.4634790000000066
21
344.1081389999999942
0
LINE
8
BLACK
6
CONTINUOUS
10
515.9773069999999962
20
345.8347459999999955
11
516.3773069999999734
21
345.4347459999999614
0
LINE
8
BLACK
6
CONTINUOUS
10
516.3773069999999734
20
345.8347459999999955
11
515.9773069999999962
21
345.4347459999999614
0
LINE
8
BLACK
6
CONTINUOUS
10
516.3699309999999514
20
343.0996030000000019
11
516.7699309999999286
21
342.6996029999999678
0
LINE
8
BLACK
6
CONTINUOUS
10
516.7699309999999286
20
343.0996030000000019
11
516.3699309999999514
21
342.6996029999999678
0
LINE
8
BLACK
6
CONTINUOUS
10
516.8837579999999434
20
344.4262119999999641
11
517.2837579999999207
21
344.0262119999999868
0
LINE
8
BLACK
6
CONTINUOUS
10
517.2837579999999207
20
344.4262119999999641
11
516.8837579999999434
21
344.0262119999999868
0
LINE
8
BLACK
6
CONTINUOUS
10
517.2763840000000073
20
341.6910699999999679
11
517.6763839999999846
21
341.2910699999999906
0
LINE
8
BLACK
6
CONTINUOUS
10
517.6763839999999846
20
341.6910699999999679
11
517.2763840000000073
21
341.2910699999999906
0
LINE
8
BLACK
6
CONTINUOUS
10
517.7902100000000019
20
343.0176759999999945
11
518.1902099999999791
21
342.6176759999999604
0
LINE
8
BLACK
6
CONTINUOUS
10
518.1902099999999791
20
343.0176759999999945
11
517.7902100000000019
21
342.6176759999999604
0
LINE
8
BLACK
6
CONTINUOUS
10
518.1828329999999596
20
340.2825339999999983
11
518.5828329999999369
21
339.8825339999999642
0
LINE
8
BLACK
6
CONTINUOUS
10
518.5828329999999369
20
340.2825339999999983
11
518.1828329999999596
21
339.8825339999999642
0
LINE
8
BLACK
6
CONTINUOUS
10
518.6966639999999416
20
341.6091429999999605
11
519.0966640000000325
21
341.2091429999999832
0
LINE
8
BLACK
6
CONTINUOUS
10
519.0966640000000325
20
341.6091429999999605
11
518.6966639999999416
21
341.2091429999999832
0
LINE
8
BLACK
6
CONTINUOUS
10
519.0892860000000155
20
338.8740009999999643
11
519.4892859999999928
21
338.474000999999987
0
LINE
8
BLACK
6
CONTINUOUS
10
519.4892859999999928
20
338.8740009999999643
11
519.0892860000000155
21
338.474000999999987
0
LINE
8
BLACK
6
CONTINUOUS
10
519.603114000000005
20
340.2006069999999909
11
520.0031139999999823
21
339.8006069999999568
0
LINE
8
BLACK
6
CONTINUOUS
10
520.0031139999999823
20
340.2006069999999909
11
519.603114000000005
21
339.8006069999999568
0
LINE
8
BLACK
6
CONTINUOUS
10
519.9957389999999577
20
337.4654649999999947
11
520.395738999999935
21
337.0654649999999606
0
LINE
8
BLACK
6
CONTINUOUS
10
520.395738999999935
20
337.4654649999999947
11
519.9957389999999577
21
337.0654649999999606
0
LINE
8
BLACK
6
CONTINUOUS
10
520.5095659999999498
20
338.7920729999999594
11
520.909565999999927
21
338.3920729999999821
0
LINE
8
BLACK
6
CONTINUOUS
10
520.909565999999927
20
338.7920729999999594
11
520.5095659999999498
21
338.3920729999999821
0
LINE
8
BLACK
6
CONTINUOUS
10
520.9021890000000212
20
336.0569309999999632
11
521.3021889999999985
21
335.6569309999999859
0
LINE
8
BLACK
6
CONTINUOUS
10
521.3021889999999985
20
336.0569309999999632
11
520.9021890000000212
21
335.6569309999999859
0
LINE
8
BLACK
6
CONTINUOUS
10
521.4160180000000082
20
337.3835379999999873
11
521.8160179999999855
21
336.98353800000001
0
LINE
8
BLACK
6
CONTINUOUS
10
521.8160179999999855
20
337.3835379999999873
11
521.4160180000000082
21
336.98353800000001
0
LINE
8
BLACK
6
CONTINUOUS
10
521.8086429999999609
20
334.6483959999999911
11
522.2086429999999382
21
334.248395999999957
0
LINE
8
BLACK
6
CONTINUOUS
10
522.2086429999999382
20
334.6483959999999911
11
521.8086429999999609
21
334.248395999999957
0
LINE
8
BLACK
6
CONTINUOUS
10
522.3224689999999555
20
335.9750029999999583
11
522.7224689999999327
21
335.5750029999999811
0
LINE
8
BLACK
6
CONTINUOUS
10
522.7224689999999327
20
335.9750029999999583
11
522.3224689999999555
21
335.5750029999999811
0
LINE
8
BLACK
6
CONTINUOUS
10
522.7150940000000219
20
333.2398609999999621
11
523.1150939999999991
21
332.8398609999999849
0
LINE
8
BLACK
6
CONTINUOUS
10
523.1150939999999991
20
333.2398609999999621
11
522.7150940000000219
21
332.8398609999999849
0
LINE
8
BLACK
6
CONTINUOUS
10
523.2289220000000114
20
334.5664679999999862
11
523.6289219999999887
21
334.1664680000000089
0
LINE
8
BLACK
6
CONTINUOUS
10
523.6289219999999887
20
334.5664679999999862
11
523.2289220000000114
21
334.1664680000000089
0
LINE
8
BLACK
6
CONTINUOUS
10
523.6215449999999691
20
331.83132599999999
11
524.0215449999999464
21
331.4313260000000128
0
LINE
8
BLACK
6
CONTINUOUS
10
524.0215449999999464
20
331.83132599999999
11
523.6215449999999691
21
331.4313260000000128
0
LINE
8
BLACK
6
CONTINUOUS
10
524.1353729999999587
20
333.1579329999999572
11
524.5353729999999359
21
332.75793299999998
0
LINE
8
BLACK
6
CONTINUOUS
10
524.5353729999999359
20
333.1579329999999572
11
524.1353729999999587
21
332.75793299999998
0
LINE
8
BLACK
6
CONTINUOUS
10
524.5279980000000251
20
330.4227919999999585
11
524.9279980000000023
21
330.0227919999999813
0
LINE
8
BLACK
6
CONTINUOUS
10
524.9279980000000023
20
330.4227919999999585
11
524.5279980000000251
21
330.0227919999999813
0
LINE
8
BLACK
6
CONTINUOUS
10
525.0418240000000196
20
331.7493989999999826
11
525.4418239999999969
21
331.3493990000000053
0
LINE
8
BLACK
6
CONTINUOUS
10
525.4418239999999969
20
331.7493989999999826
11
525.0418240000000196
21
331.3493990000000053
0
LINE
8
BLACK
6
CONTINUOUS
10
525.4344489999999723
20
329.0142559999999889
11
525.8344489999999496
21
328.6142560000000117
0
LINE
8
BLACK
6
CONTINUOUS
10
525.8344489999999496
20
329.0142559999999889
11
525.4344489999999723
21
328.6142560000000117
0
LINE
8
BLACK
6
CONTINUOUS
10
525.9482779999999593
20
330.340865000000008
11
526.3482779999999366
21
329.9408649999999739
0
LINE
8
BLACK
6
CONTINUOUS
10
526.3482779999999366
20
330.340865000000008
11
525.9482779999999593
21
329.9408649999999739
0
LINE
8
BLACK
6
CONTINUOUS
10
526.3409020000000282
20
327.6057219999999575
11
526.7409020000000055
21
327.2057219999999802
0
LINE
8
BLACK
6
CONTINUOUS
10
526.7409020000000055
20
327.6057219999999575
11
526.3409020000000282
21
327.2057219999999802
0
LINE
8
BLACK
6
CONTINUOUS
10
526.8547280000000228
20
328.932329999999979
11
527.2547280000000001
21
328.5323300000000017
0
LINE
8
BLACK
6
CONTINUOUS
10
527.2547280000000001
20
328.932329999999979
11
526.8547280000000228
21
328.5323300000000017
0
LINE
8
BLACK
6
CONTINUOUS
10
527.247351999999978
20
326.1971879999999828
11
527.6473519999999553
21
325.7971880000000056
0
LINE
8
BLACK
6
CONTINUOUS
10
527.6473519999999553
20
326.1971879999999828
11
527.247351999999978
21
325.7971880000000056
0
LINE
8
BLACK
6
CONTINUOUS
10
527.6264290000000301
20
361.1425729999999703
11
528.0264290000000074
21
360.742572999999993
0
LINE
8
BLACK
6
CONTINUOUS
10
528.0264290000000074
20
361.1425729999999703
11
527.6264290000000301
21
360.742572999999993
0
LINE
8
BLACK
6
CONTINUOUS
10
527.761180999999965
20
327.5237950000000069
11
528.1611809999999423
21
327.1237949999999728
0
LINE
8
BLACK
6
CONTINUOUS
10
528.1611809999999423
20
327.5237950000000069
11
527.761180999999965
21
327.1237949999999728
0
LINE
8
BLACK
6
CONTINUOUS
10
528.1538049999999203
20
324.7886509999999589
11
528.5538050000000112
21
324.3886509999999817
0
LINE
8
BLACK
6
CONTINUOUS
10
528.5538050000000112
20
324.7886509999999589
11
528.1538049999999203
21
324.3886509999999817
0
LINE
8
BLACK
6
CONTINUOUS
10
528.2622959999999921
20
360.1544959999999946
11
528.6622959999999694
21
359.7544959999999605
0
LINE
8
BLACK
6
CONTINUOUS
10
528.6622959999999694
20
360.1544959999999946
11
528.2622959999999921
21
359.7544959999999605
0
LINE
8
BLACK
6
CONTINUOUS
10
528.2755479999999579
20
362.2589509999999677
11
528.6755479999999352
21
361.8589509999999905
0
LINE
8
BLACK
6
CONTINUOUS
10
528.6755479999999352
20
362.2589509999999677
11
528.2755479999999579
21
361.8589509999999905
0
LINE
8
BLACK
6
CONTINUOUS
10
528.667632000000026
20
326.1152599999999779
11
529.0676320000000032
21
325.7152600000000007
0
LINE
8
BLACK
6
CONTINUOUS
10
529.0676320000000032
20
326.1152599999999779
11
528.667632000000026
21
325.7152600000000007
0
LINE
8
BLACK
6
CONTINUOUS
10
528.898166999999944
20
359.1664209999999571
11
529.2981669999999212
21
358.7664209999999798
0
LINE
8
BLACK
6
CONTINUOUS
10
529.2981669999999212
20
359.1664209999999571
11
528.898166999999944
21
358.7664209999999798
0
LINE
8
BLACK
6
CONTINUOUS
10
528.9114149999999199
20
361.2708739999999921
11
529.3114150000000109
21
360.870873999999958
0
LINE
8
BLACK
6
CONTINUOUS
10
529.3114150000000109
20
361.2708739999999921
11
528.9114149999999199
21
360.870873999999958
0
LINE
8
BLACK
6
CONTINUOUS
10
529.0602579999999762
20
323.3801189999999792
11
529.4602579999999534
21
322.980119000000002
0
LINE
8
BLACK
6
CONTINUOUS
10
529.4602579999999534
20
323.3801189999999792
11
529.0602579999999762
21
322.980119000000002
0
LINE
8
BLACK
6
CONTINUOUS
10
529.5340350000000171
20
358.1783429999999839
11
529.9340349999999944
21
357.7783430000000067
0
LINE
8
BLACK
6
CONTINUOUS
10
529.9340349999999944
20
358.1783429999999839
11
529.5340350000000171
21
357.7783430000000067
0
LINE
8
BLACK
6
CONTINUOUS
10
529.5472859999999855
20
360.2827990000000113
11
529.9472859999999628
21
359.8827989999999772
0
LINE
8
BLACK
6
CONTINUOUS
10
529.9472859999999628
20
360.2827990000000113
11
529.5472859999999855
21
359.8827989999999772
0
LINE
8
BLACK
6
CONTINUOUS
10
529.5740839999999707
20
324.7067250000000058
11
529.974083999999948
21
324.3067249999999717
0
LINE
8
BLACK
6
CONTINUOUS
10
529.974083999999948
20
324.7067250000000058
11
529.5740839999999707
21
324.3067249999999717
0
LINE
8
BLACK
6
CONTINUOUS
10
529.966707999999926
20
321.9715830000000096
11
530.3667080000000169
21
321.5715829999999755
0
LINE
8
BLACK
6
CONTINUOUS
10
530.3667080000000169
20
321.9715830000000096
11
529.966707999999926
21
321.5715829999999755
0
LINE
8
BLACK
6
CONTINUOUS
10
530.1699039999999741
20
357.1902670000000057
11
530.5699039999999513
21
356.7902669999999716
0
LINE
8
BLACK
6
CONTINUOUS
10
530.5699039999999513
20
357.1902670000000057
11
530.1699039999999741
21
356.7902669999999716
0
LINE
8
BLACK
6
CONTINUOUS
10
530.183153999999945
20
359.2947219999999788
11
530.5831539999999222
21
358.8947220000000016
0
LINE
8
BLACK
6
CONTINUOUS
10
530.5831539999999222
20
359.2947219999999788
11
530.183153999999945
21
358.8947220000000016
0
LINE
8
BLACK
6
CONTINUOUS
10
530.4805380000000241
20
323.2981909999999743
11
530.8805380000000014
21
322.8981909999999971
0
LINE
8
BLACK
6
CONTINUOUS
10
530.8805380000000014
20
323.2981909999999743
11
530.4805380000000241
21
322.8981909999999971
0
LINE
8
BLACK
6
CONTINUOUS
10
530.8057739999999285
20
356.2021889999999757
11
531.2057740000000194
21
355.8021889999999985
0
LINE
8
BLACK
6
CONTINUOUS
10
531.2057740000000194
20
356.2021889999999757
11
530.8057739999999285
21
355.8021889999999985
0
LINE
8
BLACK
6
CONTINUOUS
10
530.8190230000000156
20
358.3066450000000032
11
531.2190229999999929
21
357.9066449999999691
0
LINE
8
BLACK
6
CONTINUOUS
10
531.2190229999999929
20
358.3066450000000032
11
530.8190230000000156
21
357.9066449999999691
0
LINE
8
BLACK
6
CONTINUOUS
10
530.8731599999999844
20
320.5630489999999782
11
531.2731599999999617
21
320.1630490000000009
0
LINE
8
BLACK
6
CONTINUOUS
10
531.2731599999999617
20
320.5630489999999782
11
530.8731599999999844
21
320.1630490000000009
0
LINE
8
BLACK
6
CONTINUOUS
10
531.3869879999999739
20
321.8896550000000047
11
531.7869879999999512
21
321.4896549999999706
0
LINE
8
BLACK
6
CONTINUOUS
10
531.7869879999999512
20
321.8896550000000047
11
531.3869879999999739
21
321.4896549999999706
0
LINE
8
BLACK
6
CONTINUOUS
10
531.4416429999999991
20
355.2141129999999976
11
531.8416429999999764
21
354.8141129999999634
0
LINE
8
BLACK
6
CONTINUOUS
10
531.8416429999999764
20
355.2141129999999976
11
531.4416429999999991
21
354.8141129999999634
0
LINE
8
BLACK
6
CONTINUOUS
10
531.4548919999999725
20
357.3185689999999681
11
531.8548919999999498
21
356.9185689999999909
0
LINE
8
BLACK
6
CONTINUOUS
10
531.8548919999999498
20
357.3185689999999681
11
531.4548919999999725
21
356.9185689999999909
0
LINE
8
BLACK
6
CONTINUOUS
10
531.7796129999999266
20
319.154514000000006
11
532.1796130000000176
21
318.7545139999999719
0
LINE
8
BLACK
6
CONTINUOUS
10
532.1796130000000176
20
319.154514000000006
11
531.7796129999999266
21
318.7545139999999719
0
LINE
8
BLACK
6
CONTINUOUS
10
532.0775129999999535
20
354.2260369999999625
11
532.4775129999999308
21
353.8260369999999853
0
LINE
8
BLACK
6
CONTINUOUS
10
532.4775129999999308
20
354.2260369999999625
11
532.0775129999999535
21
353.8260369999999853
0
LINE
8
BLACK
6
CONTINUOUS
10
532.0907629999999244
20
356.3304899999999975
11
532.4907630000000154
21
355.9304899999999634
0
LINE
8
BLACK
6
CONTINUOUS
10
532.4907630000000154
20
356.3304899999999975
11
532.0907629999999244
21
355.9304899999999634
0
LINE
8
BLACK
6
CONTINUOUS
10
532.2934400000000323
20
320.4811209999999733
11
532.6934400000000096
21
320.081120999999996
0
LINE
8
BLACK
6
CONTINUOUS
10
532.6934400000000096
20
320.4811209999999733
11
532.2934400000000323
21
320.081120999999996
0
LINE
8
BLACK
6
CONTINUOUS
10
532.6860629999999901
20
317.7459789999999771
11
533.0860629999999674
21
317.3459789999999998
0
LINE
8
BLACK
6
CONTINUOUS
10
533.0860629999999674
20
317.7459789999999771
11
532.6860629999999901
21
317.3459789999999998
0
LINE
8
BLACK
6
CONTINUOUS
10
532.7133820000000242
20
353.2379599999999868
11
533.1133820000000014
21
352.8379600000000096
0
LINE
8
BLACK
6
CONTINUOUS
10
533.1133820000000014
20
353.2379599999999868
11
532.7133820000000242
21
352.8379600000000096
0
LINE
8
BLACK
6
CONTINUOUS
10
532.7266309999999976
20
355.3424149999999599
11
533.1266309999999748
21
354.9424149999999827
0
LINE
8
BLACK
6
CONTINUOUS
10
533.1266309999999748
20
355.3424149999999599
11
532.7266309999999976
21
354.9424149999999827
0
LINE
8
BLACK
6
CONTINUOUS
10
533.1998919999999771
20
319.0725869999999986
11
533.5998919999999544
21
318.6725869999999645
0
LINE
8
BLACK
6
CONTINUOUS
10
533.5998919999999544
20
319.0725869999999986
11
533.1998919999999771
21
318.6725869999999645
0
LINE
8
BLACK
6
CONTINUOUS
10
533.3492519999999786
20
352.2498840000000087
11
533.7492519999999558
21
351.8498839999999745
0
LINE
8
BLACK
6
CONTINUOUS
10
533.7492519999999558
20
352.2498840000000087
11
533.3492519999999786
21
351.8498839999999745
0
LINE
8
BLACK
6
CONTINUOUS
10
533.362500999999952
20
354.3543379999999843
11
533.7625009999999293
21
353.954338000000007
0
LINE
8
BLACK
6
CONTINUOUS
10
533.7625009999999293
20
354.3543379999999843
11
533.362500999999952
21
353.954338000000007
0
LINE
8
BLACK
6
CONTINUOUS
10
533.5925169999999298
20
316.3374450000000024
11
533.9925170000000207
21
315.9374449999999683
0
LINE
8
BLACK
6
CONTINUOUS
10
533.9925170000000207
20
316.3374450000000024
11
533.5925169999999298
21
315.9374449999999683
0
LINE
8
BLACK
6
CONTINUOUS
10
533.9851189999999406
20
351.2618069999999761
11
534.3851190000000315
21
350.8618069999999989
0
LINE
8
BLACK
6
CONTINUOUS
10
534.3851190000000315
20
351.2618069999999761
11
533.9851189999999406
21
350.8618069999999989
0
LINE
8
BLACK
6
CONTINUOUS
10
533.9983710000000201
20
353.3662620000000061
11
534.3983709999999974
21
352.966261999999972
0
LINE
8
BLACK
6
CONTINUOUS
10
534.3983709999999974
20
353.3662620000000061
11
533.9983710000000201
21
352.966261999999972
0
LINE
8
BLACK
6
CONTINUOUS
10
534.1063439999999218
20
317.6640499999999747
11
534.5063440000000128
21
317.2640499999999975
0
LINE
8
BLACK
6
CONTINUOUS
10
534.5063440000000128
20
317.6640499999999747
11
534.1063439999999218
21
317.2640499999999975
0
LINE
8
BLACK
6
CONTINUOUS
10
534.4989669999999933
20
314.928908999999976
11
534.8989669999999705
21
314.5289089999999987
0
LINE
8
BLACK
6
CONTINUOUS
10
534.8989669999999705
20
314.928908999999976
11
534.4989669999999933
21
314.5289089999999987
0
LINE
8
BLACK
6
CONTINUOUS
10
534.6209890000000087
20
350.2737309999999979
11
535.0209889999999859
21
349.8737309999999638
0
LINE
8
BLACK
6
CONTINUOUS
10
535.0209889999999859
20
350.2737309999999979
11
534.6209890000000087
21
349.8737309999999638
0
LINE
8
BLACK
6
CONTINUOUS
10
534.6342389999999796
20
352.3781849999999736
11
535.0342389999999568
21
351.9781849999999963
0
LINE
8
BLACK
6
CONTINUOUS
10
535.0342389999999568
20
352.3781849999999736
11
534.6342389999999796
21
351.9781849999999963
0
LINE
8
BLACK
6
CONTINUOUS
10
535.0127969999999777
20
316.255517999999995
11
535.412796999999955
21
315.8555179999999609
0
LINE
8
BLACK
6
CONTINUOUS
10
535.412796999999955
20
316.255517999999995
11
535.0127969999999777
21
315.8555179999999609
0
LINE
8
BLACK
6
CONTINUOUS
10
535.2568579999999656
20
349.2856539999999654
11
535.6568579999999429
21
348.8856539999999882
0
LINE
8
BLACK
6
CONTINUOUS
10
535.6568579999999429
20
349.2856539999999654
11
535.2568579999999656
21
348.8856539999999882
0
LINE
8
BLACK
6
CONTINUOUS
10
535.270108999999934
20
351.3901099999999929
11
535.6701090000000249
21
350.9901099999999587
0
LINE
8
BLACK
6
CONTINUOUS
10
535.6701090000000249
20
351.3901099999999929
11
535.270108999999934
21
350.9901099999999587
0
LINE
8
BLACK
6
CONTINUOUS
10
535.4054199999999355
20
313.5203750000000014
11
535.8054200000000264
21
313.1203749999999673
0
LINE
8
BLACK
6
CONTINUOUS
10
535.8054200000000264
20
313.5203750000000014
11
535.4054199999999355
21
313.1203749999999673
0
LINE
8
BLACK
6
CONTINUOUS
10
535.89272799999992
20
348.2975779999999872
11
536.292728000000011
21
347.89757800000001
0
LINE
8
BLACK
6
CONTINUOUS
10
536.292728000000011
20
348.2975779999999872
11
535.89272799999992
21
347.89757800000001
0
LINE
8
BLACK
6
CONTINUOUS
10
535.9059770000000071
20
350.4020319999999629
11
536.3059769999999844
21
350.0020319999999856
0
LINE
8
BLACK
6
CONTINUOUS
10
536.3059769999999844
20
350.4020319999999629
11
535.9059770000000071
21
350.0020319999999856
0
LINE
8
BLACK
6
CONTINUOUS
10
535.919247999999925
20
314.8469819999999686
11
536.319248000000016
21
314.4469819999999913
0
LINE
8
BLACK
6
CONTINUOUS
10
536.319248000000016
20
314.8469819999999686
11
535.919247999999925
21
314.4469819999999913
0
LINE
8
BLACK
6
CONTINUOUS
10
536.5285969999999907
20
347.3094999999999573
11
536.9285969999999679
21
346.90949999999998
0
LINE
8
BLACK
6
CONTINUOUS
10
536.9285969999999679
20
347.3094999999999573
11
536.5285969999999907
21
346.90949999999998
0
LINE
8
BLACK
6
CONTINUOUS
10
536.5418469999999616
20
349.4139559999999847
11
536.9418469999999388
21
349.0139560000000074
0
LINE
8
BLACK
6
CONTINUOUS
10
536.9418469999999388
20
349.4139559999999847
11
536.5418469999999616
21
349.0139560000000074
0
LINE
8
BLACK
6
CONTINUOUS
10
537.1644669999999451
20
346.3214229999999816
11
537.5644669999999223
21
345.9214230000000043
0
LINE
8
BLACK
6
CONTINUOUS
10
537.5644669999999223
20
346.3214229999999816
11
537.1644669999999451
21
345.9214230000000043
0
LINE
8
BLACK
6
CONTINUOUS
10
537.177714999999921
20
348.425879000000009
11
537.577715000000012
21
348.0258789999999749
0
LINE
8
BLACK
6
CONTINUOUS
10
537.577715000000012
20
348.425879000000009
11
537.177714999999921
21
348.0258789999999749
0
LINE
8
BLACK
6
CONTINUOUS
10
537.8003340000000208
20
345.3333460000000059
11
538.200333999999998
21
344.9333459999999718
0
LINE
8
BLACK
6
CONTINUOUS
10
538.200333999999998
20
345.3333460000000059
11
537.8003340000000208
21
344.9333459999999718
0
LINE
8
BLACK
6
CONTINUOUS
10
537.8135859999999866
20
347.4378019999999765
11
538.2135859999999639
21
347.0378019999999992
0
LINE
8
BLACK
6
CONTINUOUS
10
538.2135859999999639
20
347.4378019999999765
11
537.8135859999999866
21
347.0378019999999992
0
LINE
8
BLACK
6
CONTINUOUS
10
538.4362039999999752
20
344.3452699999999709
11
538.8362039999999524
21
343.9452699999999936
0
LINE
8
BLACK
6
CONTINUOUS
10
538.8362039999999524
20
344.3452699999999709
11
538.4362039999999752
21
343.9452699999999936
0
LINE
8
BLACK
6
CONTINUOUS
10
538.4494529999999486
20
346.4497250000000008
11
538.8494529999999259
21
346.0497249999999667
0
LINE
8
BLACK
6
CONTINUOUS
10
538.8494529999999259
20
346.4497250000000008
11
538.4494529999999486
21
346.0497249999999667
0
LINE
8
BLACK
6
CONTINUOUS
10
539.0720739999999296
20
343.3571939999999927
11
539.4720740000000205
21
342.9571939999999586
0
LINE
8
BLACK
6
CONTINUOUS
10
539.4720740000000205
20
343.3571939999999927
11
539.0720739999999296
21
342.9571939999999586
0
LINE
8
BLACK
6
CONTINUOUS
10
539.0853240000000142
20
345.4616489999999658
11
539.4853239999999914
21
345.0616489999999885
0
LINE
8
BLACK
6
CONTINUOUS
10
539.4853239999999914
20
345.4616489999999658
11
539.0853240000000142
21
345.0616489999999885
0
LINE
8
BLACK
6
CONTINUOUS
10
539.3305080000000089
20
306.6483210000000099
11
539.7305079999999862
21
306.2483209999999758
0
LINE
8
BLACK
6
CONTINUOUS
10
539.7305079999999862
20
306.6483210000000099
11
539.3305080000000089
21
306.2483209999999758
0
LINE
8
BLACK
6
CONTINUOUS
10
539.7079420000000027
20
342.3691179999999576
11
540.10794199999998
21
341.9691179999999804
0
LINE
8
BLACK
6
CONTINUOUS
10
540.10794199999998
20
342.3691179999999576
11
539.7079420000000027
21
341.9691179999999804
0
LINE
8
BLACK
6
CONTINUOUS
10
539.7211919999999736
20
344.4735719999999901
11
540.1211919999999509
21
344.0735720000000128
0
LINE
8
BLACK
6
CONTINUOUS
10
540.1211919999999509
20
344.4735719999999901
11
539.7211919999999736
21
344.0735720000000128
0
LINE
8
BLACK
6
CONTINUOUS
10
539.9698609999999235
20
307.9191989999999919
11
540.3698610000000144
21
307.5191989999999578
0
LINE
8
BLACK
6
CONTINUOUS
10
540.3698610000000144
20
307.9191989999999919
11
539.9698609999999235
21
307.5191989999999578
0
LINE
8
BLACK
6
CONTINUOUS
10
540.0969169999999622
20
305.1589439999999627
11
540.4969169999999394
21
304.7589439999999854
0
LINE
8
BLACK
6
CONTINUOUS
10
540.4969169999999394
20
305.1589439999999627
11
540.0969169999999622
21
304.7589439999999854
0
LINE
8
BLACK
6
CONTINUOUS
10
540.3438119999999572
20
341.3810419999999795
11
540.7438119999999344
21
340.9810420000000022
0
LINE
8
BLACK
6
CONTINUOUS
10
540.7438119999999344
20
341.3810419999999795
11
540.3438119999999572
21
340.9810420000000022
0
LINE
8
BLACK
6
CONTINUOUS
10
540.357061999999928
20
343.4854949999999576
11
540.757062000000019
21
343.0854949999999803
0
LINE
8
BLACK
6
CONTINUOUS
10
540.757062000000019
20
343.4854949999999576
11
540.357061999999928
21
343.0854949999999803
0
LINE
8
BLACK
6
CONTINUOUS
10
540.7362699999999904
20
306.429822999999999
11
541.1362699999999677
21
306.0298229999999648
0
LINE
8
BLACK
6
CONTINUOUS
10
541.1362699999999677
20
306.429822999999999
11
540.7362699999999904
21
306.0298229999999648
0
LINE
8
BLACK
6
CONTINUOUS
10
540.8633239999999205
20
303.6695669999999723
11
541.2633240000000114
21
303.269566999999995
0
LINE
8
BLACK
6
CONTINUOUS
10
541.2633240000000114
20
303.6695669999999723
11
540.8633239999999205
21
303.269566999999995
0
LINE
8
BLACK
6
CONTINUOUS
10
540.9796810000000278
20
340.3929650000000038
11
541.379681000000005
21
339.9929649999999697
0
LINE
8
BLACK
6
CONTINUOUS
10
541.379681000000005
20
340.3929650000000038
11
540.9796810000000278
21
339.9929649999999697
0
LINE
8
BLACK
6
CONTINUOUS
10
540.9929309999999987
20
342.4974199999999769
11
541.3929309999999759
21
342.0974199999999996
0
LINE
8
BLACK
6
CONTINUOUS
10
541.3929309999999759
20
342.4974199999999769
11
540.9929309999999987
21
342.0974199999999996
0
LINE
8
BLACK
6
CONTINUOUS
10
541.5026789999999437
20
304.940447000000006
11
541.902678999999921
21
304.5404469999999719
0
LINE
8
BLACK
6
CONTINUOUS
10
541.902678999999921
20
304.940447000000006
11
541.5026789999999437
21
304.5404469999999719
0
LINE
8
BLACK
6
CONTINUOUS
10
541.6155509999999822
20
339.4048889999999687
11
542.0155509999999595
21
339.0048889999999915
0
LINE
8
BLACK
6
CONTINUOUS
10
542.0155509999999595
20
339.4048889999999687
11
541.6155509999999822
21
339.0048889999999915
0
LINE
8
BLACK
6
CONTINUOUS
10
541.6287999999999556
20
341.5093430000000012
11
542.0287999999999329
21
341.1093429999999671
0
LINE
8
BLACK
6
CONTINUOUS
10
542.0287999999999329
20
341.5093430000000012
11
541.6287999999999556
21
341.1093429999999671
0
LINE
8
BLACK
6
CONTINUOUS
10
541.6297339999999849
20
302.1801899999999819
11
542.0297339999999622
21
301.7801900000000046
0
LINE
8
BLACK
6
CONTINUOUS
10
542.0297339999999622
20
302.1801899999999819
11
541.6297339999999849
21
301.7801900000000046
0
LINE
8
BLACK
6
CONTINUOUS
10
542.2514199999999391
20
338.4168109999999956
11
542.6514200000000301
21
338.0168109999999615
0
LINE
8
BLACK
6
CONTINUOUS
10
542.6514200000000301
20
338.4168109999999956
11
542.2514199999999391
21
338.0168109999999615
0
LINE
8
BLACK
6
CONTINUOUS
10
542.2646700000000237
20
340.5212669999999662
11
542.664670000000001
21
340.1212669999999889
0
LINE
8
BLACK
6
CONTINUOUS
10
542.664670000000001
20
340.5212669999999662
11
542.2646700000000237
21
340.1212669999999889
0
LINE
8
BLACK
6
CONTINUOUS
10
542.2690860000000157
20
303.4510689999999613
11
542.669085999999993
21
303.051068999999984
0
LINE
8
BLACK
6
CONTINUOUS
10
542.669085999999993
20
303.4510689999999613
11
542.2690860000000157
21
303.051068999999984
0
LINE
8
BLACK
6
CONTINUOUS
10
542.3961419999999407
20
300.6908129999999915
11
542.7961420000000317
21
300.2908130000000142
0
LINE
8
BLACK
6
CONTINUOUS
10
542.7961420000000317
20
300.6908129999999915
11
542.3961419999999407
21
300.2908130000000142
0
LINE
8
BLACK
6
CONTINUOUS
10
542.8872900000000072
20
337.4287339999999631
11
543.2872899999999845
21
337.0287339999999858
0
LINE
8
BLACK
6
CONTINUOUS
10
543.2872899999999845
20
337.4287339999999631
11
542.8872900000000072
21
337.0287339999999858
0
LINE
8
BLACK
6
CONTINUOUS
10
542.9005379999999832
20
339.5331899999999905
11
543.3005379999999604
21
339.1331899999999564
0
LINE
8
BLACK
6
CONTINUOUS
10
543.3005379999999604
20
339.5331899999999905
11
542.9005379999999832
21
339.1331899999999564
0
LINE
8
BLACK
6
CONTINUOUS
10
543.0354959999999664
20
301.9616929999999684
11
543.4354959999999437
21
301.5616929999999911
0
LINE
8
BLACK
6
CONTINUOUS
10
543.4354959999999437
20
301.9616929999999684
11
543.0354959999999664
21
301.5616929999999911
0
LINE
8
BLACK
6
CONTINUOUS
10
543.1625510000000077
20
299.2014360000000011
11
543.5625509999999849
21
298.801435999999967
0
LINE
8
BLACK
6
CONTINUOUS
10
543.5625509999999849
20
299.2014360000000011
11
543.1625510000000077
21
298.801435999999967
0
LINE
8
BLACK
6
CONTINUOUS
10
543.5231579999999667
20
336.4406579999999849
11
543.923157999999944
21
336.0406580000000076
0
LINE
8
BLACK
6
CONTINUOUS
10
543.923157999999944
20
336.4406579999999849
11
543.5231579999999667
21
336.0406580000000076
0
LINE
8
BLACK
6
CONTINUOUS
10
543.5364089999999351
20
338.545112999999958
11
543.936409000000026
21
338.1451129999999807
0
LINE
8
BLACK
6
CONTINUOUS
10
543.936409000000026
20
338.545112999999958
11
543.5364089999999351
21
338.1451129999999807
0
LINE
8
BLACK
6
CONTINUOUS
10
543.8019029999999248
20
300.472315999999978
11
544.2019030000000157
21
300.0723160000000007
0
LINE
8
BLACK
6
CONTINUOUS
10
544.2019030000000157
20
300.472315999999978
11
543.8019029999999248
21
300.0723160000000007
0
LINE
8
BLACK
6
CONTINUOUS
10
543.9289609999999584
20
297.7120610000000056
11
544.3289609999999357
21
297.3120609999999715
0
LINE
8
BLACK
6
CONTINUOUS
10
544.3289609999999357
20
297.7120610000000056
11
543.9289609999999584
21
297.3120609999999715
0
LINE
8
BLACK
6
CONTINUOUS
10
544.1590279999999211
20
335.4525810000000092
11
544.5590280000000121
21
335.0525809999999751
0
LINE
8
BLACK
6
CONTINUOUS
10
544.5590280000000121
20
335.4525810000000092
11
544.1590279999999211
21
335.0525809999999751
0
LINE
8
BLACK
6
CONTINUOUS
10
544.1722770000000082
20
337.5570359999999823
11
544.5722769999999855
21
337.1570360000000051
0
LINE
8
BLACK
6
CONTINUOUS
10
544.5722769999999855
20
337.5570359999999823
11
544.1722770000000082
21
337.1570360000000051
0
LINE
8
BLACK
6
CONTINUOUS
10
544.5683119999999917
20
298.982939999999985
11
544.968311999999969
21
298.5829400000000078
0
LINE
8
BLACK
6
CONTINUOUS
10
544.968311999999969
20
298.982939999999985
11
544.5683119999999917
21
298.5829400000000078
0
LINE
8
BLACK
6
CONTINUOUS
10
544.6953680000000304
20
296.2226829999999609
11
545.0953680000000077
21
295.8226829999999836
0
LINE
8
BLACK
6
CONTINUOUS
10
545.0953680000000077
20
296.2226829999999609
11
544.6953680000000304
21
295.8226829999999836
0
LINE
8
BLACK
6
CONTINUOUS
10
544.7948949999999968
20
334.4645049999999742
11
545.1948949999999741
21
334.0645049999999969
0
LINE
8
BLACK
6
CONTINUOUS
10
545.1948949999999741
20
334.4645049999999742
11
544.7948949999999968
21
334.0645049999999969
0
LINE
8
BLACK
6
CONTINUOUS
10
544.8081469999999626
20
336.5689600000000041
11
545.2081469999999399
21
336.16895999999997
0
LINE
8
BLACK
6
CONTINUOUS
10
545.2081469999999399
20
336.5689600000000041
11
544.8081469999999626
21
336.16895999999997
0
LINE
8
BLACK
6
CONTINUOUS
10
545.3347219999999425
20
297.4935629999999946
11
545.7347219999999197
21
297.0935629999999605
0
LINE
8
BLACK
6
CONTINUOUS
10
545.7347219999999197
20
297.4935629999999946
11
545.3347219999999425
21
297.0935629999999605
0
LINE
8
BLACK
6
CONTINUOUS
10
545.4307669999999462
20
333.4764279999999985
11
545.8307669999999234
21
333.0764279999999644
0
LINE
8
BLACK
6
CONTINUOUS
10
545.8307669999999234
20
333.4764279999999985
11
545.4307669999999462
21
333.0764279999999644
0
LINE
8
BLACK
6
CONTINUOUS
10
545.4440159999999196
20
335.5808829999999716
11
545.8440160000000105
21
335.1808829999999944
0
LINE
8
BLACK
6
CONTINUOUS
10
545.8440160000000105
20
335.5808829999999716
11
545.4440159999999196
21
335.1808829999999944
0
LINE
8
BLACK
6
CONTINUOUS
10
545.4617769999999837
20
294.733306999999968
11
545.8617769999999609
21
294.3333069999999907
0
LINE
8
BLACK
6
CONTINUOUS
10
545.8617769999999609
20
294.733306999999968
11
545.4617769999999837
21
294.3333069999999907
0
LINE
8
BLACK
6
CONTINUOUS
10
546.0666340000000218
20
332.488350999999966
11
546.4666339999999991
21
332.0883509999999887
0
LINE
8
BLACK
6
CONTINUOUS
10
546.4666339999999991
20
332.488350999999966
11
546.0666340000000218
21
332.0883509999999887
0
LINE
8
BLACK
6
CONTINUOUS
10
546.0798859999999877
20
334.5928069999999934
11
546.479885999999965
21
334.1928069999999593
0
LINE
8
BLACK
6
CONTINUOUS
10
546.479885999999965
20
334.5928069999999934
11
546.0798859999999877
21
334.1928069999999593
0
LINE
8
BLACK
6
CONTINUOUS
10
546.1011290000000145
20
296.0041870000000017
11
546.5011289999999917
21
295.6041869999999676
0
LINE
8
BLACK
6
CONTINUOUS
10
546.5011289999999917
20
296.0041870000000017
11
546.1011290000000145
21
295.6041869999999676
0
LINE
8
BLACK
6
CONTINUOUS
10
546.2281859999999369
20
293.2439299999999776
11
546.6281860000000279
21
292.8439300000000003
0
LINE
8
BLACK
6
CONTINUOUS
10
546.6281860000000279
20
293.2439299999999776
11
546.2281859999999369
21
292.8439300000000003
0
LINE
8
BLACK
6
CONTINUOUS
10
546.7025039999999763
20
331.5002759999999853
11
547.1025039999999535
21
331.100276000000008
0
LINE
8
BLACK
6
CONTINUOUS
10
547.1025039999999535
20
331.5002759999999853
11
546.7025039999999763
21
331.100276000000008
0
LINE
8
BLACK
6
CONTINUOUS
10
546.7157529999999497
20
333.6047299999999609
11
547.1157529999999269
21
333.2047299999999836
0
LINE
8
BLACK
6
CONTINUOUS
10
547.1157529999999269
20
333.6047299999999609
11
546.7157529999999497
21
333.2047299999999836
0
LINE
8
BLACK
6
CONTINUOUS
10
546.8675389999999652
20
294.5148090000000138
11
547.2675389999999425
21
294.1148089999999797
0
LINE
8
BLACK
6
CONTINUOUS
10
547.2675389999999425
20
294.5148090000000138
11
546.8675389999999652
21
294.1148089999999797
0
LINE
8
BLACK
6
CONTINUOUS
10
546.9945940000000064
20
291.7545519999999897
11
547.3945939999999837
21
291.3545520000000124
0
LINE
8
BLACK
6
CONTINUOUS
10
547.3945939999999837
20
291.7545519999999897
11
546.9945940000000064
21
291.3545520000000124
0
LINE
8
BLACK
6
CONTINUOUS
10
547.3383729999999332
20
330.5121990000000096
11
547.7383730000000241
21
330.1121989999999755
0
LINE
8
BLACK
6
CONTINUOUS
10
547.7383730000000241
20
330.5121990000000096
11
547.3383729999999332
21
330.1121989999999755
0
LINE
8
BLACK
6
CONTINUOUS
10
547.3516240000000153
20
332.6166539999999827
11
547.7516239999999925
21
332.2166540000000055
0
LINE
8
BLACK
6
CONTINUOUS
10
547.7516239999999925
20
332.6166539999999827
11
547.3516240000000153
21
332.2166540000000055
0
LINE
8
BLACK
6
CONTINUOUS
10
547.633946999999921
20
293.0254339999999615
11
548.0339470000000119
21
292.6254339999999843
0
LINE
8
BLACK
6
CONTINUOUS
10
548.0339470000000119
20
293.0254339999999615
11
547.633946999999921
21
292.6254339999999843
0
LINE
8
BLACK
6
CONTINUOUS
10
547.7610039999999572
20
290.2651769999999942
11
548.1610039999999344
21
289.8651769999999601
0
LINE
8
BLACK
6
CONTINUOUS
10
548.1610039999999344
20
290.2651769999999942
11
547.7610039999999572
21
289.8651769999999601
0
LINE
8
BLACK
6
CONTINUOUS
10
547.9874909999999772
20
331.628577000000007
11
548.3874909999999545
21
331.2285769999999729
0
LINE
8
BLACK
6
CONTINUOUS
10
548.3874909999999545
20
331.628577000000007
11
547.9874909999999772
21
331.2285769999999729
0
LINE
8
BLACK
6
CONTINUOUS
10
548.4003549999999905
20
291.5360559999999737
11
548.8003549999999677
21
291.1360559999999964
0
LINE
8
BLACK
6
CONTINUOUS
10
548.8003549999999677
20
291.5360559999999737
11
548.4003549999999905
21
291.1360559999999964
0
LINE
8
BLACK
6
CONTINUOUS
10
548.5274100000000317
20
288.7757990000000063
11
548.9274100000000089
21
288.3757989999999722
0
LINE
8
BLACK
6
CONTINUOUS
10
548.9274100000000089
20
288.7757990000000063
11
548.5274100000000317
21
288.3757989999999722
0
LINE
8
BLACK
6
CONTINUOUS
10
549.1667649999999412
20
290.0466799999999807
11
549.5667649999999185
21
289.6466800000000035
0
LINE
8
BLACK
6
CONTINUOUS
10
549.5667649999999185
20
290.0466799999999807
11
549.1667649999999412
21
289.6466800000000035
0
LINE
8
BLACK
6
CONTINUOUS
10
549.2938199999999824
20
287.2864240000000109
11
549.6938199999999597
21
286.8864239999999768
0
LINE
8
BLACK
6
CONTINUOUS
10
549.6938199999999597
20
287.2864240000000109
11
549.2938199999999824
21
286.8864239999999768
0
LINE
8
BLACK
6
CONTINUOUS
10
549.9331720000000132
20
288.5573019999999929
11
550.3331719999999905
21
288.1573019999999588
0
LINE
8
BLACK
6
CONTINUOUS
10
550.3331719999999905
20
288.5573019999999929
11
549.9331720000000132
21
288.1573019999999588
0
LINE
8
BLACK
6
CONTINUOUS
10
550.0602289999999357
20
285.7970469999999636
11
550.4602290000000266
21
285.3970469999999864
0
LINE
8
BLACK
6
CONTINUOUS
10
550.4602290000000266
20
285.7970469999999636
11
550.0602289999999357
21
285.3970469999999864
0
LINE
8
BLACK
6
CONTINUOUS
10
550.6995809999999665
20
287.0679259999999999
11
551.0995809999999437
21
286.6679259999999658
0
LINE
8
BLACK
6
CONTINUOUS
10
551.0995809999999437
20
287.0679259999999999
11
550.6995809999999665
21
286.6679259999999658
0
LINE
8
BLACK
6
CONTINUOUS
10
550.8266360000000077
20
284.3076709999999707
11
551.226635999999985
21
283.9076709999999935
0
LINE
8
BLACK
6
CONTINUOUS
10
551.226635999999985
20
284.3076709999999707
11
550.8266360000000077
21
283.9076709999999935
0
LINE
8
BLACK
6
CONTINUOUS
10
551.4659899999999197
20
285.5785490000000095
11
551.8659900000000107
21
285.1785489999999754
0
LINE
8
BLACK
6
CONTINUOUS
10
551.8659900000000107
20
285.5785490000000095
11
551.4659899999999197
21
285.1785489999999754
0
LINE
8
BLACK
6
CONTINUOUS
10
551.5930469999999559
20
282.8182939999999803
11
551.9930469999999332
21
282.4182940000000031
0
LINE
8
BLACK
6
CONTINUOUS
10
551.9930469999999332
20
282.8182939999999803
11
551.5930469999999559
21
282.4182940000000031
0
LINE
8
BLACK
6
CONTINUOUS
10
552.2323979999999892
20
284.0891719999999623
11
552.6323979999999665
21
283.689171999999985
0
LINE
8
BLACK
6
CONTINUOUS
10
552.6323979999999665
20
284.0891719999999623
11
552.2323979999999892
21
283.689171999999985
0
LINE
8
BLACK
6
CONTINUOUS
10
552.3594540000000279
20
281.3289169999999899
11
552.7594540000000052
21
280.9289170000000126
0
LINE
8
BLACK
6
CONTINUOUS
10
552.7594540000000052
20
281.3289169999999899
11
552.3594540000000279
21
280.9289170000000126
0
LINE
8
BLACK
6
CONTINUOUS
10
552.9988069999999425
20
282.5997959999999694
11
553.3988069999999198
21
282.1997959999999921
0
LINE
8
BLACK
6
CONTINUOUS
10
553.3988069999999198
20
282.5997959999999694
11
552.9988069999999425
21
282.1997959999999921
0
LINE
8
BLACK
6
CONTINUOUS
10
553.1258619999999837
20
279.8395399999999995
11
553.525861999999961
21
279.4395399999999654
0
LINE
8
BLACK
6
CONTINUOUS
10
553.525861999999961
20
279.8395399999999995
11
553.1258619999999837
21
279.4395399999999654
0
LINE
8
BLACK
6
CONTINUOUS
10
553.765215000000012
20
281.110418999999979
11
554.1652149999999892
21
280.7104190000000017
0
LINE
8
BLACK
6
CONTINUOUS
10
554.1652149999999892
20
281.110418999999979
11
553.765215000000012
21
280.7104190000000017
0
LINE
8
BLACK
6
CONTINUOUS
10
553.892270999999937
20
278.3501630000000091
11
554.2922710000000279
21
277.950162999999975
0
LINE
8
BLACK
6
CONTINUOUS
10
554.2922710000000279
20
278.3501630000000091
11
553.892270999999937
21
277.950162999999975
0
LINE
8
BLACK
6
CONTINUOUS
10
554.5316229999999678
20
279.621042999999986
11
554.931622999999945
21
279.2210430000000088
0
LINE
8
BLACK
6
CONTINUOUS
10
554.931622999999945
20
279.621042999999986
11
554.5316229999999678
21
279.2210430000000088
0
LINE
8
BLACK
6
CONTINUOUS
10
554.6586790000000065
20
276.8607859999999619
11
555.0586789999999837
21
276.4607859999999846
0
LINE
8
BLACK
6
CONTINUOUS
10
555.0586789999999837
20
276.8607859999999619
11
554.6586790000000065
21
276.4607859999999846
0
LINE
8
BLACK
6
CONTINUOUS
10
555.2980340000000297
20
278.1316659999999956
11
555.6980340000000069
21
277.7316659999999615
0
LINE
8
BLACK
6
CONTINUOUS
10
555.6980340000000069
20
278.1316659999999956
11
555.2980340000000297
21
277.7316659999999615
0
LINE
8
BLACK
6
CONTINUOUS
10
555.4250889999999572
20
275.3714099999999689
11
555.8250889999999345
21
274.9714099999999917
0
LINE
8
BLACK
6
CONTINUOUS
10
555.8250889999999345
20
275.3714099999999689
11
555.4250889999999572
21
274.9714099999999917
0
LINE
8
BLACK
6
CONTINUOUS
10
556.0644399999999905
20
276.6422900000000027
11
556.4644399999999678
21
276.2422899999999686
0
LINE
8
BLACK
6
CONTINUOUS
10
556.4644399999999678
20
276.6422900000000027
11
556.0644399999999905
21
276.2422899999999686
0
LINE
8
BLACK
6
CONTINUOUS
10
556.1914960000000292
20
273.882033999999976
11
556.5914960000000065
21
273.4820339999999987
0
LINE
8
BLACK
6
CONTINUOUS
10
556.5914960000000065
20
273.882033999999976
11
556.1914960000000292
21
273.4820339999999987
0
LINE
8
BLACK
6
CONTINUOUS
10
556.8308499999999412
20
275.1529130000000123
11
557.2308499999999185
21
274.7529129999999782
0
LINE
8
BLACK
6
CONTINUOUS
10
557.2308499999999185
20
275.1529130000000123
11
556.8308499999999412
21
274.7529129999999782
0
LINE
8
BLACK
6
CONTINUOUS
10
556.9579049999999825
20
272.3926549999999907
11
557.3579049999999597
21
271.9926550000000134
0
LINE
8
BLACK
6
CONTINUOUS
10
557.3579049999999597
20
272.3926549999999907
11
556.9579049999999825
21
271.9926550000000134
0
LINE
8
BLACK
6
CONTINUOUS
10
557.5972580000000107
20
273.6635349999999676
11
557.997257999999988
21
273.2635349999999903
0
LINE
8
BLACK
6
CONTINUOUS
10
557.997257999999988
20
273.6635349999999676
11
557.5972580000000107
21
273.2635349999999903
0
LINE
8
BLACK
6
CONTINUOUS
10
557.7243149999999332
20
270.9032799999999952
11
558.1243150000000242
21
270.5032799999999611
0
LINE
8
BLACK
6
CONTINUOUS
10
558.1243150000000242
20
270.9032799999999952
11
557.7243149999999332
21
270.5032799999999611
0
LINE
8
BLACK
6
CONTINUOUS
10
558.3636659999999665
20
272.1741589999999746
11
558.7636659999999438
21
271.7741589999999974
0
LINE
8
BLACK
6
CONTINUOUS
10
558.7636659999999438
20
272.1741589999999746
11
558.3636659999999665
21
271.7741589999999974
0
LINE
8
BLACK
6
CONTINUOUS
10
558.4907220000000052
20
269.4139030000000048
11
558.8907219999999825
21
269.0139029999999707
0
LINE
8
BLACK
6
CONTINUOUS
10
558.8907219999999825
20
269.4139030000000048
11
558.4907220000000052
21
269.0139029999999707
0
LINE
8
BLACK
6
CONTINUOUS
10
559.1300770000000284
20
270.6847829999999817
11
559.5300770000000057
21
270.2847830000000044
0
LINE
8
BLACK
6
CONTINUOUS
10
559.5300770000000057
20
270.6847829999999817
11
559.1300770000000284
21
270.2847830000000044
0
LINE
8
BLACK
6
CONTINUOUS
10
559.2571309999999585
20
267.9245270000000119
11
559.6571309999999357
21
267.5245269999999778
0
LINE
8
BLACK
6
CONTINUOUS
10
559.6571309999999357
20
267.9245270000000119
11
559.2571309999999585
21
267.5245269999999778
0
LINE
8
BLACK
6
CONTINUOUS
10
559.8964829999999893
20
269.1954049999999938
11
560.2964829999999665
21
268.7954049999999597
0
LINE
8
BLACK
6
CONTINUOUS
10
560.2964829999999665
20
269.1954049999999938
11
559.8964829999999893
21
268.7954049999999597
0
LINE
8
BLACK
6
CONTINUOUS
10
559.9384489999999914
20
308.6280259999999771
11
560.3384489999999687
21
308.2280259999999998
0
LINE
8
BLACK
6
CONTINUOUS
10
560.3384489999999687
20
308.6280259999999771
11
559.9384489999999914
21
308.2280259999999998
0
LINE
8
BLACK
6
CONTINUOUS
10
560.0235400000000254
20
266.4351499999999646
11
560.4235400000000027
21
266.0351499999999874
0
LINE
8
BLACK
6
CONTINUOUS
10
560.4235400000000027
20
266.4351499999999646
11
560.0235400000000254
21
266.0351499999999874
0
LINE
8
BLACK
6
CONTINUOUS
10
560.4760769999999184
20
307.5832389999999918
11
560.8760770000000093
21
307.1832389999999577
0
LINE
8
BLACK
6
CONTINUOUS
10
560.8760770000000093
20
307.5832389999999918
11
560.4760769999999184
21
307.1832389999999577
0
LINE
8
BLACK
6
CONTINUOUS
10
560.66289299999994
20
267.7060290000000009
11
561.062893000000031
21
267.3060289999999668
0
LINE
8
BLACK
6
CONTINUOUS
10
561.062893000000031
20
267.7060290000000009
11
560.66289299999994
21
267.3060289999999668
0
LINE
8
BLACK
6
CONTINUOUS
10
560.6921919999999773
20
309.6766099999999824
11
561.0921919999999545
21
309.2766100000000051
0
LINE
8
BLACK
6
CONTINUOUS
10
561.0921919999999545
20
309.6766099999999824
11
560.6921919999999773
21
309.2766100000000051
0
LINE
8
BLACK
6
CONTINUOUS
10
560.7899469999999837
20
264.9457739999999717
11
561.189946999999961
21
264.5457739999999944
0
LINE
8
BLACK
6
CONTINUOUS
10
561.189946999999961
20
264.9457739999999717
11
560.7899469999999837
21
264.5457739999999944
0
LINE
8
BLACK
6
CONTINUOUS
10
561.0137089999999489
20
306.5384540000000015
11
561.4137089999999262
21
306.1384539999999674
0
LINE
8
BLACK
6
CONTINUOUS
10
561.4137089999999262
20
306.5384540000000015
11
561.0137089999999489
21
306.1384539999999674
0
LINE
8
BLACK
6
CONTINUOUS
10
561.2298190000000204
20
308.6318239999999946
11
561.6298189999999977
21
308.2318239999999605
0
LINE
8
BLACK
6
CONTINUOUS
10
561.6298189999999977
20
308.6318239999999946
11
561.2298190000000204
21
308.2318239999999605
0
LINE
8
BLACK
6
CONTINUOUS
10
561.4293010000000095
20
266.216653000000008
11
561.8293009999999867
21
265.8166529999999739
0
LINE
8
BLACK
6
CONTINUOUS
10
561.8293009999999867
20
266.216653000000008
11
561.4293010000000095
21
265.8166529999999739
0
LINE
8
BLACK
6
CONTINUOUS
10
561.551337999999987
20
305.4936669999999594
11
561.9513379999999643
21
305.0936669999999822
0
LINE
8
BLACK
6
CONTINUOUS
10
561.9513379999999643
20
305.4936669999999594
11
561.551337999999987
21
305.0936669999999822
0
LINE
8
BLACK
6
CONTINUOUS
10
561.556357999999932
20
263.4563969999999813
11
561.9563580000000229
21
263.056397000000004
0
LINE
8
BLACK
6
CONTINUOUS
10
561.9563580000000229
20
263.4563969999999813
11
561.556357999999932
21
263.056397000000004
0
LINE
8
BLACK
6
CONTINUOUS
10
561.7674509999999373
20
307.5870380000000068
11
562.1674510000000282
21
307.1870379999999727
0
LINE
8
BLACK
6
CONTINUOUS
10
562.1674510000000282
20
307.5870380000000068
11
561.7674509999999373
21
307.1870379999999727
0
LINE
8
BLACK
6
CONTINUOUS
10
562.0889680000000226
20
304.4488799999999742
11
562.4889679999999998
21
304.0488799999999969
0
LINE
8
BLACK
6
CONTINUOUS
10
562.4889679999999998
20
304.4488799999999742
11
562.0889680000000226
21
304.0488799999999969
0
LINE
8
BLACK
6
CONTINUOUS
10
562.1957089999999653
20
264.7272739999999658
11
562.5957089999999425
21
264.3272739999999885
0
LINE
8
BLACK
6
CONTINUOUS
10
562.5957089999999425
20
264.7272739999999658
11
562.1957089999999653
21
264.3272739999999885
0
LINE
8
BLACK
6
CONTINUOUS
10
562.3050799999999754
20
306.5422509999999647
11
562.7050799999999526
21
306.1422509999999875
0
LINE
8
BLACK
6
CONTINUOUS
10
562.7050799999999526
20
306.5422509999999647
11
562.3050799999999754
21
306.1422509999999875
0
LINE
8
BLACK
6
CONTINUOUS
10
562.322765000000004
20
261.9670189999999934
11
562.7227649999999812
21
261.5670190000000161
0
LINE
8
BLACK
6
CONTINUOUS
10
562.7227649999999812
20
261.9670189999999934
11
562.322765000000004
21
261.5670190000000161
0
LINE
8
BLACK
6
CONTINUOUS
10
562.6265979999999445
20
303.4040919999999915
11
563.0265979999999217
21
303.0040920000000142
0
LINE
8
BLACK
6
CONTINUOUS
10
563.0265979999999217
20
303.4040919999999915
11
562.6265979999999445
21
303.0040920000000142
0
LINE
8
BLACK
6
CONTINUOUS
10
562.842710000000011
20
305.4974639999999795
11
563.2427099999999882
21
305.0974640000000022
0
LINE
8
BLACK
6
CONTINUOUS
10
563.2427099999999882
20
305.4974639999999795
11
562.842710000000011
21
305.0974640000000022
0
LINE
8
BLACK
6
CONTINUOUS
10
562.9621190000000297
20
263.2378999999999678
11
563.362119000000007
21
262.8378999999999905
0
LINE
8
BLACK
6
CONTINUOUS
10
563.362119000000007
20
263.2378999999999678
11
562.9621190000000297
21
262.8378999999999905
0
LINE
8
BLACK
6
CONTINUOUS
10
563.0891739999999572
20
260.4776430000000005
11
563.4891739999999345
21
260.0776429999999664
0
LINE
8
BLACK
6
CONTINUOUS
10
563.4891739999999345
20
260.4776430000000005
11
563.0891739999999572
21
260.0776429999999664
0
LINE
8
BLACK
6
CONTINUOUS
10
563.1642279999999801
20
302.3593060000000037
11
563.5642279999999573
21
301.9593059999999696
0
LINE
8
BLACK
6
CONTINUOUS
10
563.5642279999999573
20
302.3593060000000037
11
563.1642279999999801
21
301.9593059999999696
0
LINE
8
BLACK
6
CONTINUOUS
10
563.3803399999999328
20
304.4526779999999917
11
563.7803400000000238
21
304.0526780000000144
0
LINE
8
BLACK
6
CONTINUOUS
10
563.7803400000000238
20
304.4526779999999917
11
563.3803399999999328
21
304.0526780000000144
0
LINE
8
BLACK
6
CONTINUOUS
10
563.7018590000000131
20
301.3145199999999591
11
564.1018589999999904
21
300.9145199999999818
0
LINE
8
BLACK
6
CONTINUOUS
10
564.1018589999999904
20
301.3145199999999591
11
563.7018590000000131
21
300.9145199999999818
0
LINE
8
BLACK
6
CONTINUOUS
10
563.7285269999999855
20
261.7485219999999799
11
564.1285269999999628
21
261.3485220000000027
0
LINE
8
BLACK
6
CONTINUOUS
10
564.1285269999999628
20
261.7485219999999799
11
563.7285269999999855
21
261.3485220000000027
0
LINE
8
BLACK
6
CONTINUOUS
10
563.9179709999999659
20
303.4078890000000115
11
564.3179709999999432
21
303.0078889999999774
0
LINE
8
BLACK
6
CONTINUOUS
10
564.3179709999999432
20
303.4078890000000115
11
563.9179709999999659
21
303.0078889999999774
0
LINE
8
BLACK
6
CONTINUOUS
10
564.2394879999999375
20
300.2697329999999738
11
564.6394880000000285
21
299.8697329999999965
0
LINE
8
BLACK
6
CONTINUOUS
10
564.6394880000000285
20
300.2697329999999738
11
564.2394879999999375
21
299.8697329999999965
0
LINE
8
BLACK
6
CONTINUOUS
10
564.455600000000004
20
302.3631029999999669
11
564.8555999999999813
21
301.9631029999999896
0
LINE
8
BLACK
6
CONTINUOUS
10
564.8555999999999813
20
302.3631029999999669
11
564.455600000000004
21
301.9631029999999896
0
LINE
8
BLACK
6
CONTINUOUS
10
564.7771179999999731
20
299.2249459999999885
11
565.1771179999999504
21
298.8249460000000113
0
LINE
8
BLACK
6
CONTINUOUS
10
565.1771179999999504
20
299.2249459999999885
11
564.7771179999999731
21
298.8249460000000113
0
LINE
8
BLACK
6
CONTINUOUS
10
564.9932299999999259
20
301.3183169999999791
11
565.3932300000000168
21
300.9183170000000018
0
LINE
8
BLACK
6
CONTINUOUS
10
565.3932300000000168
20
301.3183169999999791
11
564.9932299999999259
21
300.9183170000000018
0
LINE
8
BLACK
6
CONTINUOUS
10
565.3147470000000112
20
298.1801600000000008
11
565.7147469999999885
21
297.7801599999999667
0
LINE
8
BLACK
6
CONTINUOUS
10
565.7147469999999885
20
298.1801600000000008
11
565.3147470000000112
21
297.7801599999999667
0
LINE
8
BLACK
6
CONTINUOUS
10
565.5308609999999589
20
300.2735309999999913
11
565.9308609999999362
21
299.873531000000014
0
LINE
8
BLACK
6
CONTINUOUS
10
565.9308609999999362
20
300.2735309999999913
11
565.5308609999999589
21
299.873531000000014
0
LINE
8
BLACK
6
CONTINUOUS
10
565.8523779999999306
20
297.135374000000013
11
566.2523780000000215
21
296.7353739999999789
0
LINE
8
BLACK
6
CONTINUOUS
10
566.2523780000000215
20
297.135374000000013
11
565.8523779999999306
21
296.7353739999999789
0
LINE
8
BLACK
6
CONTINUOUS
10
566.0684899999999971
20
299.2287440000000061
11
566.4684899999999743
21
298.8287439999999719
0
LINE
8
BLACK
6
CONTINUOUS
10
566.4684899999999743
20
299.2287440000000061
11
566.0684899999999971
21
298.8287439999999719
0
LINE
8
BLACK
6
CONTINUOUS
10
566.3900069999999687
20
296.0905869999999709
11
566.7900069999999459
21
295.6905869999999936
0
LINE
8
BLACK
6
CONTINUOUS
10
566.7900069999999459
20
296.0905869999999709
11
566.3900069999999687
21
295.6905869999999936
0
LINE
8
BLACK
6
CONTINUOUS
10
566.6061199999999189
20
298.1839579999999614
11
567.0061200000000099
21
297.7839579999999842
0
LINE
8
BLACK
6
CONTINUOUS
10
567.0061200000000099
20
298.1839579999999614
11
566.6061199999999189
21
297.7839579999999842
0
LINE
8
BLACK
6
CONTINUOUS
10
566.6528650000000198
20
252.5322079999999971
11
567.0528649999999971
21
252.1322079999999914
0
LINE
8
BLACK
6
CONTINUOUS
10
567.0528649999999971
20
252.5322079999999971
11
566.6528650000000198
21
252.1322079999999914
0
LINE
8
BLACK
6
CONTINUOUS
10
566.9276380000000017
20
295.0458009999999831
11
567.327637999999979
21
294.6458010000000058
0
LINE
8
BLACK
6
CONTINUOUS
10
567.327637999999979
20
295.0458009999999831
11
566.9276380000000017
21
294.6458010000000058
0
LINE
8
BLACK
6
CONTINUOUS
10
567.1437489999999571
20
297.1391709999999762
11
567.5437489999999343
21
296.7391709999999989
0
LINE
8
BLACK
6
CONTINUOUS
10
567.5437489999999343
20
297.1391709999999762
11
567.1437489999999571
21
296.7391709999999989
0
LINE
8
BLACK
6
CONTINUOUS
10
567.2705720000000156
20
250.9752659999999764
11
567.6705719999999928
21
250.5752659999999992
0
LINE
8
BLACK
6
CONTINUOUS
10
567.6705719999999928
20
250.9752659999999764
11
567.2705720000000156
21
250.5752659999999992
0
LINE
8
BLACK
6
CONTINUOUS
10
567.4129550000000108
20
253.7347739999999874
11
567.8129549999999881
21
253.3347739999999817
0
LINE
8
BLACK
6
CONTINUOUS
10
567.8129549999999881
20
253.7347739999999874
11
567.4129550000000108
21
253.3347739999999817
0
LINE
8
BLACK
6
CONTINUOUS
10
567.4652669999999262
20
294.0010130000000004
11
567.8652670000000171
21
293.6010129999999663
0
LINE
8
BLACK
6
CONTINUOUS
10
567.8652670000000171
20
294.0010130000000004
11
567.4652669999999262
21
293.6010129999999663
0
LINE
8
BLACK
6
CONTINUOUS
10
567.6813799999999901
20
296.0943849999999884
11
568.0813799999999674
21
295.6943850000000111
0
LINE
8
BLACK
6
CONTINUOUS
10
568.0813799999999674
20
296.0943849999999884
11
567.6813799999999901
21
295.6943850000000111
0
LINE
8
BLACK
6
CONTINUOUS
10
567.8882770000000164
20
249.4183269999999766
11
568.2882769999999937
21
249.0183269999999993
0
LINE
8
BLACK
6
CONTINUOUS
10
568.2882769999999937
20
249.4183269999999766
11
567.8882770000000164
21
249.0183269999999993
0
LINE
8
BLACK
6
CONTINUOUS
10
568.0028979999999592
20
292.9562260000000151
11
568.4028979999999365
21
292.556225999999981
0
LINE
8
BLACK
6
CONTINUOUS
10
568.4028979999999365
20
292.9562260000000151
11
568.0028979999999592
21
292.556225999999981
0
LINE
8
BLACK
6
CONTINUOUS
10
568.0306630000000041
20
252.1778339999999901
11
568.4306629999999814
21
251.7778339999999844
0
LINE
8
BLACK
6
CONTINUOUS
10
568.4306629999999814
20
252.1778339999999901
11
568.0306630000000041
21
251.7778339999999844
0
LINE
8
BLACK
6
CONTINUOUS
10
568.2190080000000307
20
295.0495970000000057
11
568.619008000000008
21
294.6495969999999716
0
LINE
8
BLACK
6
CONTINUOUS
10
568.619008000000008
20
295.0495970000000057
11
568.2190080000000307
21
294.6495969999999716
0
LINE
8
BLACK
6
CONTINUOUS
10
568.5059850000000097
20
247.8613849999999843
11
568.9059849999999869
21
247.4613849999999786
0
LINE
8
BLACK
6
CONTINUOUS
10
568.9059849999999869
20
247.8613849999999843
11
568.5059850000000097
21
247.4613849999999786
0
LINE
8
BLACK
6
CONTINUOUS
10
568.5405259999999998
20
291.911438999999973
11
568.9405259999999771
21
291.5114389999999958
0
LINE
8
BLACK
6
CONTINUOUS
10
568.9405259999999771
20
291.911438999999973
11
568.5405259999999998
21
291.5114389999999958
0
LINE
8
BLACK
6
CONTINUOUS
10
568.6483699999999999
20
250.6208939999999927
11
569.0483699999999772
21
250.220893999999987
0
LINE
8
BLACK
6
CONTINUOUS
10
569.0483699999999772
20
250.6208939999999927
11
568.6483699999999999
21
250.220893999999987
0
LINE
8
BLACK
6
CONTINUOUS
10
568.7566399999999476
20
294.004810999999961
11
569.1566399999999248
21
293.6048109999999838
0
LINE
8
BLACK
6
CONTINUOUS
10
569.1566399999999248
20
294.004810999999961
11
568.7566399999999476
21
293.6048109999999838
0
LINE
8
BLACK
6
CONTINUOUS
10
569.0781569999999192
20
290.8666529999999852
11
569.4781570000000102
21
290.466653000000008
0
LINE
8
BLACK
6
CONTINUOUS
10
569.4781570000000102
20
290.8666529999999852
11
569.0781569999999192
21
290.466653000000008
0
LINE
8
BLACK
6
CONTINUOUS
10
569.123691000000008
20
246.304444999999987
11
569.5236909999999853
21
245.9044449999999813
0
LINE
8
BLACK
6
CONTINUOUS
10
569.5236909999999853
20
246.304444999999987
11
569.123691000000008
21
245.9044449999999813
0
LINE
8
BLACK
6
CONTINUOUS
10
569.2660750000000007
20
249.0639520000000005
11
569.666074999999978
21
248.6639519999999948
0
LINE
8
BLACK
6
CONTINUOUS
10
569.666074999999978
20
249.0639520000000005
11
569.2660750000000007
21
248.6639519999999948
0
LINE
8
BLACK
6
CONTINUOUS
10
569.2942679999999882
20
292.9600229999999783
11
569.6942679999999655
21
292.560023000000001
0
LINE
8
BLACK
6
CONTINUOUS
10
569.6942679999999655
20
292.9600229999999783
11
569.2942679999999882
21
292.560023000000001
0
LINE
8
BLACK
6
CONTINUOUS
10
569.6157869999999548
20
289.821866
11
570.015786999999932
21
289.4218659999999659
0
LINE
8
BLACK
6
CONTINUOUS
10
570.015786999999932
20
289.821866
11
569.6157869999999548
21
289.4218659999999659
0
LINE
8
BLACK
6
CONTINUOUS
10
569.7413970000000063
20
244.7475039999999922
11
570.1413969999999836
21
244.3475039999999865
0
LINE
8
BLACK
6
CONTINUOUS
10
570.1413969999999836
20
244.7475039999999922
11
569.7413970000000063
21
244.3475039999999865
0
LINE
8
BLACK
6
CONTINUOUS
10
569.8319000000000187
20
291.915237999999988
11
570.231899999999996
21
291.5152380000000107
0
LINE
8
BLACK
6
CONTINUOUS
10
570.231899999999996
20
291.915237999999988
11
569.8319000000000187
21
291.5152380000000107
0
LINE
8
BLACK
6
CONTINUOUS
10
569.883782999999994
20
247.5070119999999747
11
570.2837829999999713
21
247.1070119999999974
0
LINE
8
BLACK
6
CONTINUOUS
10
570.2837829999999713
20
247.5070119999999747
11
569.883782999999994
21
247.1070119999999974
0
LINE
8
BLACK
6
CONTINUOUS
10
570.1534159999999929
20
288.7770800000000122
11
570.5534159999999702
21
288.3770799999999781
0
LINE
8
BLACK
6
CONTINUOUS
10
570.5534159999999702
20
288.7770800000000122
11
570.1534159999999929
21
288.3770799999999781
0
LINE
8
BLACK
6
CONTINUOUS
10
570.359105999999997
20
243.1905649999999923
11
570.7591059999999743
21
242.7905649999999866
0
LINE
8
BLACK
6
CONTINUOUS
10
570.7591059999999743
20
243.1905649999999923
11
570.359105999999997
21
242.7905649999999866
0
LINE
8
BLACK
6
CONTINUOUS
10
570.3695279999999457
20
290.8704500000000053
11
570.7695279999999229
21
290.4704499999999712
0
LINE
8
BLACK
6
CONTINUOUS
10
570.7695279999999229
20
290.8704500000000053
11
570.3695279999999457
21
290.4704499999999712
0
LINE
8
BLACK
6
CONTINUOUS
10
570.5014879999999948
20
245.9500719999999774
11
570.9014879999999721
21
245.5500720000000001
0
LINE
8
BLACK
6
CONTINUOUS
10
570.9014879999999721
20
245.9500719999999774
11
570.5014879999999948
21
245.5500720000000001
0
LINE
8
BLACK
6
CONTINUOUS
10
570.6910470000000259
20
287.7322939999999676
11
571.0910470000000032
21
287.3322939999999903
0
LINE
8
BLACK
6
CONTINUOUS
10
571.0910470000000032
20
287.7322939999999676
11
570.6910470000000259
21
287.3322939999999903
0
LINE
8
BLACK
6
CONTINUOUS
10
570.9071589999999787
20
289.8256639999999607
11
571.307158999999956
21
289.4256639999999834
0
LINE
8
BLACK
6
CONTINUOUS
10
571.307158999999956
20
289.8256639999999607
11
570.9071589999999787
21
289.4256639999999834
0
LINE
8
BLACK
6
CONTINUOUS
10
570.9768109999999979
20
241.633623
11
571.3768109999999751
21
241.2336229999999944
0
LINE
8
BLACK
6
CONTINUOUS
10
571.3768109999999751
20
241.633623
11
570.9768109999999979
21
241.2336229999999944
0
LINE
8
BLACK
6
CONTINUOUS
10
571.1191939999999931
20
244.3931319999999801
11
571.5191939999999704
21
243.9931320000000028
0
LINE
8
BLACK
6
CONTINUOUS
10
571.5191939999999704
20
244.3931319999999801
11
571.1191939999999931
21
243.9931320000000028
0
LINE
8
BLACK
6
CONTINUOUS
10
571.2286759999999504
20
286.6875069999999823
11
571.6286759999999276
21
286.2875070000000051
0
LINE
8
BLACK
6
CONTINUOUS
10
571.6286759999999276
20
286.6875069999999823
11
571.2286759999999504
21
286.2875070000000051
0
LINE
8
BLACK
6
CONTINUOUS
10
571.4447880000000168
20
288.7808779999999729
11
571.8447879999999941
21
288.3808779999999956
0
LINE
8
BLACK
6
CONTINUOUS
10
571.8447879999999941
20
288.7808779999999729
11
571.4447880000000168
21
288.3808779999999956
0
LINE
8
BLACK
6
CONTINUOUS
10
571.5945179999999937
20
240.0766830000000027
11
571.9945179999999709
21
239.676682999999997
0
LINE
8
BLACK
6
CONTINUOUS
10
571.9945179999999709
20
240.0766830000000027
11
571.5945179999999937
21
239.676682999999997
0
LINE
8
BLACK
6
CONTINUOUS
10
571.7369029999999839
20
242.8361909999999853
11
572.1369029999999611
21
242.4361909999999796
0
LINE
8
BLACK
6
CONTINUOUS
10
572.1369029999999611
20
242.8361909999999853
11
571.7369029999999839
21
242.4361909999999796
0
LINE
8
BLACK
6
CONTINUOUS
10
571.7663069999999834
20
285.6427209999999945
11
572.1663069999999607
21
285.2427209999999604
0
LINE
8
BLACK
6
CONTINUOUS
10
572.1663069999999607
20
285.6427209999999945
11
571.7663069999999834
21
285.2427209999999604
0
LINE
8
BLACK
6
CONTINUOUS
10
571.9824179999999387
20
287.7360919999999851
11
572.3824180000000297
21
287.3360920000000078
0
LINE
8
BLACK
6
CONTINUOUS
10
572.3824180000000297
20
287.7360919999999851
11
571.9824179999999387
21
287.3360920000000078
0
LINE
8
BLACK
6
CONTINUOUS
10
572.2122249999999894
20
238.519742999999977
11
572.6122249999999667
21
238.1197429999999997
0
LINE
8
BLACK
6
CONTINUOUS
10
572.6122249999999667
20
238.519742999999977
11
572.2122249999999894
21
238.1197429999999997
0
LINE
8
BLACK
6
CONTINUOUS
10
572.3039360000000215
20
284.5979330000000118
11
572.7039359999999988
21
284.1979329999999777
0
LINE
8
BLACK
6
CONTINUOUS
10
572.7039359999999988
20
284.5979330000000118
11
572.3039360000000215
21
284.1979329999999777
0
LINE
8
BLACK
6
CONTINUOUS
10
572.3546079999999847
20
241.2792509999999879
11
572.754607999999962
21
240.8792509999999822
0
LINE
8
BLACK
6
CONTINUOUS
10
572.754607999999962
20
241.2792509999999879
11
572.3546079999999847
21
240.8792509999999822
0
LINE
8
BLACK
6
CONTINUOUS
10
572.5200489999999718
20
286.6913049999999998
11
572.920048999999949
21
286.2913049999999657
0
LINE
8
BLACK
6
CONTINUOUS
10
572.920048999999949
20
286.6913049999999998
11
572.5200489999999718
21
286.2913049999999657
0
LINE
8
BLACK
6
CONTINUOUS
10
572.8299309999999878
20
236.9628009999999847
11
573.229930999999965
21
236.562800999999979
0
LINE
8
BLACK
6
CONTINUOUS
10
573.229930999999965
20
236.9628009999999847
11
572.8299309999999878
21
236.562800999999979
0
LINE
8
BLACK
6
CONTINUOUS
10
572.8415669999999409
20
283.5531459999999697
11
573.2415669999999182
21
283.1531459999999925
0
LINE
8
BLACK
6
CONTINUOUS
10
573.2415669999999182
20
283.5531459999999697
11
572.8415669999999409
21
283.1531459999999925
0
LINE
8
BLACK
6
CONTINUOUS
10
572.972315999999978
20
239.7223099999999931
11
573.3723159999999552
21
239.3223099999999874
0
LINE
8
BLACK
6
CONTINUOUS
10
573.3723159999999552
20
239.7223099999999931
11
572.972315999999978
21
239.3223099999999874
0
LINE
8
BLACK
6
CONTINUOUS
10
573.0576780000000099
20
285.6465180000000146
11
573.4576779999999872
21
285.2465179999999805
0
LINE
8
BLACK
6
CONTINUOUS
10
573.4576779999999872
20
285.6465180000000146
11
573.0576780000000099
21
285.2465179999999805
0
LINE
8
BLACK
6
CONTINUOUS
10
573.379195999999979
20
282.5083599999999819
11
573.7791959999999563
21
282.1083600000000047
0
LINE
8
BLACK
6
CONTINUOUS
10
573.7791959999999563
20
282.5083599999999819
11
573.379195999999979
21
282.1083600000000047
0
LINE
8
BLACK
6
CONTINUOUS
10
573.447638999999981
20
235.4058619999999848
11
573.8476389999999583
21
235.0058619999999792
0
LINE
8
BLACK
6
CONTINUOUS
10
573.8476389999999583
20
235.4058619999999848
11
573.447638999999981
21
235.0058619999999792
0
LINE
8
BLACK
6
CONTINUOUS
10
573.5900219999999763
20
238.1653709999999933
11
573.9900219999999536
21
237.7653709999999876
0
LINE
8
BLACK
6
CONTINUOUS
10
573.9900219999999536
20
238.1653709999999933
11
573.5900219999999763
21
237.7653709999999876
0
LINE
8
BLACK
6
CONTINUOUS
10
573.5953089999999293
20
284.6017309999999725
11
573.9953090000000202
21
284.2017309999999952
0
LINE
8
BLACK
6
CONTINUOUS
10
573.9953090000000202
20
284.6017309999999725
11
573.5953089999999293
21
284.2017309999999952
0
LINE
8
BLACK
6
CONTINUOUS
10
573.916827000000012
20
281.4635739999999942
11
574.3168269999999893
21
281.0635739999999601
0
LINE
8
BLACK
6
CONTINUOUS
10
574.3168269999999893
20
281.4635739999999942
11
573.916827000000012
21
281.0635739999999601
0
LINE
8
BLACK
6
CONTINUOUS
10
574.0653429999999844
20
233.84892099999999
11
574.4653429999999616
21
233.4489209999999844
0
LINE
8
BLACK
6
CONTINUOUS
10
574.4653429999999616
20
233.84892099999999
11
574.0653429999999844
21
233.4489209999999844
0
LINE
8
BLACK
6
CONTINUOUS
10
574.1329379999999674
20
283.5569439999999872
11
574.5329379999999446
21
283.15694400000001
0
LINE
8
BLACK
6
CONTINUOUS
10
574.5329379999999446
20
283.5569439999999872
11
574.1329379999999674
21
283.15694400000001
0
LINE
8
BLACK
6
CONTINUOUS
10
574.2077279999999746
20
236.608429000000001
11
574.6077279999999519
21
236.2084289999999953
0
LINE
8
BLACK
6
CONTINUOUS
10
574.6077279999999519
20
236.608429000000001
11
574.2077279999999746
21
236.2084289999999953
0
LINE
8
BLACK
6
CONTINUOUS
10
574.4544539999999415
20
280.4187870000000089
11
574.8544539999999188
21
280.0187869999999748
0
LINE
8
BLACK
6
CONTINUOUS
10
574.8544539999999188
20
280.4187870000000089
11
574.4544539999999415
21
280.0187869999999748
0
LINE
8
BLACK
6
CONTINUOUS
10
574.6705690000000004
20
282.5121579999999994
11
575.0705689999999777
21
282.1121579999999653
0
LINE
8
BLACK
6
CONTINUOUS
10
575.0705689999999777
20
282.5121579999999994
11
574.6705690000000004
21
282.1121579999999653
0
LINE
8
BLACK
6
CONTINUOUS
10
574.6830509999999776
20
232.2919819999999902
11
575.0830509999999549
21
231.8919819999999845
0
LINE
8
BLACK
6
CONTINUOUS
10
575.0830509999999549
20
232.2919819999999902
11
574.6830509999999776
21
231.8919819999999845
0
LINE
8
BLACK
6
CONTINUOUS
10
574.8254359999999679
20
235.0514889999999752
11
575.2254359999999451
21
234.651488999999998
0
LINE
8
BLACK
6
CONTINUOUS
10
575.2254359999999451
20
235.0514889999999752
11
574.8254359999999679
21
234.651488999999998
0
LINE
8
BLACK
6
CONTINUOUS
10
574.992085999999972
20
279.3739999999999668
11
575.3920859999999493
21
278.9739999999999895
0
LINE
8
BLACK
6
CONTINUOUS
10
575.3920859999999493
20
279.3739999999999668
11
574.992085999999972
21
278.9739999999999895
0
LINE
8
BLACK
6
CONTINUOUS
10
575.2081979999999248
20
281.4673710000000142
11
575.6081980000000158
21
281.0673709999999801
0
LINE
8
BLACK
6
CONTINUOUS
10
575.6081980000000158
20
281.4673710000000142
11
575.2081979999999248
21
281.0673709999999801
0
LINE
8
BLACK
6
CONTINUOUS
10
575.3007579999999734
20
230.7350409999999954
11
575.7007579999999507
21
230.3350409999999897
0
LINE
8
BLACK
6
CONTINUOUS
10
575.7007579999999507
20
230.7350409999999954
11
575.3007579999999734
21
230.3350409999999897
0
LINE
8
BLACK
6
CONTINUOUS
10
575.4431409999999687
20
233.4945479999999804
11
575.843140999999946
21
233.0945480000000032
0
LINE
8
BLACK
6
CONTINUOUS
10
575.843140999999946
20
233.4945479999999804
11
575.4431409999999687
21
233.0945480000000032
0
LINE
8
BLACK
6
CONTINUOUS
10
575.5297140000000127
20
278.329213999999979
11
575.9297139999999899
21
277.9292140000000018
0
LINE
8
BLACK
6
CONTINUOUS
10
575.9297139999999899
20
278.329213999999979
11
575.5297140000000127
21
277.9292140000000018
0
LINE
8
BLACK
6
CONTINUOUS
10
575.7458289999999579
20
280.4225849999999696
11
576.1458289999999351
21
280.0225849999999923
0
LINE
8
BLACK
6
CONTINUOUS
10
576.1458289999999351
20
280.4225849999999696
11
575.7458289999999579
21
280.0225849999999923
0
LINE
8
BLACK
6
CONTINUOUS
10
575.9184629999999743
20
229.1781009999999981
11
576.3184629999999515
21
228.7781009999999924
0
LINE
8
BLACK
6
CONTINUOUS
10
576.3184629999999515
20
229.1781009999999981
11
575.9184629999999743
21
228.7781009999999924
0
LINE
8
BLACK
6
CONTINUOUS
10
576.060848999999962
20
231.9376079999999831
11
576.4608489999999392
21
231.5376079999999774
0
LINE
8
BLACK
6
CONTINUOUS
10
576.4608489999999392
20
231.9376079999999831
11
576.060848999999962
21
231.5376079999999774
0
LINE
8
BLACK
6
CONTINUOUS
10
576.0673459999999295
20
277.2844279999999912
11
576.4673460000000205
21
276.884428000000014
0
LINE
8
BLACK
6
CONTINUOUS
10
576.4673460000000205
20
277.2844279999999912
11
576.0673459999999295
21
276.884428000000014
0
LINE
8
BLACK
6
CONTINUOUS
10
576.283456000000001
20
279.3777979999999843
11
576.6834559999999783
21
278.9777980000000071
0
LINE
8
BLACK
6
CONTINUOUS
10
576.6834559999999783
20
279.3777979999999843
11
576.283456000000001
21
278.9777980000000071
0
LINE
8
BLACK
6
CONTINUOUS
10
576.536171999999965
20
227.6211600000000033
11
576.9361719999999423
21
227.2211599999999976
0
LINE
8
BLACK
6
CONTINUOUS
10
576.9361719999999423
20
227.6211600000000033
11
576.536171999999965
21
227.2211599999999976
0
LINE
8
BLACK
6
CONTINUOUS
10
576.6049749999999676
20
276.239641000000006
11
577.0049749999999449
21
275.8396409999999719
0
LINE
8
BLACK
6
CONTINUOUS
10
577.0049749999999449
20
276.239641000000006
11
576.6049749999999676
21
275.8396409999999719
0
LINE
8
BLACK
6
CONTINUOUS
10
576.6785549999999603
20
230.3806669999999883
11
577.0785549999999375
21
229.9806669999999826
0
LINE
8
BLACK
6
CONTINUOUS
10
577.0785549999999375
20
230.3806669999999883
11
576.6785549999999603
21
229.9806669999999826
0
LINE
8
BLACK
6
CONTINUOUS
10
576.8210879999999179
20
278.3330119999999965
11
577.2210880000000088
21
277.9330119999999624
0
LINE
8
BLACK
6
CONTINUOUS
10
577.2210880000000088
20
278.3330119999999965
11
576.8210879999999179
21
277.9330119999999624
0
LINE
8
BLACK
6
CONTINUOUS
10
577.1538769999999658
20
226.06421899999998
11
577.5538769999999431
21
225.6642190000000028
0
LINE
8
BLACK
6
CONTINUOUS
10
577.5538769999999431
20
226.06421899999998
11
577.1538769999999658
21
225.6642190000000028
0
LINE
8
BLACK
6
CONTINUOUS
10
577.2962609999999586
20
228.823726999999991
11
577.6962609999999358
21
228.4237269999999853
0
LINE
8
BLACK
6
CONTINUOUS
10
577.6962609999999358
20
228.823726999999991
11
577.2962609999999586
21
228.4237269999999853
0
LINE
8
BLACK
6
CONTINUOUS
10
577.3587159999999585
20
277.2882250000000113
11
577.7587159999999358
21
276.8882249999999772
0
LINE
8
BLACK
6
CONTINUOUS
10
577.7587159999999358
20
277.2882250000000113
11
577.3587159999999585
21
276.8882249999999772
0
LINE
8
BLACK
6
CONTINUOUS
10
577.7715829999999642
20
224.5072779999999852
11
578.1715829999999414
21
224.1072779999999796
0
LINE
8
BLACK
6
CONTINUOUS
10
578.1715829999999414
20
224.5072779999999852
11
577.7715829999999642
21
224.1072779999999796
0
LINE
8
BLACK
6
CONTINUOUS
10
577.9139679999999544
20
227.2667869999999937
11
578.3139679999999316
21
226.866786999999988
0
LINE
8
BLACK
6
CONTINUOUS
10
578.3139679999999316
20
227.2667869999999937
11
577.9139679999999544
21
226.866786999999988
0
LINE
8
BLACK
6
CONTINUOUS
10
578.3892909999999574
20
222.9503379999999879
11
578.7892909999999347
21
222.5503379999999822
0
LINE
8
BLACK
6
CONTINUOUS
10
578.7892909999999347
20
222.9503379999999879
11
578.3892909999999574
21
222.5503379999999822
0
LINE
8
BLACK
6
CONTINUOUS
10
578.5316739999999527
20
225.7098459999999989
11
578.9316739999999299
21
225.3098459999999932
0
LINE
8
BLACK
6
CONTINUOUS
10
578.9316739999999299
20
225.7098459999999989
11
578.5316739999999527
21
225.3098459999999932
0
LINE
8
BLACK
6
CONTINUOUS
10
579.0069959999999583
20
221.3933979999999906
11
579.4069959999999355
21
220.9933979999999849
0
LINE
8
BLACK
6
CONTINUOUS
10
579.4069959999999355
20
221.3933979999999906
11
579.0069959999999583
21
220.9933979999999849
0
LINE
8
BLACK
6
CONTINUOUS
10
579.149379999999951
20
224.1529060000000015
11
579.5493799999999283
21
223.7529059999999959
0
LINE
8
BLACK
6
CONTINUOUS
10
579.5493799999999283
20
224.1529060000000015
11
579.149379999999951
21
223.7529059999999959
0
LINE
8
BLACK
6
CONTINUOUS
10
579.6247039999999515
20
219.8364569999999958
11
580.0247039999999288
21
219.4364569999999901
0
LINE
8
BLACK
6
CONTINUOUS
10
580.0247039999999288
20
219.8364569999999958
11
579.6247039999999515
21
219.4364569999999901
0
LINE
8
BLACK
6
CONTINUOUS
10
579.7670889999999417
20
222.5959659999999758
11
580.167088999999919
21
222.1959659999999985
0
LINE
8
BLACK
6
CONTINUOUS
10
580.167088999999919
20
222.5959659999999758
11
579.7670889999999417
21
222.1959659999999985
0
LINE
8
BLACK
6
CONTINUOUS
10
580.2424089999999524
20
218.2795179999999959
11
580.6424089999999296
21
217.8795179999999903
0
LINE
8
BLACK
6
CONTINUOUS
10
580.6424089999999296
20
218.2795179999999959
11
580.2424089999999524
21
217.8795179999999903
0
LINE
8
BLACK
6
CONTINUOUS
10
580.3847929999999451
20
221.039024999999981
11
580.7847929999999224
21
220.6390250000000037
0
LINE
8
BLACK
6
CONTINUOUS
10
580.7847929999999224
20
221.039024999999981
11
580.3847929999999451
21
220.6390250000000037
0
LINE
8
BLACK
6
CONTINUOUS
10
580.8601159999999481
20
216.7225749999999778
11
581.2601159999999254
21
216.3225750000000005
0
LINE
8
BLACK
6
CONTINUOUS
10
581.2601159999999254
20
216.7225749999999778
11
580.8601159999999481
21
216.3225750000000005
0
LINE
8
BLACK
6
CONTINUOUS
10
581.0025009999999384
20
219.4820839999999862
11
581.4025010000000293
21
219.0820839999999805
0
LINE
8
BLACK
6
CONTINUOUS
10
581.4025010000000293
20
219.4820839999999862
11
581.0025009999999384
21
219.0820839999999805
0
LINE
8
BLACK
6
CONTINUOUS
10
581.4778249999999389
20
215.1656359999999779
11
581.8778250000000298
21
214.7656360000000006
0
LINE
8
BLACK
6
CONTINUOUS
10
581.8778250000000298
20
215.1656359999999779
11
581.4778249999999389
21
214.7656360000000006
0
LINE
8
BLACK
6
CONTINUOUS
10
581.6202069999999367
20
217.9251429999999914
11
582.0202070000000276
21
217.5251429999999857
0
LINE
8
BLACK
6
CONTINUOUS
10
582.0202070000000276
20
217.9251429999999914
11
581.6202069999999367
21
217.5251429999999857
0
LINE
8
BLACK
6
CONTINUOUS
10
582.0955289999999422
20
213.6086949999999831
11
582.4955289999999195
21
213.2086949999999774
0
LINE
8
BLACK
6
CONTINUOUS
10
582.4955289999999195
20
213.6086949999999831
11
582.0955289999999422
21
213.2086949999999774
0
LINE
8
BLACK
6
CONTINUOUS
10
582.2379139999999325
20
216.3682029999999941
11
582.6379140000000234
21
215.9682029999999884
0
LINE
8
BLACK
6
CONTINUOUS
10
582.6379140000000234
20
216.3682029999999941
11
582.2379139999999325
21
215.9682029999999884
0
LINE
8
BLACK
6
CONTINUOUS
10
582.713235999999938
20
212.0517559999999833
11
583.113236000000029
21
211.6517559999999776
0
LINE
8
BLACK
6
CONTINUOUS
10
583.113236000000029
20
212.0517559999999833
11
582.713235999999938
21
211.6517559999999776
0
LINE
8
BLACK
6
CONTINUOUS
10
582.8556219999999257
20
214.8112629999999967
11
583.2556220000000167
21
214.4112629999999911
0
LINE
8
BLACK
6
CONTINUOUS
10
583.2556220000000167
20
214.8112629999999967
11
582.8556219999999257
21
214.4112629999999911
0
LINE
8
BLACK
6
CONTINUOUS
10
583.3309429999999338
20
210.4948149999999885
11
583.7309430000000248
21
210.0948149999999828
0
LINE
8
BLACK
6
CONTINUOUS
10
583.7309430000000248
20
210.4948149999999885
11
583.3309429999999338
21
210.0948149999999828
0
LINE
8
BLACK
6
CONTINUOUS
10
583.4733269999999266
20
213.2543220000000019
11
583.8733270000000175
21
212.8543219999999963
0
LINE
8
BLACK
6
CONTINUOUS
10
583.8733270000000175
20
213.2543220000000019
11
583.4733269999999266
21
212.8543219999999963
0
LINE
8
BLACK
6
CONTINUOUS
10
583.9486489999999321
20
208.9378749999999911
11
584.3486490000000231
21
208.5378749999999854
0
LINE
8
BLACK
6
CONTINUOUS
10
584.3486490000000231
20
208.9378749999999911
11
583.9486489999999321
21
208.5378749999999854
0
LINE
8
BLACK
6
CONTINUOUS
10
584.0910339999999223
20
211.6973820000000046
11
584.4910340000000133
21
211.2973819999999989
0
LINE
8
BLACK
6
CONTINUOUS
10
584.4910340000000133
20
211.6973820000000046
11
584.0910339999999223
21
211.2973819999999989
0
LINE
8
BLACK
6
CONTINUOUS
10
584.5663579999999229
20
207.3809339999999963
11
584.9663580000000138
21
206.9809339999999906
0
LINE
8
BLACK
6
CONTINUOUS
10
584.9663580000000138
20
207.3809339999999963
11
584.5663579999999229
21
206.9809339999999906
0
LINE
8
BLACK
6
CONTINUOUS
10
584.7087409999999181
20
210.1404419999999789
11
585.1087410000000091
21
209.7404420000000016
0
LINE
8
BLACK
6
CONTINUOUS
10
585.1087410000000091
20
210.1404419999999789
11
584.7087409999999181
21
209.7404420000000016
0
LINE
8
BLACK
6
CONTINUOUS
10
585.1840619999999262
20
205.8239930000000015
11
585.5840620000000172
21
205.4239929999999958
0
LINE
8
BLACK
6
CONTINUOUS
10
585.5840620000000172
20
205.8239930000000015
11
585.1840619999999262
21
205.4239929999999958
0
LINE
8
BLACK
6
CONTINUOUS
10
585.3264470000000301
20
208.5834999999999866
11
585.7264470000000074
21
208.1834999999999809
0
LINE
8
BLACK
6
CONTINUOUS
10
585.7264470000000074
20
208.5834999999999866
11
585.3264470000000301
21
208.1834999999999809
0
LINE
8
BLACK
6
CONTINUOUS
10
585.8017699999999195
20
204.2670530000000042
11
586.2017700000000104
21
203.8670529999999985
0
LINE
8
BLACK
6
CONTINUOUS
10
586.2017700000000104
20
204.2670530000000042
11
585.8017699999999195
21
203.8670529999999985
0
LINE
8
BLACK
6
CONTINUOUS
10
585.9441550000000234
20
207.0265609999999867
11
586.3441550000000007
21
206.626560999999981
0
LINE
8
BLACK
6
CONTINUOUS
10
586.3441550000000007
20
207.0265609999999867
11
585.9441550000000234
21
206.626560999999981
0
LINE
8
BLACK
6
CONTINUOUS
10
586.5618610000000217
20
205.4696199999999919
11
586.961860999999999
21
205.0696199999999862
0
LINE
8
BLACK
6
CONTINUOUS
10
586.961860999999999
20
205.4696199999999919
11
586.5618610000000217
21
205.0696199999999862
0
LINE
8
BLACK
6
CONTINUOUS
10
587.3556449999999813
20
252.4953840000000014
11
587.7556449999999586
21
252.0953839999999957
0
LINE
8
BLACK
6
CONTINUOUS
10
587.7556449999999586
20
252.4953840000000014
11
587.3556449999999813
21
252.0953839999999957
0
LINE
8
BLACK
6
CONTINUOUS
10
587.7889599999999746
20
251.4032019999999932
11
588.1889599999999518
21
251.0032019999999875
0
LINE
8
BLACK
6
CONTINUOUS
10
588.1889599999999518
20
251.4032019999999932
11
587.7889599999999746
21
251.0032019999999875
0
LINE
8
BLACK
6
CONTINUOUS
10
588.2079309999999168
20
253.4655719999999803
11
588.6079310000000078
21
253.0655719999999747
0
LINE
8
BLACK
6
CONTINUOUS
10
588.6079310000000078
20
253.4655719999999803
11
588.2079309999999168
21
253.0655719999999747
0
LINE
8
BLACK
6
CONTINUOUS
10
588.2222779999999602
20
250.3110209999999825
11
588.6222779999999375
21
249.9110209999999768
0
LINE
8
BLACK
6
CONTINUOUS
10
588.6222779999999375
20
250.3110209999999825
11
588.2222779999999602
21
249.9110209999999768
0
LINE
8
BLACK
6
CONTINUOUS
10
588.572228999999993
20
196.0269260000000031
11
588.9722289999999703
21
195.6269259999999974
0
LINE
8
BLACK
6
CONTINUOUS
10
588.9722289999999703
20
196.0269260000000031
11
588.572228999999993
21
195.6269259999999974
0
LINE
8
BLACK
6
CONTINUOUS
10
588.6412460000000237
20
252.3733900000000006
11
589.041246000000001
21
251.9733899999999949
0
LINE
8
BLACK
6
CONTINUOUS
10
589.041246000000001
20
252.3733900000000006
11
588.6412460000000237
21
251.9733899999999949
0
LINE
8
BLACK
6
CONTINUOUS
10
588.6555939999999509
20
249.2188379999999768
11
589.0555939999999282
21
248.8188379999999995
0
LINE
8
BLACK
6
CONTINUOUS
10
589.0555939999999282
20
249.2188379999999768
11
588.6555939999999509
21
248.8188379999999995
0
LINE
8
BLACK
6
CONTINUOUS
10
589.0349079999999731
20
194.4170949999999891
11
589.4349079999999503
21
194.0170949999999834
0
LINE
8
BLACK
6
CONTINUOUS
10
589.4349079999999503
20
194.4170949999999891
11
589.0349079999999731
21
194.0170949999999834
0
LINE
8
BLACK
6
CONTINUOUS
10
589.0745640000000094
20
251.2812089999999898
11
589.4745639999999867
21
250.8812089999999841
0
LINE
8
BLACK
6
CONTINUOUS
10
589.4745639999999867
20
251.2812089999999898
11
589.0745640000000094
21
250.8812089999999841
0
LINE
8
BLACK
6
CONTINUOUS
10
589.0889099999999416
20
248.126655999999997
11
589.4889099999999189
21
247.7266559999999913
0
LINE
8
BLACK
6
CONTINUOUS
10
589.4889099999999189
20
248.126655999999997
11
589.0889099999999416
21
247.7266559999999913
0
LINE
8
BLACK
6
CONTINUOUS
10
589.4461459999999988
20
197.1494999999999891
11
589.8461459999999761
21
196.7494999999999834
0
LINE
8
BLACK
6
CONTINUOUS
10
589.8461459999999761
20
197.1494999999999891
11
589.4461459999999988
21
196.7494999999999834
0
LINE
8
BLACK
6
CONTINUOUS
10
589.4975859999999557
20
192.807265000000001
11
589.8975859999999329
21
192.4072649999999953
0
LINE
8
BLACK
6
CONTINUOUS
10
589.8975859999999329
20
192.807265000000001
11
589.4975859999999557
21
192.4072649999999953
0
LINE
8
BLACK
6
CONTINUOUS
10
589.5078800000000001
20
250.1890259999999842
11
589.9078799999999774
21
249.7890259999999785
0
LINE
8
BLACK
6
CONTINUOUS
10
589.9078799999999774
20
250.1890259999999842
11
589.5078800000000001
21
249.7890259999999785
0
LINE
8
BLACK
6
CONTINUOUS
10
589.5222269999999298
20
247.0344729999999913
11
589.9222270000000208
21
246.6344729999999856
0
LINE
8
BLACK
6
CONTINUOUS
10
589.9222270000000208
20
247.0344729999999913
11
589.5222269999999298
21
246.6344729999999856
0
LINE
8
BLACK
6
CONTINUOUS
10
589.9088249999999789
20
195.539670000000001
11
590.3088249999999562
21
195.1396699999999953
0
LINE
8
BLACK
6
CONTINUOUS
10
590.3088249999999562
20
195.539670000000001
11
589.9088249999999789
21
195.1396699999999953
0
LINE
8
BLACK
6
CONTINUOUS
10
589.9411959999999908
20
249.0968439999999759
11
590.3411959999999681
21
248.6968439999999987
0
LINE
8
BLACK
6
CONTINUOUS
10
590.3411959999999681
20
249.0968439999999759
11
589.9411959999999908
21
248.6968439999999987
0
LINE
8
BLACK
6
CONTINUOUS
10
589.955543999999918
20
245.9422909999999831
11
590.355544000000009
21
245.5422909999999774
0
LINE
8
BLACK
6
CONTINUOUS
10
590.355544000000009
20
245.9422909999999831
11
589.955543999999918
21
245.5422909999999774
0
LINE
8
BLACK
6
CONTINUOUS
10
589.9602659999999332
20
191.197433999999987
11
590.3602660000000242
21
190.7974339999999813
0
LINE
8
BLACK
6
CONTINUOUS
10
590.3602660000000242
20
191.197433999999987
11
589.9602659999999332
21
190.7974339999999813
0
LINE
8
BLACK
6
CONTINUOUS
10
590.3715049999999565
20
193.9298399999999845
11
590.7715049999999337
21
193.5298399999999788
0
LINE
8
BLACK
6
CONTINUOUS
10
590.7715049999999337
20
193.9298399999999845
11
590.3715049999999565
21
193.5298399999999788
0
LINE
8
BLACK
6
CONTINUOUS
10
590.374512999999979
20
248.0046619999999962
11
590.7745129999999563
21
247.6046619999999905
0
LINE
8
BLACK
6
CONTINUOUS
10
590.7745129999999563
20
248.0046619999999962
11
590.374512999999979
21
247.6046619999999905
0
LINE
8
BLACK
6
CONTINUOUS
10
590.3888610000000199
20
244.8501089999999749
11
590.7888609999999971
21
244.4501089999999976
0
LINE
8
BLACK
6
CONTINUOUS
10
590.7888609999999971
20
244.8501089999999749
11
590.3888610000000199
21
244.4501089999999976
0
LINE
8
BLACK
6
CONTINUOUS
10
590.4229440000000295
20
189.5876039999999989
11
590.8229440000000068
21
189.1876039999999932
0
LINE
8
BLACK
6
CONTINUOUS
10
590.8229440000000068
20
189.5876039999999989
11
590.4229440000000295
21
189.1876039999999932
0
LINE
8
BLACK
6
CONTINUOUS
10
590.8078299999999672
20
246.912477999999993
11
591.2078299999999444
21
246.5124779999999873
0
LINE
8
BLACK
6
CONTINUOUS
10
591.2078299999999444
20
246.912477999999993
11
590.8078299999999672
21
246.5124779999999873
0
LINE
8
BLACK
6
CONTINUOUS
10
590.8221770000000106
20
243.7579269999999951
11
591.2221769999999879
21
243.3579269999999894
0
LINE
8
BLACK
6
CONTINUOUS
10
591.2221769999999879
20
243.7579269999999951
11
590.8221770000000106
21
243.3579269999999894
0
LINE
8
BLACK
6
CONTINUOUS
10
590.8341819999999416
20
192.3200089999999989
11
591.2341819999999188
21
191.9200089999999932
0
LINE
8
BLACK
6
CONTINUOUS
10
591.2341819999999188
20
192.3200089999999989
11
590.8341819999999416
21
191.9200089999999932
0
LINE
8
BLACK
6
CONTINUOUS
10
590.8856230000000096
20
187.9777739999999824
11
591.2856229999999869
21
187.5777740000000051
0
LINE
8
BLACK
6
CONTINUOUS
10
591.2856229999999869
20
187.9777739999999824
11
590.8856230000000096
21
187.5777740000000051
0
LINE
8
BLACK
6
CONTINUOUS
10
591.2411459999999579
20
245.8202969999999823
11
591.6411459999999352
21
245.4202969999999766
0
LINE
8
BLACK
6
CONTINUOUS
10
591.6411459999999352
20
245.8202969999999823
11
591.2411459999999579
21
245.4202969999999766
0
LINE
8
BLACK
6
CONTINUOUS
10
591.2554949999999963
20
242.6657449999999869
11
591.6554949999999735
21
242.2657449999999812
0
LINE
8
BLACK
6
CONTINUOUS
10
591.6554949999999735
20
242.6657449999999869
11
591.2554949999999963
21
242.2657449999999812
0
LINE
8
BLACK
6
CONTINUOUS
10
591.2968619999999191
20
190.7101799999999798
11
591.6968620000000101
21
190.3101800000000026
0
LINE
8
BLACK
6
CONTINUOUS
10
591.6968620000000101
20
190.7101799999999798
11
591.2968619999999191
21
190.3101800000000026
0
LINE
8
BLACK
6
CONTINUOUS
10
591.3483039999999846
20
186.3679439999999943
11
591.7483039999999619
21
185.9679439999999886
0
LINE
8
BLACK
6
CONTINUOUS
10
591.7483039999999619
20
186.3679439999999943
11
591.3483039999999846
21
185.9679439999999886
0
LINE
8
BLACK
6
CONTINUOUS
10
591.6744629999999461
20
244.7281150000000025
11
592.0744629999999233
21
244.3281149999999968
0
LINE
8
BLACK
6
CONTINUOUS
10
592.0744629999999233
20
244.7281150000000025
11
591.6744629999999461
21
244.3281149999999968
0
LINE
8
BLACK
6
CONTINUOUS
10
591.6888099999999895
20
241.5735629999999787
11
592.0888099999999667
21
241.1735630000000015
0
LINE
8
BLACK
6
CONTINUOUS
10
592.0888099999999667
20
241.5735629999999787
11
591.6888099999999895
21
241.1735630000000015
0
LINE
8
BLACK
6
CONTINUOUS
10
591.7595400000000154
20
189.1003489999999942
11
592.1595399999999927
21
188.7003489999999886
0
LINE
8
BLACK
6
CONTINUOUS
10
592.1595399999999927
20
189.1003489999999942
11
591.7595400000000154
21
188.7003489999999886
0
LINE
8
BLACK
6
CONTINUOUS
10
591.8109809999999698
20
184.7581129999999803
11
592.210980999999947
21
184.358113000000003
0
LINE
8
BLACK
6
CONTINUOUS
10
592.210980999999947
20
184.7581129999999803
11
591.8109809999999698
21
184.358113000000003
0
LINE
8
BLACK
6
CONTINUOUS
10
592.1077799999999343
20
243.6359329999999943
11
592.5077800000000252
21
243.2359329999999886
0
LINE
8
BLACK
6
CONTINUOUS
10
592.5077800000000252
20
243.6359329999999943
11
592.1077799999999343
21
243.2359329999999886
0
LINE
8
BLACK
6
CONTINUOUS
10
592.1221269999999777
20
240.4813819999999964
11
592.5221269999999549
21
240.0813819999999907
0
LINE
8
BLACK
6
CONTINUOUS
10
592.5221269999999549
20
240.4813819999999964
11
592.1221269999999777
21
240.0813819999999907
0
LINE
8
BLACK
6
CONTINUOUS
10
592.2222189999999955
20
187.4905200000000036
11
592.6222189999999728
21
187.0905199999999979
0
LINE
8
BLACK
6
CONTINUOUS
10
592.6222189999999728
20
187.4905200000000036
11
592.2222189999999955
21
187.0905199999999979
0
LINE
8
BLACK
6
CONTINUOUS
10
592.2736599999999498
20
183.1482829999999922
11
592.6736599999999271
21
182.7482829999999865
0
LINE
8
BLACK
6
CONTINUOUS
10
592.6736599999999271
20
183.1482829999999922
11
592.2736599999999498
21
182.7482829999999865
0
LINE
8
BLACK
6
CONTINUOUS
10
592.541095999999925
20
242.5437509999999861
11
592.9410960000000159
21
242.1437509999999804
0
LINE
8
BLACK
6
CONTINUOUS
10
592.9410960000000159
20
242.5437509999999861
11
592.541095999999925
21
242.1437509999999804
0
LINE
8
BLACK
6
CONTINUOUS
10
592.5554429999999684
20
239.3891989999999907
11
592.9554429999999456
21
238.9891989999999851
0
LINE
8
BLACK
6
CONTINUOUS
10
592.9554429999999456
20
239.3891989999999907
11
592.5554429999999684
21
238.9891989999999851
0
LINE
8
BLACK
6
CONTINUOUS
10
592.6848999999999705
20
185.8806889999999896
11
593.0848999999999478
21
185.4806889999999839
0
LINE
8
BLACK
6
CONTINUOUS
10
593.0848999999999478
20
185.8806889999999896
11
592.6848999999999705
21
185.4806889999999839
0
LINE
8
BLACK
6
CONTINUOUS
10
592.7363389999999299
20
181.5384530000000041
11
593.1363390000000209
21
181.1384529999999984
0
LINE
8
BLACK
6
CONTINUOUS
10
593.1363390000000209
20
181.5384530000000041
11
592.7363389999999299
21
181.1384529999999984
0
LINE
8
BLACK
6
CONTINUOUS
10
592.9744130000000268
20
241.4515699999999754
11
593.3744130000000041
21
241.0515699999999981
0
LINE
8
BLACK
6
CONTINUOUS
10
593.3744130000000041
20
241.4515699999999754
11
592.9744130000000268
21
241.0515699999999981
0
LINE
8
BLACK
6
CONTINUOUS
10
592.9887599999999566
20
238.2970169999999825
11
593.3887599999999338
21
237.8970169999999769
0
LINE
8
BLACK
6
CONTINUOUS
10
593.3887599999999338
20
238.2970169999999825
11
592.9887599999999566
21
237.8970169999999769
0
LINE
8
BLACK
6
CONTINUOUS
10
593.1475759999999582
20
184.2708590000000015
11
593.5475759999999354
21
183.8708589999999958
0
LINE
8
BLACK
6
CONTINUOUS
10
593.5475759999999354
20
184.2708590000000015
11
593.1475759999999582
21
183.8708589999999958
0
LINE
8
BLACK
6
CONTINUOUS
10
593.1990170000000262
20
179.9286219999999901
11
593.5990170000000035
21
179.5286219999999844
0
LINE
8
BLACK
6
CONTINUOUS
10
593.5990170000000035
20
179.9286219999999901
11
593.1990170000000262
21
179.5286219999999844
0
LINE
8
BLACK
6
CONTINUOUS
10
593.4077290000000175
20
240.3593869999999981
11
593.8077289999999948
21
239.9593869999999924
0
LINE
8
BLACK
6
CONTINUOUS
10
593.8077289999999948
20
240.3593869999999981
11
593.4077290000000175
21
239.9593869999999924
0
LINE
8
BLACK
6
CONTINUOUS
10
593.4220759999999473
20
237.2048339999999769
11
593.8220759999999245
21
236.8048339999999996
0
LINE
8
BLACK
6
CONTINUOUS
10
593.8220759999999245
20
237.2048339999999769
11
593.4220759999999473
21
236.8048339999999996
0
LINE
8
BLACK
6
CONTINUOUS
10
593.6102559999999357
20
182.661028999999985
11
594.0102560000000267
21
182.2610289999999793
0
LINE
8
BLACK
6
CONTINUOUS
10
594.0102560000000267
20
182.661028999999985
11
593.6102559999999357
21
182.2610289999999793
0
LINE
8
BLACK
6
CONTINUOUS
10
593.6616980000000012
20
178.3187929999999994
11
594.0616979999999785
21
177.9187929999999938
0
LINE
8
BLACK
6
CONTINUOUS
10
594.0616979999999785
20
178.3187929999999994
11
593.6616980000000012
21
177.9187929999999938
0
LINE
8
BLACK
6
CONTINUOUS
10
593.8410460000000057
20
239.2672059999999874
11
594.241045999999983
21
238.8672059999999817
0
LINE
8
BLACK
6
CONTINUOUS
10
594.241045999999983
20
239.2672059999999874
11
593.8410460000000057
21
238.8672059999999817
0
LINE
8
BLACK
6
CONTINUOUS
10
593.8553939999999329
20
236.1126509999999996
11
594.2553940000000239
21
235.7126509999999939
0
LINE
8
BLACK
6
CONTINUOUS
10
594.2553940000000239
20
236.1126509999999996
11
593.8553939999999329
21
235.7126509999999939
0
LINE
8
BLACK
6
CONTINUOUS
10
594.0729350000000295
20
181.0511989999999969
11
594.4729350000000068
21
180.6511989999999912
0
LINE
8
BLACK
6
CONTINUOUS
10
594.4729350000000068
20
181.0511989999999969
11
594.0729350000000295
21
180.6511989999999912
0
LINE
8
BLACK
6
CONTINUOUS
10
594.1243739999999889
20
176.7089619999999854
11
594.5243739999999661
21
176.3089619999999798
0
LINE
8
BLACK
6
CONTINUOUS
10
594.5243739999999661
20
176.7089619999999854
11
594.1243739999999889
21
176.3089619999999798
0
LINE
8
BLACK
6
CONTINUOUS
10
594.274360999999999
20
238.1750229999999817
11
594.6743609999999762
21
237.775022999999976
0
LINE
8
BLACK
6
CONTINUOUS
10
594.6743609999999762
20
238.1750229999999817
11
594.274360999999999
21
237.775022999999976
0
LINE
8
BLACK
6
CONTINUOUS
10
594.2887089999999262
20
235.0204689999999914
11
594.6887090000000171
21
234.6204689999999857
0
LINE
8
BLACK
6
CONTINUOUS
10
594.6887090000000171
20
235.0204689999999914
11
594.2887089999999262
21
234.6204689999999857
0
LINE
8
BLACK
6
CONTINUOUS
10
594.5356130000000121
20
179.4413679999999829
11
594.9356129999999894
21
179.0413680000000056
0
LINE
8
BLACK
6
CONTINUOUS
10
594.9356129999999894
20
179.4413679999999829
11
594.5356130000000121
21
179.0413680000000056
0
LINE
8
BLACK
6
CONTINUOUS
10
594.5870539999999664
20
175.0991329999999948
11
594.9870539999999437
21
174.6991329999999891
0
LINE
8
BLACK
6
CONTINUOUS
10
594.9870539999999437
20
175.0991329999999948
11
594.5870539999999664
21
174.6991329999999891
0
LINE
8
BLACK
6
CONTINUOUS
10
594.7076799999999821
20
237.082839999999976
11
595.1076799999999594
21
236.6828399999999988
0
LINE
8
BLACK
6
CONTINUOUS
10
595.1076799999999594
20
237.082839999999976
11
594.7076799999999821
21
236.6828399999999988
0
LINE
8
BLACK
6
CONTINUOUS
10
594.722026000000028
20
233.9282879999999807
11
595.1220260000000053
21
233.5282880000000034
0
LINE
8
BLACK
6
CONTINUOUS
10
595.1220260000000053
20
233.9282879999999807
11
594.722026000000028
21
233.5282880000000034
0
LINE
8
BLACK
6
CONTINUOUS
10
594.9982939999999871
20
177.8315379999999948
11
595.3982939999999644
21
177.4315379999999891
0
LINE
8
BLACK
6
CONTINUOUS
10
595.3982939999999644
20
177.8315379999999948
11
594.9982939999999871
21
177.4315379999999891
0
LINE
8
BLACK
6
CONTINUOUS
10
595.0497329999999465
20
173.4893019999999808
11
595.4497329999999238
21
173.0893020000000035
0
LINE
8
BLACK
6
CONTINUOUS
10
595.4497329999999238
20
173.4893019999999808
11
595.0497329999999465
21
173.0893020000000035
0
LINE
8
BLACK
6
CONTINUOUS
10
595.1409949999999753
20
235.9906579999999963
11
595.5409949999999526
21
235.5906579999999906
0
LINE
8
BLACK
6
CONTINUOUS
10
595.5409949999999526
20
235.9906579999999963
11
595.1409949999999753
21
235.5906579999999906
0
LINE
8
BLACK
6
CONTINUOUS
10
595.1553430000000162
20
232.8361060000000009
11
595.5553429999999935
21
232.4361059999999952
0
LINE
8
BLACK
6
CONTINUOUS
10
595.5553429999999935
20
232.8361060000000009
11
595.1553430000000162
21
232.4361059999999952
0
LINE
8
BLACK
6
CONTINUOUS
10
595.4609709999999723
20
176.2217069999999808
11
595.8609709999999495
21
175.8217070000000035
0
LINE
8
BLACK
6
CONTINUOUS
10
595.8609709999999495
20
176.2217069999999808
11
595.4609709999999723
21
175.8217070000000035
0
LINE
8
BLACK
6
CONTINUOUS
10
595.5124109999999291
20
171.8794729999999902
11
595.9124110000000201
21
171.4794729999999845
0
LINE
8
BLACK
6
CONTINUOUS
10
595.9124110000000201
20
171.8794729999999902
11
595.5124109999999291
21
171.4794729999999845
0
LINE
8
BLACK
6
CONTINUOUS
10
595.574312999999961
20
234.8984759999999881
11
595.9743129999999383
21
234.4984759999999824
0
LINE
8
BLACK
6
CONTINUOUS
10
595.9743129999999383
20
234.8984759999999881
11
595.574312999999961
21
234.4984759999999824
0
LINE
8
BLACK
6
CONTINUOUS
10
595.5886590000000069
20
231.7439239999999927
11
595.9886589999999842
21
231.343923999999987
0
LINE
8
BLACK
6
CONTINUOUS
10
595.9886589999999842
20
231.7439239999999927
11
595.5886590000000069
21
231.343923999999987
0
LINE
8
BLACK
6
CONTINUOUS
10
595.9236509999999498
20
174.6118769999999927
11
596.3236509999999271
21
174.211876999999987
0
LINE
8
BLACK
6
CONTINUOUS
10
596.3236509999999271
20
174.6118769999999927
11
595.9236509999999498
21
174.211876999999987
0
LINE
8
BLACK
6
CONTINUOUS
10
595.9750920000000178
20
170.2696420000000046
11
596.3750919999999951
21
169.8696419999999989
0
LINE
8
BLACK
6
CONTINUOUS
10
596.3750919999999951
20
170.2696420000000046
11
595.9750920000000178
21
169.8696419999999989
0
LINE
8
BLACK
6
CONTINUOUS
10
596.0076279999999542
20
233.8062929999999824
11
596.4076279999999315
21
233.4062929999999767
0
LINE
8
BLACK
6
CONTINUOUS
10
596.4076279999999315
20
233.8062929999999824
11
596.0076279999999542
21
233.4062929999999767
0
LINE
8
BLACK
6
CONTINUOUS
10
596.0219759999999951
20
230.651742999999982
11
596.4219759999999724
21
230.2517429999999763
0
LINE
8
BLACK
6
CONTINUOUS
10
596.4219759999999724
20
230.651742999999982
11
596.0219759999999951
21
230.2517429999999763
0
LINE
8
BLACK
6
CONTINUOUS
10
596.3863289999999324
20
173.0020470000000046
11
596.7863290000000234
21
172.6020469999999989
0
LINE
8
BLACK
6
CONTINUOUS
10
596.7863290000000234
20
173.0020470000000046
11
596.3863289999999324
21
172.6020469999999989
0
LINE
8
BLACK
6
CONTINUOUS
10
596.4377700000000004
20
168.6598119999999881
11
596.8377699999999777
21
168.2598119999999824
0
LINE
8
BLACK
6
CONTINUOUS
10
596.8377699999999777
20
168.6598119999999881
11
596.4377700000000004
21
168.2598119999999824
0
LINE
8
BLACK
6
CONTINUOUS
10
596.4409449999999424
20
232.7141120000000001
11
596.8409449999999197
21
232.3141119999999944
0
LINE
8
BLACK
6
CONTINUOUS
10
596.8409449999999197
20
232.7141120000000001
11
596.4409449999999424
21
232.3141119999999944
0
LINE
8
BLACK
6
CONTINUOUS
10
596.4552919999999858
20
229.5595599999999763
11
596.8552919999999631
21
229.159559999999999
0
LINE
8
BLACK
6
CONTINUOUS
10
596.8552919999999631
20
229.5595599999999763
11
596.4552919999999858
21
229.159559999999999
0
LINE
8
BLACK
6
CONTINUOUS
10
596.8490070000000287
20
171.392216999999988
11
597.249007000000006
21
170.9922169999999824
0
LINE
8
BLACK
6
CONTINUOUS
10
597.249007000000006
20
171.392216999999988
11
596.8490070000000287
21
170.9922169999999824
0
LINE
8
BLACK
6
CONTINUOUS
10
596.8742609999999331
20
231.6219299999999919
11
597.2742610000000241
21
231.2219299999999862
0
LINE
8
BLACK
6
CONTINUOUS
10
597.2742610000000241
20
231.6219299999999919
11
596.8742609999999331
21
231.2219299999999862
0
LINE
8
BLACK
6
CONTINUOUS
10
596.8886099999999715
20
228.467378999999994
11
597.2886099999999487
21
228.0673789999999883
0
LINE
8
BLACK
6
CONTINUOUS
10
597.2886099999999487
20
228.467378999999994
11
596.8886099999999715
21
228.0673789999999883
0
LINE
8
BLACK
6
CONTINUOUS
10
596.900447999999983
20
167.0499810000000025
11
597.3004479999999603
21
166.6499809999999968
0
LINE
8
BLACK
6
CONTINUOUS
10
597.3004479999999603
20
167.0499810000000025
11
596.900447999999983
21
166.6499809999999968
0
LINE
8
BLACK
6
CONTINUOUS
10
597.3075779999999213
20
230.5297479999999837
11
597.7075780000000123
21
230.129747999999978
0
LINE
8
BLACK
6
CONTINUOUS
10
597.7075780000000123
20
230.5297479999999837
11
597.3075779999999213
21
230.129747999999978
0
LINE
8
BLACK
6
CONTINUOUS
10
597.3116870000000063
20
169.7823869999999999
11
597.7116869999999835
21
169.3823869999999943
0
LINE
8
BLACK
6
CONTINUOUS
10
597.7116869999999835
20
169.7823869999999999
11
597.3116870000000063
21
169.3823869999999943
0
LINE
8
BLACK
6
CONTINUOUS
10
597.3219259999999622
20
227.3751949999999908
11
597.7219259999999394
21
226.9751949999999852
0
LINE
8
BLACK
6
CONTINUOUS
10
597.7219259999999394
20
227.3751949999999908
11
597.3219259999999622
21
226.9751949999999852
0
LINE
8
BLACK
6
CONTINUOUS
10
597.3631279999999606
20
165.440150999999986
11
597.7631279999999379
21
165.0401509999999803
0
LINE
8
BLACK
6
CONTINUOUS
10
597.7631279999999379
20
165.440150999999986
11
597.3631279999999606
21
165.0401509999999803
0
LINE
8
BLACK
6
CONTINUOUS
10
597.7408950000000232
20
229.4375670000000014
11
598.1408950000000004
21
229.0375669999999957
0
LINE
8
BLACK
6
CONTINUOUS
10
598.1408950000000004
20
229.4375670000000014
11
597.7408950000000232
21
229.0375669999999957
0
LINE
8
BLACK
6
CONTINUOUS
10
597.7552429999999504
20
226.2830119999999852
11
598.1552429999999276
21
225.8830119999999795
0
LINE
8
BLACK
6
CONTINUOUS
10
598.1552429999999276
20
226.2830119999999852
11
597.7552429999999504
21
225.8830119999999795
0
LINE
8
BLACK
6
CONTINUOUS
10
597.7743649999999889
20
168.1725559999999859
11
598.1743649999999661
21
167.7725559999999803
0
LINE
8
BLACK
6
CONTINUOUS
10
598.1743649999999661
20
168.1725559999999859
11
597.7743649999999889
21
167.7725559999999803
0
LINE
8
BLACK
6
CONTINUOUS
10
597.8258059999999432
20
163.8303209999999979
11
598.2258059999999205
21
163.4303209999999922
0
LINE
8
BLACK
6
CONTINUOUS
10
598.2258059999999205
20
163.8303209999999979
11
597.8258059999999432
21
163.4303209999999922
0
LINE
8
BLACK
6
CONTINUOUS
10
598.1742110000000139
20
228.3453839999999957
11
598.5742109999999911
21
227.94538399999999
0
LINE
8
BLACK
6
CONTINUOUS
10
598.5742109999999911
20
228.3453839999999957
11
598.1742110000000139
21
227.94538399999999
0
LINE
8
BLACK
6
CONTINUOUS
10
598.1885589999999411
20
225.1908310000000029
11
598.5885589999999183
21
224.7908309999999972
0
LINE
8
BLACK
6
CONTINUOUS
10
598.5885589999999183
20
225.1908310000000029
11
598.1885589999999411
21
224.7908309999999972
0
LINE
8
BLACK
6
CONTINUOUS
10
598.2370439999999689
20
166.5627269999999953
11
598.6370439999999462
21
166.1627269999999896
0
LINE
8
BLACK
6
CONTINUOUS
10
598.6370439999999462
20
166.5627269999999953
11
598.2370439999999689
21
166.1627269999999896
0
LINE
8
BLACK
6
CONTINUOUS
10
598.2884849999999233
20
162.2204909999999813
11
598.6884850000000142
21
161.8204910000000041
0
LINE
8
BLACK
6
CONTINUOUS
10
598.6884850000000142
20
162.2204909999999813
11
598.2884849999999233
21
161.8204910000000041
0
LINE
8
BLACK
6
CONTINUOUS
10
598.6075289999999995
20
227.2532019999999875
11
599.0075289999999768
21
226.8532019999999818
0
LINE
8
BLACK
6
CONTINUOUS
10
599.0075289999999768
20
227.2532019999999875
11
598.6075289999999995
21
226.8532019999999818
0
LINE
8
BLACK
6
CONTINUOUS
10
598.6218759999999293
20
224.0986489999999947
11
599.0218760000000202
21
223.698648999999989
0
LINE
8
BLACK
6
CONTINUOUS
10
599.0218760000000202
20
224.0986489999999947
11
598.6218759999999293
21
223.698648999999989
0
LINE
8
BLACK
6
CONTINUOUS
10
598.699724999999944
20
164.9528969999999788
11
599.0997249999999212
21
164.5528970000000015
0
LINE
8
BLACK
6
CONTINUOUS
10
599.0997249999999212
20
164.9528969999999788
11
598.699724999999944
21
164.5528970000000015
0
LINE
8
BLACK
6
CONTINUOUS
10
598.7511630000000196
20
160.6106609999999932
11
599.1511629999999968
21
160.2106609999999876
0
LINE
8
BLACK
6
CONTINUOUS
10
599.1511629999999968
20
160.6106609999999932
11
598.7511630000000196
21
160.2106609999999876
0
LINE
8
BLACK
6
CONTINUOUS
10
599.0408449999999903
20
226.1610189999999818
11
599.4408449999999675
21
225.7610189999999761
0
LINE
8
BLACK
6
CONTINUOUS
10
599.4408449999999675
20
226.1610189999999818
11
599.0408449999999903
21
225.7610189999999761
0
LINE
8
BLACK
6
CONTINUOUS
10
599.0551909999999225
20
223.0064669999999865
11
599.4551910000000134
21
222.6064669999999808
0
LINE
8
BLACK
6
CONTINUOUS
10
599.4551910000000134
20
223.0064669999999865
11
599.0551909999999225
21
222.6064669999999808
0
LINE
8
BLACK
6
CONTINUOUS
10
599.1624009999999316
20
163.3430669999999907
11
599.5624010000000226
21
162.943066999999985
0
LINE
8
BLACK
6
CONTINUOUS
10
599.5624010000000226
20
163.3430669999999907
11
599.1624009999999316
21
162.943066999999985
0
LINE
8
BLACK
6
CONTINUOUS
10
599.2138419999999996
20
159.0008289999999818
11
599.6138419999999769
21
158.6008290000000045
0
LINE
8
BLACK
6
CONTINUOUS
10
599.6138419999999769
20
159.0008289999999818
11
599.2138419999999996
21
158.6008290000000045
0
LINE
8
BLACK
6
CONTINUOUS
10
599.4741619999999784
20
225.068837000000002
11
599.8741619999999557
21
224.6688369999999964
0
LINE
8
BLACK
6
CONTINUOUS
10
599.8741619999999557
20
225.068837000000002
11
599.4741619999999784
21
224.6688369999999964
0
LINE
8
BLACK
6
CONTINUOUS
10
599.4885090000000218
20
221.9142849999999783
11
599.8885089999999991
21
221.514285000000001
0
LINE
8
BLACK
6
CONTINUOUS
10
599.8885089999999991
20
221.9142849999999783
11
599.4885090000000218
21
221.514285000000001
0
LINE
8
BLACK
6
CONTINUOUS
10
599.6250810000000229
20
161.7332360000000051
11
600.0250810000000001
21
161.3332359999999994
0
LINE
8
BLACK
6
CONTINUOUS
10
600.0250810000000001
20
161.7332360000000051
11
599.6250810000000229
21
161.3332359999999994
0
LINE
8
BLACK
6
CONTINUOUS
10
599.6765229999999747
20
157.3910009999999886
11
600.0765229999999519
21
156.9910009999999829
0
LINE
8
BLACK
6
CONTINUOUS
10
600.0765229999999519
20
157.3910009999999886
11
599.6765229999999747
21
156.9910009999999829
0
LINE
8
BLACK
6
CONTINUOUS
10
599.9074779999999691
20
223.9766549999999938
11
600.3074779999999464
21
223.5766549999999881
0
LINE
8
BLACK
6
CONTINUOUS
10
600.3074779999999464
20
223.9766549999999938
11
599.9074779999999691
21
223.5766549999999881
0
LINE
8
BLACK
6
CONTINUOUS
10
599.9218240000000151
20
220.8221029999999985
11
600.3218239999999923
21
220.4221029999999928
0
LINE
8
BLACK
6
CONTINUOUS
10
600.3218239999999923
20
220.8221029999999985
11
599.9218240000000151
21
220.4221029999999928
0
LINE
8
BLACK
6
CONTINUOUS
10
600.0877590000000055
20
160.1234049999999911
11
600.4877589999999827
21
159.7234049999999854
0
LINE
8
BLACK
6
CONTINUOUS
10
600.4877589999999827
20
160.1234049999999911
11
600.0877590000000055
21
159.7234049999999854
0
LINE
8
BLACK
6
CONTINUOUS
10
600.1391999999999598
20
155.781170000000003
11
600.5391999999999371
21
155.3811699999999973
0
LINE
8
BLACK
6
CONTINUOUS
10
600.5391999999999371
20
155.781170000000003
11
600.1391999999999598
21
155.3811699999999973
0
LINE
8
BLACK
6
CONTINUOUS
10
600.3407949999999573
20
222.8844729999999856
11
600.7407949999999346
21
222.4844729999999799
0
LINE
8
BLACK
6
CONTINUOUS
10
600.7407949999999346
20
222.8844729999999856
11
600.3407949999999573
21
222.4844729999999799
0
LINE
8
BLACK
6
CONTINUOUS
10
600.3551420000000007
20
219.7299219999999877
11
600.755141999999978
21
219.3299219999999821
0
LINE
8
BLACK
6
CONTINUOUS
10
600.755141999999978
20
219.7299219999999877
11
600.3551420000000007
21
219.3299219999999821
0
LINE
8
BLACK
6
CONTINUOUS
10
600.5504379999999855
20
158.513575000000003
11
600.9504379999999628
21
158.1135749999999973
0
LINE
8
BLACK
6
CONTINUOUS
10
600.9504379999999628
20
158.513575000000003
11
600.5504379999999855
21
158.1135749999999973
0
LINE
8
BLACK
6
CONTINUOUS
10
600.6018789999999399
20
154.171340999999984
11
601.0018789999999171
21
153.7713410000000067
0
LINE
8
BLACK
6
CONTINUOUS
10
601.0018789999999171
20
154.171340999999984
11
600.6018789999999399
21
153.7713410000000067
0
LINE
8
BLACK
6
CONTINUOUS
10
600.7741099999999506
20
221.7922909999999774
11
601.1741099999999278
21
221.3922910000000002
0
LINE
8
BLACK
6
CONTINUOUS
10
601.1741099999999278
20
221.7922909999999774
11
600.7741099999999506
21
221.3922910000000002
0
LINE
8
BLACK
6
CONTINUOUS
10
600.7884579999999914
20
218.6377389999999821
11
601.1884579999999687
21
218.2377389999999764
0
LINE
8
BLACK
6
CONTINUOUS
10
601.1884579999999687
20
218.6377389999999821
11
600.7884579999999914
21
218.2377389999999764
0
LINE
8
BLACK
6
CONTINUOUS
10
601.0131189999999606
20
156.903745999999984
11
601.4131189999999378
21
156.5037460000000067
0
LINE
8
BLACK
6
CONTINUOUS
10
601.4131189999999378
20
156.903745999999984
11
601.0131189999999606
21
156.5037460000000067
0
LINE
8
BLACK
6
CONTINUOUS
10
601.0645589999999174
20
152.5615099999999984
11
601.4645590000000084
21
152.1615099999999927
0
LINE
8
BLACK
6
CONTINUOUS
10
601.4645590000000084
20
152.5615099999999984
11
601.0645589999999174
21
152.1615099999999927
0
LINE
8
BLACK
6
CONTINUOUS
10
601.2074279999999362
20
220.7001099999999951
11
601.6074280000000272
21
220.3001099999999894
0
LINE
8
BLACK
6
CONTINUOUS
10
601.6074280000000272
20
220.7001099999999951
11
601.2074279999999362
21
220.3001099999999894
0
LINE
8
BLACK
6
CONTINUOUS
10
601.4757959999999457
20
155.2939149999999984
11
601.875795999999923
21
154.8939149999999927
0
LINE
8
BLACK
6
CONTINUOUS
10
601.875795999999923
20
155.2939149999999984
11
601.4757959999999457
21
154.8939149999999927
0
LINE
8
BLACK
6
CONTINUOUS
10
601.5272360000000162
20
150.9516799999999819
11
601.9272359999999935
21
150.5516800000000046
0
LINE
8
BLACK
6
CONTINUOUS
10
601.9272359999999935
20
150.9516799999999819
11
601.5272360000000162
21
150.5516800000000046
0
LINE
8
BLACK
6
CONTINUOUS
10
601.6407429999999295
20
219.6079269999999894
11
602.0407430000000204
21
219.2079269999999838
0
LINE
8
BLACK
6
CONTINUOUS
10
602.0407430000000204
20
219.6079269999999894
11
601.6407429999999295
21
219.2079269999999838
0
LINE
8
BLACK
6
CONTINUOUS
10
601.9384759999999233
20
153.6840849999999818
11
602.3384760000000142
21
153.2840850000000046
0
LINE
8
BLACK
6
CONTINUOUS
10
602.3384760000000142
20
153.6840849999999818
11
601.9384759999999233
21
153.2840850000000046
0
LINE
8
BLACK
6
CONTINUOUS
10
601.9899169999999913
20
149.3418499999999938
11
602.3899169999999685
21
148.9418499999999881
0
LINE
8
BLACK
6
CONTINUOUS
10
602.3899169999999685
20
149.3418499999999938
11
601.9899169999999913
21
148.9418499999999881
0
LINE
8
BLACK
6
CONTINUOUS
10
602.401155000000017
20
152.0742549999999937
11
602.8011549999999943
21
151.6742549999999881
0
LINE
8
BLACK
6
CONTINUOUS
10
602.8011549999999943
20
152.0742549999999937
11
602.401155000000017
21
151.6742549999999881
0
LINE
8
BLACK
6
CONTINUOUS
10
602.4525939999999764
20
147.7320189999999798
11
602.8525939999999537
21
147.3320190000000025
0
LINE
8
BLACK
6
CONTINUOUS
10
602.8525939999999537
20
147.7320189999999798
11
602.4525939999999764
21
147.3320190000000025
0
LINE
8
BLACK
6
CONTINUOUS
10
602.8638329999999996
20
150.4644229999999823
11
603.2638329999999769
21
150.064423000000005
0
LINE
8
BLACK
6
CONTINUOUS
10
603.2638329999999769
20
150.4644229999999823
11
602.8638329999999996
21
150.064423000000005
0
LINE
8
BLACK
6
CONTINUOUS
10
602.915273999999954
20
146.1221889999999917
11
603.3152739999999312
21
145.722188999999986
0
LINE
8
BLACK
6
CONTINUOUS
10
603.3152739999999312
20
146.1221889999999917
11
602.915273999999954
21
145.722188999999986
0
LINE
8
BLACK
6
CONTINUOUS
10
603.3265129999999772
20
148.8545949999999891
11
603.7265129999999544
21
148.4545949999999834
0
LINE
8
BLACK
6
CONTINUOUS
10
603.7265129999999544
20
148.8545949999999891
11
603.3265129999999772
21
148.4545949999999834
0
LINE
8
BLACK
6
CONTINUOUS
10
603.7891909999999598
20
147.2447640000000035
11
604.189190999999937
21
146.8447639999999978
0
LINE
8
BLACK
6
CONTINUOUS
10
604.189190999999937
20
147.2447640000000035
11
603.7891909999999598
21
146.8447639999999978
0
LINE
8
BLACK
6
CONTINUOUS
10
604.8722269999999526
20
137.6422259999999937
11
605.2722269999999298
21
137.2422259999999881
0
LINE
8
BLACK
6
CONTINUOUS
10
605.2722269999999298
20
137.6422259999999937
11
604.8722269999999526
21
137.2422259999999881
0
LINE
8
BLACK
6
CONTINUOUS
10
605.1756239999999707
20
135.9949299999999823
11
605.575623999999948
21
135.5949300000000051
0
LINE
8
BLACK
6
CONTINUOUS
10
605.575623999999948
20
135.9949299999999823
11
605.1756239999999707
21
135.5949300000000051
0
LINE
8
BLACK
6
CONTINUOUS
10
605.4790189999999939
20
134.3476389999999867
11
605.8790189999999711
21
133.947638999999981
0
LINE
8
BLACK
6
CONTINUOUS
10
605.8790189999999711
20
134.3476389999999867
11
605.4790189999999939
21
133.947638999999981
0
LINE
8
BLACK
6
CONTINUOUS
10
605.782416000000012
20
132.7003430000000037
11
606.1824159999999893
21
132.300342999999998
0
LINE
8
BLACK
6
CONTINUOUS
10
606.1824159999999893
20
132.7003430000000037
11
605.782416000000012
21
132.300342999999998
0
LINE
8
BLACK
6
CONTINUOUS
10
605.8515059999999721
20
138.6741719999999987
11
606.2515059999999494
21
138.274171999999993
0
LINE
8
BLACK
6
CONTINUOUS
10
606.2515059999999494
20
138.6741719999999987
11
605.8515059999999721
21
138.274171999999993
0
LINE
8
BLACK
6
CONTINUOUS
10
606.0858109999999215
20
131.0530509999999822
11
606.4858110000000124
21
130.6530510000000049
0
LINE
8
BLACK
6
CONTINUOUS
10
606.4858110000000124
20
131.0530509999999822
11
606.0858109999999215
21
130.6530510000000049
0
LINE
8
BLACK
6
CONTINUOUS
10
606.1549029999999902
20
137.0268800000000056
11
606.5549029999999675
21
136.6268799999999999
0
LINE
8
BLACK
6
CONTINUOUS
10
606.5549029999999675
20
137.0268800000000056
11
606.1549029999999902
21
136.6268799999999999
0
LINE
8
BLACK
6
CONTINUOUS
10
606.3892069999999421
20
129.4057559999999967
11
606.7892069999999194
21
129.005755999999991
0
LINE
8
BLACK
6
CONTINUOUS
10
606.7892069999999194
20
129.4057559999999967
11
606.3892069999999421
21
129.005755999999991
0
LINE
8
BLACK
6
CONTINUOUS
10
606.4583000000000084
20
135.3795849999999916
11
606.8582999999999856
21
134.9795849999999859
0
LINE
8
BLACK
6
CONTINUOUS
10
606.8582999999999856
20
135.3795849999999916
11
606.4583000000000084
21
134.9795849999999859
0
LINE
8
BLACK
6
CONTINUOUS
10
606.6926049999999577
20
127.7584629999999919
11
607.092604999999935
21
127.3584630000000004
0
LINE
8
BLACK
6
CONTINUOUS
10
607.092604999999935
20
127.7584629999999919
11
606.6926049999999577
21
127.3584630000000004
0
LINE
8
BLACK
6
CONTINUOUS
10
606.7616939999999204
20
133.7322929999999985
11
607.1616940000000113
21
133.3322929999999928
0
LINE
8
BLACK
6
CONTINUOUS
10
607.1616940000000113
20
133.7322929999999985
11
606.7616939999999204
21
133.3322929999999928
0
LINE
8
BLACK
6
CONTINUOUS
10
606.9959989999999834
20
126.1111689999999896
11
607.3959989999999607
21
125.7111689999999982
0
LINE
8
BLACK
6
CONTINUOUS
10
607.3959989999999607
20
126.1111689999999896
11
606.9959989999999834
21
125.7111689999999982
0
LINE
8
BLACK
6
CONTINUOUS
10
607.0650909999999385
20
132.0849979999999846
11
607.4650909999999158
21
131.6849980000000073
0
LINE
8
BLACK
6
CONTINUOUS
10
607.4650909999999158
20
132.0849979999999846
11
607.0650909999999385
21
131.6849980000000073
0
LINE
8
BLACK
6
CONTINUOUS
10
607.2993960000000015
20
124.4638769999999965
11
607.6993959999999788
21
124.0638769999999909
0
LINE
8
BLACK
6
CONTINUOUS
10
607.6993959999999788
20
124.4638769999999965
11
607.2993960000000015
21
124.0638769999999909
0
LINE
8
BLACK
6
CONTINUOUS
10
607.3684859999999617
20
130.4377059999999915
11
607.7684859999999389
21
130.0377059999999858
0
LINE
8
BLACK
6
CONTINUOUS
10
607.7684859999999389
20
130.4377059999999915
11
607.3684859999999617
21
130.0377059999999858
0
LINE
8
BLACK
6
CONTINUOUS
10
607.6027920000000222
20
122.8165819999999968
11
608.0027919999999995
21
122.4165819999999911
0
LINE
8
BLACK
6
CONTINUOUS
10
608.0027919999999995
20
122.8165819999999968
11
607.6027920000000222
21
122.4165819999999911
0
LINE
8
BLACK
6
CONTINUOUS
10
607.6718819999999823
20
128.7904120000000034
11
608.0718819999999596
21
128.3904119999999978
0
LINE
8
BLACK
6
CONTINUOUS
10
608.0718819999999596
20
128.7904120000000034
11
607.6718819999999823
21
128.3904119999999978
0
LINE
8
BLACK
6
CONTINUOUS
10
607.9061869999999317
20
121.169288999999992
11
608.3061870000000226
21
120.7692890000000006
0
LINE
8
BLACK
6
CONTINUOUS
10
608.3061870000000226
20
121.169288999999992
11
607.9061869999999317
21
120.7692890000000006
0
LINE
8
BLACK
6
CONTINUOUS
10
607.9752799999999979
20
127.1431189999999987
11
608.3752799999999752
21
126.743118999999993
0
LINE
8
BLACK
6
CONTINUOUS
10
608.3752799999999752
20
127.1431189999999987
11
607.9752799999999979
21
126.743118999999993
0
LINE
8
BLACK
6
CONTINUOUS
10
608.2095849999999473
20
119.5219949999999898
11
608.6095849999999245
21
119.1219949999999983
0
LINE
8
BLACK
6
CONTINUOUS
10
608.6095849999999245
20
119.5219949999999898
11
608.2095849999999473
21
119.1219949999999983
0
LINE
8
BLACK
6
CONTINUOUS
10
608.2786740000000236
20
125.4958249999999964
11
608.6786740000000009
21
125.0958249999999907
0
LINE
8
BLACK
6
CONTINUOUS
10
608.6786740000000009
20
125.4958249999999964
11
608.2786740000000236
21
125.0958249999999907
0
LINE
8
BLACK
6
CONTINUOUS
10
608.5129779999999755
20
117.8747010000000017
11
608.9129779999999528
21
117.474700999999996
0
LINE
8
BLACK
6
CONTINUOUS
10
608.9129779999999528
20
117.8747010000000017
11
608.5129779999999755
21
117.474700999999996
0
LINE
8
BLACK
6
CONTINUOUS
10
608.5820709999999281
20
123.8485319999999916
11
608.982071000000019
21
123.4485320000000002
0
LINE
8
BLACK
6
CONTINUOUS
10
608.982071000000019
20
123.8485319999999916
11
608.5820709999999281
21
123.4485320000000002
0
LINE
8
BLACK
6
CONTINUOUS
10
608.8163759999999911
20
116.2274089999999944
11
609.2163759999999684
21
115.8274089999999887
0
LINE
8
BLACK
6
CONTINUOUS
10
609.2163759999999684
20
116.2274089999999944
11
608.8163759999999911
21
115.8274089999999887
0
LINE
8
BLACK
6
CONTINUOUS
10
608.8854669999999487
20
122.2012379999999894
11
609.285466999999926
21
121.8012379999999979
0
LINE
8
BLACK
6
CONTINUOUS
10
609.285466999999926
20
122.2012379999999894
11
608.8854669999999487
21
121.8012379999999979
0
LINE
8
BLACK
6
CONTINUOUS
10
609.1197720000000118
20
114.5801159999999896
11
609.519771999999989
21
114.1801159999999982
0
LINE
8
BLACK
6
CONTINUOUS
10
609.519771999999989
20
114.5801159999999896
11
609.1197720000000118
21
114.1801159999999982
0
LINE
8
BLACK
6
CONTINUOUS
10
609.1724199999999882
20
193.9681349999999895
11
609.5724199999999655
21
193.5681349999999838
0
LINE
8
BLACK
6
CONTINUOUS
10
609.5724199999999655
20
193.9681349999999895
11
609.1724199999999882
21
193.5681349999999838
0
LINE
8
BLACK
6
CONTINUOUS
10
609.1888629999999694
20
120.5539449999999988
11
609.5888629999999466
21
120.1539449999999931
0
LINE
8
BLACK
6
CONTINUOUS
10
609.5888629999999466
20
120.5539449999999988
11
609.1888629999999694
21
120.1539449999999931
0
LINE
8
BLACK
6
CONTINUOUS
10
609.4231669999999212
20
112.9328220000000016
11
609.8231670000000122
21
112.5328219999999959
0
LINE
8
BLACK
6
CONTINUOUS
10
609.8231670000000122
20
112.9328220000000016
11
609.4231669999999212
21
112.5328219999999959
0
LINE
8
BLACK
6
CONTINUOUS
10
609.492260999999985
20
118.906651999999994
11
609.8922609999999622
21
118.5066519999999883
0
LINE
8
BLACK
6
CONTINUOUS
10
609.8922609999999622
20
118.906651999999994
11
609.492260999999985
21
118.5066519999999883
0
LINE
8
BLACK
6
CONTINUOUS
10
609.4969830000000002
20
192.8388520000000028
11
609.8969829999999774
21
192.4388519999999971
0
LINE
8
BLACK
6
CONTINUOUS
10
609.8969829999999774
20
192.8388520000000028
11
609.4969830000000002
21
192.4388519999999971
0
LINE
8
BLACK
6
CONTINUOUS
10
609.7265649999999368
20
111.2855279999999993
11
610.1265650000000278
21
110.8855279999999937
0
LINE
8
BLACK
6
CONTINUOUS
10
610.1265650000000278
20
111.2855279999999993
11
609.7265649999999368
21
110.8855279999999937
0
LINE
8
BLACK
6
CONTINUOUS
10
609.7956550000000107
20
117.2593579999999918
11
610.1956549999999879
21
116.8593580000000003
0
LINE
8
BLACK
6
CONTINUOUS
10
610.1956549999999879
20
117.2593579999999918
11
609.7956550000000107
21
116.8593580000000003
0
LINE
8
BLACK
6
CONTINUOUS
10
609.8215509999999995
20
191.7095679999999902
11
610.2215509999999767
21
191.3095679999999845
0
LINE
8
BLACK
6
CONTINUOUS
10
610.2215509999999767
20
191.7095679999999902
11
609.8215509999999995
21
191.3095679999999845
0
LINE
8
BLACK
6
CONTINUOUS
10
610.02995999999996
20
109.6382339999999971
11
610.4299599999999373
21
109.2382339999999914
0
LINE
8
BLACK
6
CONTINUOUS
10
610.4299599999999373
20
109.6382339999999971
11
610.02995999999996
21
109.2382339999999914
0
LINE
8
BLACK
6
CONTINUOUS
10
610.0990520000000288
20
115.612062999999992
11
610.499052000000006
21
115.2120630000000006
0
LINE
8
BLACK
6
CONTINUOUS
10
610.499052000000006
20
115.612062999999992
11
610.0990520000000288
21
115.2120630000000006
0
LINE
8
BLACK
6
CONTINUOUS
10
610.1153939999999238
20
194.8504369999999994
11
610.5153940000000148
21
194.4504369999999938
0
LINE
8
BLACK
6
CONTINUOUS
10
610.5153940000000148
20
194.8504369999999994
11
610.1153939999999238
21
194.4504369999999938
0
LINE
8
BLACK
6
CONTINUOUS
10
610.1461160000000064
20
190.5802839999999776
11
610.5461159999999836
21
190.1802840000000003
0
LINE
8
BLACK
6
CONTINUOUS
10
610.5461159999999836
20
190.5802839999999776
11
610.1461160000000064
21
190.1802840000000003
0
LINE
8
BLACK
6
CONTINUOUS
10
610.3333549999999832
20
107.9909419999999898
11
610.7333549999999605
21
107.5909419999999983
0
LINE
8
BLACK
6
CONTINUOUS
10
610.7333549999999605
20
107.9909419999999898
11
610.3333549999999832
21
107.5909419999999983
0
LINE
8
BLACK
6
CONTINUOUS
10
610.4024479999999357
20
113.9647709999999989
11
610.8024480000000267
21
113.5647709999999933
0
LINE
8
BLACK
6
CONTINUOUS
10
610.8024480000000267
20
113.9647709999999989
11
610.4024479999999357
21
113.5647709999999933
0
LINE
8
BLACK
6
CONTINUOUS
10
610.4399569999999358
20
193.7211539999999843
11
610.8399570000000267
21
193.3211539999999786
0
LINE
8
BLACK
6
CONTINUOUS
10
610.8399570000000267
20
193.7211539999999843
11
610.4399569999999358
21
193.3211539999999786
0
LINE
8
BLACK
6
CONTINUOUS
10
610.4706820000000107
20
189.4509999999999934
11
610.870681999999988
21
189.0509999999999877
0
LINE
8
BLACK
6
CONTINUOUS
10
610.870681999999988
20
189.4509999999999934
11
610.4706820000000107
21
189.0509999999999877
0
LINE
8
BLACK
6
CONTINUOUS
10
610.6367520000000013
20
106.34364699999999
11
611.0367519999999786
21
105.9436469999999986
0
LINE
8
BLACK
6
CONTINUOUS
10
611.0367519999999786
20
106.34364699999999
11
610.6367520000000013
21
105.9436469999999986
0
LINE
8
BLACK
6
CONTINUOUS
10
610.7058429999999589
20
112.3174759999999992
11
611.1058429999999362
21
111.9174759999999935
0
LINE
8
BLACK
6
CONTINUOUS
10
611.1058429999999362
20
112.3174759999999992
11
610.7058429999999589
21
111.9174759999999935
0
LINE
8
BLACK
6
CONTINUOUS
10
610.7645249999999351
20
192.5918700000000001
11
611.164525000000026
21
192.1918699999999944
0
LINE
8
BLACK
6
CONTINUOUS
10
611.164525000000026
20
192.5918700000000001
11
610.7645249999999351
21
192.1918699999999944
0
LINE
8
BLACK
6
CONTINUOUS
10
610.7952480000000151
20
188.3217149999999833
11
611.1952479999999923
21
187.9217149999999776
0
LINE
8
BLACK
6
CONTINUOUS
10
611.1952479999999923
20
188.3217149999999833
11
610.7952480000000151
21
187.9217149999999776
0
LINE
8
BLACK
6
CONTINUOUS
10
610.9401470000000245
20
104.6963549999999969
11
611.3401470000000018
21
104.2963549999999913
0
LINE
8
BLACK
6
CONTINUOUS
10
611.3401470000000018
20
104.6963549999999969
11
610.9401470000000245
21
104.2963549999999913
0
LINE
8
BLACK
6
CONTINUOUS
10
611.009239999999977
20
110.6701839999999919
11
611.4092399999999543
21
110.2701840000000004
0
LINE
8
BLACK
6
CONTINUOUS
10
611.4092399999999543
20
110.6701839999999919
11
611.009239999999977
21
110.2701840000000004
0
LINE
8
BLACK
6
CONTINUOUS
10
611.0890899999999419
20
191.4625859999999875
11
611.4890899999999192
21
191.0625859999999818
0
LINE
8
BLACK
6
CONTINUOUS
10
611.4890899999999192
20
191.4625859999999875
11
611.0890899999999419
21
191.0625859999999818
0
LINE
8
BLACK
6
CONTINUOUS
10
611.1198130000000219
20
187.1924319999999966
11
611.5198129999999992
21
186.7924319999999909
0
LINE
8
BLACK
6
CONTINUOUS
10
611.5198129999999992
20
187.1924319999999966
11
611.1198130000000219
21
186.7924319999999909
0
LINE
8
BLACK
6
CONTINUOUS
10
611.2435439999999289
20
103.0490599999999972
11
611.6435440000000199
21
102.6490599999999915
0
LINE
8
BLACK
6
CONTINUOUS
10
611.6435440000000199
20
103.0490599999999972
11
611.2435439999999289
21
102.6490599999999915
0
LINE
8
BLACK
6
CONTINUOUS
10
611.3126350000000002
20
109.0228889999999922
11
611.7126349999999775
21
108.6228890000000007
0
LINE
8
BLACK
6
CONTINUOUS
10
611.7126349999999775
20
109.0228889999999922
11
611.3126350000000002
21
108.6228890000000007
0
LINE
8
BLACK
6
CONTINUOUS
10
611.4136549999999488
20
190.3333020000000033
11
611.8136549999999261
21
189.9333019999999976
0
LINE
8
BLACK
6
CONTINUOUS
10
611.8136549999999261
20
190.3333020000000033
11
611.4136549999999488
21
189.9333019999999976
0
LINE
8
BLACK
6
CONTINUOUS
10
611.4443800000000238
20
186.063147999999984
11
611.844380000000001
21
185.6631479999999783
0
LINE
8
BLACK
6
CONTINUOUS
10
611.844380000000001
20
186.063147999999984
11
611.4443800000000238
21
185.6631479999999783
0
LINE
8
BLACK
6
CONTINUOUS
10
611.5469389999999521
20
101.4017690000000016
11
611.9469389999999294
21
101.0017689999999959
0
LINE
8
BLACK
6
CONTINUOUS
10
611.9469389999999294
20
101.4017690000000016
11
611.5469389999999521
21
101.0017689999999959
0
LINE
8
BLACK
6
CONTINUOUS
10
611.6160310000000209
20
107.3755979999999965
11
612.0160309999999981
21
106.9755979999999909
0
LINE
8
BLACK
6
CONTINUOUS
10
612.0160309999999981
20
107.3755979999999965
11
611.6160310000000209
21
106.9755979999999909
0
LINE
8
BLACK
6
CONTINUOUS
10
611.7382209999999532
20
189.2040179999999907
11
612.1382209999999304
21
188.804017999999985
0
LINE
8
BLACK
6
CONTINUOUS
10
612.1382209999999304
20
189.2040179999999907
11
611.7382209999999532
21
188.804017999999985
0
LINE
8
BLACK
6
CONTINUOUS
10
611.7689449999999169
20
184.9338639999999998
11
612.1689450000000079
21
184.5338639999999941
0
LINE
8
BLACK
6
CONTINUOUS
10
612.1689450000000079
20
184.9338639999999998
11
611.7689449999999169
21
184.5338639999999941
0
LINE
8
BLACK
6
CONTINUOUS
10
611.8503349999999728
20
99.7544719999999927
11
612.25033499999995
21
99.3544720000000012
0
LINE
8
BLACK
6
CONTINUOUS
10
612.25033499999995
20
99.7544719999999927
11
611.8503349999999728
21
99.3544720000000012
0
LINE
8
BLACK
6
CONTINUOUS
10
611.9194289999999228
20
105.7283039999999943
11
612.3194290000000137
21
105.3283039999999886
0
LINE
8
BLACK
6
CONTINUOUS
10
612.3194290000000137
20
105.7283039999999943
11
611.9194289999999228
21
105.3283039999999886
0
LINE
8
BLACK
6
CONTINUOUS
10
612.0627869999999575
20
188.0747329999999806
11
612.4627869999999348
21
187.6747330000000034
0
LINE
8
BLACK
6
CONTINUOUS
10
612.4627869999999348
20
188.0747329999999806
11
612.0627869999999575
21
187.6747330000000034
0
LINE
8
BLACK
6
CONTINUOUS
10
612.0935119999999188
20
183.8045799999999872
11
612.4935120000000097
21
183.4045799999999815
0
LINE
8
BLACK
6
CONTINUOUS
10
612.4935120000000097
20
183.8045799999999872
11
612.0935119999999188
21
183.4045799999999815
0
LINE
8
BLACK
6
CONTINUOUS
10
612.1537329999999884
20
98.1071799999999996
11
612.5537329999999656
21
97.7071799999999939
0
LINE
8
BLACK
6
CONTINUOUS
10
612.5537329999999656
20
98.1071799999999996
11
612.1537329999999884
21
97.7071799999999939
0
LINE
8
BLACK
6
CONTINUOUS
10
612.2228229999999485
20
104.0810109999999895
11
612.6228229999999257
21
103.681010999999998
0
LINE
8
BLACK
6
CONTINUOUS
10
612.6228229999999257
20
104.0810109999999895
11
612.2228229999999485
21
103.681010999999998
0
LINE
8
BLACK
6
CONTINUOUS
10
612.3873529999999619
20
186.9454499999999939
11
612.7873529999999391
21
186.5454499999999882
0
LINE
8
BLACK
6
CONTINUOUS
10
612.7873529999999391
20
186.9454499999999939
11
612.3873529999999619
21
186.5454499999999882
0
LINE
8
BLACK
6
CONTINUOUS
10
612.4180759999999282
20
182.6752970000000005
11
612.8180760000000191
21
182.2752969999999948
0
LINE
8
BLACK
6
CONTINUOUS
10
612.8180760000000191
20
182.6752970000000005
11
612.4180759999999282
21
182.2752969999999948
0
LINE
8
BLACK
6
CONTINUOUS
10
612.457127000000014
20
96.4598859999999974
11
612.8571269999999913
21
96.0598859999999917
0
LINE
8
BLACK
6
CONTINUOUS
10
612.8571269999999913
20
96.4598859999999974
11
612.457127000000014
21
96.0598859999999917
0
LINE
8
BLACK
6
CONTINUOUS
10
612.5262199999999666
20
102.4337149999999923
11
612.9262199999999439
21
102.0337150000000008
0
LINE
8
BLACK
6
CONTINUOUS
10
612.9262199999999439
20
102.4337149999999923
11
612.5262199999999666
21
102.0337150000000008
0
LINE
8
BLACK
6
CONTINUOUS
10
612.7119189999999662
20
185.8161659999999813
11
613.1119189999999435
21
185.416166000000004
0
LINE
8
BLACK
6
CONTINUOUS
10
613.1119189999999435
20
185.8161659999999813
11
612.7119189999999662
21
185.416166000000004
0
LINE
8
BLACK
6
CONTINUOUS
10
612.74264299999993
20
181.5460129999999879
11
613.1426430000000209
21
181.1460129999999822
0
LINE
8
BLACK
6
CONTINUOUS
10
613.1426430000000209
20
181.5460129999999879
11
612.74264299999993
21
181.1460129999999822
0
LINE
8
BLACK
6
CONTINUOUS
10
612.7605239999999185
20
94.8125950000000017
11
613.1605240000000094
21
94.412594999999996
0
LINE
8
BLACK
6
CONTINUOUS
10
613.1605240000000094
20
94.8125950000000017
11
612.7605239999999185
21
94.412594999999996
0
LINE
8
BLACK
6
CONTINUOUS
10
612.8296149999999898
20
100.7864229999999992
11
613.229614999999967
21
100.3864229999999935
0
LINE
8
BLACK
6
CONTINUOUS
10
613.229614999999967
20
100.7864229999999992
11
612.8296149999999898
21
100.3864229999999935
0
LINE
8
BLACK
6
CONTINUOUS
10
613.0364849999999706
20
184.6868819999999971
11
613.4364849999999478
21
184.2868819999999914
0
LINE
8
BLACK
6
CONTINUOUS
10
613.4364849999999478
20
184.6868819999999971
11
613.0364849999999706
21
184.2868819999999914
0
LINE
8
BLACK
6
CONTINUOUS
10
613.0639199999999391
20
93.1652989999999903
11
613.4639199999999164
21
92.7652989999999988
0
LINE
8
BLACK
6
CONTINUOUS
10
613.4639199999999164
20
93.1652989999999903
11
613.0639199999999391
21
92.7652989999999988
0
LINE
8
BLACK
6
CONTINUOUS
10
613.0672079999999369
20
180.4167290000000037
11
613.4672080000000278
21
180.016728999999998
0
LINE
8
BLACK
6
CONTINUOUS
10
613.4672080000000278
20
180.4167290000000037
11
613.0672079999999369
21
180.016728999999998
0
LINE
8
BLACK
6
CONTINUOUS
10
613.1330110000000104
20
99.1391279999999995
11
613.5330109999999877
21
98.7391279999999938
0
LINE
8
BLACK
6
CONTINUOUS
10
613.5330109999999877
20
99.1391279999999995
11
613.1330110000000104
21
98.7391279999999938
0
LINE
8
BLACK
6
CONTINUOUS
10
613.3610499999999774
20
183.5575979999999845
11
613.7610499999999547
21
183.1575979999999788
0
LINE
8
BLACK
6
CONTINUOUS
10
613.7610499999999547
20
183.5575979999999845
11
613.3610499999999774
21
183.1575979999999788
0
LINE
8
BLACK
6
CONTINUOUS
10
613.3673149999999623
20
91.5180079999999947
11
613.7673149999999396
21
91.118007999999989
0
LINE
8
BLACK
6
CONTINUOUS
10
613.7673149999999396
20
91.5180079999999947
11
613.3673149999999623
21
91.118007999999989
0
LINE
8
BLACK
6
CONTINUOUS
10
613.3917749999999387
20
179.2874459999999885
11
613.791774999999916
21
178.8874459999999829
0
LINE
8
BLACK
6
CONTINUOUS
10
613.791774999999916
20
179.2874459999999885
11
613.3917749999999387
21
178.8874459999999829
0
LINE
8
BLACK
6
CONTINUOUS
10
613.436409000000026
20
97.4918349999999947
11
613.8364090000000033
21
97.091834999999989
0
LINE
8
BLACK
6
CONTINUOUS
10
613.8364090000000033
20
97.4918349999999947
11
613.436409000000026
21
97.091834999999989
0
LINE
8
BLACK
6
CONTINUOUS
10
613.6707129999999779
20
89.8707139999999924
11
614.0707129999999552
21
89.470714000000001
0
LINE
8
BLACK
6
CONTINUOUS
10
614.0707129999999552
20
89.8707139999999924
11
613.6707129999999779
21
89.470714000000001
0
LINE
8
BLACK
6
CONTINUOUS
10
613.6856169999999793
20
182.4283149999999978
11
614.0856169999999565
21
182.0283149999999921
0
LINE
8
BLACK
6
CONTINUOUS
10
614.0856169999999565
20
182.4283149999999978
11
613.6856169999999793
21
182.0283149999999921
0
LINE
8
BLACK
6
CONTINUOUS
10
613.7163399999999456
20
178.1581609999999785
11
614.1163399999999228
21
177.7581610000000012
0
LINE
8
BLACK
6
CONTINUOUS
10
614.1163399999999228
20
178.1581609999999785
11
613.7163399999999456
21
177.7581610000000012
0
LINE
8
BLACK
6
CONTINUOUS
10
613.739802999999938
20
95.8445409999999924
11
614.139803000000029
21
95.444541000000001
0
LINE
8
BLACK
6
CONTINUOUS
10
614.139803000000029
20
95.8445409999999924
11
613.739802999999938
21
95.444541000000001
0
LINE
8
BLACK
6
CONTINUOUS
10
613.9741070000000036
20
88.2234199999999902
11
614.3741069999999809
21
87.8234199999999987
0
LINE
8
BLACK
6
CONTINUOUS
10
614.3741069999999809
20
88.2234199999999902
11
613.9741070000000036
21
87.8234199999999987
0
LINE
8
BLACK
6
CONTINUOUS
10
614.0101809999999887
20
181.2990309999999852
11
614.4101809999999659
21
180.8990309999999795
0
LINE
8
BLACK
6
CONTINUOUS
10
614.4101809999999659
20
181.2990309999999852
11
614.0101809999999887
21
180.8990309999999795
0
LINE
8
BLACK
6
CONTINUOUS
10
614.0409069999999474
20
177.0288759999999968
11
614.4409069999999247
21
176.6288759999999911
0
LINE
8
BLACK
6
CONTINUOUS
10
614.4409069999999247
20
177.0288759999999968
11
614.0409069999999474
21
176.6288759999999911
0
LINE
8
BLACK
6
CONTINUOUS
10
614.0431999999999562
20
94.1972489999999993
11
614.4431999999999334
21
93.7972489999999937
0
LINE
8
BLACK
6
CONTINUOUS
10
614.4431999999999334
20
94.1972489999999993
11
614.0431999999999562
21
93.7972489999999937
0
LINE
8
BLACK
6
CONTINUOUS
10
614.2775040000000217
20
86.5761249999999905
11
614.677503999999999
21
86.176124999999999
0
LINE
8
BLACK
6
CONTINUOUS
10
614.677503999999999
20
86.5761249999999905
11
614.2775040000000217
21
86.176124999999999
0
LINE
8
BLACK
6
CONTINUOUS
10
614.3347479999999905
20
180.1697479999999985
11
614.7347479999999678
21
179.7697479999999928
0
LINE
8
BLACK
6
CONTINUOUS
10
614.7347479999999678
20
180.1697479999999985
11
614.3347479999999905
21
179.7697479999999928
0
LINE
8
BLACK
6
CONTINUOUS
10
614.3465959999999768
20
92.5499539999999996
11
614.7465959999999541
21
92.1499539999999939
0
LINE
8
BLACK
6
CONTINUOUS
10
614.7465959999999541
20
92.5499539999999996
11
614.3465959999999768
21
92.1499539999999939
0
LINE
8
BLACK
6
CONTINUOUS
10
614.3654699999999593
20
175.8995929999999817
11
614.7654699999999366
21
175.4995930000000044
0
LINE
8
BLACK
6
CONTINUOUS
10
614.7654699999999366
20
175.8995929999999817
11
614.3654699999999593
21
175.4995930000000044
0
LINE
8
BLACK
6
CONTINUOUS
10
614.649991
20
90.9026609999999948
11
615.0499909999999772
21
90.5026609999999891
0
LINE
8
BLACK
6
CONTINUOUS
10
615.0499909999999772
20
90.9026609999999948
11
614.649991
21
90.5026609999999891
0
LINE
8
BLACK
6
CONTINUOUS
10
614.6593119999999999
20
179.0404629999999884
11
615.0593119999999772
21
178.6404629999999827
0
LINE
8
BLACK
6
CONTINUOUS
10
615.0593119999999772
20
179.0404629999999884
11
614.6593119999999999
21
178.6404629999999827
0
LINE
8
BLACK
6
CONTINUOUS
10
614.6900369999999612
20
174.7703089999999975
11
615.0900369999999384
21
174.3703089999999918
0
LINE
8
BLACK
6
CONTINUOUS
10
615.0900369999999384
20
174.7703089999999975
11
614.6900369999999612
21
174.3703089999999918
0
LINE
8
BLACK
6
CONTINUOUS
10
614.9533890000000156
20
89.2553690000000017
11
615.3533889999999928
21
88.855368999999996
0
LINE
8
BLACK
6
CONTINUOUS
10
615.3533889999999928
20
89.2553690000000017
11
614.9533890000000156
21
88.855368999999996
0
LINE
8
BLACK
6
CONTINUOUS
10
614.9838799999999992
20
177.9111790000000042
11
615.3838799999999765
21
177.5111789999999985
0
LINE
8
BLACK
6
CONTINUOUS
10
615.3838799999999765
20
177.9111790000000042
11
614.9838799999999992
21
177.5111789999999985
0
LINE
8
BLACK
6
CONTINUOUS
10
615.0146029999999655
20
173.6410249999999849
11
615.4146029999999428
21
173.2410249999999792
0
LINE
8
BLACK
6
CONTINUOUS
10
615.4146029999999428
20
173.6410249999999849
11
615.0146029999999655
21
173.2410249999999792
0
LINE
8
BLACK
6
CONTINUOUS
10
615.2567839999999251
20
87.608074000000002
11
615.656784000000016
21
87.2080739999999963
0
LINE
8
BLACK
6
CONTINUOUS
10
615.656784000000016
20
87.608074000000002
11
615.2567839999999251
21
87.2080739999999963
0
LINE
8
BLACK
6
CONTINUOUS
10
615.3084440000000086
20
176.7818949999999916
11
615.7084439999999859
21
176.3818949999999859
0
LINE
8
BLACK
6
CONTINUOUS
10
615.7084439999999859
20
176.7818949999999916
11
615.3084440000000086
21
176.3818949999999859
0
LINE
8
BLACK
6
CONTINUOUS
10
615.3391679999999724
20
172.5117419999999981
11
615.7391679999999496
21
172.1117419999999925
0
LINE
8
BLACK
6
CONTINUOUS
10
615.7391679999999496
20
172.5117419999999981
11
615.3391679999999724
21
172.1117419999999925
0
LINE
8
BLACK
6
CONTINUOUS
10
615.3945719999999255
20
77.9437470000000019
11
615.7945720000000165
21
77.5437469999999962
0
LINE
8
BLACK
6
CONTINUOUS
10
615.7945720000000165
20
77.9437470000000019
11
615.3945719999999255
21
77.5437469999999962
0
LINE
8
BLACK
6
CONTINUOUS
10
615.5357699999999568
20
76.2747079999999897
11
615.935769999999934
21
75.8747079999999983
0
LINE
8
BLACK
6
CONTINUOUS
10
615.935769999999934
20
76.2747079999999897
11
615.5357699999999568
21
75.8747079999999983
0
LINE
8
BLACK
6
CONTINUOUS
10
615.6330120000000079
20
175.652610999999979
11
616.0330119999999852
21
175.2526110000000017
0
LINE
8
BLACK
6
CONTINUOUS
10
616.0330119999999852
20
175.652610999999979
11
615.6330120000000079
21
175.2526110000000017
0
LINE
8
BLACK
6
CONTINUOUS
10
615.6637349999999742
20
171.382458999999983
11
616.0637349999999515
21
170.9824590000000057
0
LINE
8
BLACK
6
CONTINUOUS
10
616.0637349999999515
20
171.382458999999983
11
615.6637349999999742
21
170.9824590000000057
0
LINE
8
BLACK
6
CONTINUOUS
10
615.6769669999999905
20
74.605671000000001
11
616.0769669999999678
21
74.2056709999999953
0
LINE
8
BLACK
6
CONTINUOUS
10
616.0769669999999678
20
74.605671000000001
11
615.6769669999999905
21
74.2056709999999953
0
LINE
8
BLACK
6
CONTINUOUS
10
615.8181670000000167
20
72.936632000000003
11
616.218166999999994
21
72.5366319999999973
0
LINE
8
BLACK
6
CONTINUOUS
10
616.218166999999994
20
72.936632000000003
11
615.8181670000000167
21
72.5366319999999973
0
LINE
8
BLACK
6
CONTINUOUS
10
615.9575750000000198
20
174.5233269999999948
11
616.3575749999999971
21
174.1233269999999891
0
LINE
8
BLACK
6
CONTINUOUS
10
616.3575749999999971
20
174.5233269999999948
11
615.9575750000000198
21
174.1233269999999891
0
LINE
8
BLACK
6
CONTINUOUS
10
615.9593639999999368
20
71.2675940000000026
11
616.3593640000000278
21
70.8675939999999969
0
LINE
8
BLACK
6
CONTINUOUS
10
616.3593640000000278
20
71.2675940000000026
11
615.9593639999999368
21
70.8675939999999969
0
LINE
8
BLACK
6
CONTINUOUS
10
615.9882999999999811
20
170.2531740000000013
11
616.3882999999999583
21
169.8531739999999957
0
LINE
8
BLACK
6
CONTINUOUS
10
616.3882999999999583
20
170.2531740000000013
11
615.9882999999999811
21
169.8531739999999957
0
LINE
8
BLACK
6
CONTINUOUS
10
616.1005619999999681
20
69.5985560000000021
11
616.5005619999999453
21
69.1985559999999964
0
LINE
8
BLACK
6
CONTINUOUS
10
616.5005619999999453
20
69.5985560000000021
11
616.1005619999999681
21
69.1985559999999964
0
LINE
8
BLACK
6
CONTINUOUS
10
616.2417629999999917
20
67.9295180000000016
11
616.641762999999969
21
67.5295179999999959
0
LINE
8
BLACK
6
CONTINUOUS
10
616.641762999999969
20
67.9295180000000016
11
616.2417629999999917
21
67.5295179999999959
0
LINE
8
BLACK
6
CONTINUOUS
10
616.2821420000000217
20
173.3940429999999822
11
616.6821419999999989
21
172.9940430000000049
0
LINE
8
BLACK
6
CONTINUOUS
10
616.6821419999999989
20
173.3940429999999822
11
616.2821420000000217
21
172.9940430000000049
0
LINE
8
BLACK
6
CONTINUOUS
10
616.3128659999999854
20
169.1238909999999862
11
616.7128659999999627
21
168.7238909999999805
0
LINE
8
BLACK
6
CONTINUOUS
10
616.7128659999999627
20
169.1238909999999862
11
616.3128659999999854
21
168.7238909999999805
0
LINE
8
BLACK
6
CONTINUOUS
10
616.382959000000028
20
66.2604800000000012
11
616.7829590000000053
21
65.8604799999999955
0
LINE
8
BLACK
6
CONTINUOUS
10
616.7829590000000053
20
66.2604800000000012
11
616.382959000000028
21
65.8604799999999955
0
LINE
8
BLACK
6
CONTINUOUS
10
616.4698779999999942
20
78.8752070000000032
11
616.8698779999999715
21
78.4752069999999975
0
LINE
8
BLACK
6
CONTINUOUS
10
616.8698779999999715
20
78.8752070000000032
11
616.4698779999999942
21
78.4752069999999975
0
LINE
8
BLACK
6
CONTINUOUS
10
616.5241579999999431
20
64.5914420000000007
11
616.9241579999999203
21
64.191441999999995
0
LINE
8
BLACK
6
CONTINUOUS
10
616.9241579999999203
20
64.5914420000000007
11
616.5241579999999431
21
64.191441999999995
0
LINE
8
BLACK
6
CONTINUOUS
10
616.606708000000026
20
172.2647599999999954
11
617.0067080000000033
21
171.8647599999999898
0
LINE
8
BLACK
6
CONTINUOUS
10
617.0067080000000033
20
172.2647599999999954
11
616.606708000000026
21
171.8647599999999898
0
LINE
8
BLACK
6
CONTINUOUS
10
616.6110780000000204
20
77.2061690000000027
11
617.0110779999999977
21
76.806168999999997
0
LINE
8
BLACK
6
CONTINUOUS
10
617.0110779999999977
20
77.2061690000000027
11
616.6110780000000204
21
76.806168999999997
0
LINE
8
BLACK
6
CONTINUOUS
10
616.6374319999999898
20
167.9946060000000045
11
617.037431999999967
21
167.5946059999999989
0
LINE
8
BLACK
6
CONTINUOUS
10
617.037431999999967
20
167.9946060000000045
11
616.6374319999999898
21
167.5946059999999989
0
LINE
8
BLACK
6
CONTINUOUS
10
616.6653569999999718
20
62.9224040000000002
11
617.065356999999949
21
62.5224039999999945
0
LINE
8
BLACK
6
CONTINUOUS
10
617.065356999999949
20
62.9224040000000002
11
616.6653569999999718
21
62.5224039999999945
0
LINE
8
BLACK
6
CONTINUOUS
10
616.7522769999999355
20
75.5371310000000022
11
617.1522770000000264
21
75.1371309999999966
0
LINE
8
BLACK
6
CONTINUOUS
10
617.1522770000000264
20
75.5371310000000022
11
616.7522769999999355
21
75.1371309999999966
0
LINE
8
BLACK
6
CONTINUOUS
10
616.8065540000000055
20
61.2533649999999952
11
617.2065539999999828
21
60.8533649999999966
0
LINE
8
BLACK
6
CONTINUOUS
10
617.2065539999999828
20
61.2533649999999952
11
616.8065540000000055
21
60.8533649999999966
0
LINE
8
BLACK
6
CONTINUOUS
10
616.8934729999999718
20
73.8680930000000018
11
617.293472999999949
21
73.4680929999999961
0
LINE
8
BLACK
6
CONTINUOUS
10
617.293472999999949
20
73.8680930000000018
11
616.8934729999999718
21
73.4680929999999961
0
LINE
8
BLACK
6
CONTINUOUS
10
616.9312729999999192
20
171.1354759999999828
11
617.3312730000000101
21
170.7354760000000056
0
LINE
8
BLACK
6
CONTINUOUS
10
617.3312730000000101
20
171.1354759999999828
11
616.9312729999999192
21
170.7354760000000056
0
LINE
8
BLACK
6
CONTINUOUS
10
616.9477539999999181
20
59.5843279999999993
11
617.347754000000009
21
59.1843280000000007
0
LINE
8
BLACK
6
CONTINUOUS
10
617.347754000000009
20
59.5843279999999993
11
616.9477539999999181
21
59.1843280000000007
0
LINE
8
BLACK
6
CONTINUOUS
10
616.9619989999999916
20
166.8653209999999945
11
617.3619989999999689
21
166.4653209999999888
0
LINE
8
BLACK
6
CONTINUOUS
10
617.3619989999999689
20
166.8653209999999945
11
616.9619989999999916
21
166.4653209999999888
0
LINE
8
BLACK
6
CONTINUOUS
10
617.034672999999998
20
72.1990550000000013
11
617.4346729999999752
21
71.7990549999999956
0
LINE
8
BLACK
6
CONTINUOUS
10
617.4346729999999752
20
72.1990550000000013
11
617.034672999999998
21
71.7990549999999956
0
LINE
8
BLACK
6
CONTINUOUS
10
617.0889499999999543
20
57.9152889999999942
11
617.4889499999999316
21
57.5152889999999957
0
LINE
8
BLACK
6
CONTINUOUS
10
617.4889499999999316
20
57.9152889999999942
11
617.0889499999999543
21
57.5152889999999957
0
LINE
8
BLACK
6
CONTINUOUS
10
617.175869999999918
20
70.5300170000000008
11
617.575870000000009
21
70.1300169999999952
0
LINE
8
BLACK
6
CONTINUOUS
10
617.575870000000009
20
70.5300170000000008
11
617.175869999999918
21
70.1300169999999952
0
LINE
8
BLACK
6
CONTINUOUS
10
617.2301499999999805
20
56.2462519999999984
11
617.6301499999999578
21
55.8462519999999998
0
LINE
8
BLACK
6
CONTINUOUS
10
617.6301499999999578
20
56.2462519999999984
11
617.2301499999999805
21
55.8462519999999998
0
LINE
8
BLACK
6
CONTINUOUS
10
617.255839999999921
20
170.0061929999999961
11
617.655840000000012
21
169.6061929999999904
0
LINE
8
BLACK
6
CONTINUOUS
10
617.655840000000012
20
170.0061929999999961
11
617.255839999999921
21
169.6061929999999904
0
LINE
8
BLACK
6
CONTINUOUS
10
617.286563000000001
20
165.7360379999999793
11
617.6865629999999783
21
165.3360380000000021
0
LINE
8
BLACK
6
CONTINUOUS
10
617.6865629999999783
20
165.7360379999999793
11
617.286563000000001
21
165.3360380000000021
0
LINE
8
BLACK
6
CONTINUOUS
10
617.3170679999999493
20
68.8609799999999979
11
617.7170679999999265
21
68.4609799999999922
0
LINE
8
BLACK
6
CONTINUOUS
10
617.7170679999999265
20
68.8609799999999979
11
617.3170679999999493
21
68.4609799999999922
0
LINE
8
BLACK
6
CONTINUOUS
10
617.3713480000000118
20
54.5772130000000004
11
617.771347999999989
21
54.1772129999999947
0
LINE
8
BLACK
6
CONTINUOUS
10
617.771347999999989
20
54.5772130000000004
11
617.3713480000000118
21
54.1772129999999947
0
LINE
8
BLACK
6
CONTINUOUS
10
617.4582689999999729
20
67.1919409999999999
11
617.8582689999999502
21
66.7919409999999942
0
LINE
8
BLACK
6
CONTINUOUS
10
617.8582689999999502
20
67.1919409999999999
11
617.4582689999999729
21
66.7919409999999942
0
LINE
8
BLACK
6
CONTINUOUS
10
617.5125449999999319
20
52.9081759999999974
11
617.9125450000000228
21
52.5081759999999989
0
LINE
8
BLACK
6
CONTINUOUS
10
617.9125450000000228
20
52.9081759999999974
11
617.5125449999999319
21
52.5081759999999989
0
LINE
8
BLACK
6
CONTINUOUS
10
617.5804049999999279
20
168.8769089999999835
11
617.9804050000000188
21
168.4769090000000062
0
LINE
8
BLACK
6
CONTINUOUS
10
617.9804050000000188
20
168.8769089999999835
11
617.5804049999999279
21
168.4769090000000062
0
LINE
8
BLACK
6
CONTINUOUS
10
617.5994650000000092
20
65.5229039999999969
11
617.9994649999999865
21
65.1229039999999912
0
LINE
8
BLACK
6
CONTINUOUS
10
617.9994649999999865
20
65.5229039999999969
11
617.5994650000000092
21
65.1229039999999912
0
LINE
8
BLACK
6
CONTINUOUS
10
617.6111300000000028
20
164.6067539999999951
11
618.0111299999999801
21
164.2067539999999894
0
LINE
8
BLACK
6
CONTINUOUS
10
618.0111299999999801
20
164.6067539999999951
11
617.6111300000000028
21
164.2067539999999894
0
LINE
8
BLACK
6
CONTINUOUS
10
617.6537459999999555
20
51.2391369999999995
11
618.0537459999999328
21
50.8391370000000009
0
LINE
8
BLACK
6
CONTINUOUS
10
618.0537459999999328
20
51.2391369999999995
11
617.6537459999999555
21
50.8391370000000009
0
LINE
8
BLACK
6
CONTINUOUS
10
617.7406639999999243
20
63.853864999999999
11
618.1406640000000152
21
63.4538650000000004
0
LINE
8
BLACK
6
CONTINUOUS
10
618.1406640000000152
20
63.853864999999999
11
617.7406639999999243
21
63.4538650000000004
0
LINE
8
BLACK
6
CONTINUOUS
10
617.7949429999999893
20
49.570098999999999
11
618.1949429999999666
21
49.1700990000000004
0
LINE
8
BLACK
6
CONTINUOUS
10
618.1949429999999666
20
49.570098999999999
11
617.7949429999999893
21
49.1700990000000004
0
LINE
8
BLACK
6
CONTINUOUS
10
617.8818619999999555
20
62.184827999999996
11
618.2818619999999328
21
61.7848279999999974
0
LINE
8
BLACK
6
CONTINUOUS
10
618.2818619999999328
20
62.184827999999996
11
617.8818619999999555
21
61.7848279999999974
0
LINE
8
BLACK
6
CONTINUOUS
10
617.9049719999999297
20
167.7476240000000018
11
618.3049720000000207
21
167.3476239999999962
0
LINE
8
BLACK
6
CONTINUOUS
10
618.3049720000000207
20
167.7476240000000018
11
617.9049719999999297
21
167.3476239999999962
0
LINE
8
BLACK
6
CONTINUOUS
10
617.9356930000000148
20
163.47747099999998
11
618.335692999999992
21
163.0774710000000027
0
LINE
8
BLACK
6
CONTINUOUS
10
618.335692999999992
20
163.47747099999998
11
617.9356930000000148
21
163.0774710000000027
0
LINE
8
BLACK
6
CONTINUOUS
10
617.9361410000000205
20
47.9010609999999986
11
618.3361409999999978
21
47.501061
0
LINE
8
BLACK
6
CONTINUOUS
10
618.3361409999999978
20
47.9010609999999986
11
617.9361410000000205
21
47.501061
0
LINE
8
BLACK
6
CONTINUOUS
10
618.0230599999999868
20
60.5157889999999981
11
618.423059999999964
21
60.1157889999999995
0
LINE
8
BLACK
6
CONTINUOUS
10
618.423059999999964
20
60.5157889999999981
11
618.0230599999999868
21
60.1157889999999995
0
LINE
8
BLACK
6
CONTINUOUS
10
618.0773399999999356
20
46.2320229999999981
11
618.4773400000000265
21
45.8320229999999995
0
LINE
8
BLACK
6
CONTINUOUS
10
618.4773400000000265
20
46.2320229999999981
11
618.0773399999999356
21
45.8320229999999995
0
LINE
8
BLACK
6
CONTINUOUS
10
618.164260000000013
20
58.8467509999999976
11
618.5642599999999902
21
58.446750999999999
0
LINE
8
BLACK
6
CONTINUOUS
10
618.5642599999999902
20
58.8467509999999976
11
618.164260000000013
21
58.446750999999999
0
LINE
8
BLACK
6
CONTINUOUS
10
618.2185369999999693
20
44.5629849999999976
11
618.6185369999999466
21
44.162984999999999
0
LINE
8
BLACK
6
CONTINUOUS
10
618.6185369999999466
20
44.5629849999999976
11
618.2185369999999693
21
44.162984999999999
0
LINE
8
BLACK
6
CONTINUOUS
10
618.2295369999999366
20
166.6183399999999892
11
618.6295370000000275
21
166.2183399999999835
0
LINE
8
BLACK
6
CONTINUOUS
10
618.6295370000000275
20
166.6183399999999892
11
618.2295369999999366
21
166.2183399999999835
0
LINE
8
BLACK
6
CONTINUOUS
10
618.2602610000000141
20
162.3481869999999958
11
618.6602609999999913
21
161.9481869999999901
0
LINE
8
BLACK
6
CONTINUOUS
10
618.6602609999999913
20
162.3481869999999958
11
618.2602610000000141
21
161.9481869999999901
0
LINE
8
BLACK
6
CONTINUOUS
10
618.3054559999999356
20
57.1777129999999971
11
618.7054560000000265
21
56.7777129999999985
0
LINE
8
BLACK
6
CONTINUOUS
10
618.7054560000000265
20
57.1777129999999971
11
618.3054559999999356
21
56.7777129999999985
0
LINE
8
BLACK
6
CONTINUOUS
10
618.3597359999999981
20
42.8939469999999972
11
618.7597359999999753
21
42.4939469999999986
0
LINE
8
BLACK
6
CONTINUOUS
10
618.7597359999999753
20
42.8939469999999972
11
618.3597359999999981
21
42.4939469999999986
0
LINE
8
BLACK
6
CONTINUOUS
10
618.4466559999999618
20
55.5086749999999967
11
618.846655999999939
21
55.1086749999999981
0
LINE
8
BLACK
6
CONTINUOUS
10
618.846655999999939
20
55.5086749999999967
11
618.4466559999999618
21
55.1086749999999981
0
LINE
8
BLACK
6
CONTINUOUS
10
618.5009339999999156
20
41.2249100000000013
11
618.9009340000000066
21
40.8249099999999956
0
LINE
8
BLACK
6
CONTINUOUS
10
618.9009340000000066
20
41.2249100000000013
11
618.5009339999999156
21
40.8249099999999956
0
LINE
8
BLACK
6
CONTINUOUS
10
618.5541029999999409
20
165.489056000000005
11
618.9541029999999182
21
165.0890559999999994
0
LINE
8
BLACK
6
CONTINUOUS
10
618.9541029999999182
20
165.489056000000005
11
618.5541029999999409
21
165.0890559999999994
0
LINE
8
BLACK
6
CONTINUOUS
10
618.5848250000000235
20
161.2189029999999832
11
618.9848250000000007
21
160.8189030000000059
0
LINE
8
BLACK
6
CONTINUOUS
10
618.9848250000000007
20
161.2189029999999832
11
618.5848250000000235
21
160.8189030000000059
0
LINE
8
BLACK
6
CONTINUOUS
10
618.587853999999993
20
53.8396369999999962
11
618.9878539999999703
21
53.4396369999999976
0
LINE
8
BLACK
6
CONTINUOUS
10
618.9878539999999703
20
53.8396369999999962
11
618.587853999999993
21
53.4396369999999976
0
LINE
8
BLACK
6
CONTINUOUS
10
618.6421319999999469
20
39.5558699999999988
11
619.0421319999999241
21
39.1558700000000002
0
LINE
8
BLACK
6
CONTINUOUS
10
619.0421319999999241
20
39.5558699999999988
11
618.6421319999999469
21
39.1558700000000002
0
LINE
8
BLACK
6
CONTINUOUS
10
618.7290510000000268
20
52.1705979999999983
11
619.129051000000004
21
51.7705979999999997
0
LINE
8
BLACK
6
CONTINUOUS
10
619.129051000000004
20
52.1705979999999983
11
618.7290510000000268
21
51.7705979999999997
0
LINE
8
BLACK
6
CONTINUOUS
10
618.783331999999973
20
37.8868329999999958
11
619.1833319999999503
21
37.4868329999999972
0
LINE
8
BLACK
6
CONTINUOUS
10
619.1833319999999503
20
37.8868329999999958
11
618.783331999999973
21
37.4868329999999972
0
LINE
8
BLACK
6
CONTINUOUS
10
618.8702509999999393
20
50.5015599999999978
11
619.2702509999999165
21
50.1015599999999992
0
LINE
8
BLACK
6
CONTINUOUS
10
619.2702509999999165
20
50.5015599999999978
11
618.8702509999999393
21
50.1015599999999992
0
LINE
8
BLACK
6
CONTINUOUS
10
618.8786679999999478
20
164.3597719999999924
11
619.2786679999999251
21
163.9597719999999867
0
LINE
8
BLACK
6
CONTINUOUS
10
619.2786679999999251
20
164.3597719999999924
11
618.8786679999999478
21
163.9597719999999867
0
LINE
8
BLACK
6
CONTINUOUS
10
618.9093930000000228
20
160.0896199999999965
11
619.309393
21
159.6896199999999908
0
LINE
8
BLACK
6
CONTINUOUS
10
619.309393
20
160.0896199999999965
11
618.9093930000000228
21
159.6896199999999908
0
LINE
8
BLACK
6
CONTINUOUS
10
618.9245290000000068
20
36.2177949999999953
11
619.3245289999999841
21
35.8177949999999967
0
LINE
8
BLACK
6
CONTINUOUS
10
619.3245289999999841
20
36.2177949999999953
11
618.9245290000000068
21
35.8177949999999967
0
LINE
8
BLACK
6
CONTINUOUS
10
619.011447999999973
20
48.8325219999999973
11
619.4114479999999503
21
48.4325219999999987
0
LINE
8
BLACK
6
CONTINUOUS
10
619.4114479999999503
20
48.8325219999999973
11
619.011447999999973
21
48.4325219999999987
0
LINE
8
BLACK
6
CONTINUOUS
10
619.0657279999999218
20
34.5487579999999994
11
619.4657280000000128
21
34.1487580000000008
0
LINE
8
BLACK
6
CONTINUOUS
10
619.4657280000000128
20
34.5487579999999994
11
619.0657279999999218
21
34.1487580000000008
0
LINE
8
BLACK
6
CONTINUOUS
10
619.1526460000000043
20
47.1634849999999943
11
619.5526459999999815
21
46.7634849999999958
0
LINE
8
BLACK
6
CONTINUOUS
10
619.5526459999999815
20
47.1634849999999943
11
619.1526460000000043
21
46.7634849999999958
0
LINE
8
BLACK
6
CONTINUOUS
10
619.2032349999999497
20
163.2304890000000057
11
619.6032349999999269
21
162.830489
0
LINE
8
BLACK
6
CONTINUOUS
10
619.6032349999999269
20
163.2304890000000057
11
619.2032349999999497
21
162.830489
0
LINE
8
BLACK
6
CONTINUOUS
10
619.2069259999999531
20
32.8797190000000015
11
619.6069259999999304
21
32.4797189999999958
0
LINE
8
BLACK
6
CONTINUOUS
10
619.6069259999999304
20
32.8797190000000015
11
619.2069259999999531
21
32.4797189999999958
0
LINE
8
BLACK
6
CONTINUOUS
10
619.2339569999999185
20
158.9603359999999839
11
619.6339570000000094
21
158.5603360000000066
0
LINE
8
BLACK
6
CONTINUOUS
10
619.6339570000000094
20
158.9603359999999839
11
619.2339569999999185
21
158.5603360000000066
0
LINE
8
BLACK
6
CONTINUOUS
10
619.2938470000000279
20
45.4944459999999964
11
619.6938470000000052
21
45.0944459999999978
0
LINE
8
BLACK
6
CONTINUOUS
10
619.6938470000000052
20
45.4944459999999964
11
619.2938470000000279
21
45.0944459999999978
0
LINE
8
BLACK
6
CONTINUOUS
10
619.3481239999999843
20
31.2106819999999985
11
619.7481239999999616
21
30.8106819999999999
0
LINE
8
BLACK
6
CONTINUOUS
10
619.7481239999999616
20
31.2106819999999985
11
619.3481239999999843
21
30.8106819999999999
0
LINE
8
BLACK
6
CONTINUOUS
10
619.4350429999999506
20
43.8254090000000005
11
619.8350429999999278
21
43.4254089999999948
0
LINE
8
BLACK
6
CONTINUOUS
10
619.8350429999999278
20
43.8254090000000005
11
619.4350429999999506
21
43.4254089999999948
0
LINE
8
BLACK
6
CONTINUOUS
10
619.4893240000000105
20
29.541642999999997
11
619.8893239999999878
21
29.1416429999999984
0
LINE
8
BLACK
6
CONTINUOUS
10
619.8893239999999878
20
29.541642999999997
11
619.4893240000000105
21
29.1416429999999984
0
LINE
8
BLACK
6
CONTINUOUS
10
619.5277989999999591
20
162.1012049999999931
11
619.9277989999999363
21
161.7012049999999874
0
LINE
8
BLACK
6
CONTINUOUS
10
619.9277989999999363
20
162.1012049999999931
11
619.5277989999999591
21
161.7012049999999874
0
LINE
8
BLACK
6
CONTINUOUS
10
619.5762419999999793
20
42.1563699999999955
11
619.9762419999999565
21
41.7563699999999969
0
LINE
8
BLACK
6
CONTINUOUS
10
619.9762419999999565
20
42.1563699999999955
11
619.5762419999999793
21
41.7563699999999969
0
LINE
8
BLACK
6
CONTINUOUS
10
619.6305199999999331
20
27.872603999999999
11
620.0305200000000241
21
27.4726040000000005
0
LINE
8
BLACK
6
CONTINUOUS
10
620.0305200000000241
20
27.872603999999999
11
619.6305199999999331
21
27.4726040000000005
0
LINE
8
BLACK
6
CONTINUOUS
10
619.7174400000000105
20
40.487331999999995
11
620.1174399999999878
21
40.0873319999999964
0
LINE
8
BLACK
6
CONTINUOUS
10
620.1174399999999878
20
40.487331999999995
11
619.7174400000000105
21
40.0873319999999964
0
LINE
8
BLACK
6
CONTINUOUS
10
619.7717199999999593
20
26.2035659999999986
11
620.1717199999999366
21
25.803566
0
LINE
8
BLACK
6
CONTINUOUS
10
620.1717199999999366
20
26.2035659999999986
11
619.7717199999999593
21
25.803566
0
LINE
8
BLACK
6
CONTINUOUS
10
619.8523659999999609
20
160.9719220000000064
11
620.2523659999999381
21
160.5719220000000007
0
LINE
8
BLACK
6
CONTINUOUS
10
620.2523659999999381
20
160.9719220000000064
11
619.8523659999999609
21
160.5719220000000007
0
LINE
8
BLACK
6
CONTINUOUS
10
619.8586379999999281
20
38.8182940000000016
11
620.258638000000019
21
38.4182939999999959
0
LINE
8
BLACK
6
CONTINUOUS
10
620.258638000000019
20
38.8182940000000016
11
619.8586379999999281
21
38.4182939999999959
0
LINE
8
BLACK
6
CONTINUOUS
10
619.9998379999999543
20
37.1492560000000012
11
620.3998379999999315
21
36.7492559999999955
0
LINE
8
BLACK
6
CONTINUOUS
10
620.3998379999999315
20
37.1492560000000012
11
619.9998379999999543
21
36.7492559999999955
0
LINE
8
BLACK
6
CONTINUOUS
10
620.141034999999988
20
35.4802180000000007
11
620.5410349999999653
21
35.080217999999995
0
LINE
8
BLACK
6
CONTINUOUS
10
620.5410349999999653
20
35.4802180000000007
11
620.141034999999988
21
35.080217999999995
0
LINE
8
BLACK
6
CONTINUOUS
10
620.1769299999999703
20
159.8426369999999963
11
620.5769299999999475
21
159.4426369999999906
0
LINE
8
BLACK
6
CONTINUOUS
10
620.5769299999999475
20
159.8426369999999963
11
620.1769299999999703
21
159.4426369999999906
0
LINE
8
BLACK
6
CONTINUOUS
10
620.2822340000000167
20
33.8111800000000002
11
620.682233999999994
21
33.4111800000000017
0
LINE
8
BLACK
6
CONTINUOUS
10
620.682233999999994
20
33.8111800000000002
11
620.2822340000000167
21
33.4111800000000017
0
LINE
8
BLACK
6
CONTINUOUS
10
620.4234319999999343
20
32.1421419999999998
11
620.8234320000000253
21
31.7421419999999976
0
LINE
8
BLACK
6
CONTINUOUS
10
620.8234320000000253
20
32.1421419999999998
11
620.4234319999999343
21
31.7421419999999976
0
LINE
8
BLACK
6
CONTINUOUS
10
620.5646299999999655
20
30.4731029999999983
11
620.9646299999999428
21
30.0731029999999997
0
LINE
8
BLACK
6
CONTINUOUS
10
620.9646299999999428
20
30.4731029999999983
11
620.5646299999999655
21
30.0731029999999997
0
LINE
8
BLACK
6
CONTINUOUS
10
620.7058299999999917
20
28.8040659999999988
11
621.105829999999969
21
28.4040660000000003
0
LINE
8
BLACK
6
CONTINUOUS
10
621.105829999999969
20
28.8040659999999988
11
620.7058299999999917
21
28.4040660000000003
0
LINE
8
BLACK
6
CONTINUOUS
10
620.8470270000000255
20
27.1350279999999984
11
621.2470270000000028
21
26.7350279999999998
0
LINE
8
BLACK
6
CONTINUOUS
10
621.2470270000000028
20
27.1350279999999984
11
620.8470270000000255
21
26.7350279999999998
0
LINE
8
BLACK
6
CONTINUOUS
10
625.1732409999999618
20
133.5832470000000001
11
625.573240999999939
21
133.1832469999999944
0
LINE
8
BLACK
6
CONTINUOUS
10
625.573240999999939
20
133.5832470000000001
11
625.1732409999999618
21
133.1832469999999944
0
LINE
8
BLACK
6
CONTINUOUS
10
625.3860690000000204
20
132.4276820000000043
11
625.7860689999999977
21
132.0276819999999987
0
LINE
8
BLACK
6
CONTINUOUS
10
625.7860689999999977
20
132.4276820000000043
11
625.3860690000000204
21
132.0276819999999987
0
LINE
8
BLACK
6
CONTINUOUS
10
625.5989009999999553
20
131.2721190000000036
11
625.9989009999999325
21
130.8721189999999979
0
LINE
8
BLACK
6
CONTINUOUS
10
625.9989009999999325
20
131.2721190000000036
11
625.5989009999999553
21
130.8721189999999979
0
LINE
8
BLACK
6
CONTINUOUS
10
625.8117300000000114
20
130.1165540000000078
11
626.2117299999999886
21
129.7165540000000021
0
LINE
8
BLACK
6
CONTINUOUS
10
626.2117299999999886
20
130.1165540000000078
11
625.8117300000000114
21
129.7165540000000021
0
LINE
8
BLACK
6
CONTINUOUS
10
626.0245599999999513
20
128.9609899999999811
11
626.4245599999999286
21
128.5609900000000039
0
LINE
8
BLACK
6
CONTINUOUS
10
626.4245599999999286
20
128.9609899999999811
11
626.0245599999999513
21
128.5609900000000039
0
LINE
8
BLACK
6
CONTINUOUS
10
626.1978040000000192
20
134.3693299999999908
11
626.5978039999999964
21
133.9693299999999851
0
LINE
8
BLACK
6
CONTINUOUS
10
626.5978039999999964
20
134.3693299999999908
11
626.1978040000000192
21
133.9693299999999851
0
LINE
8
BLACK
6
CONTINUOUS
10
626.2373919999999998
20
127.8054249999999996
11
626.6373919999999771
21
127.4054249999999939
0
LINE
8
BLACK
6
CONTINUOUS
10
626.6373919999999771
20
127.8054249999999996
11
626.2373919999999998
21
127.4054249999999939
0
LINE
8
BLACK
6
CONTINUOUS
10
626.4106319999999641
20
133.2137659999999926
11
626.8106319999999414
21
132.8137659999999869
0
LINE
8
BLACK
6
CONTINUOUS
10
626.8106319999999414
20
133.2137659999999926
11
626.4106319999999641
21
132.8137659999999869
0
LINE
8
BLACK
6
CONTINUOUS
10
626.4502209999999423
20
126.6498610000000014
11
626.8502209999999195
21
126.2498609999999957
0
LINE
8
BLACK
6
CONTINUOUS
10
626.8502209999999195
20
126.6498610000000014
11
626.4502209999999423
21
126.2498609999999957
0
LINE
8
BLACK
6
CONTINUOUS
10
626.6234640000000127
20
132.0582019999999943
11
627.0234639999999899
21
131.6582019999999886
0
LINE
8
BLACK
6
CONTINUOUS
10
627.0234639999999899
20
132.0582019999999943
11
626.6234640000000127
21
131.6582019999999886
0
LINE
8
BLACK
6
CONTINUOUS
10
626.6630519999999933
20
125.4942969999999889
11
627.0630519999999706
21
125.0942969999999974
0
LINE
8
BLACK
6
CONTINUOUS
10
627.0630519999999706
20
125.4942969999999889
11
626.6630519999999933
21
125.0942969999999974
0
LINE
8
BLACK
6
CONTINUOUS
10
626.8362929999999551
20
130.9026379999999961
11
627.2362929999999324
21
130.5026379999999904
0
LINE
8
BLACK
6
CONTINUOUS
10
627.2362929999999324
20
130.9026379999999961
11
626.8362929999999551
21
130.5026379999999904
0
LINE
8
BLACK
6
CONTINUOUS
10
626.8758809999999357
20
124.3387339999999881
11
627.2758810000000267
21
123.9387339999999966
0
LINE
8
BLACK
6
CONTINUOUS
10
627.2758810000000267
20
124.3387339999999881
11
626.8758809999999357
21
123.9387339999999966
0
LINE
8
BLACK
6
CONTINUOUS
10
627.0491230000000087
20
129.7470749999999953
11
627.449122999999986
21
129.3470749999999896
0
LINE
8
BLACK
6
CONTINUOUS
10
627.449122999999986
20
129.7470749999999953
11
627.0491230000000087
21
129.3470749999999896
0
LINE
8
BLACK
6
CONTINUOUS
10
627.0887119999999868
20
123.1831699999999898
11
627.4887119999999641
21
122.7831699999999984
0
LINE
8
BLACK
6
CONTINUOUS
10
627.4887119999999641
20
123.1831699999999898
11
627.0887119999999868
21
122.7831699999999984
0
LINE
8
BLACK
6
CONTINUOUS
10
627.2619529999999486
20
128.591510999999997
11
627.6619529999999259
21
128.1915109999999913
0
LINE
8
BLACK
6
CONTINUOUS
10
627.6619529999999259
20
128.591510999999997
11
627.2619529999999486
21
128.1915109999999913
0
LINE
8
BLACK
6
CONTINUOUS
10
627.3015409999999292
20
122.0276069999999891
11
627.7015410000000202
21
121.6276069999999976
0
LINE
8
BLACK
6
CONTINUOUS
10
627.7015410000000202
20
122.0276069999999891
11
627.3015409999999292
21
121.6276069999999976
0
LINE
8
BLACK
6
CONTINUOUS
10
627.4747830000000022
20
127.4359449999999896
11
627.8747829999999794
21
127.0359449999999981
0
LINE
8
BLACK
6
CONTINUOUS
10
627.8747829999999794
20
127.4359449999999896
11
627.4747830000000022
21
127.0359449999999981
0
LINE
8
BLACK
6
CONTINUOUS
10
627.5143729999999778
20
120.8720429999999908
11
627.914372999999955
21
120.4720429999999993
0
LINE
8
BLACK
6
CONTINUOUS
10
627.914372999999955
20
120.8720429999999908
11
627.5143729999999778
21
120.4720429999999993
0
LINE
8
BLACK
6
CONTINUOUS
10
627.6876129999999421
20
126.2803819999999888
11
628.0876129999999193
21
125.8803819999999973
0
LINE
8
BLACK
6
CONTINUOUS
10
628.0876129999999193
20
126.2803819999999888
11
627.6876129999999421
21
125.8803819999999973
0
LINE
8
BLACK
6
CONTINUOUS
10
627.7272009999999227
20
119.7164769999999976
11
628.1272010000000137
21
119.3164769999999919
0
LINE
8
BLACK
6
CONTINUOUS
10
628.1272010000000137
20
119.7164769999999976
11
627.7272009999999227
21
119.3164769999999919
0
LINE
8
BLACK
6
CONTINUOUS
10
627.9004429999999957
20
125.1248179999999905
11
628.3004429999999729
21
124.7248179999999991
0
LINE
8
BLACK
6
CONTINUOUS
10
628.3004429999999729
20
125.1248179999999905
11
627.9004429999999957
21
124.7248179999999991
0
LINE
8
BLACK
6
CONTINUOUS
10
627.9400319999999738
20
118.5609129999999993
11
628.340031999999951
21
118.1609129999999936
0
LINE
8
BLACK
6
CONTINUOUS
10
628.340031999999951
20
118.5609129999999993
11
627.9400319999999738
21
118.1609129999999936
0
LINE
8
BLACK
6
CONTINUOUS
10
628.113273999999933
20
123.9692539999999923
11
628.513274000000024
21
123.5692540000000008
0
LINE
8
BLACK
6
CONTINUOUS
10
628.513274000000024
20
123.9692539999999923
11
628.113273999999933
21
123.5692540000000008
0
LINE
8
BLACK
6
CONTINUOUS
10
628.1528609999999162
20
117.4053479999999894
11
628.5528610000000072
21
117.0053479999999979
0
LINE
8
BLACK
6
CONTINUOUS
10
628.5528610000000072
20
117.4053479999999894
11
628.1528609999999162
21
117.0053479999999979
0
LINE
8
BLACK
6
CONTINUOUS
10
628.3261029999999892
20
122.8136879999999991
11
628.7261029999999664
21
122.4136879999999934
0
LINE
8
BLACK
6
CONTINUOUS
10
628.7261029999999664
20
122.8136879999999991
11
628.3261029999999892
21
122.4136879999999934
0
LINE
8
BLACK
6
CONTINUOUS
10
628.3656919999999673
20
116.2497829999999936
11
628.7656919999999445
21
115.849782999999988
0
LINE
8
BLACK
6
CONTINUOUS
10
628.7656919999999445
20
116.2497829999999936
11
628.3656919999999673
21
115.849782999999988
0
LINE
8
BLACK
6
CONTINUOUS
10
628.5389339999999265
20
121.6581249999999983
11
628.9389340000000175
21
121.2581249999999926
0
LINE
8
BLACK
6
CONTINUOUS
10
628.9389340000000175
20
121.6581249999999983
11
628.5389339999999265
21
121.2581249999999926
0
LINE
8
BLACK
6
CONTINUOUS
10
628.5785200000000259
20
115.0942209999999903
11
628.9785200000000032
21
114.6942209999999989
0
LINE
8
BLACK
6
CONTINUOUS
10
628.9785200000000032
20
115.0942209999999903
11
628.5785200000000259
21
114.6942209999999989
0
LINE
8
BLACK
6
CONTINUOUS
10
628.7517629999999826
20
120.502561
11
629.1517629999999599
21
120.1025609999999944
0
LINE
8
BLACK
6
CONTINUOUS
10
629.1517629999999599
20
120.502561
11
628.7517629999999826
21
120.1025609999999944
0
LINE
8
BLACK
6
CONTINUOUS
10
628.7913509999999633
20
113.9386569999999921
11
629.1913509999999405
21
113.5386570000000006
0
LINE
8
BLACK
6
CONTINUOUS
10
629.1913509999999405
20
113.9386569999999921
11
628.7913509999999633
21
113.5386570000000006
0
LINE
8
BLACK
6
CONTINUOUS
10
628.96459399999992
20
119.3469969999999876
11
629.364594000000011
21
118.9469969999999961
0
LINE
8
BLACK
6
CONTINUOUS
10
629.364594000000011
20
119.3469969999999876
11
628.96459399999992
21
118.9469969999999961
0
LINE
8
BLACK
6
CONTINUOUS
10
629.0041810000000169
20
112.7830929999999938
11
629.4041809999999941
21
112.3830929999999881
0
LINE
8
BLACK
6
CONTINUOUS
10
629.4041809999999941
20
112.7830929999999938
11
629.0041810000000169
21
112.3830929999999881
0
LINE
8
BLACK
6
CONTINUOUS
10
629.1774219999999787
20
118.191434000000001
11
629.5774219999999559
21
117.7914339999999953
0
LINE
8
BLACK
6
CONTINUOUS
10
629.5774219999999559
20
118.191434000000001
11
629.1774219999999787
21
117.7914339999999953
0
LINE
8
BLACK
6
CONTINUOUS
10
629.2170109999999568
20
111.627529999999993
11
629.617010999999934
21
111.2275300000000016
0
LINE
8
BLACK
6
CONTINUOUS
10
629.617010999999934
20
111.627529999999993
11
629.2170109999999568
21
111.2275300000000016
0
LINE
8
BLACK
6
CONTINUOUS
10
629.3902550000000247
20
117.0358679999999936
11
629.7902550000000019
21
116.6358679999999879
0
LINE
8
BLACK
6
CONTINUOUS
10
629.7902550000000019
20
117.0358679999999936
11
629.3902550000000247
21
116.6358679999999879
0
LINE
8
BLACK
6
CONTINUOUS
10
629.4298420000000078
20
110.4719659999999948
11
629.8298419999999851
21
110.0719659999999891
0
LINE
8
BLACK
6
CONTINUOUS
10
629.8298419999999851
20
110.4719659999999948
11
629.4298420000000078
21
110.0719659999999891
0
LINE
8
BLACK
6
CONTINUOUS
10
629.6030829999999696
20
115.8803049999999928
11
630.0030829999999469
21
115.4803050000000013
0
LINE
8
BLACK
6
CONTINUOUS
10
630.0030829999999469
20
115.8803049999999928
11
629.6030829999999696
21
115.4803050000000013
0
LINE
8
BLACK
6
CONTINUOUS
10
629.6426709999999503
20
109.3164019999999965
11
630.0426709999999275
21
108.9164019999999908
0
LINE
8
BLACK
6
CONTINUOUS
10
630.0426709999999275
20
109.3164019999999965
11
629.6426709999999503
21
108.9164019999999908
0
LINE
8
BLACK
6
CONTINUOUS
10
629.8159150000000182
20
114.7247399999999971
11
630.2159149999999954
21
114.3247399999999914
0
LINE
8
BLACK
6
CONTINUOUS
10
630.2159149999999954
20
114.7247399999999971
11
629.8159150000000182
21
114.3247399999999914
0
LINE
8
BLACK
6
CONTINUOUS
10
629.8555020000000013
20
108.1608379999999983
11
630.2555019999999786
21
107.7608379999999926
0
LINE
8
BLACK
6
CONTINUOUS
10
630.2555019999999786
20
108.1608379999999983
11
629.8555020000000013
21
107.7608379999999926
0
LINE
8
BLACK
6
CONTINUOUS
10
630.0287429999999631
20
113.5691750000000013
11
630.4287429999999404
21
113.1691749999999956
0
LINE
8
BLACK
6
CONTINUOUS
10
630.4287429999999404
20
113.5691750000000013
11
630.0287429999999631
21
113.1691749999999956
0
LINE
8
BLACK
6
CONTINUOUS
10
630.0683309999999437
20
107.0052709999999934
11
630.468330999999921
21
106.6052710000000019
0
LINE
8
BLACK
6
CONTINUOUS
10
630.468330999999921
20
107.0052709999999934
11
630.0683309999999437
21
106.6052710000000019
0
LINE
8
BLACK
6
CONTINUOUS
10
630.2415740000000142
20
112.413612999999998
11
630.6415739999999914
21
112.0136129999999923
0
LINE
8
BLACK
6
CONTINUOUS
10
630.6415739999999914
20
112.413612999999998
11
630.2415740000000142
21
112.0136129999999923
0
LINE
8
BLACK
6
CONTINUOUS
10
630.2811639999999898
20
105.8497079999999926
11
630.681163999999967
21
105.4497080000000011
0
LINE
8
BLACK
6
CONTINUOUS
10
630.681163999999967
20
105.8497079999999926
11
630.2811639999999898
21
105.4497080000000011
0
LINE
8
BLACK
6
CONTINUOUS
10
630.4544039999999541
20
111.2580479999999881
11
630.8544039999999313
21
110.8580479999999966
0
LINE
8
BLACK
6
CONTINUOUS
10
630.8544039999999313
20
111.2580479999999881
11
630.4544039999999541
21
110.8580479999999966
0
LINE
8
BLACK
6
CONTINUOUS
10
630.4939929999999322
20
104.6941429999999968
11
630.8939930000000231
21
104.2941429999999912
0
LINE
8
BLACK
6
CONTINUOUS
10
630.8939930000000231
20
104.6941429999999968
11
630.4939929999999322
21
104.2941429999999912
0
LINE
8
BLACK
6
CONTINUOUS
10
630.6672340000000077
20
110.1024839999999898
11
631.0672339999999849
21
109.7024839999999983
0
LINE
8
BLACK
6
CONTINUOUS
10
631.0672339999999849
20
110.1024839999999898
11
630.6672340000000077
21
109.7024839999999983
0
LINE
8
BLACK
6
CONTINUOUS
10
630.7068229999999858
20
103.5385789999999986
11
631.106822999999963
21
103.1385789999999929
0
LINE
8
BLACK
6
CONTINUOUS
10
631.106822999999963
20
103.5385789999999986
11
630.7068229999999858
21
103.1385789999999929
0
LINE
8
BLACK
6
CONTINUOUS
10
630.880064999999945
20
108.9469199999999915
11
631.2800649999999223
21
108.5469200000000001
0
LINE
8
BLACK
6
CONTINUOUS
10
631.2800649999999223
20
108.9469199999999915
11
630.880064999999945
21
108.5469200000000001
0
LINE
8
BLACK
6
CONTINUOUS
10
630.9196509999999307
20
102.3830169999999953
11
631.3196510000000217
21
101.9830169999999896
0
LINE
8
BLACK
6
CONTINUOUS
10
631.3196510000000217
20
102.3830169999999953
11
630.9196509999999307
21
101.9830169999999896
0
LINE
8
BLACK
6
CONTINUOUS
10
631.0928940000000011
20
107.7913559999999933
11
631.4928939999999784
21
107.3913560000000018
0
LINE
8
BLACK
6
CONTINUOUS
10
631.4928939999999784
20
107.7913559999999933
11
631.0928940000000011
21
107.3913560000000018
0
LINE
8
BLACK
6
CONTINUOUS
10
631.1324829999999793
20
101.2274510000000021
11
631.5324829999999565
21
100.8274509999999964
0
LINE
8
BLACK
6
CONTINUOUS
10
631.5324829999999565
20
101.2274510000000021
11
631.1324829999999793
21
100.8274509999999964
0
LINE
8
BLACK
6
CONTINUOUS
10
631.3057249999999385
20
106.6357909999999976
11
631.7057249999999158
21
106.2357909999999919
0
LINE
8
BLACK
6
CONTINUOUS
10
631.7057249999999158
20
106.6357909999999976
11
631.3057249999999385
21
106.2357909999999919
0
LINE
8
BLACK
6
CONTINUOUS
10
631.3453109999999242
20
100.0718889999999988
11
631.7453110000000152
21
99.6718889999999931
0
LINE
8
BLACK
6
CONTINUOUS
10
631.7453110000000152
20
100.0718889999999988
11
631.3453109999999242
21
99.6718889999999931
0
LINE
8
BLACK
6
CONTINUOUS
10
631.5185539999999946
20
105.4802269999999993
11
631.9185539999999719
21
105.0802269999999936
0
LINE
8
BLACK
6
CONTINUOUS
10
631.9185539999999719
20
105.4802269999999993
11
631.5185539999999946
21
105.0802269999999936
0
LINE
8
BLACK
6
CONTINUOUS
10
631.5581439999999702
20
98.9163239999999888
11
631.9581439999999475
21
98.5163239999999973
0
LINE
8
BLACK
6
CONTINUOUS
10
631.9581439999999475
20
98.9163239999999888
11
631.5581439999999702
21
98.5163239999999973
0
LINE
8
BLACK
6
CONTINUOUS
10
631.731384999999932
20
104.324663000000001
11
632.131385000000023
21
103.9246629999999953
0
LINE
8
BLACK
6
CONTINUOUS
10
632.131385000000023
20
104.324663000000001
11
631.731384999999932
21
103.9246629999999953
0
LINE
8
BLACK
6
CONTINUOUS
10
631.7709730000000263
20
97.7607610000000022
11
632.1709730000000036
21
97.3607609999999966
0
LINE
8
BLACK
6
CONTINUOUS
10
632.1709730000000036
20
97.7607610000000022
11
631.7709730000000263
21
97.3607609999999966
0
LINE
8
BLACK
6
CONTINUOUS
10
631.9442139999999881
20
103.1691000000000003
11
632.3442139999999654
21
102.7690999999999946
0
LINE
8
BLACK
6
CONTINUOUS
10
632.3442139999999654
20
103.1691000000000003
11
631.9442139999999881
21
102.7690999999999946
0
LINE
8
BLACK
6
CONTINUOUS
10
632.1570449999999255
20
102.013536000000002
11
632.5570450000000164
21
101.6135359999999963
0
LINE
8
BLACK
6
CONTINUOUS
10
632.5570450000000164
20
102.013536000000002
11
632.1570449999999255
21
101.6135359999999963
0
LINE
8
BLACK
6
CONTINUOUS
10
632.3698729999999841
20
100.857970999999992
11
632.7698729999999614
21
100.4579710000000006
0
LINE
8
BLACK
6
CONTINUOUS
10
632.7698729999999614
20
100.857970999999992
11
632.3698729999999841
21
100.4579710000000006
0
LINE
8
BLACK
6
CONTINUOUS
10
632.582704999999919
20
99.7024089999999887
11
632.9827050000000099
21
99.3024089999999973
0
LINE
8
BLACK
6
CONTINUOUS
10
632.9827050000000099
20
99.7024089999999887
11
632.582704999999919
21
99.3024089999999973
0
LINE
8
BLACK
6
CONTINUOUS
10
632.7955329999999776
20
98.5468429999999955
11
633.1955329999999549
21
98.1468429999999898
0
LINE
8
BLACK
6
CONTINUOUS
10
633.1955329999999549
20
98.5468429999999955
11
632.7955329999999776
21
98.1468429999999898
0
LINE
8
BLACK
6
CONTINUOUS
10
635.2026029999999537
20
71.9230840000000029
11
635.6026029999999309
21
71.5230839999999972
0
LINE
8
BLACK
6
CONTINUOUS
10
635.6026029999999309
20
71.9230840000000029
11
635.2026029999999537
21
71.5230839999999972
0
LINE
8
BLACK
6
CONTINUOUS
10
635.3016499999999951
20
70.7522670000000033
11
635.7016499999999724
21
70.3522669999999977
0
LINE
8
BLACK
6
CONTINUOUS
10
635.7016499999999724
20
70.7522670000000033
11
635.3016499999999951
21
70.3522669999999977
0
LINE
8
BLACK
6
CONTINUOUS
10
635.4007020000000239
20
69.5814500000000038
11
635.8007020000000011
21
69.1814499999999981
0
LINE
8
BLACK
6
CONTINUOUS
10
635.8007020000000011
20
69.5814500000000038
11
635.4007020000000239
21
69.1814499999999981
0
LINE
8
BLACK
6
CONTINUOUS
10
635.4997499999999491
20
68.4106319999999926
11
635.8997499999999263
21
68.0106320000000011
0
LINE
8
BLACK
6
CONTINUOUS
10
635.8997499999999263
20
68.4106319999999926
11
635.4997499999999491
21
68.0106320000000011
0
LINE
8
BLACK
6
CONTINUOUS
10
635.5987999999999829
20
67.2398139999999955
11
635.9987999999999602
21
66.8398140000000041
0
LINE
8
BLACK
6
CONTINUOUS
10
635.9987999999999602
20
67.2398139999999955
11
635.5987999999999829
21
66.8398140000000041
0
LINE
8
BLACK
6
CONTINUOUS
10
635.6978490000000193
20
66.068995000000001
11
636.0978489999999965
21
65.6689949999999953
0
LINE
8
BLACK
6
CONTINUOUS
10
636.0978489999999965
20
66.068995000000001
11
635.6978490000000193
21
65.6689949999999953
0
LINE
8
BLACK
6
CONTINUOUS
10
635.7968989999999394
20
64.8981780000000015
11
636.1968989999999167
21
64.4981779999999958
0
LINE
8
BLACK
6
CONTINUOUS
10
636.1968989999999167
20
64.8981780000000015
11
635.7968989999999394
21
64.4981779999999958
0
LINE
8
BLACK
6
CONTINUOUS
10
635.8959499999999707
20
63.7273599999999973
11
636.295949999999948
21
63.3273599999999988
0
LINE
8
BLACK
6
CONTINUOUS
10
636.295949999999948
20
63.7273599999999973
11
635.8959499999999707
21
63.3273599999999988
0
LINE
8
BLACK
6
CONTINUOUS
10
635.9949980000000096
20
62.5565420000000003
11
636.3949979999999869
21
62.1565419999999946
0
LINE
8
BLACK
6
CONTINUOUS
10
636.3949979999999869
20
62.5565420000000003
11
635.9949980000000096
21
62.1565419999999946
0
LINE
8
BLACK
6
CONTINUOUS
10
636.0940489999999272
20
61.3857239999999962
11
636.4940490000000182
21
60.9857239999999976
0
LINE
8
BLACK
6
CONTINUOUS
10
636.4940490000000182
20
61.3857239999999962
11
636.0940489999999272
21
60.9857239999999976
0
LINE
8
BLACK
6
CONTINUOUS
10
636.1930969999999661
20
60.2149079999999941
11
636.5930969999999434
21
59.8149079999999955
0
LINE
8
BLACK
6
CONTINUOUS
10
636.5930969999999434
20
60.2149079999999941
11
636.1930969999999661
21
59.8149079999999955
0
LINE
8
BLACK
6
CONTINUOUS
10
636.2921479999999974
20
59.0440899999999971
11
636.6921479999999747
21
58.6440899999999985
0
LINE
8
BLACK
6
CONTINUOUS
10
636.6921479999999747
20
59.0440899999999971
11
636.2921479999999974
21
58.6440899999999985
0
LINE
8
BLACK
6
CONTINUOUS
10
636.298985000000016
20
72.6054349999999999
11
636.6989849999999933
21
72.2054349999999943
0
LINE
8
BLACK
6
CONTINUOUS
10
636.6989849999999933
20
72.6054349999999999
11
636.298985000000016
21
72.2054349999999943
0
LINE
8
BLACK
6
CONTINUOUS
10
636.3911959999999226
20
57.873272
11
636.7911960000000136
21
57.4732719999999944
0
LINE
8
BLACK
6
CONTINUOUS
10
636.7911960000000136
20
57.873272
11
636.3911959999999226
21
57.4732719999999944
0
LINE
8
BLACK
6
CONTINUOUS
10
636.3980319999999438
20
71.4346180000000004
11
636.798031999999921
21
71.0346179999999947
0
LINE
8
BLACK
6
CONTINUOUS
10
636.798031999999921
20
71.4346180000000004
11
636.3980319999999438
21
71.0346179999999947
0
LINE
8
BLACK
6
CONTINUOUS
10
636.4902469999999539
20
56.7024539999999959
11
636.8902469999999312
21
56.3024539999999973
0
LINE
8
BLACK
6
CONTINUOUS
10
636.8902469999999312
20
56.7024539999999959
11
636.4902469999999539
21
56.3024539999999973
0
LINE
8
BLACK
6
CONTINUOUS
10
636.4970839999999725
20
70.2638010000000008
11
636.8970839999999498
21
69.8638009999999952
0
LINE
8
BLACK
6
CONTINUOUS
10
636.8970839999999498
20
70.2638010000000008
11
636.4970839999999725
21
69.8638009999999952
0
LINE
8
BLACK
6
CONTINUOUS
10
636.5892959999999903
20
55.5316359999999989
11
636.9892959999999675
21
55.1316360000000003
0
LINE
8
BLACK
6
CONTINUOUS
10
636.9892959999999675
20
55.5316359999999989
11
636.5892959999999903
21
55.1316360000000003
0
LINE
8
BLACK
6
CONTINUOUS
10
636.5961320000000114
20
69.0929830000000038
11
636.9961319999999887
21
68.6929829999999981
0
LINE
8
BLACK
6
CONTINUOUS
10
636.9961319999999887
20
69.0929830000000038
11
636.5961320000000114
21
68.6929829999999981
0
LINE
8
BLACK
6
CONTINUOUS
10
636.6883460000000241
20
54.3608169999999973
11
637.0883460000000014
21
53.9608169999999987
0
LINE
8
BLACK
6
CONTINUOUS
10
637.0883460000000014
20
54.3608169999999973
11
636.6883460000000241
21
53.9608169999999987
0
LINE
8
BLACK
6
CONTINUOUS
10
636.6951819999999316
20
67.9221649999999926
11
637.0951820000000225
21
67.5221650000000011
0
LINE
8
BLACK
6
CONTINUOUS
10
637.0951820000000225
20
67.9221649999999926
11
636.6951819999999316
21
67.5221650000000011
0
LINE
8
BLACK
6
CONTINUOUS
10
636.7873939999999493
20
53.1899999999999977
11
637.1873939999999266
21
52.7899999999999991
0
LINE
8
BLACK
6
CONTINUOUS
10
637.1873939999999266
20
53.1899999999999977
11
636.7873939999999493
21
52.7899999999999991
0
LINE
8
BLACK
6
CONTINUOUS
10
636.7942309999999679
20
66.7513469999999955
11
637.1942309999999452
21
66.3513470000000041
0
LINE
8
BLACK
6
CONTINUOUS
10
637.1942309999999452
20
66.7513469999999955
11
636.7942309999999679
21
66.3513470000000041
0
LINE
8
BLACK
6
CONTINUOUS
10
636.8864439999999831
20
52.0191820000000007
11
637.2864439999999604
21
51.619181999999995
0
LINE
8
BLACK
6
CONTINUOUS
10
637.2864439999999604
20
52.0191820000000007
11
636.8864439999999831
21
51.619181999999995
0
LINE
8
BLACK
6
CONTINUOUS
10
636.8932810000000018
20
65.580528000000001
11
637.293280999999979
21
65.1805279999999954
0
LINE
8
BLACK
6
CONTINUOUS
10
637.293280999999979
20
65.580528000000001
11
636.8932810000000018
21
65.1805279999999954
0
LINE
8
BLACK
6
CONTINUOUS
10
636.985494000000017
20
50.8483650000000011
11
637.3854939999999942
21
50.4483649999999955
0
LINE
8
BLACK
6
CONTINUOUS
10
637.3854939999999942
20
50.8483650000000011
11
636.985494000000017
21
50.4483649999999955
0
LINE
8
BLACK
6
CONTINUOUS
10
636.9923309999999219
20
64.4097110000000015
11
637.3923310000000129
21
64.0097109999999958
0
LINE
8
BLACK
6
CONTINUOUS
10
637.3923310000000129
20
64.4097110000000015
11
636.9923309999999219
21
64.0097109999999958
0
LINE
8
BLACK
6
CONTINUOUS
10
637.0845429999999396
20
49.6775479999999945
11
637.4845429999999169
21
49.2775479999999959
0
LINE
8
BLACK
6
CONTINUOUS
10
637.4845429999999169
20
49.6775479999999945
11
637.0845429999999396
21
49.2775479999999959
0
LINE
8
BLACK
6
CONTINUOUS
10
637.0913799999999583
20
63.2388929999999974
11
637.4913799999999355
21
62.8388929999999988
0
LINE
8
BLACK
6
CONTINUOUS
10
637.4913799999999355
20
63.2388929999999974
11
637.0913799999999583
21
62.8388929999999988
0
LINE
8
BLACK
6
CONTINUOUS
10
637.1835939999999709
20
48.5067299999999975
11
637.5835939999999482
21
48.1067299999999989
0
LINE
8
BLACK
6
CONTINUOUS
10
637.5835939999999482
20
48.5067299999999975
11
637.1835939999999709
21
48.1067299999999989
0
LINE
8
BLACK
6
CONTINUOUS
10
637.1904309999999896
20
62.0680750000000003
11
637.5904309999999668
21
61.6680749999999946
0
LINE
8
BLACK
6
CONTINUOUS
10
637.5904309999999668
20
62.0680750000000003
11
637.1904309999999896
21
61.6680749999999946
0
LINE
8
BLACK
6
CONTINUOUS
10
637.2826420000000098
20
47.3359120000000004
11
637.6826419999999871
21
46.9359119999999947
0
LINE
8
BLACK
6
CONTINUOUS
10
637.6826419999999871
20
47.3359120000000004
11
637.2826420000000098
21
46.9359119999999947
0
LINE
8
BLACK
6
CONTINUOUS
10
637.2894789999999148
20
60.8972580000000008
11
637.6894790000000057
21
60.4972579999999951
0
LINE
8
BLACK
6
CONTINUOUS
10
637.6894790000000057
20
60.8972580000000008
11
637.2894789999999148
21
60.4972579999999951
0
LINE
8
BLACK
6
CONTINUOUS
10
637.3816929999999275
20
46.1650950000000009
11
637.7816930000000184
21
45.7650949999999952
0
LINE
8
BLACK
6
CONTINUOUS
10
637.7816930000000184
20
46.1650950000000009
11
637.3816929999999275
21
45.7650949999999952
0
LINE
8
BLACK
6
CONTINUOUS
10
637.3885299999999461
20
59.7264409999999941
11
637.7885299999999233
21
59.3264409999999955
0
LINE
8
BLACK
6
CONTINUOUS
10
637.7885299999999233
20
59.7264409999999941
11
637.3885299999999461
21
59.3264409999999955
0
LINE
8
BLACK
6
CONTINUOUS
10
637.4807419999999638
20
44.9942759999999993
11
637.8807419999999411
21
44.5942760000000007
0
LINE
8
BLACK
6
CONTINUOUS
10
637.8807419999999411
20
44.9942759999999993
11
637.4807419999999638
21
44.5942760000000007
0
LINE
8
BLACK
6
CONTINUOUS
10
637.487577999999985
20
58.5556229999999971
11
637.8875779999999622
21
58.1556229999999985
0
LINE
8
BLACK
6
CONTINUOUS
10
637.8875779999999622
20
58.5556229999999971
11
637.487577999999985
21
58.1556229999999985
0
LINE
8
BLACK
6
CONTINUOUS
10
637.5797919999999976
20
43.8234569999999977
11
637.9797919999999749
21
43.4234569999999991
0
LINE
8
BLACK
6
CONTINUOUS
10
637.9797919999999749
20
43.8234569999999977
11
637.5797919999999976
21
43.4234569999999991
0
LINE
8
BLACK
6
CONTINUOUS
10
637.5866290000000163
20
57.3848050000000001
11
637.9866289999999935
21
56.9848049999999944
0
LINE
8
BLACK
6
CONTINUOUS
10
637.9866289999999935
20
57.3848050000000001
11
637.5866290000000163
21
56.9848049999999944
0
LINE
8
BLACK
6
CONTINUOUS
10
637.6788409999999203
20
42.6526399999999981
11
638.0788410000000113
21
42.2526399999999995
0
LINE
8
BLACK
6
CONTINUOUS
10
638.0788410000000113
20
42.6526399999999981
11
637.6788409999999203
21
42.2526399999999995
0
LINE
8
BLACK
6
CONTINUOUS
10
637.685675999999944
20
56.2139880000000005
11
638.0856759999999213
21
55.8139879999999948
0
LINE
8
BLACK
6
CONTINUOUS
10
638.0856759999999213
20
56.2139880000000005
11
637.685675999999944
21
55.8139879999999948
0
LINE
8
BLACK
6
CONTINUOUS
10
637.7778909999999541
20
41.4818229999999986
11
638.1778909999999314
21
41.081823
0
LINE
8
BLACK
6
CONTINUOUS
10
638.1778909999999314
20
41.4818229999999986
11
637.7778909999999541
21
41.081823
0
LINE
8
BLACK
6
CONTINUOUS
10
637.7847279999999728
20
55.0431689999999989
11
638.18472799999995
21
54.6431690000000003
0
LINE
8
BLACK
6
CONTINUOUS
10
638.18472799999995
20
55.0431689999999989
11
637.7847279999999728
21
54.6431690000000003
0
LINE
8
BLACK
6
CONTINUOUS
10
637.876938999999993
20
40.311005999999999
11
638.2769389999999703
21
39.9110060000000004
0
LINE
8
BLACK
6
CONTINUOUS
10
638.2769389999999703
20
40.311005999999999
11
637.876938999999993
21
39.9110060000000004
0
LINE
8
BLACK
6
CONTINUOUS
10
637.8837760000000117
20
53.8723509999999948
11
638.2837759999999889
21
53.4723509999999962
0
LINE
8
BLACK
6
CONTINUOUS
10
638.2837759999999889
20
53.8723509999999948
11
637.8837760000000117
21
53.4723509999999962
0
LINE
8
BLACK
6
CONTINUOUS
10
637.9759910000000218
20
39.1401869999999974
11
638.3759909999999991
21
38.7401869999999988
0
LINE
8
BLACK
6
CONTINUOUS
10
638.3759909999999991
20
39.1401869999999974
11
637.9759910000000218
21
38.7401869999999988
0
LINE
8
BLACK
6
CONTINUOUS
10
637.9828269999999293
20
52.7015339999999952
11
638.3828270000000202
21
52.3015339999999966
0
LINE
8
BLACK
6
CONTINUOUS
10
638.3828270000000202
20
52.7015339999999952
11
637.9828269999999293
21
52.3015339999999966
0
LINE
8
BLACK
6
CONTINUOUS
10
638.0750379999999495
20
37.9693699999999978
11
638.4750379999999268
21
37.5693699999999993
0
LINE
8
BLACK
6
CONTINUOUS
10
638.4750379999999268
20
37.9693699999999978
11
638.0750379999999495
21
37.5693699999999993
0
LINE
8
BLACK
6
CONTINUOUS
10
638.0818749999999682
20
51.5307159999999982
11
638.4818749999999454
21
51.1307159999999996
0
LINE
8
BLACK
6
CONTINUOUS
10
638.4818749999999454
20
51.5307159999999982
11
638.0818749999999682
21
51.1307159999999996
0
LINE
8
BLACK
6
CONTINUOUS
10
638.1740899999999783
20
36.7985529999999983
11
638.5740899999999556
21
36.3985529999999997
0
LINE
8
BLACK
6
CONTINUOUS
10
638.5740899999999556
20
36.7985529999999983
11
638.1740899999999783
21
36.3985529999999997
0
LINE
8
BLACK
6
CONTINUOUS
10
638.180925000000002
20
50.3598980000000012
11
638.5809249999999793
21
49.9598979999999955
0
LINE
8
BLACK
6
CONTINUOUS
10
638.5809249999999793
20
50.3598980000000012
11
638.180925000000002
21
49.9598979999999955
0
LINE
8
BLACK
6
CONTINUOUS
10
638.2731380000000172
20
35.6277350000000013
11
638.6731379999999945
21
35.2277349999999956
0
LINE
8
BLACK
6
CONTINUOUS
10
638.6731379999999945
20
35.6277350000000013
11
638.2731380000000172
21
35.2277349999999956
0
LINE
8
BLACK
6
CONTINUOUS
10
638.2799749999999221
20
49.1890809999999945
11
638.6799750000000131
21
48.7890809999999959
0
LINE
8
BLACK
6
CONTINUOUS
10
638.6799750000000131
20
49.1890809999999945
11
638.2799749999999221
21
48.7890809999999959
0
LINE
8
BLACK
6
CONTINUOUS
10
638.3790239999999585
20
48.0182629999999975
11
638.7790239999999358
21
47.6182629999999989
0
LINE
8
BLACK
6
CONTINUOUS
10
638.7790239999999358
20
48.0182629999999975
11
638.3790239999999585
21
47.6182629999999989
0
LINE
8
BLACK
6
CONTINUOUS
10
638.4780749999999898
20
46.8474459999999979
11
638.8780749999999671
21
46.4474459999999993
0
LINE
8
BLACK
6
CONTINUOUS
10
638.8780749999999671
20
46.8474459999999979
11
638.4780749999999898
21
46.4474459999999993
0
LINE
8
BLACK
6
CONTINUOUS
10
638.5771240000000262
20
45.6766280000000009
11
638.9771240000000034
21
45.2766279999999952
0
LINE
8
BLACK
6
CONTINUOUS
10
638.9771240000000034
20
45.6766280000000009
11
638.5771240000000262
21
45.2766279999999952
0
LINE
8
BLACK
6
CONTINUOUS
10
638.6761739999999463
20
44.5058089999999993
11
639.0761739999999236
21
44.1058090000000007
0
LINE
8
BLACK
6
CONTINUOUS
10
639.0761739999999236
20
44.5058089999999993
11
638.6761739999999463
21
44.1058090000000007
0
LINE
8
BLACK
6
CONTINUOUS
10
638.7752229999999827
20
43.3349909999999952
11
639.1752229999999599
21
42.9349909999999966
0
LINE
8
BLACK
6
CONTINUOUS
10
639.1752229999999599
20
43.3349909999999952
11
638.7752229999999827
21
42.9349909999999966
0
LINE
8
BLACK
6
CONTINUOUS
10
638.8742730000000165
20
42.1641739999999956
11
639.2742729999999938
21
41.764173999999997
0
LINE
8
BLACK
6
CONTINUOUS
10
639.2742729999999938
20
42.1641739999999956
11
638.8742730000000165
21
41.764173999999997
0
LINE
8
BLACK
6
CONTINUOUS
10
638.9733219999999392
20
40.9933559999999986
11
639.3733219999999164
21
40.593356
0
LINE
8
BLACK
6
CONTINUOUS
10
639.3733219999999164
20
40.9933559999999986
11
638.9733219999999392
21
40.593356
0
LINE
8
BLACK
6
CONTINUOUS
10
639.0723729999999705
20
39.8225380000000015
11
639.4723729999999478
21
39.4225379999999959
0
LINE
8
BLACK
6
CONTINUOUS
10
639.4723729999999478
20
39.8225380000000015
11
639.0723729999999705
21
39.4225379999999959
0
LINE
8
BLACK
6
CONTINUOUS
10
639.1714200000000119
20
38.6517209999999949
11
639.5714199999999892
21
38.2517209999999963
0
LINE
8
BLACK
6
CONTINUOUS
10
639.5714199999999892
20
38.6517209999999949
11
639.1714200000000119
21
38.2517209999999963
0
LINE
8
BLACK
6
CONTINUOUS
10
639.270471999999927
20
37.4809039999999953
11
639.6704720000000179
21
37.0809039999999968
0
LINE
8
BLACK
6
CONTINUOUS
10
639.6704720000000179
20
37.4809039999999953
11
639.270471999999927
21
37.0809039999999968
0
LINE
8
BLACK
6
CONTINUOUS
10
639.3695189999999684
20
36.3100859999999983
11
639.7695189999999457
21
35.9100859999999997
0
LINE
8
BLACK
6
CONTINUOUS
10
639.7695189999999457
20
36.3100859999999983
11
639.3695189999999684
21
35.9100859999999997
0
CIRCLE
8
BLACK
10
70.1809259999999995
20
98.2170139999999918
40
0.2
0
CIRCLE
8
BLACK
10
75.3915259999999989
20
108.5260139999999893
40
0.2
0
CIRCLE
8
BLACK
10
80.2410259999999909
20
90.1850139999999953
40
0.2
0
CIRCLE
8
BLACK
10
81.1230259999999959
20
118.4560139999999961
40
0.2
0
CIRCLE
8
BLACK
10
84.6390260000000012
20
101.4790139999999923
40
0.2
0
CIRCLE
8
BLACK
10
86.8520259999999951
20
128.3810139999999933
40
0.2
0
CIRCLE
8
BLACK
10
89.3890260000000012
20
81.1270140000000026
40
0.2
0
CIRCLE
8
BLACK
10
90.4660259999999994
20
111.4840140000000019
40
0.2
0
CIRCLE
8
BLACK
10
92.5790259999999989
20
138.3030139999999903
40
0.2
0
CIRCLE
8
BLACK
10
93.231026
20
93.6470139999999986
40
0.2
0
CIRCLE
8
BLACK
10
96.2760260000000017
20
121.4740139999999968
40
0.2
0
CIRCLE
8
BLACK
10
97.5200260000000014
20
71.1470139999999986
40
0.2
0
CIRCLE
8
BLACK
10
98.3040259999999932
20
148.2210139999999967
40
0.2
0
CIRCLE
8
BLACK
10
99.2130259999999993
20
103.7760139999999893
40
0.2
0
CIRCLE
8
BLACK
10
101.1010259999999903
20
85.0900139999999965
40
0.2
0
CIRCLE
8
BLACK
10
102.0720259999999939
20
131.4520139999999913
40
0.2
0
CIRCLE
8
BLACK
10
104.0270259999999922
20
158.1370139999999935
40
0.2
0
CIRCLE
8
BLACK
10
104.5420259999999928
20
60.3570139999999995
40
0.2
0
CIRCLE
8
BLACK
10
105.153025999999997
20
113.8760139999999978
40
0.2
0
CIRCLE
8
BLACK
10
107.3060259999999886
20
95.3850139999999982
40
0.2
0
CIRCLE
8
BLACK
10
107.8570259999999905
20
141.4220139999999901
40
0.2
0
CIRCLE
8
BLACK
10
108.1890259999999984
20
75.8740140000000025
40
0.2
0
CIRCLE
8
BLACK
10
109.7500259999999912
20
168.0510139999999808
40
0.2
0
CIRCLE
8
BLACK
10
110.3750259999999912
20
48.8810140000000004
40
0.2
0
CIRCLE
8
BLACK
10
111.0600259999999935
20
123.9520139999999913
40
0.2
0
CIRCLE
8
BLACK
10
113.4330259999999981
20
105.6310139999999933
40
0.2
0
CIRCLE
8
BLACK
10
113.6320259999999962
20
151.3830140000000029
40
0.2
0
CIRCLE
8
BLACK
10
114.4390259999999984
20
66.071013999999991
40
0.2
0
CIRCLE
8
BLACK
10
114.6910259999999937
20
86.3640139999999974
40
0.2
0
CIRCLE
8
BLACK
10
114.9520259999999894
20
36.8490139999999968
40
0.2
0
CIRCLE
8
BLACK
10
115.4710259999999948
20
177.9640139999999917
40
0.2
0
CIRCLE
8
BLACK
10
116.9410259999999937
20
134.0070139999999981
40
0.2
0
CIRCLE
8
BLACK
10
118.2230259999999902
20
24.3980139999999999
40
0.2
0
CIRCLE
8
BLACK
10
119.4010260000000017
20
161.3370139999999822
40
0.2
0
CIRCLE
8
BLACK
10
119.4990260000000006
20
115.8380140000000011
40
0.2
0
CIRCLE
8
BLACK
10
119.8040259999999932
20
55.7570139999999981
40
0.2
0
CIRCLE
8
BLACK
10
120.1490259999999921
20
11.6700140000000001
40
0.2
0
CIRCLE
8
BLACK
10
121.068025999999989
20
96.7870139999999992
40
0.2
0
CIRCLE
8
BLACK
10
121.1920259999999985
20
187.8740139999999883
40
0.2
0
CIRCLE
8
BLACK
10
121.3200259999999986
20
76.7750139999999988
40
0.2
0
CIRCLE
8
BLACK
10
122.8000259999999884
20
144.0460139999999853
40
0.2
0
CIRCLE
8
BLACK
10
124.2410259999999909
20
45.0110139999999959
40
0.2
0
CIRCLE
8
BLACK
10
125.1630259999999879
20
171.2860139999999944
40
0.2
0
CIRCLE
8
BLACK
10
125.5170260000000013
20
126.0110139999999888
40
0.2
0
CIRCLE
8
BLACK
10
126.9110259999999926
20
197.7840139999999849
40
0.2
0
CIRCLE
8
BLACK
10
127.1480259999999873
20
66.6790139999999951
40
0.2
0
CIRCLE
8
BLACK
10
127.3470259999999996
20
107.1510139999999893
40
0.2
0
CIRCLE
8
BLACK
10
127.7160259999999994
20
33.9170140000000018
40
0.2
0
CIRCLE
8
BLACK
10
128.015026000000006
20
87.392013999999989
40
0.2
0
CIRCLE
8
BLACK
10
128.6420259999999871
20
154.0700139999999863
40
0.2
0
CIRCLE
8
BLACK
10
130.2030259999999942
20
22.5600139999999989
40
0.2
0
CIRCLE
8
BLACK
10
130.9200260000000071
20
181.2300139999999828
40
0.2
0
CIRCLE
8
BLACK
10
131.4960260000000005
20
136.1540139999999894
40
0.2
0
CIRCLE
8
BLACK
10
131.6820260000000076
20
11.0280139999999989
40
0.2
0
CIRCLE
8
BLACK
10
132.1390260000000012
20
56.1430140000000009
40
0.2
0
CIRCLE
8
BLACK
10
132.6310259999999914
20
207.6920140000000004
40
0.2
0
CIRCLE
8
BLACK
10
133.5470259999999882
20
117.4660140000000013
40
0.2
0
CIRCLE
8
BLACK
10
134.2340260000000001
20
77.5000139999999931
40
0.2
0
CIRCLE
8
BLACK
10
134.4690259999999853
20
164.0810139999999819
40
0.2
0
CIRCLE
8
BLACK
10
134.5640259999999842
20
97.9340139999999906
40
0.2
0
CIRCLE
8
BLACK
10
136.258026000000001
20
45.237013999999995
40
0.2
0
CIRCLE
8
BLACK
10
136.6720259999999882
20
191.1690140000000042
40
0.2
0
CIRCLE
8
BLACK
10
137.4420259999999985
20
146.2730139999999892
40
0.2
0
CIRCLE
8
BLACK
10
138.3500259999999855
20
217.6000139999999874
40
0.2
0
CIRCLE
8
BLACK
10
139.4790260000000046
20
34.0330140000000014
40
0.2
0
CIRCLE
8
BLACK
10
139.6850259999999935
20
127.7390139999999974
40
0.2
0
CIRCLE
8
BLACK
10
139.6910259999999937
20
67.1680139999999994
40
0.2
0
CIRCLE
8
BLACK
10
140.284025999999983
20
174.0820139999999867
40
0.2
0
CIRCLE
8
BLACK
10
140.9970260000000053
20
108.4110139999999944
40
0.2
0
CIRCLE
8
BLACK
10
141.1160260000000051
20
88.2320139999999924
40
0.2
0
CIRCLE
8
BLACK
10
141.7810259999999971
20
22.6040139999999994
40
0.2
0
CIRCLE
8
BLACK
10
142.4210259999999835
20
201.1050139999999828
40
0.2
0
CIRCLE
8
BLACK
10
143.1470259999999826
20
11.0270139999999994
40
0.2
0
CIRCLE
8
BLACK
10
143.362025999999986
20
156.3710140000000024
40
0.2
0
CIRCLE
8
BLACK
10
144.0680260000000033
20
227.5060139999999933
40
0.2
0
CIRCLE
8
BLACK
10
144.3530259999999998
20
56.4540140000000008
40
0.2
0
CIRCLE
8
BLACK
10
145.7710260000000062
20
137.9750139999999874
40
0.2
0
CIRCLE
8
BLACK
10
146.0890259999999898
20
184.0730140000000006
40
0.2
0
CIRCLE
8
BLACK
10
146.9690259999999853
20
78.0940140000000014
40
0.2
0
CIRCLE
8
BLACK
10
147.3370259999999803
20
118.8320140000000009
40
0.2
0
CIRCLE
8
BLACK
10
147.8340259999999944
20
98.8850139999999982
40
0.2
0
CIRCLE
8
BLACK
10
148.1670259999999928
20
211.038014000000004
40
0.2
0
CIRCLE
8
BLACK
10
148.1960259999999892
20
45.4200139999999948
40
0.2
0
CIRCLE
8
BLACK
10
149.2590260000000058
20
166.4510139999999865
40
0.2
0
CIRCLE
8
BLACK
10
149.7860259999999926
20
237.4120139999999992
40
0.2
0
CIRCLE
8
BLACK
10
151.1960259999999892
20
34.1270139999999955
40
0.2
0
CIRCLE
8
BLACK
10
151.8130259999999794
20
148.1800139999999999
40
0.2
0
CIRCLE
8
BLACK
10
151.8850259999999821
20
194.057013999999981
40
0.2
0
CIRCLE
8
BLACK
10
152.0950259999999901
20
67.5690139999999957
40
0.2
0
CIRCLE
8
BLACK
10
153.3380259999999851
20
22.6410139999999984
40
0.2
0
CIRCLE
8
BLACK
10
153.5990259999999807
20
129.2040140000000008
40
0.2
0
CIRCLE
8
BLACK
10
153.909025999999983
20
220.9680139999999824
40
0.2
0
CIRCLE
8
BLACK
10
154.0290259999999876
20
88.9290139999999951
40
0.2
0
CIRCLE
8
BLACK
10
154.4210259999999835
20
109.4680139999999966
40
0.2
0
CIRCLE
8
BLACK
10
154.6070259999999905
20
11.026014
40
0.2
0
CIRCLE
8
BLACK
10
155.1380259999999964
20
176.5140140000000031
40
0.2
0
CIRCLE
8
BLACK
10
155.5040259999999819
20
247.3170140000000004
40
0.2
0
CIRCLE
8
BLACK
10
156.4690259999999853
20
56.7100139999999939
40
0.2
0
CIRCLE
8
BLACK
10
157.673025999999993
20
204.0330139999999801
40
0.2
0
CIRCLE
8
BLACK
10
157.8200259999999844
20
158.3570139999999924
40
0.2
0
CIRCLE
8
BLACK
10
159.5540259999999932
20
78.5860139999999916
40
0.2
0
CIRCLE
8
BLACK
10
159.6500259999999969
20
230.8950140000000033
40
0.2
0
CIRCLE
8
BLACK
10
159.7970259999999882
20
139.5330139999999801
40
0.2
0
CIRCLE
8
BLACK
10
160.0680260000000033
20
45.5700140000000005
40
0.2
0
CIRCLE
8
BLACK
10
160.9000259999999969
20
119.9890139999999974
40
0.2
0
CIRCLE
8
BLACK
10
160.9120259999999973
20
99.6820139999999952
40
0.2
0
CIRCLE
8
BLACK
10
161.0000259999999912
20
186.564013999999986
40
0.2
0
CIRCLE
8
BLACK
10
161.2220259999999996
20
257.2220140000000015
40
0.2
0
CIRCLE
8
BLACK
10
162.876025999999996
20
34.2050139999999985
40
0.2
0
CIRCLE
8
BLACK
10
163.4540259999999989
20
214.003013999999979
40
0.2
0
CIRCLE
8
BLACK
10
163.7960259999999835
20
168.5110139999999888
40
0.2
0
CIRCLE
8
BLACK
10
164.3850259999999821
20
67.9020139999999941
40
0.2
0
CIRCLE
8
BLACK
10
164.8770260000000007
20
22.6710139999999996
40
0.2
0
CIRCLE
8
BLACK
10
165.3880259999999964
20
240.8200139999999863
40
0.2
0
CIRCLE
8
BLACK
10
165.9420259999999985
20
149.8240140000000054
40
0.2
0
CIRCLE
8
BLACK
10
166.0630259999999794
20
11.0240139999999993
40
0.2
0
CIRCLE
8
BLACK
10
166.7830260000000067
20
89.5130139999999983
40
0.2
0
CIRCLE
8
BLACK
10
166.8480260000000044
20
196.6010139999999922
40
0.2
0
CIRCLE
8
BLACK
10
166.9390259999999842
20
267.1260139999999978
40
0.2
0
CIRCLE
8
BLACK
10
167.2900259999999832
20
130.4560139999999819
40
0.2
0
CIRCLE
8
BLACK
10
167.6500259999999969
20
110.3620140000000021
40
0.2
0
CIRCLE
8
BLACK
10
168.5020260000000007
20
56.9220139999999972
40
0.2
0
CIRCLE
8
BLACK
10
169.230025999999981
20
223.9680139999999824
40
0.2
0
CIRCLE
8
BLACK
10
169.7460260000000005
20
178.6430139999999938
40
0.2
0
CIRCLE
8
BLACK
10
171.1250259999999912
20
250.7430139999999881
40
0.2
0
CIRCLE
8
BLACK
10
171.8870259999999917
20
45.6960139999999981
40
0.2
0
CIRCLE
8
BLACK
10
172.0120259999999917
20
78.9990140000000025
40
0.2
0
CIRCLE
8
BLACK
10
172.0420259999999928
20
160.0830139999999915
40
0.2
0
CIRCLE
8
BLACK
10
172.6560259999999971
20
277.0300139999999942
40
0.2
0
CIRCLE
8
BLACK
10
172.6850259999999935
20
206.6270140000000026
40
0.2
0
CIRCLE
8
BLACK
10
173.6040260000000046
20
140.8750139999999931
40
0.2
0
CIRCLE
8
BLACK
10
173.8240260000000035
20
100.3570139999999924
40
0.2
0
CIRCLE
8
BLACK
10
174.2670259999999871
20
120.9780139999999875
40
0.2
0
CIRCLE
8
BLACK
10
174.5240259999999921
20
34.2700139999999962
40
0.2
0
CIRCLE
8
BLACK
10
175.001025999999996
20
233.9280139999999903
40
0.2
0
CIRCLE
8
BLACK
10
175.6740259999999978
20
188.7560139999999933
40
0.2
0
CIRCLE
8
BLACK
10
176.4030259999999828
20
22.6960139999999981
40
0.2
0
CIRCLE
8
BLACK
10
176.5800260000000037
20
68.1810139999999905
40
0.2
0
CIRCLE
8
BLACK
10
176.8590260000000001
20
260.6640140000000088
40
0.2
0
CIRCLE
8
BLACK
10
177.515026000000006
20
11.0230139999999999
40
0.2
0
CIRCLE
8
BLACK
10
178.1030259999999998
20
170.3120140000000049
40
0.2
0
CIRCLE
8
BLACK
10
178.3730259999999817
20
286.9330140000000142
40
0.2
0
CIRCLE
8
BLACK
10
178.5100259999999821
20
216.6440139999999985
40
0.2
0
CIRCLE
8
BLACK
10
179.4010260000000017
20
90.0080140000000029
40
0.2
0
CIRCLE
8
BLACK
10
179.855025999999981
20
151.2520140000000026
40
0.2
0
CIRCLE
8
BLACK
10
180.4680259999999805
20
57.1010139999999993
40
0.2
0
CIRCLE
8
BLACK
10
180.7080259999999896
20
111.1270139999999884
40
0.2
0
CIRCLE
8
BLACK
10
180.7670259999999871
20
243.8830140000000029
40
0.2
0
CIRCLE
8
BLACK
10
180.784025999999983
20
131.5350139999999897
40
0.2
0
CIRCLE
8
BLACK
10
181.5830259999999896
20
198.8530140000000017
40
0.2
0
CIRCLE
8
BLACK
10
182.5920260000000042
20
270.5840139999999678
40
0.2
0
CIRCLE
8
BLACK
10
183.6610259999999926
20
45.801013999999995
40
0.2
0
CIRCLE
8
BLACK
10
184.0890259999999898
20
296.8360139999999774
40
0.2
0
CIRCLE
8
BLACK
10
184.1310259999999914
20
180.5160139999999842
40
0.2
0
CIRCLE
8
BLACK
10
184.3270259999999894
20
226.6520139999999799
40
0.2
0
CIRCLE
8
BLACK
10
184.3640259999999955
20
79.3490139999999968
40
0.2
0
CIRCLE
8
BLACK
10
186.0520259999999837
20
161.5910140000000013
40
0.2
0
CIRCLE
8
BLACK
10
186.1470259999999826
20
34.3250139999999959
40
0.2
0
CIRCLE
8
BLACK
10
186.5300259999999923
20
253.8340139999999963
40
0.2
0
CIRCLE
8
BLACK
10
186.5930259999999805
20
100.9340139999999906
40
0.2
0
CIRCLE
8
BLACK
10
187.2150259999999946
20
142.0400139999999851
40
0.2
0
CIRCLE
8
BLACK
10
187.4610260000000039
20
121.8290140000000008
40
0.2
0
CIRCLE
8
BLACK
10
187.4740259999999807
20
208.9350139999999953
40
0.2
0
CIRCLE
8
BLACK
10
187.9180259999999976
20
22.7170139999999989
40
0.2
0
CIRCLE
8
BLACK
10
188.3240260000000035
20
280.5020139999999742
40
0.2
0
CIRCLE
8
BLACK
10
188.6930260000000033
20
68.41901399999999
40
0.2
0
CIRCLE
8
BLACK
10
188.9650259999999946
20
11.0220139999999986
40
0.2
0
CIRCLE
8
BLACK
10
189.8060260000000028
20
306.7390139999999974
40
0.2
0
CIRCLE
8
BLACK
10
190.1310259999999914
20
190.696013999999991
40
0.2
0
CIRCLE
8
BLACK
10
190.1350259999999821
20
236.6520139999999799
40
0.2
0
CIRCLE
8
BLACK
10
191.9030259999999828
20
90.4310139999999905
40
0.2
0
CIRCLE
8
BLACK
10
192.2030259999999942
20
171.8970139999999844
40
0.2
0
CIRCLE
8
BLACK
10
192.2890259999999785
20
263.7820140000000038
40
0.2
0
CIRCLE
8
BLACK
10
192.3750259999999912
20
57.2530140000000003
40
0.2
0
CIRCLE
8
BLACK
10
193.3510259999999903
20
219.0040139999999838
40
0.2
0
CIRCLE
8
BLACK
10
193.5740260000000035
20
152.5000139999999931
40
0.2
0
CIRCLE
8
BLACK
10
193.619025999999991
20
111.7860139999999944
40
0.2
0
CIRCLE
8
BLACK
10
194.055025999999998
20
290.4190140000000042
40
0.2
0
CIRCLE
8
BLACK
10
194.1040260000000046
20
132.4710139999999967
40
0.2
0
CIRCLE
8
BLACK
10
195.3970259999999826
20
45.8920139999999961
40
0.2
0
CIRCLE
8
BLACK
10
195.5220259999999826
20
316.6410139999999842
40
0.2
0
CIRCLE
8
BLACK
10
195.937026000000003
20
246.6450139999999749
40
0.2
0
CIRCLE
8
BLACK
10
196.105025999999981
20
200.8560139999999876
40
0.2
0
CIRCLE
8
BLACK
10
196.6230259999999817
20
79.649013999999994
40
0.2
0
CIRCLE
8
BLACK
10
197.7490259999999864
20
34.3730139999999977
40
0.2
0
CIRCLE
8
BLACK
10
198.0440260000000023
20
273.7260139999999637
40
0.2
0
CIRCLE
8
BLACK
10
198.3130259999999794
20
182.1720139999999901
40
0.2
0
CIRCLE
8
BLACK
10
199.2150259999999946
20
229.0610140000000001
40
0.2
0
CIRCLE
8
BLACK
10
199.2380259999999907
20
101.4320139999999952
40
0.2
0
CIRCLE
8
BLACK
10
199.4220259999999882
20
22.7350139999999996
40
0.2
0
CIRCLE
8
BLACK
10
199.7850259999999878
20
300.335014000000001
40
0.2
0
CIRCLE
8
BLACK
10
199.8710260000000005
20
162.9170139999999947
40
0.2
0
CIRCLE
8
BLACK
10
200.4120259999999973
20
11.0200139999999998
40
0.2
0
CIRCLE
8
BLACK
10
200.5040259999999819
20
122.5690139999999957
40
0.2
0
CIRCLE
8
BLACK
10
200.652025999999978
20
143.0580139999999858
40
0.2
0
CIRCLE
8
BLACK
10
200.7380259999999907
20
68.622013999999993
40
0.2
0
CIRCLE
8
BLACK
10
201.2380259999999907
20
326.543013999999971
40
0.2
0
CIRCLE
8
BLACK
10
201.7320259999999905
20
256.6320139999999697
40
0.2
0
CIRCLE
8
BLACK
10
202.0580259999999839
20
210.9980139999999835
40
0.2
0
CIRCLE
8
BLACK
10
203.7970259999999882
20
283.6670139999999947
40
0.2
0
CIRCLE
8
BLACK
10
204.2340260000000001
20
57.3840140000000005
40
0.2
0
CIRCLE
8
BLACK
10
204.3040259999999932
20
90.7960139999999996
40
0.2
0
CIRCLE
8
BLACK
10
204.3880259999999964
20
192.4210139999999853
40
0.2
0
CIRCLE
8
BLACK
10
205.0670259999999985
20
239.1080139999999972
40
0.2
0
CIRCLE
8
BLACK
10
205.5130259999999964
20
310.2490139999999883
40
0.2
0
CIRCLE
8
BLACK
10
206.1130259999999907
20
173.2980139999999949
40
0.2
0
CIRCLE
8
BLACK
10
206.4000259999999969
20
112.3570139999999924
40
0.2
0
CIRCLE
8
BLACK
10
206.9550260000000037
20
336.4440139999999815
40
0.2
0
CIRCLE
8
BLACK
10
207.1020259999999951
20
45.9690140000000014
40
0.2
0
CIRCLE
8
BLACK
10
207.1200259999999957
20
153.5960139999999967
40
0.2
0
CIRCLE
8
BLACK
10
207.2700260000000014
20
133.2890139999999803
40
0.2
0
CIRCLE
8
BLACK
10
207.5210259999999778
20
266.6130139999999642
40
0.2
0
CIRCLE
8
BLACK
10
207.9910259999999766
20
221.1230139999999835
40
0.2
0
CIRCLE
8
BLACK
10
208.8040259999999932
20
79.9080139999999943
40
0.2
0
CIRCLE
8
BLACK
10
209.3330259999999896
20
34.4130139999999969
40
0.2
0
CIRCLE
8
BLACK
10
209.5470259999999882
20
293.6060139999999592
40
0.2
0
CIRCLE
8
BLACK
10
210.4330259999999839
20
202.6460139999999797
40
0.2
0
CIRCLE
8
BLACK
10
210.909025999999983
20
249.1450139999999749
40
0.2
0
CIRCLE
8
BLACK
10
210.9190260000000023
20
22.7510139999999978
40
0.2
0
CIRCLE
8
BLACK
10
211.2410259999999766
20
320.1630139999999756
40
0.2
0
CIRCLE
8
BLACK
10
211.7750259999999969
20
101.8630139999999926
40
0.2
0
CIRCLE
8
BLACK
10
211.8560259999999857
20
11.0190140000000003
40
0.2
0
CIRCLE
8
BLACK
10
212.3090259999999887
20
183.6450140000000033
40
0.2
0
CIRCLE
8
BLACK
10
212.6710259999999835
20
346.3460139999999683
40
0.2
0
CIRCLE
8
BLACK
10
212.7230260000000044
20
68.7980139999999949
40
0.2
0
CIRCLE
8
BLACK
10
213.305025999999998
20
276.5890139999999633
40
0.2
0
CIRCLE
8
BLACK
10
213.4130260000000021
20
123.2140139999999917
40
0.2
0
CIRCLE
8
BLACK
10
213.5170259999999871
20
164.0890139999999917
40
0.2
0
CIRCLE
8
BLACK
10
213.9070260000000019
20
231.2330139999999972
40
0.2
0
CIRCLE
8
BLACK
10
213.9340259999999887
20
143.953013999999996
40
0.2
0
CIRCLE
8
BLACK
10
215.2950259999999787
20
303.543013999999971
40
0.2
0
CIRCLE
8
BLACK
10
216.0510259999999789
20
57.4970140000000001
40
0.2
0
CIRCLE
8
BLACK
10
216.4520259999999894
20
212.8480139999999778
40
0.2
0
CIRCLE
8
BLACK
10
216.6180259999999862
20
91.1130139999999926
40
0.2
0
CIRCLE
8
BLACK
10
216.7420259999999814
20
259.1730139999999665
40
0.2
0
CIRCLE
8
BLACK
10
216.9680259999999805
20
330.0760139999999865
40
0.2
0
CIRCLE
8
BLACK
10
218.3860259999999869
20
356.2470139999999788
40
0.2
0
CIRCLE
8
BLACK
10
218.4640259999999898
20
193.9610139999999774
40
0.2
0
CIRCLE
8
BLACK
10
218.7800259999999923
20
46.0370139999999992
40
0.2
0
CIRCLE
8
BLACK
10
219.0670259999999985
20
112.8570139999999924
40
0.2
0
CIRCLE
8
BLACK
10
219.0840259999999944
20
286.5610140000000001
40
0.2
0
CIRCLE
8
BLACK
10
219.8090259999999887
20
241.3290140000000008
40
0.2
0
CIRCLE
8
BLACK
10
219.8530259999999998
20
174.5420139999999947
40
0.2
0
CIRCLE
8
BLACK
10
220.3000260000000026
20
134.0080140000000029
40
0.2
0
CIRCLE
8
BLACK
10
220.5090259999999773
20
154.5650139999999908
40
0.2
0
CIRCLE
8
BLACK
10
220.9010260000000017
20
34.4490139999999982
40
0.2
0
CIRCLE
8
BLACK
10
220.916025999999988
20
80.1330140000000029
40
0.2
0
CIRCLE
8
BLACK
10
221.041025999999988
20
313.4770139999999969
40
0.2
0
CIRCLE
8
BLACK
10
222.409025999999983
20
22.7650139999999972
40
0.2
0
CIRCLE
8
BLACK
10
222.4460259999999892
20
223.031013999999999
40
0.2
0
CIRCLE
8
BLACK
10
222.5660259999999937
20
269.1930140000000051
40
0.2
0
CIRCLE
8
BLACK
10
222.6940259999999796
20
339.9880139999999642
40
0.2
0
CIRCLE
8
BLACK
10
223.3000260000000026
20
11.0180139999999991
40
0.2
0
CIRCLE
8
BLACK
10
224.1020259999999951
20
366.1480139999999892
40
0.2
0
CIRCLE
8
BLACK
10
224.2180259999999805
20
102.2410139999999927
40
0.2
0
CIRCLE
8
BLACK
10
224.5830259999999896
20
204.2500139999999931
40
0.2
0
CIRCLE
8
BLACK
10
224.6570260000000019
20
68.9510140000000007
40
0.2
0
CIRCLE
8
BLACK
10
224.8590260000000001
20
296.5280139999999847
40
0.2
0
CIRCLE
8
BLACK
10
225.6960259999999892
20
251.4130139999999756
40
0.2
0
CIRCLE
8
BLACK
10
226.1370259999999917
20
184.9590139999999963
40
0.2
0
CIRCLE
8
BLACK
10
226.2040259999999989
20
123.7820139999999896
40
0.2
0
CIRCLE
8
BLACK
10
226.7850259999999878
20
323.4090140000000133
40
0.2
0
CIRCLE
8
BLACK
10
227.008026000000001
20
165.1300139999999885
40
0.2
0
CIRCLE
8
BLACK
10
227.0770259999999894
20
144.7430139999999881
40
0.2
0
CIRCLE
8
BLACK
10
227.8330259999999896
20
57.5960139999999967
40
0.2
0
CIRCLE
8
BLACK
10
228.3840259999999773
20
279.2050140000000056
40
0.2
0
CIRCLE
8
BLACK
10
228.4190260000000023
20
233.196013999999991
40
0.2
0
CIRCLE
8
BLACK
10
228.4200259999999787
20
349.8990139999999656
40
0.2
0
CIRCLE
8
BLACK
10
228.8560259999999857
20
91.3900139999999936
40
0.2
0
CIRCLE
8
BLACK
10
229.8180260000000033
20
376.0490139999999997
40
0.2
0
CIRCLE
8
BLACK
10
230.4350259999999935
20
46.0960139999999967
40
0.2
0
CIRCLE
8
BLACK
10
230.6300259999999867
20
306.4910140000000069
40
0.2
0
CIRCLE
8
BLACK
10
230.6700259999999787
20
214.5140140000000031
40
0.2
0
CIRCLE
8
BLACK
10
231.5720259999999939
20
261.4860140000000115
40
0.2
0
CIRCLE
8
BLACK
10
231.6340259999999773
20
113.2960139999999996
40
0.2
0
CIRCLE
8
BLACK
10
232.3730259999999817
20
195.3420139999999776
40
0.2
0
CIRCLE
8
BLACK
10
232.4570259999999848
20
34.4800139999999971
40
0.2
0
CIRCLE
8
BLACK
10
232.5280259999999828
20
333.3390139999999633
40
0.2
0
CIRCLE
8
BLACK
10
232.9680259999999805
20
80.3300139999999914
40
0.2
0
CIRCLE
8
BLACK
10
233.2080259999999896
20
134.6430139999999938
40
0.2
0
CIRCLE
8
BLACK
10
233.4380259999999794
20
175.6530139999999847
40
0.2
0
CIRCLE
8
BLACK
10
233.7590259999999773
20
155.4260139999999808
40
0.2
0
CIRCLE
8
BLACK
10
233.8940259999999967
20
22.7770139999999977
40
0.2
0
CIRCLE
8
BLACK
10
234.1450260000000014
20
359.8090139999999906
40
0.2
0
CIRCLE
8
BLACK
10
234.1940259999999796
20
289.2120140000000106
40
0.2
0
CIRCLE
8
BLACK
10
234.3730259999999817
20
243.3450139999999919
40
0.2
0
CIRCLE
8
BLACK
10
234.7420259999999814
20
11.0170139999999996
40
0.2
0
CIRCLE
8
BLACK
10
235.534025999999983
20
385.9500140000000101
40
0.2
0
CIRCLE
8
BLACK
10
236.3980259999999873
20
316.4500140000000101
40
0.2
0
CIRCLE
8
BLACK
10
236.5460259999999835
20
69.0860139999999916
40
0.2
0
CIRCLE
8
BLACK
10
236.5780259999999942
20
102.5730140000000006
40
0.2
0
CIRCLE
8
BLACK
10
236.7290259999999762
20
224.7560139999999933
40
0.2
0
CIRCLE
8
BLACK
10
237.437026000000003
20
271.5490139999999997
40
0.2
0
CIRCLE
8
BLACK
10
238.2680259999999919
20
343.2680139999999938
40
0.2
0
CIRCLE
8
BLACK
10
238.5680260000000033
20
205.6940139999999815
40
0.2
0
CIRCLE
8
BLACK
10
238.8900259999999776
20
124.2830139999999943
40
0.2
0
CIRCLE
8
BLACK
10
239.5820259999999848
20
57.683014
40
0.2
0
CIRCLE
8
BLACK
10
239.8100259999999935
20
186.1360139999999888
40
0.2
0
CIRCLE
8
BLACK
10
239.869025999999991
20
369.7190139999999587
40
0.2
0
CIRCLE
8
BLACK
10
239.9990259999999864
20
299.2120140000000106
40
0.2
0
CIRCLE
8
BLACK
10
240.0960259999999948
20
145.4450139999999863
40
0.2
0
CIRCLE
8
BLACK
10
240.3110259999999982
20
253.4780140000000017
40
0.2
0
CIRCLE
8
BLACK
10
240.3580259999999953
20
166.0590139999999906
40
0.2
0
CIRCLE
8
BLACK
10
241.0260260000000017
20
91.6340139999999934
40
0.2
0
CIRCLE
8
BLACK
10
241.2490259999999864
20
395.8500139999999874
40
0.2
0
CIRCLE
8
BLACK
10
242.0690259999999796
20
46.1480139999999963
40
0.2
0
CIRCLE
8
BLACK
10
242.1630260000000021
20
326.4070140000000038
40
0.2
0
CIRCLE
8
BLACK
10
242.7620259999999917
20
234.9770139999999969
40
0.2
0
CIRCLE
8
BLACK
10
243.291025999999988
20
281.6020139999999969
40
0.2
0
CIRCLE
8
BLACK
10
244.001025999999996
20
34.5080139999999957
40
0.2
0
CIRCLE
8
BLACK
10
244.008026000000001
20
353.1950139999999578
40
0.2
0
CIRCLE
8
BLACK
10
244.112025999999986
20
113.6840139999999906
40
0.2
0
CIRCLE
8
BLACK
10
244.7270259999999951
20
216.0200140000000033
40
0.2
0
CIRCLE
8
BLACK
10
244.9680259999999805
20
80.504013999999998
40
0.2
0
CIRCLE
8
BLACK
10
245.3730259999999817
20
22.7880140000000004
40
0.2
0
CIRCLE
8
BLACK
10
245.5930259999999805
20
379.6280140000000074
40
0.2
0
CIRCLE
8
BLACK
10
245.798025999999993
20
309.2060139999999819
40
0.2
0
CIRCLE
8
BLACK
10
246.0070259999999962
20
135.2070139999999867
40
0.2
0
CIRCLE
8
BLACK
10
246.1290259999999819
20
196.5840139999999963
40
0.2
0
CIRCLE
8
BLACK
10
246.1820259999999791
20
11.0160140000000002
40
0.2
0
CIRCLE
8
BLACK
10
246.2330259999999953
20
263.5980139999999778
40
0.2
0
CIRCLE
8
BLACK
10
246.883026000000001
20
176.6480139999999892
40
0.2
0
CIRCLE
8
BLACK
10
246.883026000000001
20
156.1930140000000051
40
0.2
0
CIRCLE
8
BLACK
10
246.9650259999999946
20
405.7500139999999647
40
0.2
0
CIRCLE
8
BLACK
10
247.9250260000000026
20
336.3600139999999783
40
0.2
0
CIRCLE
8
BLACK
10
248.3970259999999826
20
69.2050139999999914
40
0.2
0
CIRCLE
8
BLACK
10
248.7730259999999873
20
245.1790139999999951
40
0.2
0
CIRCLE
8
BLACK
10
248.8640259999999955
20
102.8660139999999927
40
0.2
0
CIRCLE
8
BLACK
10
249.1370259999999917
20
291.6460139999999797
40
0.2
0
CIRCLE
8
BLACK
10
249.7460260000000005
20
363.1200139999999692
40
0.2
0
CIRCLE
8
BLACK
10
250.8520259999999951
20
226.3200139999999863
40
0.2
0
CIRCLE
8
BLACK
10
251.305025999999998
20
57.7600139999999982
40
0.2
0
CIRCLE
8
BLACK
10
251.3160259999999937
20
389.5370139999999992
40
0.2
0
CIRCLE
8
BLACK
10
251.4820259999999905
20
124.7290139999999923
40
0.2
0
CIRCLE
8
BLACK
10
251.5920259999999757
20
319.196013999999991
40
0.2
0
CIRCLE
8
BLACK
10
252.1420259999999871
20
273.7060139999999819
40
0.2
0
CIRCLE
8
BLACK
10
252.402025999999978
20
206.9990139999999883
40
0.2
0
CIRCLE
8
BLACK
10
252.680025999999998
20
415.6510139999999751
40
0.2
0
CIRCLE
8
BLACK
10
253.0030259999999771
20
146.071013999999991
40
0.2
0
CIRCLE
8
BLACK
10
253.1370259999999917
20
91.8510139999999922
40
0.2
0
CIRCLE
8
BLACK
10
253.3430259999999805
20
187.196013999999991
40
0.2
0
CIRCLE
8
BLACK
10
253.5800259999999753
20
166.8910139999999842
40
0.2
0
CIRCLE
8
BLACK
10
253.6840259999999887
20
346.3100139999999669
40
0.2
0
CIRCLE
8
BLACK
10
253.6860259999999982
20
46.1950140000000005
40
0.2
0
CIRCLE
8
BLACK
10
254.7630259999999964
20
255.3630139999999926
40
0.2
0
CIRCLE
8
BLACK
10
254.9750259999999855
20
301.6830140000000142
40
0.2
0
CIRCLE
8
BLACK
10
255.4820259999999905
20
373.0440140000000042
40
0.2
0
CIRCLE
8
BLACK
10
255.534025999999983
20
34.5320139999999967
40
0.2
0
CIRCLE
8
BLACK
10
256.5110260000000153
20
114.0290139999999894
40
0.2
0
CIRCLE
8
BLACK
10
256.8470259999999712
20
22.7970139999999972
40
0.2
0
CIRCLE
8
BLACK
10
256.9220260000000167
20
80.6580139999999943
40
0.2
0
CIRCLE
8
BLACK
10
256.9490260000000035
20
236.5970140000000015
40
0.2
0
CIRCLE
8
BLACK
10
257.0390259999999785
20
399.4450139999999578
40
0.2
0
CIRCLE
8
BLACK
10
257.381025999999963
20
329.1800139999999715
40
0.2
0
CIRCLE
8
BLACK
10
257.6220260000000053
20
11.015013999999999
40
0.2
0
CIRCLE
8
BLACK
10
258.0380260000000021
20
283.8020139999999856
40
0.2
0
CIRCLE
8
BLACK
10
258.3960260000000062
20
425.5510139999999524
40
0.2
0
CIRCLE
8
BLACK
10
258.6340260000000058
20
217.3840139999999792
40
0.2
0
CIRCLE
8
BLACK
10
258.7090259999999944
20
135.710014000000001
40
0.2
0
CIRCLE
8
BLACK
10
259.4410259999999653
20
356.2580140000000029
40
0.2
0
CIRCLE
8
BLACK
10
259.7460259999999721
20
197.7060139999999819
40
0.2
0
CIRCLE
8
BLACK
10
259.8920259999999871
20
156.8810139999999933
40
0.2
0
CIRCLE
8
BLACK
10
260.1990260000000035
20
177.5430139999999994
40
0.2
0
CIRCLE
8
BLACK
10
260.2130260000000135
20
69.3100139999999953
40
0.2
0
CIRCLE
8
BLACK
10
260.7360259999999812
20
265.5320140000000038
40
0.2
0
CIRCLE
8
BLACK
10
260.8060259999999744
20
311.7120140000000106
40
0.2
0
CIRCLE
8
BLACK
10
261.0850259999999707
20
103.1280139999999932
40
0.2
0
CIRCLE
8
BLACK
10
261.2180260000000089
20
382.967014000000006
40
0.2
0
CIRCLE
8
BLACK
10
262.7610260000000153
20
409.3520139999999969
40
0.2
0
CIRCLE
8
BLACK
10
263.0030259999999771
20
57.8290140000000008
40
0.2
0
CIRCLE
8
BLACK
10
263.0190259999999967
20
246.8520139999999969
40
0.2
0
CIRCLE
8
BLACK
10
263.166025999999988
20
339.1600139999999897
40
0.2
0
CIRCLE
8
BLACK
10
263.923025999999993
20
293.8870139999999651
40
0.2
0
CIRCLE
8
BLACK
10
263.9900260000000003
20
125.1260139999999978
40
0.2
0
CIRCLE
8
BLACK
10
264.1110259999999812
20
435.4510139999999865
40
0.2
0
CIRCLE
8
BLACK
10
264.8280259999999657
20
227.7420139999999833
40
0.2
0
CIRCLE
8
BLACK
10
265.1950259999999844
20
366.203013999999996
40
0.2
0
CIRCLE
8
BLACK
10
265.1950259999999844
20
92.0430139999999994
40
0.2
0
CIRCLE
8
BLACK
10
265.2870259999999689
20
46.2360139999999973
40
0.2
0
CIRCLE
8
BLACK
10
265.8090259999999603
20
146.6330140000000029
40
0.2
0
CIRCLE
8
BLACK
10
266.0970259999999712
20
208.182013999999981
40
0.2
0
CIRCLE
8
BLACK
10
266.6300259999999867
20
321.7350139999999783
40
0.2
0
CIRCLE
8
BLACK
10
266.687026000000003
20
167.6400139999999794
40
0.2
0
CIRCLE
8
BLACK
10
266.6910259999999653
20
275.6860140000000001
40
0.2
0
CIRCLE
8
BLACK
10
266.7470260000000053
20
188.1530139999999847
40
0.2
0
CIRCLE
8
BLACK
10
266.9520259999999894
20
392.8890139999999747
40
0.2
0
CIRCLE
8
BLACK
10
267.0600259999999935
20
34.5540139999999951
40
0.2
0
CIRCLE
8
BLACK
10
268.3180259999999748
20
22.8060139999999976
40
0.2
0
CIRCLE
8
BLACK
10
268.4840259999999716
20
419.2590139999999792
40
0.2
0
CIRCLE
8
BLACK
10
268.8360260000000039
20
80.7950139999999948
40
0.2
0
CIRCLE
8
BLACK
10
268.8390259999999898
20
114.3370139999999964
40
0.2
0
CIRCLE
8
BLACK
10
268.9480259999999703
20
349.1360139999999888
40
0.2
0
CIRCLE
8
BLACK
10
269.0600259999999935
20
11.0140139999999995
40
0.2
0
CIRCLE
8
BLACK
10
269.0650259999999889
20
257.0880139999999869
40
0.2
0
CIRCLE
8
BLACK
10
269.7970259999999598
20
303.9630139999999869
40
0.2
0
CIRCLE
8
BLACK
10
269.826026000000013
20
445.3510139999999637
40
0.2
0
CIRCLE
8
BLACK
10
270.9480259999999703
20
376.1460139999999797
40
0.2
0
CIRCLE
8
BLACK
10
270.9900260000000003
20
238.0750139999999817
40
0.2
0
CIRCLE
8
BLACK
10
271.3220259999999939
20
136.1610139999999944
40
0.2
0
CIRCLE
8
BLACK
10
271.9990260000000148
20
69.4040140000000036
40
0.2
0
CIRCLE
8
BLACK
10
272.4030260000000112
20
218.6250139999999931
40
0.2
0
CIRCLE
8
BLACK
10
272.4470259999999939
20
331.7510139999999978
40
0.2
0
CIRCLE
8
BLACK
10
272.6320259999999962
20
285.8270139999999628
40
0.2
0
CIRCLE
8
BLACK
10
272.6860259999999698
20
402.8090139999999906
40
0.2
0
CIRCLE
8
BLACK
10
272.798025999999993
20
157.5000139999999931
40
0.2
0
CIRCLE
8
BLACK
10
273.2340259999999716
20
198.7230139999999778
40
0.2
0
CIRCLE
8
BLACK
10
273.2470260000000053
20
103.3610139999999973
40
0.2
0
CIRCLE
8
BLACK
10
273.3980260000000158
20
178.3520139999999969
40
0.2
0
CIRCLE
8
BLACK
10
274.2050259999999753
20
429.1660139999999615
40
0.2
0
CIRCLE
8
BLACK
10
274.680025999999998
20
57.8900140000000007
40
0.2
0
CIRCLE
8
BLACK
10
274.7250260000000139
20
359.1090140000000019
40
0.2
0
CIRCLE
8
BLACK
10
275.0900259999999662
20
267.3060140000000047
40
0.2
0
CIRCLE
8
BLACK
10
275.5420259999999644
20
455.2500139999999647
40
0.2
0
CIRCLE
8
BLACK
10
275.6630260000000021
20
314.0300139999999942
40
0.2
0
CIRCLE
8
BLACK
10
276.423025999999993
20
125.4830139999999972
40
0.2
0
CIRCLE
8
BLACK
10
276.6980259999999703
20
386.0870140000000106
40
0.2
0
CIRCLE
8
BLACK
10
276.8740260000000148
20
46.2730139999999963
40
0.2
0
CIRCLE
8
BLACK
10
277.1210259999999721
20
248.3840139999999792
40
0.2
0
CIRCLE
8
BLACK
10
277.2070259999999848
20
92.2150139999999965
40
0.2
0
CIRCLE
8
BLACK
10
278.2590260000000058
20
341.7620139999999651
40
0.2
0
CIRCLE
8
BLACK
10
278.4180259999999976
20
412.7290140000000065
40
0.2
0
CIRCLE
8
BLACK
10
278.5240259999999921
20
147.1370139999999935
40
0.2
0
CIRCLE
8
BLACK
10
278.5590259999999603
20
295.9550140000000056
40
0.2
0
CIRCLE
8
BLACK
10
278.5770259999999894
20
34.5740139999999982
40
0.2
0
CIRCLE
8
BLACK
10
278.6680259999999976
20
229.0400139999999851
40
0.2
0
CIRCLE
8
BLACK
10
279.6640259999999785
20
209.2570139999999981
40
0.2
0
CIRCLE
8
BLACK
10
279.6880259999999794
20
168.3160139999999956
40
0.2
0
CIRCLE
8
BLACK
10
279.7860259999999926
20
22.813013999999999
40
0.2
0
CIRCLE
8
BLACK
10
279.9270260000000121
20
439.0720139999999674
40
0.2
0
CIRCLE
8
BLACK
10
280.034025999999983
20
189.0200140000000033
40
0.2
0
CIRCLE
8
BLACK
10
280.4980259999999817
20
11.0130140000000001
40
0.2
0
CIRCLE
8
BLACK
10
280.5000259999999912
20
369.078013999999996
40
0.2
0
CIRCLE
8
BLACK
10
280.7130260000000135
20
80.9180139999999994
40
0.2
0
CIRCLE
8
BLACK
10
281.0950259999999616
20
277.5080140000000029
40
0.2
0
CIRCLE
8
BLACK
10
281.1040259999999762
20
114.6130139999999926
40
0.2
0
CIRCLE
8
BLACK
10
281.2570259999999962
20
465.1500139999999988
40
0.2
0
CIRCLE
8
BLACK
10
281.5190259999999967
20
324.0880139999999869
40
0.2
0
CIRCLE
8
BLACK
10
282.4470259999999939
20
396.0260139999999751
40
0.2
0
CIRCLE
8
BLACK
10
283.2250260000000139
20
258.6710140000000138
40
0.2
0
CIRCLE
8
BLACK
10
283.7580259999999726
20
69.4880139999999926
40
0.2
0
CIRCLE
8
BLACK
10
283.8560259999999857
20
136.5670140000000004
40
0.2
0
CIRCLE
8
BLACK
10
284.0660259999999653
20
351.7670139999999606
40
0.2
0
CIRCLE
8
BLACK
10
284.1500259999999685
20
422.647013999999956
40
0.2
0
CIRCLE
8
BLACK
10
284.4730260000000044
20
306.071013999999991
40
0.2
0
CIRCLE
8
BLACK
10
284.895025999999973
20
239.4260139999999808
40
0.2
0
CIRCLE
8
BLACK
10
285.3570259999999621
20
103.5700140000000005
40
0.2
0
CIRCLE
8
BLACK
10
285.6100260000000048
20
158.0590139999999906
40
0.2
0
CIRCLE
8
BLACK
10
285.6480259999999589
20
448.9780139999999733
40
0.2
0
CIRCLE
8
BLACK
10
286.0450260000000071
20
219.7570139999999981
40
0.2
0
CIRCLE
8
BLACK
10
286.2710260000000062
20
379.043013999999971
40
0.2
0
CIRCLE
8
BLACK
10
286.3390259999999898
20
57.9450140000000005
40
0.2
0
CIRCLE
8
BLACK
10
286.4890259999999671
20
179.0840139999999963
40
0.2
0
CIRCLE
8
BLACK
10
286.6030259999999998
20
199.6470139999999844
40
0.2
0
CIRCLE
8
BLACK
10
286.9720259999999712
20
475.0496139999999627
40
0.2
0
CIRCLE
8
BLACK
10
287.0830259999999612
20
287.6940139999999815
40
0.2
0
CIRCLE
8
BLACK
10
287.3680259999999862
20
334.1390139999999747
40
0.2
0
CIRCLE
8
BLACK
10
288.194026000000008
20
405.9630139999999869
40
0.2
0
CIRCLE
8
BLACK
10
288.4500259999999798
20
46.3060139999999976
40
0.2
0
CIRCLE
8
BLACK
10
288.7880260000000021
20
125.8030139999999903
40
0.2
0
CIRCLE
8
BLACK
10
289.1770260000000121
20
92.3690139999999928
40
0.2
0
CIRCLE
8
BLACK
10
289.305025999999998
20
268.9380140000000097
40
0.2
0
CIRCLE
8
BLACK
10
289.8680259999999862
20
361.7670139999999606
40
0.2
0
CIRCLE
8
BLACK
10
289.881025999999963
20
432.5650139999999624
40
0.2
0
CIRCLE
8
BLACK
10
290.0880260000000135
20
34.5920139999999989
40
0.2
0
CIRCLE
8
BLACK
10
290.3760259999999676
20
316.1770139999999856
40
0.2
0
CIRCLE
8
BLACK
10
291.0890259999999898
20
249.7880139999999756
40
0.2
0
CIRCLE
8
BLACK
10
291.1560259999999971
20
147.5930139999999824
40
0.2
0
CIRCLE
8
BLACK
10
291.2500259999999912
20
22.8200140000000005
40
0.2
0
CIRCLE
8
BLACK
10
291.3680259999999862
20
458.8840139999999792
40
0.2
0
CIRCLE
8
BLACK
10
291.9350259999999935
20
11.0120139999999989
40
0.2
0
CIRCLE
8
BLACK
10
292.0400260000000117
20
389.0060139999999933
40
0.2
0
CIRCLE
8
BLACK
10
292.3800259999999867
20
230.2260139999999922
40
0.2
0
CIRCLE
8
BLACK
10
292.5580259999999839
20
81.0280139999999989
40
0.2
0
CIRCLE
8
BLACK
10
292.5930260000000089
20
168.9290139999999951
40
0.2
0
CIRCLE
8
BLACK
10
292.687026000000003
20
484.9491139999999518
40
0.2
0
CIRCLE
8
BLACK
10
293.0540259999999648
20
297.8650139999999737
40
0.2
0
CIRCLE
8
BLACK
10
293.1130259999999907
20
210.2370139999999878
40
0.2
0
CIRCLE
8
BLACK
10
293.2100259999999707
20
344.182013999999981
40
0.2
0
CIRCLE
8
BLACK
10
293.2120259999999803
20
189.8080139999999858
40
0.2
0
CIRCLE
8
BLACK
10
293.312026000000003
20
114.8620139999999878
40
0.2
0
CIRCLE
8
BLACK
10
293.9400259999999889
20
415.8980139999999892
40
0.2
0
CIRCLE
8
BLACK
10
295.3620260000000144
20
279.1870139999999765
40
0.2
0
CIRCLE
8
BLACK
10
295.4940259999999626
20
69.5640140000000002
40
0.2
0
CIRCLE
8
BLACK
10
295.6110259999999812
20
442.4820139999999924
40
0.2
0
CIRCLE
8
BLACK
10
295.6650260000000117
20
371.7620139999999651
40
0.2
0
CIRCLE
8
BLACK
10
296.2690259999999967
20
326.2730139999999892
40
0.2
0
CIRCLE
8
BLACK
10
296.319026000000008
20
136.9330139999999858
40
0.2
0
CIRCLE
8
BLACK
10
297.0890259999999898
20
468.7890139999999519
40
0.2
0
CIRCLE
8
BLACK
10
297.2530259999999771
20
260.1260139999999978
40
0.2
0
CIRCLE
8
BLACK
10
297.4210259999999835
20
103.7590139999999934
40
0.2
0
CIRCLE
8
BLACK
10
297.8060259999999744
20
398.9650139999999965
40
0.2
0
CIRCLE
8
BLACK
10
297.9800260000000094
20
57.994014
40
0.2
0
CIRCLE
8
BLACK
10
298.3360260000000039
20
158.5650139999999908
40
0.2
0
CIRCLE
8
BLACK
10
298.402025999999978
20
494.848513999999966
40
0.2
0
CIRCLE
8
BLACK
10
298.6750260000000026
20
240.6660139999999899
40
0.2
0
CIRCLE
8
BLACK
10
299.0110259999999585
20
308.0240139999999656
40
0.2
0
CIRCLE
8
BLACK
10
299.0450260000000071
20
354.2180139999999824
40
0.2
0
CIRCLE
8
BLACK
10
299.4840259999999716
20
179.7500139999999931
40
0.2
0
CIRCLE
8
BLACK
10
299.5680259999999748
20
220.7920139999999947
40
0.2
0
CIRCLE
8
BLACK
10
299.6840259999999603
20
425.8320139999999583
40
0.2
0
CIRCLE
8
BLACK
10
299.8640259999999671
20
200.4900140000000022
40
0.2
0
CIRCLE
8
BLACK
10
300.0140260000000012
20
46.3360139999999987
40
0.2
0
CIRCLE
8
BLACK
10
301.0920259999999757
20
126.0930139999999966
40
0.2
0
CIRCLE
8
BLACK
10
301.1100260000000048
20
92.5090139999999934
40
0.2
0
CIRCLE
8
BLACK
10
301.3410259999999994
20
452.3980139999999892
40
0.2
0
CIRCLE
8
BLACK
10
301.3990259999999921
20
289.4190140000000042
40
0.2
0
CIRCLE
8
BLACK
10
301.4580259999999612
20
381.7530140000000074
40
0.2
0
CIRCLE
8
BLACK
10
301.5920259999999757
20
34.6080139999999972
40
0.2
0
CIRCLE
8
BLACK
10
302.152025999999978
20
336.3590140000000019
40
0.2
0
CIRCLE
8
BLACK
10
302.7120259999999803
20
22.8270139999999984
40
0.2
0
CIRCLE
8
BLACK
10
302.8090259999999603
20
478.6939140000000066
40
0.2
0
CIRCLE
8
BLACK
10
303.3720260000000053
20
11.0110139999999994
40
0.2
0
CIRCLE
8
BLACK
10
303.3890260000000012
20
270.4430140000000051
40
0.2
0
CIRCLE
8
BLACK
10
303.5700259999999844
20
408.9220139999999901
40
0.2
0
CIRCLE
8
BLACK
10
303.7130260000000135
20
148.0060139999999933
40
0.2
0
CIRCLE
8
BLACK
10
304.1170260000000098
20
504.7478140000000053
40
0.2
0
CIRCLE
8
BLACK
10
304.3730259999999817
20
81.1280139999999932
40
0.2
0
CIRCLE
8
BLACK
10
304.874025999999958
20
364.2490139999999883
40
0.2
0
CIRCLE
8
BLACK
10
304.9330259999999839
20
251.0800139999999772
40
0.2
0
CIRCLE
8
BLACK
10
304.9540259999999989
20
318.1700139999999806
40
0.2
0
CIRCLE
8
BLACK
10
305.4100259999999594
20
169.4850139999999783
40
0.2
0
CIRCLE
8
BLACK
10
305.4270260000000121
20
435.7640139999999747
40
0.2
0
CIRCLE
8
BLACK
10
305.4680260000000089
20
115.0870139999999964
40
0.2
0
CIRCLE
8
BLACK
10
305.9750260000000139
20
231.314013999999986
40
0.2
0
CIRCLE
8
BLACK
10
306.291025999999988
20
190.5270139999999799
40
0.2
0
CIRCLE
8
BLACK
10
306.4520259999999894
20
211.1340139999999792
40
0.2
0
CIRCLE
8
BLACK
10
307.0700259999999844
20
462.3130139999999528
40
0.2
0
CIRCLE
8
BLACK
10
307.2070259999999848
20
69.6330140000000029
40
0.2
0
CIRCLE
8
BLACK
10
307.2480259999999817
20
391.7400139999999737
40
0.2
0
CIRCLE
8
BLACK
10
307.4170259999999644
20
299.6350140000000124
40
0.2
0
CIRCLE
8
BLACK
10
308.0260260000000017
20
346.4370139999999765
40
0.2
0
CIRCLE
8
BLACK
10
308.5290259999999876
20
488.5986139999999978
40
0.2
0
CIRCLE
8
BLACK
10
308.7160259999999994
20
137.2660139999999842
40
0.2
0
CIRCLE
8
BLACK
10
309.3310260000000085
20
418.8770139999999742
40
0.2
0
CIRCLE
8
BLACK
10
309.4420259999999985
20
103.9300139999999999
40
0.2
0
CIRCLE
8
BLACK
10
309.5000259999999912
20
280.7390139999999974
40
0.2
0
CIRCLE
8
BLACK
10
309.6070259999999621
20
58.0390139999999946
40
0.2
0
CIRCLE
8
BLACK
10
310.6970259999999939
20
374.2730139999999892
40
0.2
0
CIRCLE
8
BLACK
10
310.8850259999999821
20
328.3040139999999951
40
0.2
0
CIRCLE
8
BLACK
10
310.9850260000000048
20
159.0250139999999988
40
0.2
0
CIRCLE
8
BLACK
10
311.1570259999999735
20
261.4680139999999824
40
0.2
0
CIRCLE
8
BLACK
10
311.1690259999999739
20
445.6950139999999578
40
0.2
0
CIRCLE
8
BLACK
10
311.569026000000008
20
46.3640139999999974
40
0.2
0
CIRCLE
8
BLACK
10
312.3380260000000135
20
241.8060139999999762
40
0.2
0
CIRCLE
8
BLACK
10
312.388025999999968
20
180.3570139999999924
40
0.2
0
CIRCLE
8
BLACK
10
312.798025999999993
20
472.22761399999996
40
0.2
0
CIRCLE
8
BLACK
10
312.9820259999999621
20
221.7410139999999785
40
0.2
0
CIRCLE
8
BLACK
10
313.0090260000000058
20
92.6350139999999982
40
0.2
0
CIRCLE
8
BLACK
10
313.0250259999999685
20
201.2610139999999888
40
0.2
0
CIRCLE
8
BLACK
10
313.034025999999983
20
401.7240139999999542
40
0.2
0
CIRCLE
8
BLACK
10
313.0910259999999994
20
34.6230139999999977
40
0.2
0
CIRCLE
8
BLACK
10
313.3390259999999898
20
126.3560139999999876
40
0.2
0
CIRCLE
8
BLACK
10
313.4180259999999976
20
309.8360139999999774
40
0.2
0
CIRCLE
8
BLACK
10
313.8910260000000108
20
356.5070139999999697
40
0.2
0
CIRCLE
8
BLACK
10
314.1710259999999835
20
22.8320139999999974
40
0.2
0
CIRCLE
8
BLACK
10
314.249025999999958
20
498.5030139999999506
40
0.2
0
CIRCLE
8
BLACK
10
314.8080259999999839
20
11.010014
40
0.2
0
CIRCLE
8
BLACK
10
315.0900259999999662
20
428.8290139999999724
40
0.2
0
CIRCLE
8
BLACK
10
315.5870259999999803
20
291.0170139999999606
40
0.2
0
CIRCLE
8
BLACK
10
316.1630260000000021
20
81.2190140000000014
40
0.2
0
CIRCLE
8
BLACK
10
316.201026000000013
20
148.3820139999999981
40
0.2
0
CIRCLE
8
BLACK
10
316.5140260000000012
20
384.2920139999999947
40
0.2
0
CIRCLE
8
BLACK
10
316.8040259999999648
20
338.4280139999999619
40
0.2
0
CIRCLE
8
BLACK
10
316.909025999999983
20
455.6250139999999647
40
0.2
0
CIRCLE
8
BLACK
10
317.3510259999999903
20
271.8330139999999915
40
0.2
0
CIRCLE
8
BLACK
10
317.5770259999999894
20
115.2910139999999899
40
0.2
0
CIRCLE
8
BLACK
10
318.1470259999999826
20
169.9930139999999881
40
0.2
0
CIRCLE
8
BLACK
10
318.5250259999999685
20
482.1415139999999724
40
0.2
0
CIRCLE
8
BLACK
10
318.6600259999999594
20
252.2700139999999749
40
0.2
0
CIRCLE
8
BLACK
10
318.8160259999999653
20
411.703013999999996
40
0.2
0
CIRCLE
8
BLACK
10
318.902025999999978
20
69.6950140000000005
40
0.2
0
CIRCLE
8
BLACK
10
319.2790259999999876
20
191.1840139999999906
40
0.2
0
CIRCLE
8
BLACK
10
319.4030260000000112
20
320.0230139999999892
40
0.2
0
CIRCLE
8
BLACK
10
319.4610260000000039
20
232.314013999999986
40
0.2
0
CIRCLE
8
BLACK
10
319.6900259999999889
20
211.9550139999999772
40
0.2
0
CIRCLE
8
BLACK
10
319.749025999999958
20
366.5690139999999815
40
0.2
0
CIRCLE
8
BLACK
10
320.8470259999999712
20
438.779013999999961
40
0.2
0
CIRCLE
8
BLACK
10
321.0540259999999648
20
137.5680140000000051
40
0.2
0
CIRCLE
8
BLACK
10
321.2200259999999616
20
58.0800139999999985
40
0.2
0
CIRCLE
8
BLACK
10
321.4250260000000026
20
104.085014000000001
40
0.2
0
CIRCLE
8
BLACK
10
321.6540259999999876
20
301.2770140000000083
40
0.2
0
CIRCLE
8
BLACK
10
322.3270259999999894
20
394.3060140000000047
40
0.2
0
CIRCLE
8
BLACK
10
322.6480259999999589
20
465.5530139999999619
40
0.2
0
CIRCLE
8
BLACK
10
322.7130260000000135
20
348.5420139999999947
40
0.2
0
CIRCLE
8
BLACK
10
323.1160259999999766
20
46.389013999999996
40
0.2
0
CIRCLE
8
BLACK
10
323.5160260000000108
20
282.1760140000000092
40
0.2
0
CIRCLE
8
BLACK
10
323.562026000000003
20
159.4450139999999863
40
0.2
0
CIRCLE
8
BLACK
10
324.2530259999999771
20
492.0547139999999899
40
0.2
0
CIRCLE
8
BLACK
10
324.5860260000000039
20
34.6360139999999959
40
0.2
0
CIRCLE
8
BLACK
10
324.5960259999999948
20
421.6790139999999951
40
0.2
0
CIRCLE
8
BLACK
10
324.8770260000000007
20
92.7500139999999931
40
0.2
0
CIRCLE
8
BLACK
10
324.9460259999999607
20
262.7070140000000151
40
0.2
0
CIRCLE
8
BLACK
10
325.2090259999999944
20
180.9120139999999992
40
0.2
0
CIRCLE
8
BLACK
10
325.374025999999958
20
330.1970139999999674
40
0.2
0
CIRCLE
8
BLACK
10
325.5370259999999689
20
126.5950139999999919
40
0.2
0
CIRCLE
8
BLACK
10
325.6010259999999903
20
376.6250139999999647
40
0.2
0
CIRCLE
8
BLACK
10
325.6290260000000103
20
22.8380139999999976
40
0.2
0
CIRCLE
8
BLACK
10
325.8910260000000108
20
242.8560139999999876
40
0.2
0
CIRCLE
8
BLACK
10
326.0920259999999757
20
201.9670139999999776
40
0.2
0
CIRCLE
8
BLACK
10
326.2430259999999862
20
11.0090139999999987
40
0.2
0
CIRCLE
8
BLACK
10
326.2950260000000071
20
222.6130139999999926
40
0.2
0
CIRCLE
8
BLACK
10
326.6030259999999998
20
448.7270139999999969
40
0.2
0
CIRCLE
8
BLACK
10
327.701026000000013
20
311.5210139999999797
40
0.2
0
CIRCLE
8
BLACK
10
327.9290259999999648
20
81.301013999999995
40
0.2
0
CIRCLE
8
BLACK
10
328.1350259999999821
20
404.3150139999999624
40
0.2
0
CIRCLE
8
BLACK
10
328.3870259999999917
20
475.4798139999999762
40
0.2
0
CIRCLE
8
BLACK
10
328.6110259999999812
20
358.647013999999956
40
0.2
0
CIRCLE
8
BLACK
10
328.6270260000000007
20
148.7240139999999826
40
0.2
0
CIRCLE
8
BLACK
10
329.645025999999973
20
115.4770139999999969
40
0.2
0
CIRCLE
8
BLACK
10
329.6560259999999971
20
292.4990139999999883
40
0.2
0
CIRCLE
8
BLACK
10
330.3730259999999817
20
431.6520140000000083
40
0.2
0
CIRCLE
8
BLACK
10
330.5780259999999657
20
69.7520140000000026
40
0.2
0
CIRCLE
8
BLACK
10
330.8090259999999603
20
170.4570139999999867
40
0.2
0
CIRCLE
8
BLACK
10
331.1980259999999703
20
273.1190139999999928
40
0.2
0
CIRCLE
8
BLACK
10
331.3320259999999848
20
340.3590140000000019
40
0.2
0
CIRCLE
8
BLACK
10
331.4450259999999844
20
386.6730139999999665
40
0.2
0
CIRCLE
8
BLACK
10
332.1830259999999839
20
191.7860139999999944
40
0.2
0
CIRCLE
8
BLACK
10
332.2780260000000112
20
253.3690139999999928
40
0.2
0
CIRCLE
8
BLACK
10
332.3560259999999857
20
458.6730139999999665
40
0.2
0
CIRCLE
8
BLACK
10
332.8210259999999607
20
58.1180139999999952
40
0.2
0
CIRCLE
8
BLACK
10
332.8350259999999707
20
212.7110139999999774
40
0.2
0
CIRCLE
8
BLACK
10
332.8440259999999853
20
233.2360139999999831
40
0.2
0
CIRCLE
8
BLACK
10
333.3380259999999566
20
137.8430139999999824
40
0.2
0
CIRCLE
8
BLACK
10
333.3730259999999817
20
104.2260139999999922
40
0.2
0
CIRCLE
8
BLACK
10
333.7310259999999857
20
321.7490139999999883
40
0.2
0
CIRCLE
8
BLACK
10
333.9390260000000126
20
414.3190139999999815
40
0.2
0
CIRCLE
8
BLACK
10
334.124025999999958
20
485.4058139999999639
40
0.2
0
CIRCLE
8
BLACK
10
334.5010259999999676
20
368.7420139999999833
40
0.2
0
CIRCLE
8
BLACK
10
334.6540259999999876
20
46.4120139999999992
40
0.2
0
CIRCLE
8
BLACK
10
335.7730259999999589
20
302.8030139999999619
40
0.2
0
CIRCLE
8
BLACK
10
336.0730259999999703
20
159.828013999999996
40
0.2
0
CIRCLE
8
BLACK
10
336.076026000000013
20
34.6480139999999963
40
0.2
0
CIRCLE
8
BLACK
10
336.1470259999999826
20
441.6230139999999551
40
0.2
0
CIRCLE
8
BLACK
10
336.7170259999999757
20
92.8540139999999923
40
0.2
0
CIRCLE
8
BLACK
10
337.0840259999999944
20
22.8430140000000002
40
0.2
0
CIRCLE
8
BLACK
10
337.277025999999978
20
350.5100140000000124
40
0.2
0
CIRCLE
8
BLACK
10
337.2830260000000067
20
396.7160139999999728
40
0.2
0
CIRCLE
8
BLACK
10
337.4190259999999739
20
283.5090139999999792
40
0.2
0
CIRCLE
8
BLACK
10
337.6780259999999885
20
11.0090139999999987
40
0.2
0
CIRCLE
8
BLACK
10
337.6880259999999794
20
126.8140140000000002
40
0.2
0
CIRCLE
8
BLACK
10
337.9550259999999753
20
181.4210139999999853
40
0.2
0
CIRCLE
8
BLACK
10
338.1090259999999716
20
468.6170139999999833
40
0.2
0
CIRCLE
8
BLACK
10
338.6260259999999676
20
263.8530139999999733
40
0.2
0
CIRCLE
8
BLACK
10
339.0750259999999798
20
202.6160139999999785
40
0.2
0
CIRCLE
8
BLACK
10
339.3430260000000089
20
243.8260139999999865
40
0.2
0
CIRCLE
8
BLACK
10
339.513025999999968
20
223.4160139999999899
40
0.2
0
CIRCLE
8
BLACK
10
339.6740259999999694
20
81.3760139999999978
40
0.2
0
CIRCLE
8
BLACK
10
339.7390259999999671
20
424.3190139999999815
40
0.2
0
CIRCLE
8
BLACK
10
339.7430259999999862
20
331.9630139999999869
40
0.2
0
CIRCLE
8
BLACK
10
340.3820259999999962
20
378.8300140000000056
40
0.2
0
CIRCLE
8
BLACK
10
340.9960259999999721
20
149.038014000000004
40
0.2
0
CIRCLE
8
BLACK
10
341.673025999999993
20
115.6470139999999986
40
0.2
0
CIRCLE
8
BLACK
10
341.8680259999999862
20
313.0890139999999633
40
0.2
0
CIRCLE
8
BLACK
10
341.9180259999999976
20
451.5900139999999965
40
0.2
0
CIRCLE
8
BLACK
10
342.2400260000000003
20
69.8040139999999951
40
0.2
0
CIRCLE
8
BLACK
10
343.1160259999999766
20
406.7520139999999742
40
0.2
0
CIRCLE
8
BLACK
10
343.2110260000000039
20
360.6500139999999988
40
0.2
0
CIRCLE
8
BLACK
10
343.4040259999999876
20
170.8820139999999981
40
0.2
0
CIRCLE
8
BLACK
10
343.6130259999999907
20
293.8760139999999978
40
0.2
0
CIRCLE
8
BLACK
10
343.8590259999999716
20
478.5589139999999588
40
0.2
0
CIRCLE
8
BLACK
10
344.4110259999999926
20
58.1520139999999941
40
0.2
0
CIRCLE
8
BLACK
10
344.937026000000003
20
274.3120139999999765
40
0.2
0
CIRCLE
8
BLACK
10
345.0080259999999726
20
192.3390139999999917
40
0.2
0
CIRCLE
8
BLACK
10
345.2900260000000117
20
104.3550139999999971
40
0.2
0
CIRCLE
8
BLACK
10
345.5360259999999926
20
434.3160139999999956
40
0.2
0
CIRCLE
8
BLACK
10
345.5720259999999939
20
138.0960139999999967
40
0.2
0
CIRCLE
8
BLACK
10
345.7410259999999766
20
342.1640140000000088
40
0.2
0
CIRCLE
8
BLACK
10
345.7950260000000071
20
254.3860139999999888
40
0.2
0
CIRCLE
8
BLACK
10
345.8930259999999635
20
213.406013999999999
40
0.2
0
CIRCLE
8
BLACK
10
346.1330259999999726
20
234.0870139999999822
40
0.2
0
CIRCLE
8
BLACK
10
346.1860259999999698
20
46.433014
40
0.2
0
CIRCLE
8
BLACK
10
346.256025999999963
20
388.9090139999999565
40
0.2
0
CIRCLE
8
BLACK
10
347.562026000000003
20
34.6600139999999968
40
0.2
0
CIRCLE
8
BLACK
10
347.687026000000003
20
461.5550139999999715
40
0.2
0
CIRCLE
8
BLACK
10
347.9420259999999985
20
323.3590140000000019
40
0.2
0
CIRCLE
8
BLACK
10
348.5240259999999921
20
160.1800139999999999
40
0.2
0
CIRCLE
8
BLACK
10
348.5330260000000067
20
92.9500139999999959
40
0.2
0
CIRCLE
8
BLACK
10
348.5380260000000021
20
22.8470139999999979
40
0.2
0
CIRCLE
8
BLACK
10
348.944026000000008
20
416.7830139999999801
40
0.2
0
CIRCLE
8
BLACK
10
349.1120259999999575
20
11.0080139999999993
40
0.2
0
CIRCLE
8
BLACK
10
349.1340260000000058
20
370.7800139999999942
40
0.2
0
CIRCLE
8
BLACK
10
349.7800259999999639
20
304.224014000000011
40
0.2
0
CIRCLE
8
BLACK
10
349.7970259999999598
20
127.0130139999999983
40
0.2
0
CIRCLE
8
BLACK
10
350.6300259999999867
20
181.8880139999999983
40
0.2
0
CIRCLE
8
BLACK
10
351.2150259999999662
20
284.7470139999999788
40
0.2
0
CIRCLE
8
BLACK
10
351.3290259999999989
20
444.3080139999999574
40
0.2
0
CIRCLE
8
BLACK
10
351.3990259999999921
20
81.4450140000000005
40
0.2
0
CIRCLE
8
BLACK
10
351.7250259999999571
20
352.3510139999999637
40
0.2
0
CIRCLE
8
BLACK
10
351.9770259999999666
20
203.2140139999999917
40
0.2
0
CIRCLE
8
BLACK
10
352.1220260000000053
20
398.9820139999999924
40
0.2
0
CIRCLE
8
BLACK
10
352.2050259999999753
20
264.9170139999999947
40
0.2
0
CIRCLE
8
BLACK
10
352.6440259999999967
20
224.1580139999999801
40
0.2
0
CIRCLE
8
BLACK
10
352.6990260000000035
20
244.7230139999999778
40
0.2
0
CIRCLE
8
BLACK
10
353.312026000000003
20
149.3250139999999817
40
0.2
0
CIRCLE
8
BLACK
10
353.4540259999999989
20
471.516713999999979
40
0.2
0
CIRCLE
8
BLACK
10
353.6670259999999644
20
115.8020139999999998
40
0.2
0
CIRCLE
8
BLACK
10
353.8860259999999585
20
69.8520139999999969
40
0.2
0
CIRCLE
8
BLACK
10
353.999025999999958
20
333.6130139999999642
40
0.2
0
CIRCLE
8
BLACK
10
354.7660260000000108
20
426.8090139999999906
40
0.2
0
CIRCLE
8
BLACK
10
355.0470259999999598
20
380.9000139999999988
40
0.2
0
CIRCLE
8
BLACK
10
355.9240259999999694
20
314.5530139999999619
40
0.2
0
CIRCLE
8
BLACK
10
355.9360259999999698
20
171.2730139999999892
40
0.2
0
CIRCLE
8
BLACK
10
355.9910259999999766
20
58.183014
40
0.2
0
CIRCLE
8
BLACK
10
357.1180259999999862
20
454.2970139999999901
40
0.2
0
CIRCLE
8
BLACK
10
357.1770260000000121
20
104.4730139999999921
40
0.2
0
CIRCLE
8
BLACK
10
357.4630259999999566
20
295.1590140000000133
40
0.2
0
CIRCLE
8
BLACK
10
357.6950259999999844
20
362.5280139999999847
40
0.2
0
CIRCLE
8
BLACK
10
357.7110260000000039
20
46.4520139999999984
40
0.2
0
CIRCLE
8
BLACK
10
357.7610259999999585
20
138.3270139999999913
40
0.2
0
CIRCLE
8
BLACK
10
357.7620259999999917
20
192.8490139999999826
40
0.2
0
CIRCLE
8
BLACK
10
357.9810259999999857
20
409.0470139999999901
40
0.2
0
CIRCLE
8
BLACK
10
358.5760259999999562
20
275.4210140000000138
40
0.2
0
CIRCLE
8
BLACK
10
358.8700259999999957
20
214.0490139999999997
40
0.2
0
CIRCLE
8
BLACK
10
359.0440259999999739
20
34.6700140000000019
40
0.2
0
CIRCLE
8
BLACK
10
359.2160259999999994
20
255.3290140000000008
40
0.2
0
CIRCLE
8
BLACK
10
359.3330259999999612
20
234.8740139999999883
40
0.2
0
CIRCLE
8
BLACK
10
359.9900260000000003
20
22.8510139999999993
40
0.2
0
CIRCLE
8
BLACK
10
360.0380260000000021
20
343.8520139999999969
40
0.2
0
CIRCLE
8
BLACK
10
360.3250259999999798
20
93.0380139999999898
40
0.2
0
CIRCLE
8
BLACK
10
360.5460259999999835
20
11.0070139999999999
40
0.2
0
CIRCLE
8
BLACK
10
360.5840259999999944
20
436.8300140000000056
40
0.2
0
CIRCLE
8
BLACK
10
360.9200260000000071
20
160.5040139999999838
40
0.2
0
CIRCLE
8
BLACK
10
360.9510259999999562
20
391.0120139999999651
40
0.2
0
CIRCLE
8
BLACK
10
361.8670260000000098
20
127.1970139999999958
40
0.2
0
CIRCLE
8
BLACK
10
362.0450260000000071
20
324.8630139999999642
40
0.2
0
CIRCLE
8
BLACK
10
362.9050259999999639
20
464.2820140000000038
40
0.2
0
CIRCLE
8
BLACK
10
363.1070259999999621
20
81.5080140000000029
40
0.2
0
CIRCLE
8
BLACK
10
363.2410259999999766
20
182.3190139999999815
40
0.2
0
CIRCLE
8
BLACK
10
363.6530260000000112
20
372.6930140000000051
40
0.2
0
CIRCLE
8
BLACK
10
363.6820260000000076
20
305.5490139999999997
40
0.2
0
CIRCLE
8
BLACK
10
363.8340259999999944
20
419.1060139999999592
40
0.2
0
CIRCLE
8
BLACK
10
364.8070260000000076
20
203.7660139999999842
40
0.2
0
CIRCLE
8
BLACK
10
364.9110259999999926
20
285.9000139999999988
40
0.2
0
CIRCLE
8
BLACK
10
365.520025999999973
20
69.8960139999999939
40
0.2
0
CIRCLE
8
BLACK
10
365.5790259999999989
20
149.5890139999999917
40
0.2
0
CIRCLE
8
BLACK
10
365.6280259999999771
20
115.9450140000000005
40
0.2
0
CIRCLE
8
BLACK
10
365.6880259999999794
20
265.9050139999999942
40
0.2
0
CIRCLE
8
BLACK
10
365.6930259999999748
20
224.8440139999999872
40
0.2
0
CIRCLE
8
BLACK
10
365.9670259999999757
20
245.5550139999999999
40
0.2
0
CIRCLE
8
BLACK
10
366.0610259999999698
20
354.078013999999996
40
0.2
0
CIRCLE
8
BLACK
10
366.3980259999999589
20
446.8460139999999683
40
0.2
0
CIRCLE
8
BLACK
10
366.8460259999999948
20
401.1150139999999737
40
0.2
0
CIRCLE
8
BLACK
10
367.562026000000003
20
58.2120139999999964
40
0.2
0
CIRCLE
8
BLACK
10
368.1460260000000062
20
335.1570140000000038
40
0.2
0
CIRCLE
8
BLACK
10
368.4100259999999594
20
171.6340139999999792
40
0.2
0
CIRCLE
8
BLACK
10
369.0390259999999785
20
104.5820140000000009
40
0.2
0
CIRCLE
8
BLACK
10
369.2300260000000094
20
46.470013999999999
40
0.2
0
CIRCLE
8
BLACK
10
369.6000259999999571
20
382.8470140000000015
40
0.2
0
CIRCLE
8
BLACK
10
369.6810259999999744
20
429.1590139999999565
40
0.2
0
CIRCLE
8
BLACK
10
369.8750259999999912
20
315.9190140000000042
40
0.2
0
CIRCLE
8
BLACK
10
369.9080260000000067
20
138.5400139999999851
40
0.2
0
CIRCLE
8
BLACK
10
370.4490260000000035
20
193.3200139999999863
40
0.2
0
CIRCLE
8
BLACK
10
370.5230259999999589
20
34.6800139999999999
40
0.2
0
CIRCLE
8
BLACK
10
371.2130259999999566
20
296.3550139999999828
40
0.2
0
CIRCLE
8
BLACK
10
371.4400259999999889
20
22.8550140000000006
40
0.2
0
CIRCLE
8
BLACK
10
371.7720259999999826
20
214.6430139999999938
40
0.2
0
CIRCLE
8
BLACK
10
371.9800260000000094
20
11.0070139999999999
40
0.2
0
CIRCLE
8
BLACK
10
372.0700259999999844
20
364.2900139999999851
40
0.2
0
CIRCLE
8
BLACK
10
372.0970259999999712
20
93.1180140000000023
40
0.2
0
CIRCLE
8
BLACK
10
372.1190259999999626
20
276.453013999999996
40
0.2
0
CIRCLE
8
BLACK
10
372.2070259999999848
20
456.8580139999999687
40
0.2
0
CIRCLE
8
BLACK
10
372.4510259999999562
20
235.6040139999999781
40
0.2
0
CIRCLE
8
BLACK
10
372.548025999999993
20
256.2050140000000056
40
0.2
0
CIRCLE
8
BLACK
10
372.7340259999999716
20
411.2110139999999774
40
0.2
0
CIRCLE
8
BLACK
10
373.2650259999999776
20
160.8020139999999856
40
0.2
0
CIRCLE
8
BLACK
10
373.902025999999978
20
127.365013999999988
40
0.2
0
CIRCLE
8
BLACK
10
374.2280259999999998
20
345.4350139999999669
40
0.2
0
CIRCLE
8
BLACK
10
374.7990259999999694
20
81.5660139999999956
40
0.2
0
CIRCLE
8
BLACK
10
375.5220259999999826
20
439.2060139999999819
40
0.2
0
CIRCLE
8
BLACK
10
375.5360259999999926
20
392.9910140000000069
40
0.2
0
CIRCLE
8
BLACK
10
375.791025999999988
20
182.7170139999999776
40
0.2
0
CIRCLE
8
BLACK
10
376.0440259999999739
20
326.2710139999999797
40
0.2
0
CIRCLE
8
BLACK
10
377.1420259999999871
20
69.9360140000000001
40
0.2
0
CIRCLE
8
BLACK
10
377.4840259999999716
20
306.7870139999999992
40
0.2
0
CIRCLE
8
BLACK
10
377.5600259999999935
20
116.0760140000000007
40
0.2
0
CIRCLE
8
BLACK
10
377.5670259999999985
20
204.2770139999999799
40
0.2
0
CIRCLE
8
BLACK
10
377.8020259999999553
20
149.8330139999999915
40
0.2
0
CIRCLE
8
BLACK
10
378.0650259999999889
20
374.4910140000000069
40
0.2
0
CIRCLE
8
BLACK
10
378.5110259999999585
20
286.974014000000011
40
0.2
0
CIRCLE
8
BLACK
10
378.6140259999999671
20
421.2990139999999997
40
0.2
0
CIRCLE
8
BLACK
10
378.666025999999988
20
225.4810139999999876
40
0.2
0
CIRCLE
8
BLACK
10
379.0820259999999848
20
266.8240139999999769
40
0.2
0
CIRCLE
8
BLACK
10
379.124025999999958
20
58.2390139999999974
40
0.2
0
CIRCLE
8
BLACK
10
379.1510260000000017
20
246.328013999999996
40
0.2
0
CIRCLE
8
BLACK
10
380.2920259999999644
20
355.6980140000000006
40
0.2
0
CIRCLE
8
BLACK
10
380.7440259999999626
20
46.4860139999999973
40
0.2
0
CIRCLE
8
BLACK
10
380.8310260000000085
20
171.9660140000000013
40
0.2
0
CIRCLE
8
BLACK
10
380.8760259999999676
20
104.6820139999999952
40
0.2
0
CIRCLE
8
BLACK
10
381.3580259999999953
20
449.2480139999999551
40
0.2
0
CIRCLE
8
BLACK
10
381.4630259999999566
20
403.1270139999999742
40
0.2
0
CIRCLE
8
BLACK
10
382.0000259999999912
20
34.6890140000000002
40
0.2
0
CIRCLE
8
BLACK
10
382.0160260000000108
20
138.7360139999999831
40
0.2
0
CIRCLE
8
BLACK
10
382.1910259999999653
20
336.6040140000000065
40
0.2
0
CIRCLE
8
BLACK
10
382.8900259999999776
20
22.8590139999999984
40
0.2
0
CIRCLE
8
BLACK
10
383.0730259999999703
20
193.7550139999999885
40
0.2
0
CIRCLE
8
BLACK
10
383.4130260000000021
20
11.0060139999999986
40
0.2
0
CIRCLE
8
BLACK
10
383.7280259999999998
20
317.1980140000000006
40
0.2
0
CIRCLE
8
BLACK
10
383.8490259999999807
20
93.1930139999999909
40
0.2
0
CIRCLE
8
BLACK
10
384.0460259999999835
20
384.6790139999999951
40
0.2
0
CIRCLE
8
BLACK
10
384.4870259999999575
20
431.3800139999999601
40
0.2
0
CIRCLE
8
BLACK
10
384.6050260000000094
20
215.1940139999999815
40
0.2
0
CIRCLE
8
BLACK
10
384.8680259999999862
20
297.4710139999999683
40
0.2
0
CIRCLE
8
BLACK
10
385.4920260000000098
20
236.281013999999999
40
0.2
0
CIRCLE
8
BLACK
10
385.5630259999999794
20
161.0770139999999913
40
0.2
0
CIRCLE
8
BLACK
10
385.5720259999999939
20
277.4150139999999851
40
0.2
0
CIRCLE
8
BLACK
10
385.7970259999999598
20
257.0200140000000033
40
0.2
0
CIRCLE
8
BLACK
10
385.9050259999999639
20
127.5210139999999939
40
0.2
0
CIRCLE
8
BLACK
10
386.3400259999999662
20
365.9470139999999674
40
0.2
0
CIRCLE
8
BLACK
10
386.4750259999999571
20
81.6200139999999976
40
0.2
0
CIRCLE
8
BLACK
10
387.3800259999999867
20
413.2530140000000074
40
0.2
0
CIRCLE
8
BLACK
10
388.2860259999999926
20
183.085014000000001
40
0.2
0
CIRCLE
8
BLACK
10
388.3160259999999653
20
346.9200139999999806
40
0.2
0
CIRCLE
8
BLACK
10
388.7530259999999771
20
69.9740139999999968
40
0.2
0
CIRCLE
8
BLACK
10
389.4640259999999898
20
116.1970139999999958
40
0.2
0
CIRCLE
8
BLACK
10
389.9450259999999844
20
327.5890139999999633
40
0.2
0
CIRCLE
8
BLACK
10
389.9840259999999716
20
150.0580139999999858
40
0.2
0
CIRCLE
8
BLACK
10
390.0160260000000108
20
394.8570139999999924
40
0.2
0
CIRCLE
8
BLACK
10
390.2640260000000012
20
204.7510139999999978
40
0.2
0
CIRCLE
8
BLACK
10
390.3530259999999998
20
441.4550140000000056
40
0.2
0
CIRCLE
8
BLACK
10
390.6790259999999648
20
58.264013999999996
40
0.2
0
CIRCLE
8
BLACK
10
391.1930259999999748
20
307.9450139999999578
40
0.2
0
CIRCLE
8
BLACK
10
391.5670259999999985
20
226.071013999999991
40
0.2
0
CIRCLE
8
BLACK
10
392.0220259999999826
20
287.9780139999999733
40
0.2
0
CIRCLE
8
BLACK
10
392.2530259999999771
20
46.5020139999999955
40
0.2
0
CIRCLE
8
BLACK
10
392.2580259999999726
20
247.0470139999999901
40
0.2
0
CIRCLE
8
BLACK
10
392.3730259999999817
20
376.1830139999999574
40
0.2
0
CIRCLE
8
BLACK
10
392.3920259999999871
20
267.6810140000000047
40
0.2
0
CIRCLE
8
BLACK
10
392.6910259999999653
20
104.774013999999994
40
0.2
0
CIRCLE
8
BLACK
10
393.2020259999999894
20
172.274013999999994
40
0.2
0
CIRCLE
8
BLACK
10
393.2890259999999785
20
423.3710140000000024
40
0.2
0
CIRCLE
8
BLACK
10
393.4730260000000044
20
34.6970139999999958
40
0.2
0
CIRCLE
8
BLACK
10
394.0890259999999898
20
138.9170139999999947
40
0.2
0
CIRCLE
8
BLACK
10
394.3380259999999566
20
22.8620139999999985
40
0.2
0
CIRCLE
8
BLACK
10
394.423025999999993
20
357.2210139999999683
40
0.2
0
CIRCLE
8
BLACK
10
394.8470259999999712
20
11.0060139999999986
40
0.2
0
CIRCLE
8
BLACK
10
395.5840259999999944
20
93.2620139999999935
40
0.2
0
CIRCLE
8
BLACK
10
395.6410259999999539
20
194.1590139999999849
40
0.2
0
CIRCLE
8
BLACK
10
395.9750259999999571
20
405.0250139999999988
40
0.2
0
CIRCLE
8
BLACK
10
396.138025999999968
20
337.9620140000000106
40
0.2
0
CIRCLE
8
BLACK
10
397.3720260000000053
20
215.7050139999999772
40
0.2
0
CIRCLE
8
BLACK
10
397.4870259999999575
20
318.3960139999999797
40
0.2
0
CIRCLE
8
BLACK
10
397.8170259999999985
20
161.3320139999999867
40
0.2
0
CIRCLE
8
BLACK
10
397.8770260000000007
20
127.6650139999999993
40
0.2
0
CIRCLE
8
BLACK
10
398.138025999999968
20
81.6700139999999948
40
0.2
0
CIRCLE
8
BLACK
10
398.3910259999999539
20
386.4060139999999706
40
0.2
0
CIRCLE
8
BLACK
10
398.4340259999999603
20
298.5160139999999842
40
0.2
0
CIRCLE
8
BLACK
10
398.4610260000000039
20
236.9120139999999992
40
0.2
0
CIRCLE
8
BLACK
10
398.9420259999999985
20
278.3130140000000097
40
0.2
0
CIRCLE
8
BLACK
10
398.9670259999999757
20
257.7800139999999942
40
0.2
0
CIRCLE
8
BLACK
10
399.1890259999999557
20
433.4810139999999592
40
0.2
0
CIRCLE
8
BLACK
10
400.3540259999999762
20
70.0080140000000029
40
0.2
0
CIRCLE
8
BLACK
10
400.5110259999999585
20
367.5060139999999933
40
0.2
0
CIRCLE
8
BLACK
10
400.7290259999999762
20
183.4260139999999808
40
0.2
0
CIRCLE
8
BLACK
10
401.3440259999999853
20
116.3090139999999906
40
0.2
0
CIRCLE
8
BLACK
10
401.9240259999999694
20
415.182013999999981
40
0.2
0
CIRCLE
8
BLACK
10
402.1270260000000007
20
150.2660139999999842
40
0.2
0
CIRCLE
8
BLACK
10
402.2270259999999666
20
58.2870139999999992
40
0.2
0
CIRCLE
8
BLACK
10
402.3080259999999839
20
348.3160139999999956
40
0.2
0
CIRCLE
8
BLACK
10
402.902025999999978
20
205.1900139999999908
40
0.2
0
CIRCLE
8
BLACK
10
403.7530259999999771
20
328.8270139999999628
40
0.2
0
CIRCLE
8
BLACK
10
403.7580259999999726
20
46.5160139999999984
40
0.2
0
CIRCLE
8
BLACK
10
404.3960260000000062
20
396.6170139999999833
40
0.2
0
CIRCLE
8
BLACK
10
404.402025999999978
20
226.6210140000000024
40
0.2
0
CIRCLE
8
BLACK
10
404.4860259999999812
20
104.8600139999999925
40
0.2
0
CIRCLE
8
BLACK
10
404.812026000000003
20
309.0300139999999942
40
0.2
0
CIRCLE
8
BLACK
10
404.944026000000008
20
34.7050139999999985
40
0.2
0
CIRCLE
8
BLACK
10
405.291025999999988
20
247.7180139999999824
40
0.2
0
CIRCLE
8
BLACK
10
405.4490260000000035
20
288.9170139999999947
40
0.2
0
CIRCLE
8
BLACK
10
405.527025999999978
20
172.5600139999999953
40
0.2
0
CIRCLE
8
BLACK
10
405.624025999999958
20
268.481014000000016
40
0.2
0
CIRCLE
8
BLACK
10
405.7850259999999594
20
22.8650139999999986
40
0.2
0
CIRCLE
8
BLACK
10
406.1300259999999867
20
139.085014000000001
40
0.2
0
CIRCLE
8
BLACK
10
406.2800259999999639
20
11.0050139999999992
40
0.2
0
CIRCLE
8
BLACK
10
406.5820259999999848
20
377.7780139999999847
40
0.2
0
CIRCLE
8
BLACK
10
407.3020259999999553
20
93.3260140000000007
40
0.2
0
CIRCLE
8
BLACK
10
407.8620259999999575
20
425.3310139999999819
40
0.2
0
CIRCLE
8
BLACK
10
408.1540259999999876
20
194.5340139999999849
40
0.2
0
CIRCLE
8
BLACK
10
408.4570259999999848
20
358.654013999999961
40
0.2
0
CIRCLE
8
BLACK
10
409.7890259999999785
20
81.7160140000000013
40
0.2
0
CIRCLE
8
BLACK
10
409.8220259999999939
20
127.7980139999999949
40
0.2
0
CIRCLE
8
BLACK
10
409.9930259999999862
20
339.2380139999999642
40
0.2
0
CIRCLE
8
BLACK
10
410.0300259999999639
20
161.5680140000000051
40
0.2
0
CIRCLE
8
BLACK
10
410.0780259999999657
20
216.182013999999981
40
0.2
0
CIRCLE
8
BLACK
10
410.388025999999968
20
406.8170139999999719
40
0.2
0
CIRCLE
8
BLACK
10
411.1570259999999735
20
319.5200140000000033
40
0.2
0
CIRCLE
8
BLACK
10
411.3620259999999575
20
237.5000139999999931
40
0.2
0
CIRCLE
8
BLACK
10
411.916025999999988
20
299.4940139999999928
40
0.2
0
CIRCLE
8
BLACK
10
411.9450259999999844
20
70.0410139999999899
40
0.2
0
CIRCLE
8
BLACK
10
412.0630259999999794
20
258.4900139999999737
40
0.2
0
CIRCLE
8
BLACK
10
412.2320259999999621
20
279.1530139999999847
40
0.2
0
CIRCLE
8
BLACK
10
412.638025999999968
20
388.0350139999999897
40
0.2
0
CIRCLE
8
BLACK
10
413.124025999999958
20
183.7430139999999881
40
0.2
0
CIRCLE
8
BLACK
10
413.2000259999999798
20
116.4130139999999898
40
0.2
0
CIRCLE
8
BLACK
10
413.7690259999999967
20
58.308014
40
0.2
0
CIRCLE
8
BLACK
10
414.2350260000000048
20
150.4590139999999963
40
0.2
0
CIRCLE
8
BLACK
10
414.5870259999999803
20
368.9750139999999874
40
0.2
0
CIRCLE
8
BLACK
10
415.2580259999999726
20
46.5290139999999965
40
0.2
0
CIRCLE
8
BLACK
10
415.4840259999999716
20
205.6000139999999874
40
0.2
0
CIRCLE
8
BLACK
10
416.2080259999999612
20
349.6290139999999838
40
0.2
0
CIRCLE
8
BLACK
10
416.2620259999999917
20
104.9390140000000002
40
0.2
0
CIRCLE
8
BLACK
10
416.3690259999999626
20
417.0070139999999697
40
0.2
0
CIRCLE
8
BLACK
10
416.4130260000000021
20
34.7130140000000011
40
0.2
0
CIRCLE
8
BLACK
10
417.1750260000000026
20
227.1340139999999792
40
0.2
0
CIRCLE
8
BLACK
10
417.2310259999999857
20
22.8680139999999987
40
0.2
0
CIRCLE
8
BLACK
10
417.4720259999999712
20
329.9890139999999974
40
0.2
0
CIRCLE
8
BLACK
10
417.7120259999999803
20
11.0050139999999992
40
0.2
0
CIRCLE
8
BLACK
10
417.8090259999999603
20
172.8250139999999817
40
0.2
0
CIRCLE
8
BLACK
10
418.1400259999999776
20
139.2410140000000069
40
0.2
0
CIRCLE
8
BLACK
10
418.256025999999963
20
248.3430139999999824
40
0.2
0
CIRCLE
8
BLACK
10
418.3470259999999712
20
310.0470139999999901
40
0.2
0
CIRCLE
8
BLACK
10
418.6790259999999648
20
398.2800139999999942
40
0.2
0
CIRCLE
8
BLACK
10
418.7810259999999971
20
269.2300139999999828
40
0.2
0
CIRCLE
8
BLACK
10
418.7960259999999835
20
289.7960140000000138
40
0.2
0
CIRCLE
8
BLACK
10
419.0050259999999867
20
93.3850139999999982
40
0.2
0
CIRCLE
8
BLACK
10
420.6180259999999862
20
194.8830140000000029
40
0.2
0
CIRCLE
8
BLACK
10
420.6980259999999703
20
379.2820140000000038
40
0.2
0
CIRCLE
8
BLACK
10
421.4280259999999885
20
81.7590139999999934
40
0.2
0
CIRCLE
8
BLACK
10
421.7400260000000003
20
127.9220139999999901
40
0.2
0
CIRCLE
8
BLACK
10
422.2060260000000085
20
161.788014000000004
40
0.2
0
CIRCLE
8
BLACK
10
422.4010260000000017
20
360.0040139999999838
40
0.2
0
CIRCLE
8
BLACK
10
422.7270259999999666
20
216.6250139999999931
40
0.2
0
CIRCLE
8
BLACK
10
423.5280259999999544
20
70.071013999999991
40
0.2
0
CIRCLE
8
BLACK
10
423.7590260000000058
20
340.4380140000000097
40
0.2
0
CIRCLE
8
BLACK
10
424.2000259999999798
20
238.0490139999999997
40
0.2
0
CIRCLE
8
BLACK
10
424.7060260000000085
20
408.5130139999999983
40
0.2
0
CIRCLE
8
BLACK
10
424.7430259999999862
20
320.5760139999999865
40
0.2
0
CIRCLE
8
BLACK
10
425.0350259999999594
20
116.5100139999999982
40
0.2
0
CIRCLE
8
BLACK
10
425.0900259999999662
20
259.1530139999999847
40
0.2
0
CIRCLE
8
BLACK
10
425.305025999999998
20
58.328013999999996
40
0.2
0
CIRCLE
8
BLACK
10
425.319026000000008
20
300.4120139999999992
40
0.2
0
CIRCLE
8
BLACK
10
425.4480259999999703
20
279.9400139999999624
40
0.2
0
CIRCLE
8
BLACK
10
425.4740259999999807
20
184.038014000000004
40
0.2
0
CIRCLE
8
BLACK
10
426.3110259999999698
20
150.6390140000000031
40
0.2
0
CIRCLE
8
BLACK
10
426.7550259999999867
20
46.5420139999999947
40
0.2
0
CIRCLE
8
BLACK
10
426.7920259999999644
20
389.5740139999999769
40
0.2
0
CIRCLE
8
BLACK
10
427.8790259999999535
20
34.7190140000000014
40
0.2
0
CIRCLE
8
BLACK
10
428.0150259999999776
20
205.9810139999999876
40
0.2
0
CIRCLE
8
BLACK
10
428.020025999999973
20
105.0130139999999983
40
0.2
0
CIRCLE
8
BLACK
10
428.5720259999999939
20
370.3610140000000115
40
0.2
0
CIRCLE
8
BLACK
10
428.6760259999999789
20
22.8710139999999988
40
0.2
0
CIRCLE
8
BLACK
10
429.145025999999973
20
11.0040139999999997
40
0.2
0
CIRCLE
8
BLACK
10
429.8900259999999776
20
227.6120139999999878
40
0.2
0
CIRCLE
8
BLACK
10
430.0210260000000062
20
350.8660140000000069
40
0.2
0
CIRCLE
8
BLACK
10
430.0520259999999553
20
173.0720139999999958
40
0.2
0
CIRCLE
8
BLACK
10
430.1220260000000053
20
139.3860139999999888
40
0.2
0
CIRCLE
8
BLACK
10
430.6950259999999844
20
93.4400139999999908
40
0.2
0
CIRCLE
8
BLACK
10
431.1080259999999953
20
331.0830139999999915
40
0.2
0
CIRCLE
8
BLACK
10
431.1570259999999735
20
248.9290139999999951
40
0.2
0
CIRCLE
8
BLACK
10
431.8020259999999553
20
311.0030140000000074
40
0.2
0
CIRCLE
8
BLACK
10
431.867025999999953
20
269.9310140000000047
40
0.2
0
CIRCLE
8
BLACK
10
432.0680259999999748
20
290.6210140000000024
40
0.2
0
CIRCLE
8
BLACK
10
432.8690259999999626
20
399.8520139999999969
40
0.2
0
CIRCLE
8
BLACK
10
433.034025999999983
20
195.2080139999999915
40
0.2
0
CIRCLE
8
BLACK
10
433.0570260000000076
20
81.7990139999999997
40
0.2
0
CIRCLE
8
BLACK
10
433.6350259999999821
20
128.0370139999999992
40
0.2
0
CIRCLE
8
BLACK
10
434.3470259999999712
20
161.9930139999999881
40
0.2
0
CIRCLE
8
BLACK
10
434.7240259999999807
20
380.7020139999999628
40
0.2
0
CIRCLE
8
BLACK
10
435.1040259999999762
20
70.0990139999999968
40
0.2
0
CIRCLE
8
BLACK
10
435.3230259999999703
20
217.0400139999999851
40
0.2
0
CIRCLE
8
BLACK
10
436.2570259999999962
20
361.2770140000000083
40
0.2
0
CIRCLE
8
BLACK
10
436.8350259999999707
20
58.3470139999999944
40
0.2
0
CIRCLE
8
BLACK
10
436.8500259999999571
20
116.6000140000000016
40
0.2
0
CIRCLE
8
BLACK
10
436.9780259999999998
20
238.5620139999999765
40
0.2
0
CIRCLE
8
BLACK
10
437.4430259999999748
20
341.5680140000000051
40
0.2
0
CIRCLE
8
BLACK
10
437.7830260000000067
20
184.3130139999999813
40
0.2
0
CIRCLE
8
BLACK
10
438.0520259999999553
20
259.7740139999999656
40
0.2
0
CIRCLE
8
BLACK
10
438.249025999999958
20
46.5530139999999975
40
0.2
0
CIRCLE
8
BLACK
10
438.2500259999999912
20
321.5690139999999815
40
0.2
0
CIRCLE
8
BLACK
10
438.3560259999999857
20
150.807013999999981
40
0.2
0
CIRCLE
8
BLACK
10
438.5930259999999521
20
280.6770139999999856
40
0.2
0
CIRCLE
8
BLACK
10
438.645025999999973
20
301.2740139999999656
40
0.2
0
CIRCLE
8
BLACK
10
439.3440259999999853
20
34.7260139999999993
40
0.2
0
CIRCLE
8
BLACK
10
439.7620259999999917
20
105.0820140000000009
40
0.2
0
CIRCLE
8
BLACK
10
440.1200259999999957
20
22.8730139999999977
40
0.2
0
CIRCLE
8
BLACK
10
440.4970260000000053
20
206.3380139999999869
40
0.2
0
CIRCLE
8
BLACK
10
440.5770259999999894
20
11.0040139999999997
40
0.2
0
CIRCLE
8
BLACK
10
440.8570259999999621
20
391.0280139999999847
40
0.2
0
CIRCLE
8
BLACK
10
442.0770259999999894
20
139.5210139999999797
40
0.2
0
CIRCLE
8
BLACK
10
442.2570259999999962
20
173.3020139999999856
40
0.2
0
CIRCLE
8
BLACK
10
442.3710259999999721
20
93.4910139999999927
40
0.2
0
CIRCLE
8
BLACK
10
442.4710259999999948
20
371.6690140000000042
40
0.2
0
CIRCLE
8
BLACK
10
442.5500260000000026
20
228.0600139999999953
40
0.2
0
CIRCLE
8
BLACK
10
443.7500259999999912
20
352.0330139999999801
40
0.2
0
CIRCLE
8
BLACK
10
443.9970260000000053
20
249.4770139999999969
40
0.2
0
CIRCLE
8
BLACK
10
444.6640259999999785
20
332.1130139999999642
40
0.2
0
CIRCLE
8
BLACK
10
444.6750260000000026
20
81.8360139999999916
40
0.2
0
CIRCLE
8
BLACK
10
444.888025999999968
20
270.5880139999999869
40
0.2
0
CIRCLE
8
BLACK
10
445.1820260000000076
20
311.9020140000000083
40
0.2
0
CIRCLE
8
BLACK
10
445.2690259999999967
20
291.3950140000000033
40
0.2
0
CIRCLE
8
BLACK
10
445.4070259999999735
20
195.5120139999999935
40
0.2
0
CIRCLE
8
BLACK
10
445.5080259999999726
20
128.1450140000000033
40
0.2
0
CIRCLE
8
BLACK
10
446.4540259999999989
20
162.1830139999999858
40
0.2
0
CIRCLE
8
BLACK
10
446.6720259999999598
20
70.1250139999999931
40
0.2
0
CIRCLE
8
BLACK
10
447.8700259999999957
20
217.4270139999999856
40
0.2
0
CIRCLE
8
BLACK
10
448.3600260000000048
20
58.3650139999999951
40
0.2
0
CIRCLE
8
BLACK
10
448.6460260000000062
20
116.6840139999999906
40
0.2
0
CIRCLE
8
BLACK
10
448.6640259999999785
20
382.0450139999999806
40
0.2
0
CIRCLE
8
BLACK
10
449.7000259999999798
20
239.0430139999999994
40
0.2
0
CIRCLE
8
BLACK
10
449.7390259999999671
20
46.5640140000000002
40
0.2
0
CIRCLE
8
BLACK
10
450.0310259999999971
20
362.4790140000000065
40
0.2
0
CIRCLE
8
BLACK
10
450.0520259999999553
20
184.5700139999999863
40
0.2
0
CIRCLE
8
BLACK
10
450.3720260000000053
20
150.9630139999999869
40
0.2
0
CIRCLE
8
BLACK
10
450.8070260000000076
20
34.7320139999999995
40
0.2
0
CIRCLE
8
BLACK
10
450.9520259999999894
20
260.3570139999999924
40
0.2
0
CIRCLE
8
BLACK
10
451.0470259999999598
20
342.6340139999999792
40
0.2
0
CIRCLE
8
BLACK
10
451.4890259999999671
20
105.1460139999999939
40
0.2
0
CIRCLE
8
BLACK
10
451.5640259999999557
20
22.8760139999999978
40
0.2
0
CIRCLE
8
BLACK
10
451.6710259999999835
20
281.3700139999999692
40
0.2
0
CIRCLE
8
BLACK
10
451.6810259999999744
20
322.5050139999999601
40
0.2
0
CIRCLE
8
BLACK
10
451.9010260000000017
20
302.085014000000001
40
0.2
0
CIRCLE
8
BLACK
10
452.0090260000000058
20
11.0030140000000003
40
0.2
0
CIRCLE
8
BLACK
10
452.9340259999999603
20
206.6710139999999853
40
0.2
0
CIRCLE
8
BLACK
10
454.0080259999999726
20
139.6480139999999892
40
0.2
0
CIRCLE
8
BLACK
10
454.0360259999999926
20
93.5390139999999946
40
0.2
0
CIRCLE
8
BLACK
10
454.4280259999999885
20
173.5180139999999938
40
0.2
0
CIRCLE
8
BLACK
10
455.159025999999983
20
228.4790139999999781
40
0.2
0
CIRCLE
8
BLACK
10
456.2850259999999594
20
81.8710140000000024
40
0.2
0
CIRCLE
8
BLACK
10
456.2880260000000021
20
372.9060139999999706
40
0.2
0
CIRCLE
8
BLACK
10
456.7800259999999639
20
249.9910139999999785
40
0.2
0
CIRCLE
8
BLACK
10
457.3600260000000048
20
128.2450139999999976
40
0.2
0
CIRCLE
8
BLACK
10
457.4000259999999685
20
353.1340139999999792
40
0.2
0
CIRCLE
8
BLACK
10
457.7400260000000003
20
195.7960139999999853
40
0.2
0
CIRCLE
8
BLACK
10
457.8470259999999712
20
271.2050140000000056
40
0.2
0
CIRCLE
8
BLACK
10
458.145025999999973
20
333.0840139999999678
40
0.2
0
CIRCLE
8
BLACK
10
458.2330259999999953
20
70.149013999999994
40
0.2
0
CIRCLE
8
BLACK
10
458.4030259999999544
20
292.1240139999999883
40
0.2
0
CIRCLE
8
BLACK
10
458.4900260000000003
20
312.7480140000000119
40
0.2
0
CIRCLE
8
BLACK
10
458.5320259999999735
20
162.3620139999999878
40
0.2
0
CIRCLE
8
BLACK
10
459.881025999999963
20
58.3810140000000004
40
0.2
0
CIRCLE
8
BLACK
10
460.3690259999999626
20
217.7900139999999851
40
0.2
0
CIRCLE
8
BLACK
10
460.4250260000000026
20
116.7620139999999935
40
0.2
0
CIRCLE
8
BLACK
10
461.2260259999999903
20
46.5750139999999959
40
0.2
0
CIRCLE
8
BLACK
10
462.2680259999999635
20
34.7380139999999997
40
0.2
0
CIRCLE
8
BLACK
10
462.284025999999983
20
184.8100139999999953
40
0.2
0
CIRCLE
8
BLACK
10
462.3620259999999575
20
151.1090140000000019
40
0.2
0
CIRCLE
8
BLACK
10
462.3700259999999957
20
239.4940139999999928
40
0.2
0
CIRCLE
8
BLACK
10
463.0070259999999962
20
22.8780140000000003
40
0.2
0
CIRCLE
8
BLACK
10
463.2030259999999657
20
105.2060139999999961
40
0.2
0
CIRCLE
8
BLACK
10
463.4410259999999653
20
11.0030140000000003
40
0.2
0
CIRCLE
8
BLACK
10
463.7260259999999903
20
363.6150139999999737
40
0.2
0
CIRCLE
8
BLACK
10
463.7940259999999739
20
260.904013999999961
40
0.2
0
CIRCLE
8
BLACK
10
464.5750259999999798
20
343.6400140000000079
40
0.2
0
CIRCLE
8
BLACK
10
464.6860259999999698
20
282.0220140000000129
40
0.2
0
CIRCLE
8
BLACK
10
465.0400259999999548
20
323.3870139999999651
40
0.2
0
CIRCLE
8
BLACK
10
465.0890259999999898
20
302.849014000000011
40
0.2
0
CIRCLE
8
BLACK
10
465.3280259999999657
20
206.9830139999999972
40
0.2
0
CIRCLE
8
BLACK
10
465.6900259999999889
20
93.5840139999999963
40
0.2
0
CIRCLE
8
BLACK
10
465.9170259999999644
20
139.7650140000000079
40
0.2
0
CIRCLE
8
BLACK
10
466.5660259999999653
20
173.7190139999999872
40
0.2
0
CIRCLE
8
BLACK
10
467.7190259999999853
20
228.8720139999999788
40
0.2
0
CIRCLE
8
BLACK
10
467.8850259999999821
20
81.9040139999999894
40
0.2
0
CIRCLE
8
BLACK
10
469.1930259999999748
20
128.3390139999999917
40
0.2
0
CIRCLE
8
BLACK
10
469.5090260000000058
20
250.4730139999999778
40
0.2
0
CIRCLE
8
BLACK
10
469.7880260000000021
20
70.1720139999999901
40
0.2
0
CIRCLE
8
BLACK
10
470.0330260000000067
20
196.0630139999999813
40
0.2
0
CIRCLE
8
BLACK
10
470.5810259999999516
20
162.5280139999999847
40
0.2
0
CIRCLE
8
BLACK
10
470.7470260000000053
20
271.786013999999966
40
0.2
0
CIRCLE
8
BLACK
10
470.9750259999999571
20
354.175013999999976
40
0.2
0
CIRCLE
8
BLACK
10
471.3970259999999826
20
58.3970139999999986
40
0.2
0
CIRCLE
8
BLACK
10
471.4740259999999807
20
292.8090139999999906
40
0.2
0
CIRCLE
8
BLACK
10
471.5530259999999885
20
334.0000139999999647
40
0.2
0
CIRCLE
8
BLACK
10
471.7310259999999857
20
313.5470139999999901
40
0.2
0
CIRCLE
8
BLACK
10
472.1890259999999557
20
116.835014000000001
40
0.2
0
CIRCLE
8
BLACK
10
472.7100259999999707
20
46.5840139999999963
40
0.2
0
CIRCLE
8
BLACK
10
472.8240260000000035
20
218.1310139999999933
40
0.2
0
CIRCLE
8
BLACK
10
473.7280259999999998
20
34.7430139999999952
40
0.2
0
CIRCLE
8
BLACK
10
474.3280259999999657
20
151.2450139999999976
40
0.2
0
CIRCLE
8
BLACK
10
474.4490260000000035
20
22.8800139999999992
40
0.2
0
CIRCLE
8
BLACK
10
474.4830259999999953
20
185.0350139999999897
40
0.2
0
CIRCLE
8
BLACK
10
474.8730259999999817
20
11.0030140000000003
40
0.2
0
CIRCLE
8
BLACK
10
474.9030259999999544
20
105.2620139999999935
40
0.2
0
CIRCLE
8
BLACK
10
474.9900260000000003
20
239.9170139999999947
40
0.2
0
CIRCLE
8
BLACK
10
476.5820259999999848
20
261.4190140000000042
40
0.2
0
CIRCLE
8
BLACK
10
477.3330259999999612
20
93.6260139999999978
40
0.2
0
CIRCLE
8
BLACK
10
477.6420259999999871
20
282.6360139999999888
40
0.2
0
CIRCLE
8
BLACK
10
477.6820259999999507
20
207.2750139999999988
40
0.2
0
CIRCLE
8
BLACK
10
477.8040259999999648
20
139.8760139999999978
40
0.2
0
CIRCLE
8
BLACK
10
478.0320259999999735
20
344.5910139999999728
40
0.2
0
CIRCLE
8
BLACK
10
478.2130259999999566
20
303.5680140000000051
40
0.2
0
CIRCLE
8
BLACK
10
478.3310259999999516
20
324.2190139999999587
40
0.2
0
CIRCLE
8
BLACK
10
478.673025999999993
20
173.9080139999999801
40
0.2
0
CIRCLE
8
BLACK
10
479.4780259999999998
20
81.9350139999999953
40
0.2
0
CIRCLE
8
BLACK
10
480.2340259999999716
20
229.2410139999999785
40
0.2
0
CIRCLE
8
BLACK
10
481.0080259999999726
20
128.4270139999999856
40
0.2
0
CIRCLE
8
BLACK
10
481.3370259999999803
20
70.1940139999999957
40
0.2
0
CIRCLE
8
BLACK
10
482.1880259999999794
20
250.9270139999999856
40
0.2
0
CIRCLE
8
BLACK
10
482.291025999999988
20
196.3120140000000049
40
0.2
0
CIRCLE
8
BLACK
10
482.6030259999999998
20
162.6850139999999953
40
0.2
0
CIRCLE
8
BLACK
10
482.909025999999983
20
58.4110139999999944
40
0.2
0
CIRCLE
8
BLACK
10
483.5910259999999994
20
272.3320140000000151
40
0.2
0
CIRCLE
8
BLACK
10
483.937026000000003
20
116.9040139999999894
40
0.2
0
CIRCLE
8
BLACK
10
484.1920259999999985
20
46.5940140000000014
40
0.2
0
CIRCLE
8
BLACK
10
484.4840259999999716
20
293.4560139999999819
40
0.2
0
CIRCLE
8
BLACK
10
484.8940259999999967
20
334.8670139999999833
40
0.2
0
CIRCLE
8
BLACK
10
484.9070259999999735
20
314.300013999999976
40
0.2
0
CIRCLE
8
BLACK
10
485.1860259999999698
20
34.7480139999999977
40
0.2
0
CIRCLE
8
BLACK
10
485.2380259999999907
20
218.4500139999999817
40
0.2
0
CIRCLE
8
BLACK
10
485.8900259999999776
20
22.8820139999999981
40
0.2
0
CIRCLE
8
BLACK
10
486.270025999999973
20
151.3730139999999835
40
0.2
0
CIRCLE
8
BLACK
10
486.3040259999999648
20
11.0020139999999991
40
0.2
0
CIRCLE
8
BLACK
10
486.5910259999999994
20
105.3150139999999908
40
0.2
0
CIRCLE
8
BLACK
10
486.6490259999999921
20
185.2470139999999788
40
0.2
0
CIRCLE
8
BLACK
10
487.5640259999999557
20
240.3150139999999908
40
0.2
0
CIRCLE
8
BLACK
10
488.9670259999999757
20
93.6660139999999899
40
0.2
0
CIRCLE
8
BLACK
10
489.3170259999999985
20
261.904013999999961
40
0.2
0
CIRCLE
8
BLACK
10
489.6710259999999835
20
139.9790140000000065
40
0.2
0
CIRCLE
8
BLACK
10
489.999025999999958
20
207.5500140000000044
40
0.2
0
CIRCLE
8
BLACK
10
490.5420259999999644
20
283.2140139999999633
40
0.2
0
CIRCLE
8
BLACK
10
490.7520260000000007
20
174.085014000000001
40
0.2
0
CIRCLE
8
BLACK
10
491.0640259999999557
20
81.9630140000000011
40
0.2
0
CIRCLE
8
BLACK
10
491.2760260000000017
20
304.2480140000000119
40
0.2
0
CIRCLE
8
BLACK
10
491.5580259999999839
20
325.0050139999999601
40
0.2
0
CIRCLE
8
BLACK
10
492.7060259999999516
20
229.5880139999999869
40
0.2
0
CIRCLE
8
BLACK
10
492.8060259999999744
20
128.5090140000000076
40
0.2
0
CIRCLE
8
BLACK
10
492.881025999999963
20
70.2140139999999917
40
0.2
0
CIRCLE
8
BLACK
10
494.4170259999999644
20
58.4250139999999973
40
0.2
0
CIRCLE
8
BLACK
10
494.5150259999999776
20
196.5470139999999901
40
0.2
0
CIRCLE
8
BLACK
10
494.6000259999999571
20
162.8320139999999867
40
0.2
0
CIRCLE
8
BLACK
10
494.8190259999999512
20
251.3550139999999828
40
0.2
0
CIRCLE
8
BLACK
10
495.6710259999999835
20
116.9690140000000014
40
0.2
0
CIRCLE
8
BLACK
10
495.6710259999999835
20
46.6020139999999969
40
0.2
0
CIRCLE
8
BLACK
10
496.3820259999999962
20
272.8480139999999778
40
0.2
0
CIRCLE
8
BLACK
10
496.6430259999999635
20
34.7530140000000003
40
0.2
0
CIRCLE
8
BLACK
10
497.3310259999999516
20
22.8840140000000005
40
0.2
0
CIRCLE
8
BLACK
10
497.437026000000003
20
294.0660139999999956
40
0.2
0
CIRCLE
8
BLACK
10
497.6120259999999575
20
218.7510139999999978
40
0.2
0
CIRCLE
8
BLACK
10
497.7360259999999812
20
11.0020139999999991
40
0.2
0
CIRCLE
8
BLACK
10
498.0210259999999494
20
315.0120139999999651
40
0.2
0
CIRCLE
8
BLACK
10
498.1900259999999889
20
151.4940139999999928
40
0.2
0
CIRCLE
8
BLACK
10
498.2670259999999871
20
105.3650140000000022
40
0.2
0
CIRCLE
8
BLACK
10
498.7850259999999594
20
185.4450139999999863
40
0.2
0
CIRCLE
8
BLACK
10
500.0930259999999521
20
240.6900139999999908
40
0.2
0
CIRCLE
8
BLACK
10
500.5910259999999994
20
93.703013999999996
40
0.2
0
CIRCLE
8
BLACK
10
501.520025999999973
20
140.0770139999999913
40
0.2
0
CIRCLE
8
BLACK
10
502.0040259999999535
20
262.3600139999999783
40
0.2
0
CIRCLE
8
BLACK
10
502.2800259999999639
20
207.8090139999999906
40
0.2
0
CIRCLE
8
BLACK
10
502.6420259999999871
20
81.9910139999999927
40
0.2
0
CIRCLE
8
BLACK
10
502.805025999999998
20
174.2510139999999978
40
0.2
0
CIRCLE
8
BLACK
10
503.388025999999968
20
283.7600140000000124
40
0.2
0
CIRCLE
8
BLACK
10
504.2820259999999735
20
304.8890139999999747
40
0.2
0
CIRCLE
8
BLACK
10
504.4200259999999503
20
70.2330139999999972
40
0.2
0
CIRCLE
8
BLACK
10
504.5880259999999566
20
128.5870139999999822
40
0.2
0
CIRCLE
8
BLACK
10
505.138025999999968
20
229.9150139999999851
40
0.2
0
CIRCLE
8
BLACK
10
505.9220259999999598
20
58.4380139999999955
40
0.2
0
CIRCLE
8
BLACK
10
506.5740260000000035
20
162.9700139999999919
40
0.2
0
CIRCLE
8
BLACK
10
506.7070259999999848
20
196.7680139999999938
40
0.2
0
CIRCLE
8
BLACK
10
507.1480259999999589
20
46.6100139999999996
40
0.2
0
CIRCLE
8
BLACK
10
507.3930259999999635
20
117.0300139999999942
40
0.2
0
CIRCLE
8
BLACK
10
507.4050259999999639
20
251.7570139999999981
40
0.2
0
CIRCLE
8
BLACK
10
508.0980260000000044
20
34.7570139999999981
40
0.2
0
CIRCLE
8
BLACK
10
508.7710259999999494
20
22.8860139999999994
40
0.2
0
CIRCLE
8
BLACK
10
509.124025999999958
20
273.3340139999999678
40
0.2
0
CIRCLE
8
BLACK
10
509.1670259999999644
20
11.0010139999999996
40
0.2
0
CIRCLE
8
BLACK
10
509.9330259999999839
20
105.4110139999999944
40
0.2
0
CIRCLE
8
BLACK
10
509.9500259999999798
20
219.0340139999999849
40
0.2
0
CIRCLE
8
BLACK
10
510.0900259999999662
20
151.6070139999999924
40
0.2
0
CIRCLE
8
BLACK
10
510.3360260000000039
20
294.6430139999999938
40
0.2
0
CIRCLE
8
BLACK
10
510.8920259999999871
20
185.6320139999999981
40
0.2
0
CIRCLE
8
BLACK
10
512.207025999999928
20
93.7380139999999926
40
0.2
0
CIRCLE
8
BLACK
10
512.5810259999999516
20
241.0430139999999994
40
0.2
0
CIRCLE
8
BLACK
10
513.3510259999999334
20
140.1680139999999994
40
0.2
0
CIRCLE
8
BLACK
10
514.2150259999999662
20
82.0160139999999984
40
0.2
0
CIRCLE
8
BLACK
10
514.5280259999999544
20
208.0530139999999903
40
0.2
0
CIRCLE
8
BLACK
10
514.6450260000000299
20
262.7920139999999947
40
0.2
0
CIRCLE
8
BLACK
10
514.832025999999928
20
174.4070140000000038
40
0.2
0
CIRCLE
8
BLACK
10
515.9540259999999989
20
70.2510139999999978
40
0.2
0
CIRCLE
8
BLACK
10
516.1830259999999271
20
284.2760139999999751
40
0.2
0
CIRCLE
8
BLACK
10
516.3550259999999525
20
128.6600139999999897
40
0.2
0
CIRCLE
8
BLACK
10
517.4230259999999362
20
58.4500139999999959
40
0.2
0
CIRCLE
8
BLACK
10
517.5310259999999971
20
230.2230139999999778
40
0.2
0
CIRCLE
8
BLACK
10
518.5250260000000253
20
163.0990139999999826
40
0.2
0
CIRCLE
8
BLACK
10
518.6230259999999817
20
46.6180139999999952
40
0.2
0
CIRCLE
8
BLACK
10
518.8700259999999389
20
196.9760139999999922
40
0.2
0
CIRCLE
8
BLACK
10
519.1020260000000235
20
117.0870139999999964
40
0.2
0
CIRCLE
8
BLACK
10
519.5530259999999316
20
34.7620140000000006
40
0.2
0
CIRCLE
8
BLACK
10
519.9480260000000271
20
252.1380139999999983
40
0.2
0
CIRCLE
8
BLACK
10
520.2110259999999471
20
22.8870140000000006
40
0.2
0
CIRCLE
8
BLACK
10
520.5980260000000044
20
11.0010139999999996
40
0.2
0
CIRCLE
8
BLACK
10
521.5890259999999898
20
105.4550139999999914
40
0.2
0
CIRCLE
8
BLACK
10
521.819026000000008
20
273.793013999999971
40
0.2
0
CIRCLE
8
BLACK
10
521.9700259999999616
20
151.7130139999999869
40
0.2
0
CIRCLE
8
BLACK
10
522.2530259999999771
20
219.3010139999999808
40
0.2
0
CIRCLE
8
BLACK
10
522.9730260000000044
20
185.8080139999999858
40
0.2
0
CIRCLE
8
BLACK
10
523.8160259999999653
20
93.7710139999999939
40
0.2
0
CIRCLE
8
BLACK
10
525.0300260000000208
20
241.3770140000000026
40
0.2
0
CIRCLE
8
BLACK
10
525.1650260000000117
20
140.2540139999999838
40
0.2
0
CIRCLE
8
BLACK
10
525.7810259999999971
20
82.0400139999999993
40
0.2
0
CIRCLE
8
BLACK
10
526.7450259999999389
20
208.2820140000000038
40
0.2
0
CIRCLE
8
BLACK
10
526.8350259999999707
20
174.5550139999999999
40
0.2
0
CIRCLE
8
BLACK
10
527.2420260000000098
20
263.1990139999999769
40
0.2
0
CIRCLE
8
BLACK
10
527.4830259999999953
20
70.2690139999999985
40
0.2
0
CIRCLE
8
BLACK
10
528.1090259999999716
20
128.7280140000000017
40
0.2
0
CIRCLE
8
BLACK
10
528.9220259999999598
20
58.4620139999999964
40
0.2
0
CIRCLE
8
BLACK
10
529.8890259999999444
20
230.5140140000000031
40
0.2
0
CIRCLE
8
BLACK
10
530.096025999999938
20
46.6250140000000002
40
0.2
0
CIRCLE
8
BLACK
10
530.4560259999999516
20
163.2220140000000015
40
0.2
0
CIRCLE
8
BLACK
10
530.7990260000000262
20
117.1410139999999984
40
0.2
0
CIRCLE
8
BLACK
10
531.0030259999999771
20
197.1720139999999901
40
0.2
0
CIRCLE
8
BLACK
10
531.0060260000000198
20
34.7660139999999984
40
0.2
0
CIRCLE
8
BLACK
10
531.6500260000000253
20
22.8890139999999995
40
0.2
0
CIRCLE
8
BLACK
10
532.0290259999999307
20
11.0010139999999996
40
0.2
0
CIRCLE
8
BLACK
10
532.4500259999999798
20
252.4970139999999788
40
0.2
0
CIRCLE
8
BLACK
10
533.2360259999999244
20
105.497013999999993
40
0.2
0
CIRCLE
8
BLACK
10
533.833026000000018
20
151.814013999999986
40
0.2
0
CIRCLE
8
BLACK
10
534.5230259999999589
20
219.5530139999999903
40
0.2
0
CIRCLE
8
BLACK
10
535.0280259999999544
20
185.9740139999999826
40
0.2
0
CIRCLE
8
BLACK
10
535.4170259999999644
20
93.8030139999999903
40
0.2
0
CIRCLE
8
BLACK
10
536.9650259999999662
20
140.3360140000000058
40
0.2
0
CIRCLE
8
BLACK
10
537.3410259999999425
20
82.0630139999999955
40
0.2
0
CIRCLE
8
BLACK
10
537.4410259999999653
20
241.6920140000000004
40
0.2
0
CIRCLE
8
BLACK
10
538.8170259999999416
20
174.6940139999999815
40
0.2
0
CIRCLE
8
BLACK
10
538.9310259999999744
20
208.4990139999999883
40
0.2
0
CIRCLE
8
BLACK
10
539.0080259999999726
20
70.2850140000000039
40
0.2
0
CIRCLE
8
BLACK
10
539.8490259999999807
20
128.7930139999999994
40
0.2
0
CIRCLE
8
BLACK
10
540.4170259999999644
20
58.4730139999999992
40
0.2
0
CIRCLE
8
BLACK
10
541.5670259999999416
20
46.6320139999999981
40
0.2
0
CIRCLE
8
BLACK
10
542.2120259999999234
20
230.7890139999999803
40
0.2
0
CIRCLE
8
BLACK
10
542.3670260000000098
20
163.3370139999999822
40
0.2
0
CIRCLE
8
BLACK
10
542.458026000000018
20
34.7700139999999962
40
0.2
0
CIRCLE
8
BLACK
10
542.4860259999999244
20
117.1920140000000004
40
0.2
0
CIRCLE
8
BLACK
10
543.0890259999999898
20
22.8910139999999984
40
0.2
0
CIRCLE
8
BLACK
10
543.1110259999999244
20
197.3570139999999924
40
0.2
0
CIRCLE
8
BLACK
10
543.4600259999999707
20
11.0000140000000002
40
0.2
0
CIRCLE
8
BLACK
10
544.874025999999958
20
105.5360139999999944
40
0.2
0
CIRCLE
8
BLACK
10
545.6790260000000217
20
151.9080139999999801
40
0.2
0
CIRCLE
8
BLACK
10
546.763025999999968
20
219.7910139999999899
40
0.2
0
CIRCLE
8
BLACK
10
547.0110260000000153
20
93.8320140000000009
40
0.2
0
CIRCLE
8
BLACK
10
547.0600259999999935
20
186.1310139999999933
40
0.2
0
CIRCLE
8
BLACK
10
548.749025999999958
20
140.4120139999999992
40
0.2
0
CIRCLE
8
BLACK
10
548.8960260000000062
20
82.085014000000001
40
0.2
0
CIRCLE
8
BLACK
10
550.5300260000000208
20
70.3000139999999902
40
0.2
0
CIRCLE
8
BLACK
10
550.777025999999978
20
174.8260139999999865
40
0.2
0
CIRCLE
8
BLACK
10
551.0900259999999662
20
208.7040140000000008
40
0.2
0
CIRCLE
8
BLACK
10
551.5780260000000226
20
128.8540140000000065
40
0.2
0
CIRCLE
8
BLACK
10
551.9100260000000162
20
58.4830139999999972
40
0.2
0
CIRCLE
8
BLACK
10
553.0370259999999689
20
46.639013999999996
40
0.2
0
CIRCLE
8
BLACK
10
553.9100260000000162
20
34.7740140000000011
40
0.2
0
CIRCLE
8
BLACK
10
554.1630259999999453
20
117.240013999999988
40
0.2
0
CIRCLE
8
BLACK
10
554.2600259999999253
20
163.446013999999991
40
0.2
0
CIRCLE
8
BLACK
10
554.5280259999999544
20
22.8920139999999996
40
0.2
0
CIRCLE
8
BLACK
10
554.8910260000000108
20
11.0000140000000002
40
0.2
0
CIRCLE
8
BLACK
10
555.1930260000000317
20
197.5320140000000038
40
0.2
0
CIRCLE
8
BLACK
10
556.5030259999999771
20
105.5730140000000006
40
0.2
0
CIRCLE
8
BLACK
10
557.5080259999999726
20
151.9980139999999835
40
0.2
0
CIRCLE
8
BLACK
10
558.5980260000000044
20
93.8600139999999925
40
0.2
0
CIRCLE
8
BLACK
10
559.069026000000008
20
186.2790139999999894
40
0.2
0
CIRCLE
8
BLACK
10
560.4460259999999607
20
82.1050139999999971
40
0.2
0
CIRCLE
8
BLACK
10
560.5200260000000299
20
140.4850140000000067
40
0.2
0
CIRCLE
8
BLACK
10
562.0470259999999598
20
70.3150139999999908
40
0.2
0
CIRCLE
8
BLACK
10
562.7170259999999189
20
174.9500139999999817
40
0.2
0
CIRCLE
8
BLACK
10
563.2940260000000308
20
128.9120139999999992
40
0.2
0
CIRCLE
8
BLACK
10
563.4000260000000253
20
58.4930139999999952
40
0.2
0
CIRCLE
8
BLACK
10
564.5050259999999298
20
46.6450139999999962
40
0.2
0
CIRCLE
8
BLACK
10
565.360025999999948
20
34.7770140000000012
40
0.2
0
CIRCLE
8
BLACK
10
565.8300259999999753
20
117.2850139999999897
40
0.2
0
CIRCLE
8
BLACK
10
565.9660259999999425
20
22.8940139999999985
40
0.2
0
CIRCLE
8
BLACK
10
566.1350259999999253
20
163.5500140000000044
40
0.2
0
CIRCLE
8
BLACK
10
566.3220259999999371
20
11.0000140000000002
40
0.2
0
CIRCLE
8
BLACK
10
568.1250259999999344
20
105.6080139999999972
40
0.2
0
CIRCLE
8
BLACK
10
569.3230260000000271
20
152.0830139999999915
40
0.2
0
CIRCLE
8
BLACK
10
570.1790260000000217
20
93.8860139999999888
40
0.2
0
CIRCLE
8
BLACK
10
571.9920260000000098
20
82.1250139999999931
40
0.2
0
CIRCLE
8
BLACK
10
572.2780259999999544
20
140.5540139999999951
40
0.2
0
CIRCLE
8
BLACK
10
573.5610259999999698
20
70.3290140000000008
40
0.2
0
CIRCLE
8
BLACK
10
574.888025999999968
20
58.5020139999999955
40
0.2
0
CIRCLE
8
BLACK
10
575.0000259999999344
20
128.967014000000006
40
0.2
0
CIRCLE
8
BLACK
10
575.971025999999938
20
46.6510139999999964
40
0.2
0
CIRCLE
8
BLACK
10
576.8090260000000171
20
34.7800140000000013
40
0.2
0
CIRCLE
8
BLACK
10
577.4030259999999544
20
22.8950139999999998
40
0.2
0
CIRCLE
8
BLACK
10
577.4870260000000144
20
117.328013999999996
40
0.2
0
CIRCLE
8
BLACK
10
577.7520260000000007
20
11.0000140000000002
40
0.2
0
CIRCLE
8
BLACK
10
579.7390259999999671
20
105.642013999999989
40
0.2
0
CIRCLE
8
BLACK
10
581.7540259999999535
20
93.9120139999999992
40
0.2
0
CIRCLE
8
BLACK
10
583.5320259999999735
20
82.1430139999999938
40
0.2
0
CIRCLE
8
BLACK
10
585.0720259999999371
20
70.3420139999999918
40
0.2
0
CIRCLE
8
BLACK
10
586.374025999999958
20
58.5110139999999959
40
0.2
0
CIRCLE
8
BLACK
10
587.4360259999999698
20
46.6570139999999967
40
0.2
0
CIRCLE
8
BLACK
10
588.2580259999999726
20
34.7840139999999991
40
0.2
0
CIRCLE
8
BLACK
10
588.8410259999999425
20
22.8960139999999974
40
0.2
0
CIRCLE
8
BLACK
10
589.1830259999999271
20
10.999013999999999
40
0.2
0
LINE
8
BLACK
6
CONTINUOUS
10
52.1899999999999977
20
107.1199999999999903
11
52.1899999999999977
21
103.6199999999999903
0
LINE
8
BLACK
6
CONTINUOUS
10
50.4399999999999977
20
105.3699999999999903
11
53.9399999999999977
21
105.3699999999999903
0
LINE
8
BLACK
6
CONTINUOUS
10
55.4399999999999977
20
84.3699999999999903
11
55.4399999999999977
21
80.8699999999999903
0
LINE
8
BLACK
6
CONTINUOUS
10
53.6899999999999977
20
82.6199999999999903
11
57.1899999999999977
21
82.6199999999999903
0
LINE
8
BLACK
6
CONTINUOUS
10
79.6700000000000017
20
154.7199999999999989
11
79.6700000000000017
21
151.2199999999999989
0
LINE
8
BLACK
6
CONTINUOUS
10
77.9200000000000017
20
152.9699999999999989
11
81.4200000000000017
21
152.9699999999999989
0
LINE
8
BLACK
6
CONTINUOUS
10
86.1700000000000017
20
51.5
11
86.1700000000000017
21
48.
0
LINE
8
BLACK
6
CONTINUOUS
10
84.4200000000000017
20
49.75
11
87.9200000000000017
21
49.75
0
LINE
8
BLACK
6
CONTINUOUS
10
99.269999999999996
20
8.4399999999999995
11
99.269999999999996
21
4.9399999999999995
0
LINE
8
BLACK
6
CONTINUOUS
10
97.519999999999996
20
6.6899999999999995
11
101.019999999999996
21
6.6899999999999995
0
LINE
8
BLACK
6
CONTINUOUS
10
116.1599999999999966
20
217.9399999999999977
11
116.1599999999999966
21
214.4399999999999977
0
LINE
8
BLACK
6
CONTINUOUS
10
114.4099999999999966
20
216.1899999999999977
11
117.9099999999999966
21
216.1899999999999977
0
LINE
8
BLACK
6
CONTINUOUS
10
117.2999999999999972
20
-5.75
11
117.2999999999999972
21
-9.25
0
LINE
8
BLACK
6
CONTINUOUS
10
115.5499999999999972
20
-7.5
11
119.0499999999999972
21
-7.5
0
LINE
8
BLACK
6
CONTINUOUS
10
152.6599999999999966
20
281.1699999999999591
11
152.6599999999999966
21
277.6699999999999591
0
LINE
8
BLACK
6
CONTINUOUS
10
150.9099999999999966
20
279.4199999999999591
11
154.4099999999999966
21
279.4199999999999591
0
LINE
8
BLACK
6
CONTINUOUS
10
172.3100000000000023
20
-5.75
11
172.3100000000000023
21
-9.25
0
LINE
8
BLACK
6
CONTINUOUS
10
170.5600000000000023
20
-7.5
11
174.0600000000000023
21
-7.5
0
LINE
8
BLACK
6
CONTINUOUS
10
189.1599999999999966
20
344.3799999999999955
11
189.1599999999999966
21
340.8799999999999955
0
LINE
8
BLACK
6
CONTINUOUS
10
187.4099999999999966
20
342.6299999999999955
11
190.9099999999999966
21
342.6299999999999955
0
LINE
8
BLACK
6
CONTINUOUS
10
225.6599999999999966
20
407.5999999999999659
11
225.6599999999999966
21
404.0999999999999659
0
LINE
8
BLACK
6
CONTINUOUS
10
223.9099999999999966
20
405.8499999999999659
11
227.4099999999999966
21
405.8499999999999659
0
LINE
8
BLACK
6
CONTINUOUS
10
245.3100000000000023
20
-5.75
11
245.3100000000000023
21
-9.25
0
LINE
8
BLACK
6
CONTINUOUS
10
243.5600000000000023
20
-7.5
11
247.0600000000000023
21
-7.5
0
LINE
8
BLACK
6
CONTINUOUS
10
262.1700000000000159
20
470.8199999999999932
11
262.1700000000000159
21
467.3199999999999932
0
LINE
8
BLACK
6
CONTINUOUS
10
260.4200000000000159
20
469.0699999999999932
11
263.9200000000000159
21
469.0699999999999932
0
LINE
8
BLACK
6
CONTINUOUS
10
289.6699999999999591
20
518.4499999999999318
11
289.6699999999999591
21
514.9499999999999318
0
LINE
8
BLACK
6
CONTINUOUS
10
287.9199999999999591
20
516.6999999999999318
11
291.4199999999999591
21
516.6999999999999318
0
LINE
8
BLACK
6
CONTINUOUS
10
317.7099999999999795
20
523.0399999999999636
11
317.7099999999999795
21
519.5399999999999636
0
LINE
8
BLACK
6
CONTINUOUS
10
315.9599999999999795
20
521.2899999999999636
11
319.4599999999999795
21
521.2899999999999636
0
LINE
8
BLACK
6
CONTINUOUS
10
318.2899999999999636
20
-5.75
11
318.2899999999999636
21
-9.25
0
LINE
8
BLACK
6
CONTINUOUS
10
316.5399999999999636
20
-7.5
11
320.0399999999999636
21
-7.5
0
LINE
8
BLACK
6
CONTINUOUS
10
372.8100000000000023
20
485.1899999999999977
11
372.8100000000000023
21
481.6899999999999977
0
LINE
8
BLACK
6
CONTINUOUS
10
371.0600000000000023
20
483.4399999999999977
11
374.5600000000000023
21
483.4399999999999977
0
LINE
8
BLACK
6
CONTINUOUS
10
391.3100000000000023
20
-5.75
11
391.3100000000000023
21
-9.25
0
LINE
8
BLACK
6
CONTINUOUS
10
389.5600000000000023
20
-7.5
11
393.0600000000000023
21
-7.5
0
LINE
8
BLACK
6
CONTINUOUS
10
459.589999999999975
20
403.5799999999999841
11
459.589999999999975
21
400.0799999999999841
0
LINE
8
BLACK
6
CONTINUOUS
10
457.839999999999975
20
401.8299999999999841
11
461.339999999999975
21
401.8299999999999841
0
LINE
8
BLACK
6
CONTINUOUS
10
464.3100000000000023
20
-5.75
11
464.3100000000000023
21
-9.25
0
LINE
8
BLACK
6
CONTINUOUS
10
462.5600000000000023
20
-7.5
11
466.0600000000000023
21
-7.5
0
LINE
8
BLACK
6
CONTINUOUS
10
528.7099999999999227
20
307.
11
528.7099999999999227
21
303.5
0
LINE
8
BLACK
6
CONTINUOUS
10
526.9599999999999227
20
305.25
11
530.4599999999999227
21
305.25
0
LINE
8
BLACK
6
CONTINUOUS
10
537.2999999999999545
20
-5.75
11
537.2999999999999545
21
-9.25
0
LINE
8
BLACK
6
CONTINUOUS
10
535.5499999999999545
20
-7.5
11
539.0499999999999545
21
-7.5
0
LINE
8
BLACK
6
CONTINUOUS
10
577.7799999999999727
20
198.8599999999999852
11
577.7799999999999727
21
195.3599999999999852
0
LINE
8
BLACK
6
CONTINUOUS
10
576.0299999999999727
20
197.1099999999999852
11
579.5299999999999727
21
197.1099999999999852
0
LINE
8
BLACK
6
CONTINUOUS
10
592.3399999999999181
20
-5.75
11
592.3399999999999181
21
-9.25
0
LINE
8
BLACK
6
CONTINUOUS
10
590.5899999999999181
20
-7.5
11
594.0899999999999181
21
-7.5
0
LINE
8
BLACK
6
CONTINUOUS
10
605.0799999999999272
20
82.8900000000000006
11
605.0799999999999272
21
79.3900000000000006
0
LINE
8
BLACK
6
CONTINUOUS
10
603.3299999999999272
20
81.1400000000000006
11
606.8299999999999272
21
81.1400000000000006
0
LINE
8
BLACK
6
CONTINUOUS
10
610.2999999999999545
20
16.25
11
610.2999999999999545
21
12.75
0
LINE
8
BLACK
6
CONTINUOUS
10
608.5499999999999545
20
14.5
11
612.0499999999999545
21
14.5
0
LINE
8
BLACK
6
CONTINUOUS
10
311.5078249999999684
20
535.5921749999999975
11
311.5078249999999684
21
537.1478250000000116
0
LINE
8
BLACK
6
CONTINUOUS
10
311.5078249999999684
20
537.1478250000000116
11
309.9521750000000111
21
537.1478250000000116
0
LINE
8
BLACK
6
CONTINUOUS
10
309.9521750000000111
20
537.1478250000000116
11
309.9521750000000111
21
535.5921749999999975
0
LINE
8
BLACK
6
CONTINUOUS
10
309.9521750000000111
20
535.5921749999999975
11
311.5078249999999684
21
535.5921749999999975
0
LINE
8
BLACK
6
CONTINUOUS
10
337.6578250000000025
20
535.6221749999999702
11
337.6578250000000025
21
537.1778249999999844
0
LINE
8
BLACK
6
CONTINUOUS
10
337.6578250000000025
20
537.1778249999999844
11
336.1021749999999884
21
537.1778249999999844
0
LINE
8
BLACK
6
CONTINUOUS
10
336.1021749999999884
20
537.1778249999999844
11
336.1021749999999884
21
535.6221749999999702
0
LINE
8
BLACK
6
CONTINUOUS
10
336.1021749999999884
20
535.6221749999999702
11
337.6578250000000025
21
535.6221749999999702
0
LINE
8
BLACK
6
CONTINUOUS
10
340.9167659999999955
20
532.472505999999953
11
340.9167659999999955
21
534.0281559999999672
0
LINE
8
BLACK
6
CONTINUOUS
10
340.9167659999999955
20
534.0281559999999672
11
339.3611159999999813
21
534.0281559999999672
0
LINE
8
BLACK
6
CONTINUOUS
10
339.3611159999999813
20
534.0281559999999672
11
339.3611159999999813
21
532.472505999999953
0
LINE
8
BLACK
6
CONTINUOUS
10
339.3611159999999813
20
532.472505999999953
11
340.9167659999999955
21
532.472505999999953
0
LINE
8
BLACK
6
CONTINUOUS
10
382.6903439999999819
20
503.4077449999999772
11
382.6903439999999819
21
504.9633949999999913
0
LINE
8
BLACK
6
CONTINUOUS
10
382.6903439999999819
20
504.9633949999999913
11
381.1346939999999677
21
504.9633949999999913
0
LINE
8
BLACK
6
CONTINUOUS
10
381.1346939999999677
20
504.9633949999999913
11
381.1346939999999677
21
503.4077449999999772
0
LINE
8
BLACK
6
CONTINUOUS
10
381.1346939999999677
20
503.4077449999999772
11
382.6903439999999819
21
503.4077449999999772
0
LINE
8
BLACK
6
CONTINUOUS
10
391.3287970000000087
20
496.7410429999999906
11
391.3287970000000087
21
498.2966930000000048
0
LINE
8
BLACK
6
CONTINUOUS
10
391.3287970000000087
20
498.2966930000000048
11
389.7731469999999945
21
498.2966930000000048
0
LINE
8
BLACK
6
CONTINUOUS
10
389.7731469999999945
20
498.2966930000000048
11
389.7731469999999945
21
496.7410429999999906
0
LINE
8
BLACK
6
CONTINUOUS
10
389.7731469999999945
20
496.7410429999999906
11
391.3287970000000087
21
496.7410429999999906
0
LINE
8
BLACK
6
CONTINUOUS
10
430.0592939999999658
20
463.729821999999956
11
430.0592939999999658
21
465.2854719999999702
0
LINE
8
BLACK
6
CONTINUOUS
10
430.0592939999999658
20
465.2854719999999702
11
428.5036440000000084
21
465.2854719999999702
0
LINE
8
BLACK
6
CONTINUOUS
10
428.5036440000000084
20
465.2854719999999702
11
428.5036440000000084
21
463.729821999999956
0
LINE
8
BLACK
6
CONTINUOUS
10
428.5036440000000084
20
463.729821999999956
11
430.0592939999999658
21
463.729821999999956
0
LINE
8
BLACK
6
CONTINUOUS
10
438.0093430000000012
20
456.2595660000000066
11
438.0093430000000012
21
457.815215999999964
0
LINE
8
BLACK
6
CONTINUOUS
10
438.0093430000000012
20
457.815215999999964
11
436.453692999999987
21
457.815215999999964
0
LINE
8
BLACK
6
CONTINUOUS
10
436.453692999999987
20
457.815215999999964
11
436.453692999999987
21
456.2595660000000066
0
LINE
8
BLACK
6
CONTINUOUS
10
436.453692999999987
20
456.2595660000000066
11
438.0093430000000012
21
456.2595660000000066
0
LINE
8
BLACK
6
CONTINUOUS
10
473.339416999999969
20
419.6320089999999823
11
473.339416999999969
21
421.1876589999999965
0
LINE
8
BLACK
6
CONTINUOUS
10
473.339416999999969
20
421.1876589999999965
11
471.7837669999999548
21
421.1876589999999965
0
LINE
8
BLACK
6
CONTINUOUS
10
471.7837669999999548
20
421.1876589999999965
11
471.7837669999999548
21
419.6320089999999823
0
LINE
8
BLACK
6
CONTINUOUS
10
471.7837669999999548
20
419.6320089999999823
11
473.339416999999969
21
419.6320089999999823
0
LINE
8
BLACK
6
CONTINUOUS
10
480.5175229999999829
20
411.4123919999999544
11
480.5175229999999829
21
412.9680419999999685
0
LINE
8
BLACK
6
CONTINUOUS
10
480.5175229999999829
20
412.9680419999999685
11
478.9618729999999687
21
412.9680419999999685
0
LINE
8
BLACK
6
CONTINUOUS
10
478.9618729999999687
20
412.9680419999999685
11
478.9618729999999687
21
411.4123919999999544
0
LINE
8
BLACK
6
CONTINUOUS
10
478.9618729999999687
20
411.4123919999999544
11
480.5175229999999829
21
411.4123919999999544
0
LINE
8
BLACK
6
CONTINUOUS
10
512.1019719999999325
20
371.5098269999999729
11
512.1019719999999325
21
373.0654769999999871
0
LINE
8
BLACK
6
CONTINUOUS
10
512.1019719999999325
20
373.0654769999999871
11
510.5463219999999751
21
373.0654769999999871
0
LINE
8
BLACK
6
CONTINUOUS
10
510.5463219999999751
20
373.0654769999999871
11
510.5463219999999751
21
371.5098269999999729
0
LINE
8
BLACK
6
CONTINUOUS
10
510.5463219999999751
20
371.5098269999999729
11
512.1019719999999325
21
371.5098269999999729
0
LINE
8
BLACK
6
CONTINUOUS
10
518.4501950000000079
20
362.6385080000000016
11
518.4501950000000079
21
364.194157999999959
0
LINE
8
BLACK
6
CONTINUOUS
10
518.4501950000000079
20
364.194157999999959
11
516.8945449999999937
21
364.194157999999959
0
LINE
8
BLACK
6
CONTINUOUS
10
516.8945449999999937
20
364.194157999999959
11
516.8945449999999937
21
362.6385080000000016
0
LINE
8
BLACK
6
CONTINUOUS
10
516.8945449999999937
20
362.6385080000000016
11
518.4501950000000079
21
362.6385080000000016
0
LINE
8
BLACK
6
CONTINUOUS
10
545.9900959999999941
20
319.8442799999999693
11
545.9900959999999941
21
321.3999299999999835
0
LINE
8
BLACK
6
CONTINUOUS
10
545.9900959999999941
20
321.3999299999999835
11
544.4344459999999799
21
321.3999299999999835
0
LINE
8
BLACK
6
CONTINUOUS
10
544.4344459999999799
20
321.3999299999999835
11
544.4344459999999799
21
319.8442799999999693
0
LINE
8
BLACK
6
CONTINUOUS
10
544.4344459999999799
20
319.8442799999999693
11
545.9900959999999941
21
319.8442799999999693
0
LINE
8
BLACK
6
CONTINUOUS
10
551.0475129999999808
20
311.0912639999999669
11
551.0475129999999808
21
312.6469139999999811
0
LINE
8
BLACK
6
CONTINUOUS
10
551.0475129999999808
20
312.6469139999999811
11
549.4918629999999666
21
312.6469139999999811
0
LINE
8
BLACK
6
CONTINUOUS
10
549.4918629999999666
20
312.6469139999999811
11
549.4918629999999666
21
311.0912639999999669
0
LINE
8
BLACK
6
CONTINUOUS
10
549.4918629999999666
20
311.0912639999999669
11
551.0475129999999808
21
311.0912639999999669
0
LINE
8
BLACK
6
CONTINUOUS
10
574.3337129999999888
20
265.8414569999999912
11
574.3337129999999888
21
267.3971070000000054
0
LINE
8
BLACK
6
CONTINUOUS
10
574.3337129999999888
20
267.3971070000000054
11
572.7780629999999746
21
267.3971070000000054
0
LINE
8
BLACK
6
CONTINUOUS
10
572.7780629999999746
20
267.3971070000000054
11
572.7780629999999746
21
265.8414569999999912
0
LINE
8
BLACK
6
CONTINUOUS
10
572.7780629999999746
20
265.8414569999999912
11
574.3337129999999888
21
265.8414569999999912
0
LINE
8
BLACK
6
CONTINUOUS
10
578.8471009999999524
20
255.9035639999999887
11
578.8471009999999524
21
257.4592139999999745
0
LINE
8
BLACK
6
CONTINUOUS
10
578.8471009999999524
20
257.4592139999999745
11
577.2914509999999382
21
257.4592139999999745
0
LINE
8
BLACK
6
CONTINUOUS
10
577.2914509999999382
20
257.4592139999999745
11
577.2914509999999382
21
255.9035639999999887
0
LINE
8
BLACK
6
CONTINUOUS
10
577.2914509999999382
20
255.9035639999999887
11
578.8471009999999524
21
255.9035639999999887
0
LINE
8
BLACK
6
CONTINUOUS
10
597.6148130000000265
20
208.600656999999984
11
597.6148130000000265
21
210.1563069999999982
0
LINE
8
BLACK
6
CONTINUOUS
10
597.6148130000000265
20
210.1563069999999982
11
596.0591630000000123
21
210.1563069999999982
0
LINE
8
BLACK
6
CONTINUOUS
10
596.0591630000000123
20
210.1563069999999982
11
596.0591630000000123
21
208.600656999999984
0
LINE
8
BLACK
6
CONTINUOUS
10
596.0591630000000123
20
208.600656999999984
11
597.6148130000000265
21
208.600656999999984
0
LINE
8
BLACK
6
CONTINUOUS
10
601.1375100000000202
20
198.2818869999999833
11
601.1375100000000202
21
199.8375369999999975
0
LINE
8
BLACK
6
CONTINUOUS
10
601.1375100000000202
20
199.8375369999999975
11
599.581860000000006
21
199.8375369999999975
0
LINE
8
BLACK
6
CONTINUOUS
10
599.581860000000006
20
199.8375369999999975
11
599.581860000000006
21
198.2818869999999833
0
LINE
8
BLACK
6
CONTINUOUS
10
599.581860000000006
20
198.2818869999999833
11
601.1375100000000202
21
198.2818869999999833
0
LINE
8
BLACK
6
CONTINUOUS
10
615.1954289999999901
20
149.3721019999999839
11
615.1954289999999901
21
150.9277519999999981
0
LINE
8
BLACK
6
CONTINUOUS
10
615.1954289999999901
20
150.9277519999999981
11
613.6397789999999759
21
150.9277519999999981
0
LINE
8
BLACK
6
CONTINUOUS
10
613.6397789999999759
20
150.9277519999999981
11
613.6397789999999759
21
149.3721019999999839
0
LINE
8
BLACK
6
CONTINUOUS
10
613.6397789999999759
20
149.3721019999999839
11
615.1954289999999901
21
149.3721019999999839
0
LINE
8
BLACK
6
CONTINUOUS
10
617.6970380000000205
20
138.7510299999999859
11
617.6970380000000205
21
140.3066800000000001
0
LINE
8
BLACK
6
CONTINUOUS
10
617.6970380000000205
20
140.3066800000000001
11
616.1413880000000063
21
140.3066800000000001
0
LINE
8
BLACK
6
CONTINUOUS
10
616.1413880000000063
20
140.3066800000000001
11
616.1413880000000063
21
138.7510299999999859
0
LINE
8
BLACK
6
CONTINUOUS
10
616.1413880000000063
20
138.7510299999999859
11
617.6970380000000205
21
138.7510299999999859
0
LINE
8
BLACK
6
CONTINUOUS
10
620.9578249999999571
20
-0.017825
11
620.9578249999999571
21
1.537825
0
LINE
8
BLACK
6
CONTINUOUS
10
620.9578249999999571
20
1.537825
11
619.4021749999999429
21
1.537825
0
LINE
8
BLACK
6
CONTINUOUS
10
619.4021749999999429
20
1.537825
11
619.4021749999999429
21
-0.017825
0
LINE
8
BLACK
6
CONTINUOUS
10
619.4021749999999429
20
-0.017825
11
620.9578249999999571
21
-0.017825
0
LINE
8
BLACK
6
CONTINUOUS
10
626.9168519999999489
20
88.7031819999999982
11
626.9168519999999489
21
90.2588319999999982
0
LINE
8
BLACK
6
CONTINUOUS
10
626.9168519999999489
20
90.2588319999999982
11
625.3612019999999347
21
90.2588319999999982
0
LINE
8
BLACK
6
CONTINUOUS
10
625.3612019999999347
20
90.2588319999999982
11
625.3612019999999347
21
88.7031819999999982
0
LINE
8
BLACK
6
CONTINUOUS
10
625.3612019999999347
20
88.7031819999999982
11
626.9168519999999489
21
88.7031819999999982
0
LINE
8
BLACK
6
CONTINUOUS
10
628.3668729999999414
20
77.8865519999999947
11
628.3668729999999414
21
79.4422019999999947
0
LINE
8
BLACK
6
CONTINUOUS
10
628.3668729999999414
20
79.4422019999999947
11
626.8112229999999272
21
79.4422019999999947
0
LINE
8
BLACK
6
CONTINUOUS
10
626.8112229999999272
20
79.4422019999999947
11
626.8112229999999272
21
77.8865519999999947
0
LINE
8
BLACK
6
CONTINUOUS
10
626.8112229999999272
20
77.8865519999999947
11
628.3668729999999414
21
77.8865519999999947
0
LINE
8
BLACK
6
CONTINUOUS
10
632.6579859999999371
20
27.1777909999999991
11
632.6579859999999371
21
28.7334409999999991
0
LINE
8
BLACK
6
CONTINUOUS
10
632.6579859999999371
20
28.7334409999999991
11
631.1023359999999229
21
28.7334409999999991
0
LINE
8
BLACK
6
CONTINUOUS
10
631.1023359999999229
20
28.7334409999999991
11
631.1023359999999229
21
27.1777909999999991
0
LINE
8
BLACK
6
CONTINUOUS
10
631.1023359999999229
20
27.1777909999999991
11
632.6579859999999371
21
27.1777909999999991
0
LINE
8
BLACK
6
CONTINUOUS
10
633.8078249999999798
20
22.6421749999999982
11
633.8078249999999798
21
24.1978249999999981
0
LINE
8
BLACK
6
CONTINUOUS
10
633.8078249999999798
20
24.1978249999999981
11
632.2521749999999656
21
24.1978249999999981
0
LINE
8
BLACK
6
CONTINUOUS
10
632.2521749999999656
20
24.1978249999999981
11
632.2521749999999656
21
22.6421749999999982
0
LINE
8
BLACK
6
CONTINUOUS
10
632.2521749999999656
20
22.6421749999999982
11
633.8078249999999798
21
22.6421749999999982
0
LINE
8
BLACK
6
CONTINUOUS
10
358.0600000000000023
20
535.6200000000000045
11
359.6599999999999682
21
537.2200000000000273
0
LINE
8
BLACK
6
CONTINUOUS
10
359.6599999999999682
20
537.2200000000000273
11
358.0600000000000023
21
538.8199999999999363
0
LINE
8
BLACK
6
CONTINUOUS
10
358.0600000000000023
20
538.8199999999999363
11
356.4599999999999795
21
537.2200000000000273
0
LINE
8
BLACK
6
CONTINUOUS
10
356.4599999999999795
20
537.2200000000000273
11
358.0600000000000023
21
535.6200000000000045
0
LINE
8
BLACK
6
CONTINUOUS
10
378.6399999999999864
20
521.3600000000000136
11
380.2400000000000091
21
522.9599999999999227
0
LINE
8
BLACK
6
CONTINUOUS
10
380.2400000000000091
20
522.9599999999999227
11
378.6399999999999864
21
524.5599999999999454
0
LINE
8
BLACK
6
CONTINUOUS
10
378.6399999999999864
20
524.5599999999999454
11
377.0399999999999636
21
522.9599999999999227
0
LINE
8
BLACK
6
CONTINUOUS
10
377.0399999999999636
20
522.9599999999999227
11
378.6399999999999864
21
521.3600000000000136
0
LINE
8
BLACK
6
CONTINUOUS
10
408.839999999999975
20
498.1499999999999773
11
410.4399999999999977
21
499.75
0
LINE
8
BLACK
6
CONTINUOUS
10
410.4399999999999977
20
499.75
11
408.839999999999975
21
501.3499999999999659
0
LINE
8
BLACK
6
CONTINUOUS
10
408.839999999999975
20
501.3499999999999659
11
407.2400000000000091
21
499.75
0
LINE
8
BLACK
6
CONTINUOUS
10
407.2400000000000091
20
499.75
11
408.839999999999975
21
498.1499999999999773
0
LINE
8
BLACK
6
CONTINUOUS
10
427.8199999999999932
20
481.9199999999999591
11
429.4199999999999591
21
483.5199999999999818
0
LINE
8
BLACK
6
CONTINUOUS
10
429.4199999999999591
20
483.5199999999999818
11
427.8199999999999932
21
485.1200000000000045
0
LINE
8
BLACK
6
CONTINUOUS
10
427.8199999999999932
20
485.1200000000000045
11
426.2199999999999704
21
483.5199999999999818
0
LINE
8
BLACK
6
CONTINUOUS
10
426.2199999999999704
20
483.5199999999999818
11
427.8199999999999932
21
481.9199999999999591
0
LINE
8
BLACK
6
CONTINUOUS
10
455.6399999999999864
20
455.9199999999999591
11
457.2399999999999523
21
457.5199999999999818
0
LINE
8
BLACK
6
CONTINUOUS
10
457.2399999999999523
20
457.5199999999999818
11
455.6399999999999864
21
459.1200000000000045
0
LINE
8
BLACK
6
CONTINUOUS
10
455.6399999999999864
20
459.1200000000000045
11
454.0399999999999636
21
457.5199999999999818
0
LINE
8
BLACK
6
CONTINUOUS
10
454.0399999999999636
20
457.5199999999999818
11
455.6399999999999864
21
455.9199999999999591
0
LINE
8
BLACK
6
CONTINUOUS
10
473.
20
437.8199999999999932
11
474.5999999999999659
21
439.4199999999999591
0
LINE
8
BLACK
6
CONTINUOUS
10
474.5999999999999659
20
439.4199999999999591
11
473.
21
441.0199999999999818
0
LINE
8
BLACK
6
CONTINUOUS
10
473.
20
441.0199999999999818
11
471.3999999999999773
21
439.4199999999999591
0
LINE
8
BLACK
6
CONTINUOUS
10
471.3999999999999773
20
439.4199999999999591
11
473.
21
437.8199999999999932
0
LINE
8
BLACK
6
CONTINUOUS
10
498.0699999999999932
20
409.2099999999999795
11
499.6699999999999591
21
410.8100000000000023
0
LINE
8
BLACK
6
CONTINUOUS
10
499.6699999999999591
20
410.8100000000000023
11
498.0699999999999932
21
412.4099999999999682
0
LINE
8
BLACK
6
CONTINUOUS
10
498.0699999999999932
20
412.4099999999999682
11
496.4699999999999704
21
410.8100000000000023
0
LINE
8
BLACK
6
CONTINUOUS
10
496.4699999999999704
20
410.8100000000000023
11
498.0699999999999932
21
409.2099999999999795
0
LINE
8
BLACK
6
CONTINUOUS
10
513.5900000000000318
20
389.5600000000000023
11
515.1899999999999409
21
391.1599999999999682
0
LINE
8
BLACK
6
CONTINUOUS
10
515.1899999999999409
20
391.1599999999999682
11
513.5900000000000318
21
392.7599999999999909
0
LINE
8
BLACK
6
CONTINUOUS
10
513.5900000000000318
20
392.7599999999999909
11
511.9899999999999523
21
391.1599999999999682
0
LINE
8
BLACK
6
CONTINUOUS
10
511.9899999999999523
20
391.1599999999999682
11
513.5900000000000318
21
389.5600000000000023
0
LINE
8
BLACK
6
CONTINUOUS
10
535.7699999999999818
20
358.6599999999999682
11
537.3700000000000045
21
360.2599999999999909
0
LINE
8
BLACK
6
CONTINUOUS
10
537.3700000000000045
20
360.2599999999999909
11
535.7699999999999818
21
361.8599999999999568
0
LINE
8
BLACK
6
CONTINUOUS
10
535.7699999999999818
20
361.8599999999999568
11
534.1699999999999591
21
360.2599999999999909
0
LINE
8
BLACK
6
CONTINUOUS
10
534.1699999999999591
20
360.2599999999999909
11
535.7699999999999818
21
358.6599999999999682
0
LINE
8
BLACK
6
CONTINUOUS
10
549.3400000000000318
20
337.6399999999999864
11
550.9399999999999409
21
339.2400000000000091
0
LINE
8
BLACK
6
CONTINUOUS
10
550.9399999999999409
20
339.2400000000000091
11
549.3400000000000318
21
340.839999999999975
0
LINE
8
BLACK
6
CONTINUOUS
10
549.3400000000000318
20
340.839999999999975
11
547.7400000000000091
21
339.2400000000000091
0
LINE
8
BLACK
6
CONTINUOUS
10
547.7400000000000091
20
339.2400000000000091
11
549.3400000000000318
21
337.6399999999999864
0
LINE
8
BLACK
6
CONTINUOUS
10
567.9599999999999227
20
305.3600000000000136
11
569.5599999999999454
21
306.9599999999999795
0
LINE
8
BLACK
6
CONTINUOUS
10
569.5599999999999454
20
306.9599999999999795
11
567.9599999999999227
21
308.5600000000000023
0
LINE
8
BLACK
6
CONTINUOUS
10
567.9599999999999227
20
308.5600000000000023
11
566.3600000000000136
21
306.9599999999999795
0
LINE
8
BLACK
6
CONTINUOUS
10
566.3600000000000136
20
306.9599999999999795
11
567.9599999999999227
21
305.3600000000000136
0
LINE
8
BLACK
6
CONTINUOUS
10
579.4399999999999409
20
283.0999999999999659
11
581.0399999999999636
21
284.6999999999999886
0
LINE
8
BLACK
6
CONTINUOUS
10
581.0399999999999636
20
284.6999999999999886
11
579.4399999999999409
21
286.3000000000000114
0
LINE
8
BLACK
6
CONTINUOUS
10
579.4399999999999409
20
286.3000000000000114
11
577.8399999999999181
21
284.6999999999999886
0
LINE
8
BLACK
6
CONTINUOUS
10
577.8399999999999181
20
284.6999999999999886
11
579.4399999999999409
21
283.0999999999999659
0
LINE
8
BLACK
6
CONTINUOUS
10
595.1999999999999318
20
248.4599999999999795
11
596.7999999999999545
21
250.0600000000000023
0
LINE
8
BLACK
6
CONTINUOUS
10
596.7999999999999545
20
250.0600000000000023
11
595.1999999999999318
21
251.6599999999999966
0
LINE
8
BLACK
6
CONTINUOUS
10
595.1999999999999318
20
251.6599999999999966
11
593.6000000000000227
21
250.0600000000000023
0
LINE
8
BLACK
6
CONTINUOUS
10
593.6000000000000227
20
250.0600000000000023
11
595.1999999999999318
21
248.4599999999999795
0
LINE
8
BLACK
6
CONTINUOUS
10
604.4399999999999409
20
225.2199999999999989
11
606.0399999999999636
21
226.8199999999999932
0
LINE
8
BLACK
6
CONTINUOUS
10
606.0399999999999636
20
226.8199999999999932
11
604.4399999999999409
21
228.4199999999999875
0
LINE
8
BLACK
6
CONTINUOUS
10
604.4399999999999409
20
228.4199999999999875
11
602.8399999999999181
21
226.8199999999999932
0
LINE
8
BLACK
6
CONTINUOUS
10
602.8399999999999181
20
226.8199999999999932
11
604.4399999999999409
21
225.2199999999999989
0
LINE
8
BLACK
6
CONTINUOUS
10
616.7899999999999636
20
189.2199999999999989
11
618.3899999999999864
21
190.8199999999999932
0
LINE
8
BLACK
6
CONTINUOUS
10
618.3899999999999864
20
190.8199999999999932
11
616.7899999999999636
21
192.4199999999999875
0
LINE
8
BLACK
6
CONTINUOUS
10
616.7899999999999636
20
192.4199999999999875
11
615.1899999999999409
21
190.8199999999999932
0
LINE
8
BLACK
6
CONTINUOUS
10
615.1899999999999409
20
190.8199999999999932
11
616.7899999999999636
21
189.2199999999999989
0
LINE
8
BLACK
6
CONTINUOUS
10
623.6999999999999318
20
165.1699999999999875
11
625.2999999999999545
21
166.7699999999999818
0
LINE
8
BLACK
6
CONTINUOUS
10
625.2999999999999545
20
166.7699999999999818
11
623.6999999999999318
21
168.3700000000000045
0
LINE
8
BLACK
6
CONTINUOUS
10
623.6999999999999318
20
168.3700000000000045
11
622.1000000000000227
21
166.7699999999999818
0
LINE
8
BLACK
6
CONTINUOUS
10
622.1000000000000227
20
166.7699999999999818
11
623.6999999999999318
21
165.1699999999999875
0
LINE
8
BLACK
6
CONTINUOUS
10
632.42999999999995
20
128.0799999999999841
11
634.0299999999999727
21
129.6800000000000068
0
LINE
8
BLACK
6
CONTINUOUS
10
634.0299999999999727
20
129.6800000000000068
11
632.42999999999995
21
131.2800000000000011
0
LINE
8
BLACK
6
CONTINUOUS
10
632.42999999999995
20
131.2800000000000011
11
630.8299999999999272
21
129.6800000000000068
0
LINE
8
BLACK
6
CONTINUOUS
10
630.8299999999999272
20
129.6800000000000068
11
632.42999999999995
21
128.0799999999999841
0
LINE
8
BLACK
6
CONTINUOUS
10
636.9900000000000091
20
103.539999999999992
11
638.5899999999999181
21
105.1400000000000006
0
LINE
8
BLACK
6
CONTINUOUS
10
638.5899999999999181
20
105.1400000000000006
11
636.9900000000000091
21
106.7399999999999949
0
LINE
8
BLACK
6
CONTINUOUS
10
636.9900000000000091
20
106.7399999999999949
11
635.3899999999999864
21
105.1400000000000006
0
LINE
8
BLACK
6
CONTINUOUS
10
635.3899999999999864
20
105.1400000000000006
11
636.9900000000000091
21
103.539999999999992
0
LINE
8
BLACK
6
CONTINUOUS
10
642.1000000000000227
20
65.769999999999996
11
643.6999999999999318
21
67.3699999999999903
0
LINE
8
BLACK
6
CONTINUOUS
10
643.6999999999999318
20
67.3699999999999903
11
642.1000000000000227
21
68.9699999999999989
0
LINE
8
BLACK
6
CONTINUOUS
10
642.1000000000000227
20
68.9699999999999989
11
640.5
21
67.3699999999999903
0
LINE
8
BLACK
6
CONTINUOUS
10
640.5
20
67.3699999999999903
11
642.1000000000000227
21
65.769999999999996
0
LINE
8
BLACK
6
CONTINUOUS
10
644.1899999999999409
20
40.8900000000000006
11
645.7899999999999636
21
42.4899999999999949
0
LINE
8
BLACK
6
CONTINUOUS
10
645.7899999999999636
20
42.4899999999999949
11
644.1899999999999409
21
44.0899999999999963
0
LINE
8
BLACK
6
CONTINUOUS
10
644.1899999999999409
20
44.0899999999999963
11
642.5899999999999181
21
42.4899999999999949
0
LINE
8
BLACK
6
CONTINUOUS
10
642.5899999999999181
20
42.4899999999999949
11
644.1899999999999409
21
40.8900000000000006
0
LINE
8
BLACK
6
CONTINUOUS
10
42.7100000000000009
20
90.7599999999999909
11
46.2100000000000009
21
87.2599999999999909
0
LINE
8
BLACK
6
CONTINUOUS
10
46.2100000000000009
20
90.7599999999999909
11
42.7100000000000009
21
87.2599999999999909
0
CIRCLE
8
BLACK
10
44.4600000000000009
20
89.0099999999999909
40
1.75
0
LINE
8
BLACK
6
CONTINUOUS
10
96.1599999999999966
20
186.3299999999999841
11
99.6599999999999966
21
182.8299999999999841
0
LINE
8
BLACK
6
CONTINUOUS
10
99.6599999999999966
20
186.3299999999999841
11
96.1599999999999966
21
182.8299999999999841
0
CIRCLE
8
BLACK
10
97.9099999999999966
20
184.5799999999999841
40
1.75
0
LINE
8
BLACK
6
CONTINUOUS
10
97.5600000000000023
20
-4.2599999999999998
11
101.0600000000000023
21
-7.7599999999999998
0
LINE
8
BLACK
6
CONTINUOUS
10
101.0600000000000023
20
-4.2599999999999998
11
97.5600000000000023
21
-7.7599999999999998
0
CIRCLE
8
BLACK
10
99.3100000000000023
20
-6.0099999999999998
40
1.75
0
LINE
8
BLACK
6
CONTINUOUS
10
169.1599999999999966
20
312.7699999999999818
11
172.6599999999999966
21
309.2699999999999818
0
LINE
8
BLACK
6
CONTINUOUS
10
172.6599999999999966
20
312.7699999999999818
11
169.1599999999999966
21
309.2699999999999818
0
CIRCLE
8
BLACK
10
170.9099999999999966
20
311.0199999999999818
40
1.75
0
LINE
8
BLACK
6
CONTINUOUS
10
207.0499999999999829
20
-5.75
11
210.5499999999999829
21
-9.25
0
LINE
8
BLACK
6
CONTINUOUS
10
210.5499999999999829
20
-5.75
11
207.0499999999999829
21
-9.25
0
CIRCLE
8
BLACK
10
208.7999999999999829
20
-7.5
40
1.75
0
LINE
8
BLACK
6
CONTINUOUS
10
242.1599999999999966
20
439.2099999999999795
11
245.6599999999999966
21
435.7099999999999795
0
LINE
8
BLACK
6
CONTINUOUS
10
245.6599999999999966
20
439.2099999999999795
11
242.1599999999999966
21
435.7099999999999795
0
CIRCLE
8
BLACK
10
243.9099999999999966
20
437.4599999999999795
40
1.75
0
LINE
8
BLACK
6
CONTINUOUS
10
295.7699999999999818
20
529.0799999999999272
11
299.2699999999999818
21
525.5799999999999272
0
LINE
8
BLACK
6
CONTINUOUS
10
299.2699999999999818
20
529.0799999999999272
11
295.7699999999999818
21
525.5799999999999272
0
CIRCLE
8
BLACK
10
297.5199999999999818
20
527.3299999999999272
40
1.75
0
LINE
8
BLACK
6
CONTINUOUS
10
353.0600000000000023
20
-5.75
11
356.5600000000000023
21
-9.25
0
LINE
8
BLACK
6
CONTINUOUS
10
356.5600000000000023
20
-5.75
11
353.0600000000000023
21
-9.25
0
CIRCLE
8
BLACK
10
354.8100000000000023
20
-7.5
40
1.75
0
LINE
8
BLACK
6
CONTINUOUS
10
416.4599999999999795
20
446.5099999999999909
11
419.9599999999999795
21
443.0099999999999909
0
LINE
8
BLACK
6
CONTINUOUS
10
419.9599999999999795
20
446.5099999999999909
11
416.4599999999999795
21
443.0099999999999909
0
CIRCLE
8
BLACK
10
418.2099999999999795
20
444.7599999999999909
40
1.75
0
LINE
8
BLACK
6
CONTINUOUS
10
494.8799999999999955
20
356.8199999999999932
11
498.3799999999999955
21
353.3199999999999932
0
LINE
8
BLACK
6
CONTINUOUS
10
498.3799999999999955
20
356.8199999999999932
11
494.8799999999999955
21
353.3199999999999932
0
CIRCLE
8
BLACK
10
496.6299999999999955
20
355.0699999999999932
40
1.75
0
LINE
8
BLACK
6
CONTINUOUS
10
499.0600000000000023
20
-5.75
11
502.5600000000000023
21
-9.25
0
LINE
8
BLACK
6
CONTINUOUS
10
502.5600000000000023
20
-5.75
11
499.0600000000000023
21
-9.25
0
CIRCLE
8
BLACK
10
500.8100000000000023
20
-7.5
40
1.75
0
LINE
8
BLACK
6
CONTINUOUS
10
554.0699999999999363
20
254.3100000000000023
11
557.5699999999999363
21
250.8100000000000023
0
LINE
8
BLACK
6
CONTINUOUS
10
557.5699999999999363
20
254.3100000000000023
11
554.0699999999999363
21
250.8100000000000023
0
CIRCLE
8
BLACK
10
555.8199999999999363
20
252.5600000000000023
40
1.75
0
LINE
8
BLACK
6
CONTINUOUS
10
592.5299999999999727
20
141.5499999999999829
11
596.0299999999999727
21
138.0499999999999829
0
LINE
8
BLACK
6
CONTINUOUS
10
596.0299999999999727
20
141.5499999999999829
11
592.5299999999999727
21
138.0499999999999829
0
CIRCLE
8
BLACK
10
594.2799999999999727
20
139.7999999999999829
40
1.75
0
LINE
8
BLACK
6
CONTINUOUS
10
608.67999999999995
20
-4.25
11
612.17999999999995
21
-7.75
0
LINE
8
BLACK
6
CONTINUOUS
10
612.17999999999995
20
-4.25
11
608.67999999999995
21
-7.75
0
CIRCLE
8
BLACK
10
610.42999999999995
20
-6.
40
1.75
0
LINE
8
BLACK
6
CONTINUOUS
10
41.151764
20
-43.1608379999999983
11
41.151764
21
-41.1608379999999983
0
LINE
8
BLACK
6
CONTINUOUS
10
41.151764
20
-41.1608379999999983
11
41.6279539999999955
21
-41.1608379999999983
0
LINE
8
BLACK
6
CONTINUOUS
10
41.6279539999999955
20
-41.1608379999999983
11
41.9136689999999987
21
-41.2560760000000002
0
LINE
8
BLACK
6
CONTINUOUS
10
41.9136689999999987
20
-41.2560760000000002
11
42.1041449999999955
21
-41.446551999999997
0
LINE
8
BLACK
6
CONTINUOUS
10
42.1041449999999955
20
-41.446551999999997
11
42.1993829999999974
21
-41.6370280000000008
0
LINE
8
BLACK
6
CONTINUOUS
10
42.1993829999999974
20
-41.6370280000000008
11
42.2946209999999994
21
-42.0179800000000014
0
LINE
8
BLACK
6
CONTINUOUS
10
42.2946209999999994
20
-42.0179800000000014
11
42.2946209999999994
21
-42.3036949999999976
0
LINE
8
BLACK
6
CONTINUOUS
10
42.2946209999999994
20
-42.3036949999999976
11
42.1993829999999974
21
-42.6846469999999982
0
LINE
8
BLACK
6
CONTINUOUS
10
42.1993829999999974
20
-42.6846469999999982
11
42.1041449999999955
21
-42.875122999999995
0
LINE
8
BLACK
6
CONTINUOUS
10
42.1041449999999955
20
-42.875122999999995
11
41.9136689999999987
21
-43.0655999999999963
0
LINE
8
BLACK
6
CONTINUOUS
10
41.9136689999999987
20
-43.0655999999999963
11
41.6279539999999955
21
-43.1608379999999983
0
LINE
8
BLACK
6
CONTINUOUS
10
41.6279539999999955
20
-43.1608379999999983
11
41.151764
21
-43.1608379999999983
0
LINE
8
BLACK
6
CONTINUOUS
10
43.151764
20
-43.1608379999999983
11
43.151764
21
-41.8275039999999976
0
LINE
8
BLACK
6
CONTINUOUS
10
43.151764
20
-42.2084569999999957
11
43.2470019999999948
21
-42.0179800000000014
0
LINE
8
BLACK
6
CONTINUOUS
10
43.2470019999999948
20
-42.0179800000000014
11
43.3422399999999968
21
-41.9227419999999995
0
LINE
8
BLACK
6
CONTINUOUS
10
43.3422399999999968
20
-41.9227419999999995
11
43.5327160000000006
21
-41.8275039999999976
0
LINE
8
BLACK
6
CONTINUOUS
10
43.5327160000000006
20
-41.8275039999999976
11
43.7231929999999949
21
-41.8275039999999976
0
LINE
8
BLACK
6
CONTINUOUS
10
44.3898590000000013
20
-43.1608379999999983
11
44.3898590000000013
21
-41.8275039999999976
0
LINE
8
BLACK
6
CONTINUOUS
10
44.3898590000000013
20
-41.1608379999999983
11
44.2946209999999994
21
-41.2560760000000002
0
LINE
8
BLACK
6
CONTINUOUS
10
44.2946209999999994
20
-41.2560760000000002
11
44.3898590000000013
21
-41.351313999999995
0
LINE
8
BLACK
6
CONTINUOUS
10
44.3898590000000013
20
-41.351313999999995
11
44.4850969999999961
21
-41.2560760000000002
0
LINE
8
BLACK
6
CONTINUOUS
10
44.4850969999999961
20
-41.2560760000000002
11
44.3898590000000013
21
-41.1608379999999983
0
LINE
8
BLACK
6
CONTINUOUS
10
44.3898590000000013
20
-41.1608379999999983
11
44.3898590000000013
21
-41.351313999999995
0
LINE
8
BLACK
6
CONTINUOUS
10
45.6279539999999955
20
-43.1608379999999983
11
45.4374779999999987
21
-43.0655999999999963
0
LINE
8
BLACK
6
CONTINUOUS
10
45.4374779999999987
20
-43.0655999999999963
11
45.3422399999999968
21
-42.875122999999995
0
LINE
8
BLACK
6
CONTINUOUS
10
45.3422399999999968
20
-42.875122999999995
11
45.3422399999999968
21
-41.1608379999999983
0
LINE
8
BLACK
6
CONTINUOUS
10
46.675573
20
-43.1608379999999983
11
46.4850969999999961
21
-43.0655999999999963
0
LINE
8
BLACK
6
CONTINUOUS
10
46.4850969999999961
20
-43.0655999999999963
11
46.3898590000000013
21
-42.875122999999995
0
LINE
8
BLACK
6
CONTINUOUS
10
46.3898590000000013
20
-42.875122999999995
11
46.3898590000000013
21
-41.1608379999999983
0
LINE
8
BLACK
6
CONTINUOUS
10
48.9612879999999961
20
-43.1608379999999983
11
48.9612879999999961
21
-41.1608379999999983
0
LINE
8
BLACK
6
CONTINUOUS
10
48.9612879999999961
20
-41.1608379999999983
11
49.627955
21
-42.5894089999999963
0
LINE
8
BLACK
6
CONTINUOUS
10
49.627955
20
-42.5894089999999963
11
50.2946209999999994
21
-41.1608379999999983
0
LINE
8
BLACK
6
CONTINUOUS
10
50.2946209999999994
20
-41.1608379999999983
11
50.2946209999999994
21
-43.1608379999999983
0
LINE
8
BLACK
6
CONTINUOUS
10
52.1041449999999955
20
-43.1608379999999983
11
52.1041449999999955
21
-42.1132190000000008
0
LINE
8
BLACK
6
CONTINUOUS
10
52.1041449999999955
20
-42.1132190000000008
11
52.0089070000000007
21
-41.9227419999999995
0
LINE
8
BLACK
6
CONTINUOUS
10
52.0089070000000007
20
-41.9227419999999995
11
51.8184309999999968
21
-41.8275039999999976
0
LINE
8
BLACK
6
CONTINUOUS
10
51.8184309999999968
20
-41.8275039999999976
11
51.4374779999999987
21
-41.8275039999999976
0
LINE
8
BLACK
6
CONTINUOUS
10
51.4374779999999987
20
-41.8275039999999976
11
51.2470019999999948
21
-41.9227419999999995
0
LINE
8
BLACK
6
CONTINUOUS
10
52.1041449999999955
20
-43.0655999999999963
11
51.9136689999999987
21
-43.1608379999999983
0
LINE
8
BLACK
6
CONTINUOUS
10
51.9136689999999987
20
-43.1608379999999983
11
51.4374779999999987
21
-43.1608379999999983
0
LINE
8
BLACK
6
CONTINUOUS
10
51.4374779999999987
20
-43.1608379999999983
11
51.2470019999999948
21
-43.0655999999999963
0
LINE
8
BLACK
6
CONTINUOUS
10
51.2470019999999948
20
-43.0655999999999963
11
51.151764
21
-42.875122999999995
0
LINE
8
BLACK
6
CONTINUOUS
10
51.151764
20
-42.875122999999995
11
51.151764
21
-42.6846469999999982
0
LINE
8
BLACK
6
CONTINUOUS
10
51.151764
20
-42.6846469999999982
11
51.2470019999999948
21
-42.4941710000000015
0
LINE
8
BLACK
6
CONTINUOUS
10
51.2470019999999948
20
-42.4941710000000015
11
51.4374779999999987
21
-42.3989329999999995
0
LINE
8
BLACK
6
CONTINUOUS
10
51.4374779999999987
20
-42.3989329999999995
11
51.9136689999999987
21
-42.3989329999999995
0
LINE
8
BLACK
6
CONTINUOUS
10
51.9136689999999987
20
-42.3989329999999995
11
52.1041449999999955
21
-42.3036949999999976
0
LINE
8
BLACK
6
CONTINUOUS
10
53.0565259999999981
20
-41.8275039999999976
11
53.0565259999999981
21
-43.8275039999999976
0
LINE
8
BLACK
6
CONTINUOUS
10
53.0565259999999981
20
-41.9227419999999995
11
53.2470019999999948
21
-41.8275039999999976
0
LINE
8
BLACK
6
CONTINUOUS
10
53.2470019999999948
20
-41.8275039999999976
11
53.627955
21
-41.8275039999999976
0
LINE
8
BLACK
6
CONTINUOUS
10
53.627955
20
-41.8275039999999976
11
53.8184309999999968
21
-41.9227419999999995
0
LINE
8
BLACK
6
CONTINUOUS
10
53.8184309999999968
20
-41.9227419999999995
11
53.9136689999999987
21
-42.0179800000000014
0
LINE
8
BLACK
6
CONTINUOUS
10
53.9136689999999987
20
-42.0179800000000014
11
54.0089070000000007
21
-42.2084569999999957
0
LINE
8
BLACK
6
CONTINUOUS
10
54.0089070000000007
20
-42.2084569999999957
11
54.0089070000000007
21
-42.7798850000000002
0
LINE
8
BLACK
6
CONTINUOUS
10
54.0089070000000007
20
-42.7798850000000002
11
53.9136689999999987
21
-42.9703609999999969
0
LINE
8
BLACK
6
CONTINUOUS
10
53.9136689999999987
20
-42.9703609999999969
11
53.8184309999999968
21
-43.0655999999999963
0
LINE
8
BLACK
6
CONTINUOUS
10
53.8184309999999968
20
-43.0655999999999963
11
53.627955
21
-43.1608379999999983
0
LINE
8
BLACK
6
CONTINUOUS
10
53.627955
20
-43.1608379999999983
11
53.2470019999999948
21
-43.1608379999999983
0
LINE
8
BLACK
6
CONTINUOUS
10
53.2470019999999948
20
-43.1608379999999983
11
53.0565259999999981
21
-43.0655999999999963
0
LINE
8
BLACK
6
CONTINUOUS
10
54.8660499999999942
20
-42.9703609999999969
11
54.9612879999999961
21
-43.0655999999999963
0
LINE
8
BLACK
6
CONTINUOUS
10
54.9612879999999961
20
-43.0655999999999963
11
54.8660499999999942
21
-43.1608379999999983
0
LINE
8
BLACK
6
CONTINUOUS
10
54.8660499999999942
20
-43.1608379999999983
11
54.7708119999999994
21
-43.0655999999999963
0
LINE
8
BLACK
6
CONTINUOUS
10
54.7708119999999994
20
-43.0655999999999963
11
54.8660499999999942
21
-42.9703609999999969
0
LINE
8
BLACK
6
CONTINUOUS
10
54.8660499999999942
20
-42.9703609999999969
11
54.8660499999999942
21
-43.1608379999999983
0
LINE
8
BLACK
6
CONTINUOUS
10
54.8660499999999942
20
-41.9227419999999995
11
54.9612879999999961
21
-42.0179800000000014
0
LINE
8
BLACK
6
CONTINUOUS
10
54.9612879999999961
20
-42.0179800000000014
11
54.8660499999999942
21
-42.1132190000000008
0
LINE
8
BLACK
6
CONTINUOUS
10
54.8660499999999942
20
-42.1132190000000008
11
54.7708119999999994
21
-42.0179800000000014
0
LINE
8
BLACK
6
CONTINUOUS
10
54.7708119999999994
20
-42.0179800000000014
11
54.8660499999999942
21
-41.9227419999999995
0
LINE
8
BLACK
6
CONTINUOUS
10
54.8660499999999942
20
-41.9227419999999995
11
54.8660499999999942
21
-42.1132190000000008
0
LINE
8
BLACK
6
CONTINUOUS
10
38.1439960000000013
20
-46.2459999999999951
11
38.5439959999999999
21
-46.6460000000000008
0
LINE
8
BLACK
6
CONTINUOUS
10
38.5439959999999999
20
-46.2459999999999951
11
38.1439960000000013
21
-46.6460000000000008
0
LINE
8
BLACK
6
CONTINUOUS
10
41.5327160000000006
20
-45.3608380000000011
11
41.7231929999999949
21
-45.3608380000000011
0
LINE
8
BLACK
6
CONTINUOUS
10
41.7231929999999949
20
-45.3608380000000011
11
41.9136689999999987
21
-45.4560759999999959
0
LINE
8
BLACK
6
CONTINUOUS
10
41.9136689999999987
20
-45.4560759999999959
11
42.0089070000000007
21
-45.5513139999999979
0
LINE
8
BLACK
6
CONTINUOUS
10
42.0089070000000007
20
-45.5513139999999979
11
42.1041449999999955
21
-45.7417899999999946
0
LINE
8
BLACK
6
CONTINUOUS
10
42.1041449999999955
20
-45.7417899999999946
11
42.1993829999999974
21
-46.1227419999999952
0
LINE
8
BLACK
6
CONTINUOUS
10
42.1993829999999974
20
-46.1227419999999952
11
42.1993829999999974
21
-46.5989329999999953
0
LINE
8
BLACK
6
CONTINUOUS
10
42.1993829999999974
20
-46.5989329999999953
11
42.1041449999999955
21
-46.9798849999999959
0
LINE
8
BLACK
6
CONTINUOUS
10
42.1041449999999955
20
-46.9798849999999959
11
42.0089070000000007
21
-47.1703609999999998
0
LINE
8
BLACK
6
CONTINUOUS
10
42.0089070000000007
20
-47.1703609999999998
11
41.9136689999999987
21
-47.2655999999999992
0
LINE
8
BLACK
6
CONTINUOUS
10
41.9136689999999987
20
-47.2655999999999992
11
41.7231929999999949
21
-47.3608380000000011
0
LINE
8
BLACK
6
CONTINUOUS
10
41.7231929999999949
20
-47.3608380000000011
11
41.5327160000000006
21
-47.3608380000000011
0
LINE
8
BLACK
6
CONTINUOUS
10
41.5327160000000006
20
-47.3608380000000011
11
41.3422399999999968
21
-47.2655999999999992
0
LINE
8
BLACK
6
CONTINUOUS
10
41.3422399999999968
20
-47.2655999999999992
11
41.2470019999999948
21
-47.1703609999999998
0
LINE
8
BLACK
6
CONTINUOUS
10
41.2470019999999948
20
-47.1703609999999998
11
41.151764
21
-46.9798849999999959
0
LINE
8
BLACK
6
CONTINUOUS
10
41.151764
20
-46.9798849999999959
11
41.0565259999999981
21
-46.5989329999999953
0
LINE
8
BLACK
6
CONTINUOUS
10
41.0565259999999981
20
-46.5989329999999953
11
41.0565259999999981
21
-46.1227419999999952
0
LINE
8
BLACK
6
CONTINUOUS
10
41.0565259999999981
20
-46.1227419999999952
11
41.151764
21
-45.7417899999999946
0
LINE
8
BLACK
6
CONTINUOUS
10
41.151764
20
-45.7417899999999946
11
41.2470019999999948
21
-45.5513139999999979
0
LINE
8
BLACK
6
CONTINUOUS
10
41.2470019999999948
20
-45.5513139999999979
11
41.3422399999999968
21
-45.4560759999999959
0
LINE
8
BLACK
6
CONTINUOUS
10
41.3422399999999968
20
-45.4560759999999959
11
41.5327160000000006
21
-45.3608380000000011
0
LINE
8
BLACK
6
CONTINUOUS
10
43.0565259999999981
20
-47.1703609999999998
11
43.151764
21
-47.2655999999999992
0
LINE
8
BLACK
6
CONTINUOUS
10
43.151764
20
-47.2655999999999992
11
43.0565259999999981
21
-47.3608380000000011
0
LINE
8
BLACK
6
CONTINUOUS
10
43.0565259999999981
20
-47.3608380000000011
11
42.9612879999999961
21
-47.2655999999999992
0
LINE
8
BLACK
6
CONTINUOUS
10
42.9612879999999961
20
-47.2655999999999992
11
43.0565259999999981
21
-47.1703609999999998
0
LINE
8
BLACK
6
CONTINUOUS
10
43.0565259999999981
20
-47.1703609999999998
11
43.0565259999999981
21
-47.3608380000000011
0
LINE
8
BLACK
6
CONTINUOUS
10
44.8660500000000013
20
-46.0275040000000004
11
44.8660500000000013
21
-47.3608380000000011
0
LINE
8
BLACK
6
CONTINUOUS
10
44.3898590000000013
20
-45.2655999999999992
11
43.9136689999999987
21
-46.6941709999999972
0
LINE
8
BLACK
6
CONTINUOUS
10
43.9136689999999987
20
-46.6941709999999972
11
45.151764
21
-46.6941709999999972
0
LINE
8
BLACK
6
CONTINUOUS
10
46.2946209999999994
20
-45.3608380000000011
11
46.4850980000000007
21
-45.3608380000000011
0
LINE
8
BLACK
6
CONTINUOUS
10
46.4850980000000007
20
-45.3608380000000011
11
46.6755739999999975
21
-45.4560759999999959
0
LINE
8
BLACK
6
CONTINUOUS
10
46.6755739999999975
20
-45.4560759999999959
11
46.7708119999999994
21
-45.5513139999999979
0
LINE
8
BLACK
6
CONTINUOUS
10
46.7708119999999994
20
-45.5513139999999979
11
46.8660500000000013
21
-45.7417899999999946
0
LINE
8
BLACK
6
CONTINUOUS
10
46.8660500000000013
20
-45.7417899999999946
11
46.9612879999999961
21
-46.1227419999999952
0
LINE
8
BLACK
6
CONTINUOUS
10
46.9612879999999961
20
-46.1227419999999952
11
46.9612879999999961
21
-46.5989329999999953
0
LINE
8
BLACK
6
CONTINUOUS
10
46.9612879999999961
20
-46.5989329999999953
11
46.8660500000000013
21
-46.9798849999999959
0
LINE
8
BLACK
6
CONTINUOUS
10
46.8660500000000013
20
-46.9798849999999959
11
46.7708119999999994
21
-47.1703609999999998
0
LINE
8
BLACK
6
CONTINUOUS
10
46.7708119999999994
20
-47.1703609999999998
11
46.6755739999999975
21
-47.2655999999999992
0
LINE
8
BLACK
6
CONTINUOUS
10
46.6755739999999975
20
-47.2655999999999992
11
46.4850980000000007
21
-47.3608380000000011
0
LINE
8
BLACK
6
CONTINUOUS
10
46.4850980000000007
20
-47.3608380000000011
11
46.2946209999999994
21
-47.3608380000000011
0
LINE
8
BLACK
6
CONTINUOUS
10
46.2946209999999994
20
-47.3608380000000011
11
46.1041449999999955
21
-47.2655999999999992
0
LINE
8
BLACK
6
CONTINUOUS
10
46.1041449999999955
20
-47.2655999999999992
11
46.0089070000000007
21
-47.1703609999999998
0
LINE
8
BLACK
6
CONTINUOUS
10
46.0089070000000007
20
-47.1703609999999998
11
45.9136689999999987
21
-46.9798849999999959
0
LINE
8
BLACK
6
CONTINUOUS
10
45.9136689999999987
20
-46.9798849999999959
11
45.8184309999999968
21
-46.5989329999999953
0
LINE
8
BLACK
6
CONTINUOUS
10
45.8184309999999968
20
-46.5989329999999953
11
45.8184309999999968
21
-46.1227419999999952
0
LINE
8
BLACK
6
CONTINUOUS
10
45.8184309999999968
20
-46.1227419999999952
11
45.9136689999999987
21
-45.7417899999999946
0
LINE
8
BLACK
6
CONTINUOUS
10
45.9136689999999987
20
-45.7417899999999946
11
46.0089070000000007
21
-45.5513139999999979
0
LINE
8
BLACK
6
CONTINUOUS
10
46.0089070000000007
20
-45.5513139999999979
11
46.1041449999999955
21
-45.4560759999999959
0
LINE
8
BLACK
6
CONTINUOUS
10
46.1041449999999955
20
-45.4560759999999959
11
46.2946209999999994
21
-45.3608380000000011
0
LINE
8
BLACK
6
CONTINUOUS
10
48.1993829999999974
20
-45.3608380000000011
11
48.3898599999999988
21
-45.3608380000000011
0
LINE
8
BLACK
6
CONTINUOUS
10
48.3898599999999988
20
-45.3608380000000011
11
48.5803359999999955
21
-45.4560759999999959
0
LINE
8
BLACK
6
CONTINUOUS
10
48.5803359999999955
20
-45.4560759999999959
11
48.6755739999999975
21
-45.5513139999999979
0
LINE
8
BLACK
6
CONTINUOUS
10
48.6755739999999975
20
-45.5513139999999979
11
48.7708119999999994
21
-45.7417899999999946
0
LINE
8
BLACK
6
CONTINUOUS
10
48.7708119999999994
20
-45.7417899999999946
11
48.8660500000000013
21
-46.1227419999999952
0
LINE
8
BLACK
6
CONTINUOUS
10
48.8660500000000013
20
-46.1227419999999952
11
48.8660500000000013
21
-46.5989329999999953
0
LINE
8
BLACK
6
CONTINUOUS
10
48.8660500000000013
20
-46.5989329999999953
11
48.7708119999999994
21
-46.9798849999999959
0
LINE
8
BLACK
6
CONTINUOUS
10
48.7708119999999994
20
-46.9798849999999959
11
48.6755739999999975
21
-47.1703609999999998
0
LINE
8
BLACK
6
CONTINUOUS
10
48.6755739999999975
20
-47.1703609999999998
11
48.5803359999999955
21
-47.2655999999999992
0
LINE
8
BLACK
6
CONTINUOUS
10
48.5803359999999955
20
-47.2655999999999992
11
48.3898599999999988
21
-47.3608380000000011
0
LINE
8
BLACK
6
CONTINUOUS
10
48.3898599999999988
20
-47.3608380000000011
11
48.1993829999999974
21
-47.3608380000000011
0
LINE
8
BLACK
6
CONTINUOUS
10
48.1993829999999974
20
-47.3608380000000011
11
48.0089070000000007
21
-47.2655999999999992
0
LINE
8
BLACK
6
CONTINUOUS
10
48.0089070000000007
20
-47.2655999999999992
11
47.9136689999999987
21
-47.1703609999999998
0
LINE
8
BLACK
6
CONTINUOUS
10
47.9136689999999987
20
-47.1703609999999998
11
47.8184309999999968
21
-46.9798849999999959
0
LINE
8
BLACK
6
CONTINUOUS
10
47.8184309999999968
20
-46.9798849999999959
11
47.7231929999999949
21
-46.5989329999999953
0
LINE
8
BLACK
6
CONTINUOUS
10
47.7231929999999949
20
-46.5989329999999953
11
47.7231929999999949
21
-46.1227419999999952
0
LINE
8
BLACK
6
CONTINUOUS
10
47.7231929999999949
20
-46.1227419999999952
11
47.8184309999999968
21
-45.7417899999999946
0
LINE
8
BLACK
6
CONTINUOUS
10
47.8184309999999968
20
-45.7417899999999946
11
47.9136689999999987
21
-45.5513139999999979
0
LINE
8
BLACK
6
CONTINUOUS
10
47.9136689999999987
20
-45.5513139999999979
11
48.0089070000000007
21
-45.4560759999999959
0
LINE
8
BLACK
6
CONTINUOUS
10
48.0089070000000007
20
-45.4560759999999959
11
48.1993829999999974
21
-45.3608380000000011
0
LINE
8
BLACK
6
CONTINUOUS
10
49.7231929999999949
20
-47.3608380000000011
11
49.7231929999999949
21
-46.0275040000000004
0
LINE
8
BLACK
6
CONTINUOUS
10
49.7231929999999949
20
-46.2179799999999972
11
49.8184309999999968
21
-46.1227419999999952
0
LINE
8
BLACK
6
CONTINUOUS
10
49.8184309999999968
20
-46.1227419999999952
11
50.0089070000000007
21
-46.0275040000000004
0
LINE
8
BLACK
6
CONTINUOUS
10
50.0089070000000007
20
-46.0275040000000004
11
50.2946219999999968
21
-46.0275040000000004
0
LINE
8
BLACK
6
CONTINUOUS
10
50.2946219999999968
20
-46.0275040000000004
11
50.4850980000000007
21
-46.1227419999999952
0
LINE
8
BLACK
6
CONTINUOUS
10
50.4850980000000007
20
-46.1227419999999952
11
50.5803359999999955
21
-46.3132189999999966
0
LINE
8
BLACK
6
CONTINUOUS
10
50.5803359999999955
20
-46.3132189999999966
11
50.5803359999999955
21
-47.3608380000000011
0
LINE
8
BLACK
6
CONTINUOUS
10
50.5803359999999955
20
-46.3132189999999966
11
50.6755739999999975
21
-46.1227419999999952
0
LINE
8
BLACK
6
CONTINUOUS
10
50.6755739999999975
20
-46.1227419999999952
11
50.8660499999999942
21
-46.0275040000000004
0
LINE
8
BLACK
6
CONTINUOUS
10
50.8660499999999942
20
-46.0275040000000004
11
51.151764
21
-46.0275040000000004
0
LINE
8
BLACK
6
CONTINUOUS
10
51.151764
20
-46.0275040000000004
11
51.3422409999999942
21
-46.1227419999999952
0
LINE
8
BLACK
6
CONTINUOUS
10
51.3422409999999942
20
-46.1227419999999952
11
51.4374789999999962
21
-46.3132189999999966
0
LINE
8
BLACK
6
CONTINUOUS
10
51.4374789999999962
20
-46.3132189999999966
11
51.4374789999999962
21
-47.3608380000000011
0
LINE
8
BLACK
6
CONTINUOUS
10
52.3898599999999988
20
-47.3608380000000011
11
52.3898599999999988
21
-46.0275040000000004
0
LINE
8
BLACK
6
CONTINUOUS
10
52.3898599999999988
20
-46.2179799999999972
11
52.4850980000000007
21
-46.1227419999999952
0
LINE
8
BLACK
6
CONTINUOUS
10
52.4850980000000007
20
-46.1227419999999952
11
52.6755739999999975
21
-46.0275040000000004
0
LINE
8
BLACK
6
CONTINUOUS
10
52.6755739999999975
20
-46.0275040000000004
11
52.9612890000000007
21
-46.0275040000000004
0
LINE
8
BLACK
6
CONTINUOUS
10
52.9612890000000007
20
-46.0275040000000004
11
53.1517649999999975
21
-46.1227419999999952
0
LINE
8
BLACK
6
CONTINUOUS
10
53.1517649999999975
20
-46.1227419999999952
11
53.2470029999999994
21
-46.3132189999999966
0
LINE
8
BLACK
6
CONTINUOUS
10
53.2470029999999994
20
-46.3132189999999966
11
53.2470029999999994
21
-47.3608380000000011
0
LINE
8
BLACK
6
CONTINUOUS
10
53.2470029999999994
20
-46.3132189999999966
11
53.3422409999999942
21
-46.1227419999999952
0
LINE
8
BLACK
6
CONTINUOUS
10
53.3422409999999942
20
-46.1227419999999952
11
53.5327169999999981
21
-46.0275040000000004
0
LINE
8
BLACK
6
CONTINUOUS
10
53.5327169999999981
20
-46.0275040000000004
11
53.8184309999999968
21
-46.0275040000000004
0
LINE
8
BLACK
6
CONTINUOUS
10
53.8184309999999968
20
-46.0275040000000004
11
54.0089079999999981
21
-46.1227419999999952
0
LINE
8
BLACK
6
CONTINUOUS
10
54.0089079999999981
20
-46.1227419999999952
11
54.1041460000000001
21
-46.3132189999999966
0
LINE
8
BLACK
6
CONTINUOUS
10
54.1041460000000001
20
-46.3132189999999966
11
54.1041460000000001
21
-47.3608380000000011
0
LINE
8
BLACK
6
CONTINUOUS
10
58.0089079999999981
20
-45.2655999999999992
11
56.2946229999999943
21
-47.8370279999999966
0
LINE
8
BLACK
6
CONTINUOUS
10
60.5803370000000001
20
-45.3608380000000011
11
60.7708139999999943
21
-45.3608380000000011
0
LINE
8
BLACK
6
CONTINUOUS
10
60.7708139999999943
20
-45.3608380000000011
11
60.9612899999999982
21
-45.4560759999999959
0
LINE
8
BLACK
6
CONTINUOUS
10
60.9612899999999982
20
-45.4560759999999959
11
61.0565280000000001
21
-45.5513139999999979
0
LINE
8
BLACK
6
CONTINUOUS
10
61.0565280000000001
20
-45.5513139999999979
11
61.151765999999995
21
-45.7417899999999946
0
LINE
8
BLACK
6
CONTINUOUS
10
61.151765999999995
20
-45.7417899999999946
11
61.2470039999999969
21
-46.1227419999999952
0
LINE
8
BLACK
6
CONTINUOUS
10
61.2470039999999969
20
-46.1227419999999952
11
61.2470039999999969
21
-46.5989329999999953
0
LINE
8
BLACK
6
CONTINUOUS
10
61.2470039999999969
20
-46.5989329999999953
11
61.151765999999995
21
-46.9798849999999959
0
LINE
8
BLACK
6
CONTINUOUS
10
61.151765999999995
20
-46.9798849999999959
11
61.0565280000000001
21
-47.1703609999999998
0
LINE
8
BLACK
6
CONTINUOUS
10
61.0565280000000001
20
-47.1703609999999998
11
60.9612899999999982
21
-47.2655999999999992
0
LINE
8
BLACK
6
CONTINUOUS
10
60.9612899999999982
20
-47.2655999999999992
11
60.7708139999999943
21
-47.3608380000000011
0
LINE
8
BLACK
6
CONTINUOUS
10
60.7708139999999943
20
-47.3608380000000011
11
60.5803370000000001
21
-47.3608380000000011
0
LINE
8
BLACK
6
CONTINUOUS
10
60.5803370000000001
20
-47.3608380000000011
11
60.3898609999999962
21
-47.2655999999999992
0
LINE
8
BLACK
6
CONTINUOUS
10
60.3898609999999962
20
-47.2655999999999992
11
60.2946229999999943
21
-47.1703609999999998
0
LINE
8
BLACK
6
CONTINUOUS
10
60.2946229999999943
20
-47.1703609999999998
11
60.1993849999999995
21
-46.9798849999999959
0
LINE
8
BLACK
6
CONTINUOUS
10
60.1993849999999995
20
-46.9798849999999959
11
60.1041469999999975
21
-46.5989329999999953
0
LINE
8
BLACK
6
CONTINUOUS
10
60.1041469999999975
20
-46.5989329999999953
11
60.1041469999999975
21
-46.1227419999999952
0
LINE
8
BLACK
6
CONTINUOUS
10
60.1041469999999975
20
-46.1227419999999952
11
60.1993849999999995
21
-45.7417899999999946
0
LINE
8
BLACK
6
CONTINUOUS
10
60.1993849999999995
20
-45.7417899999999946
11
60.2946229999999943
21
-45.5513139999999979
0
LINE
8
BLACK
6
CONTINUOUS
10
60.2946229999999943
20
-45.5513139999999979
11
60.3898609999999962
21
-45.4560759999999959
0
LINE
8
BLACK
6
CONTINUOUS
10
60.3898609999999962
20
-45.4560759999999959
11
60.5803370000000001
21
-45.3608380000000011
0
LINE
8
BLACK
6
CONTINUOUS
10
62.1041469999999975
20
-47.1703609999999998
11
62.1993849999999995
21
-47.2655999999999992
0
LINE
8
BLACK
6
CONTINUOUS
10
62.1993849999999995
20
-47.2655999999999992
11
62.1041469999999975
21
-47.3608380000000011
0
LINE
8
BLACK
6
CONTINUOUS
10
62.1041469999999975
20
-47.3608380000000011
11
62.0089089999999956
21
-47.2655999999999992
0
LINE
8
BLACK
6
CONTINUOUS
10
62.0089089999999956
20
-47.2655999999999992
11
62.1041469999999975
21
-47.1703609999999998
0
LINE
8
BLACK
6
CONTINUOUS
10
62.1041469999999975
20
-47.1703609999999998
11
62.1041469999999975
21
-47.3608380000000011
0
LINE
8
BLACK
6
CONTINUOUS
10
63.4374799999999937
20
-45.3608380000000011
11
63.627956999999995
21
-45.3608380000000011
0
LINE
8
BLACK
6
CONTINUOUS
10
63.627956999999995
20
-45.3608380000000011
11
63.8184329999999989
21
-45.4560759999999959
0
LINE
8
BLACK
6
CONTINUOUS
10
63.8184329999999989
20
-45.4560759999999959
11
63.9136709999999937
21
-45.5513139999999979
0
LINE
8
BLACK
6
CONTINUOUS
10
63.9136709999999937
20
-45.5513139999999979
11
64.0089090000000027
21
-45.7417899999999946
0
LINE
8
BLACK
6
CONTINUOUS
10
64.0089090000000027
20
-45.7417899999999946
11
64.1041469999999975
21
-46.1227419999999952
0
LINE
8
BLACK
6
CONTINUOUS
10
64.1041469999999975
20
-46.1227419999999952
11
64.1041469999999975
21
-46.5989329999999953
0
LINE
8
BLACK
6
CONTINUOUS
10
64.1041469999999975
20
-46.5989329999999953
11
64.0089090000000027
21
-46.9798849999999959
0
LINE
8
BLACK
6
CONTINUOUS
10
64.0089090000000027
20
-46.9798849999999959
11
63.9136709999999937
21
-47.1703609999999998
0
LINE
8
BLACK
6
CONTINUOUS
10
63.9136709999999937
20
-47.1703609999999998
11
63.8184329999999989
21
-47.2655999999999992
0
LINE
8
BLACK
6
CONTINUOUS
10
63.8184329999999989
20
-47.2655999999999992
11
63.627956999999995
21
-47.3608380000000011
0
LINE
8
BLACK
6
CONTINUOUS
10
63.627956999999995
20
-47.3608380000000011
11
63.4374799999999937
21
-47.3608380000000011
0
LINE
8
BLACK
6
CONTINUOUS
10
63.4374799999999937
20
-47.3608380000000011
11
63.2470039999999969
21
-47.2655999999999992
0
LINE
8
BLACK
6
CONTINUOUS
10
63.2470039999999969
20
-47.2655999999999992
11
63.151765999999995
21
-47.1703609999999998
0
LINE
8
BLACK
6
CONTINUOUS
10
63.151765999999995
20
-47.1703609999999998
11
63.0565280000000001
21
-46.9798849999999959
0
LINE
8
BLACK
6
CONTINUOUS
10
63.0565280000000001
20
-46.9798849999999959
11
62.9612899999999982
21
-46.5989329999999953
0
LINE
8
BLACK
6
CONTINUOUS
10
62.9612899999999982
20
-46.5989329999999953
11
62.9612899999999982
21
-46.1227419999999952
0
LINE
8
BLACK
6
CONTINUOUS
10
62.9612899999999982
20
-46.1227419999999952
11
63.0565280000000001
21
-45.7417899999999946
0
LINE
8
BLACK
6
CONTINUOUS
10
63.0565280000000001
20
-45.7417899999999946
11
63.151765999999995
21
-45.5513139999999979
0
LINE
8
BLACK
6
CONTINUOUS
10
63.151765999999995
20
-45.5513139999999979
11
63.2470039999999969
21
-45.4560759999999959
0
LINE
8
BLACK
6
CONTINUOUS
10
63.2470039999999969
20
-45.4560759999999959
11
63.4374799999999937
21
-45.3608380000000011
0
LINE
8
BLACK
6
CONTINUOUS
10
66.0089090000000027
20
-47.3608380000000011
11
64.8660519999999963
21
-47.3608380000000011
0
LINE
8
BLACK
6
CONTINUOUS
10
65.4374799999999937
20
-47.3608380000000011
11
65.4374799999999937
21
-45.3608380000000011
0
LINE
8
BLACK
6
CONTINUOUS
10
65.4374799999999937
20
-45.3608380000000011
11
65.247004000000004
21
-45.6465519999999998
0
LINE
8
BLACK
6
CONTINUOUS
10
65.247004000000004
20
-45.6465519999999998
11
65.0565280000000001
21
-45.8370279999999966
0
LINE
8
BLACK
6
CONTINUOUS
10
65.0565280000000001
20
-45.8370279999999966
11
64.8660519999999963
21
-45.9322659999999985
0
LINE
8
BLACK
6
CONTINUOUS
10
67.8184329999999989
20
-45.3608380000000011
11
66.8660519999999963
21
-45.3608380000000011
0
LINE
8
BLACK
6
CONTINUOUS
10
66.8660519999999963
20
-45.3608380000000011
11
66.7708140000000014
21
-46.3132189999999966
0
LINE
8
BLACK
6
CONTINUOUS
10
66.7708140000000014
20
-46.3132189999999966
11
66.8660519999999963
21
-46.2179799999999972
0
LINE
8
BLACK
6
CONTINUOUS
10
66.8660519999999963
20
-46.2179799999999972
11
67.0565280000000001
21
-46.1227419999999952
0
LINE
8
BLACK
6
CONTINUOUS
10
67.0565280000000001
20
-46.1227419999999952
11
67.5327190000000002
21
-46.1227419999999952
0
LINE
8
BLACK
6
CONTINUOUS
10
67.5327190000000002
20
-46.1227419999999952
11
67.723195000000004
21
-46.2179799999999972
0
LINE
8
BLACK
6
CONTINUOUS
10
67.723195000000004
20
-46.2179799999999972
11
67.8184329999999989
21
-46.3132189999999966
0
LINE
8
BLACK
6
CONTINUOUS
10
67.8184329999999989
20
-46.3132189999999966
11
67.9136709999999937
21
-46.5036950000000004
0
LINE
8
BLACK
6
CONTINUOUS
10
67.9136709999999937
20
-46.5036950000000004
11
67.9136709999999937
21
-46.9798849999999959
0
LINE
8
BLACK
6
CONTINUOUS
10
67.9136709999999937
20
-46.9798849999999959
11
67.8184329999999989
21
-47.1703609999999998
0
LINE
8
BLACK
6
CONTINUOUS
10
67.8184329999999989
20
-47.1703609999999998
11
67.723195000000004
21
-47.2655999999999992
0
LINE
8
BLACK
6
CONTINUOUS
10
67.723195000000004
20
-47.2655999999999992
11
67.5327190000000002
21
-47.3608380000000011
0
LINE
8
BLACK
6
CONTINUOUS
10
67.5327190000000002
20
-47.3608380000000011
11
67.0565280000000001
21
-47.3608380000000011
0
LINE
8
BLACK
6
CONTINUOUS
10
67.0565280000000001
20
-47.3608380000000011
11
66.8660519999999963
21
-47.2655999999999992
0
LINE
8
BLACK
6
CONTINUOUS
10
66.8660519999999963
20
-47.2655999999999992
11
66.7708140000000014
21
-47.1703609999999998
0
LINE
8
BLACK
6
CONTINUOUS
10
68.5803379999999976
20
-45.3608380000000011
11
69.9136709999999937
21
-45.3608380000000011
0
LINE
8
BLACK
6
CONTINUOUS
10
69.9136709999999937
20
-45.3608380000000011
11
69.0565280000000001
21
-47.3608380000000011
0
LINE
8
BLACK
6
CONTINUOUS
10
70.5803379999999976
20
-45.3608380000000011
11
70.5803379999999976
21
-45.7417899999999946
0
LINE
8
BLACK
6
CONTINUOUS
10
71.3422429999999963
20
-45.3608380000000011
11
71.3422429999999963
21
-45.7417899999999946
0
LINE
8
BLACK
6
CONTINUOUS
10
74.2946249999999964
20
-48.1227419999999952
11
74.1993859999999898
21
-48.0275040000000004
0
LINE
8
BLACK
6
CONTINUOUS
10
74.1993859999999898
20
-48.0275040000000004
11
74.0089100000000002
21
-47.7417899999999946
0
LINE
8
BLACK
6
CONTINUOUS
10
74.0089100000000002
20
-47.7417899999999946
11
73.9136719999999912
21
-47.5513139999999979
0
LINE
8
BLACK
6
CONTINUOUS
10
73.9136719999999912
20
-47.5513139999999979
11
73.8184339999999963
21
-47.2655999999999992
0
LINE
8
BLACK
6
CONTINUOUS
10
73.8184339999999963
20
-47.2655999999999992
11
73.7231960000000015
21
-46.7894089999999991
0
LINE
8
BLACK
6
CONTINUOUS
10
73.7231960000000015
20
-46.7894089999999991
11
73.7231960000000015
21
-46.4084569999999985
0
LINE
8
BLACK
6
CONTINUOUS
10
73.7231960000000015
20
-46.4084569999999985
11
73.8184339999999963
21
-45.9322659999999985
0
LINE
8
BLACK
6
CONTINUOUS
10
73.8184339999999963
20
-45.9322659999999985
11
73.9136719999999912
21
-45.6465519999999998
0
LINE
8
BLACK
6
CONTINUOUS
10
73.9136719999999912
20
-45.6465519999999998
11
74.0089100000000002
21
-45.4560759999999959
0
LINE
8
BLACK
6
CONTINUOUS
10
74.0089100000000002
20
-45.4560759999999959
11
74.1993859999999898
21
-45.1703609999999998
0
LINE
8
BLACK
6
CONTINUOUS
10
74.1993859999999898
20
-45.1703609999999998
11
74.2946249999999964
21
-45.0751229999999978
0
LINE
8
BLACK
6
CONTINUOUS
10
76.104147999999995
20
-47.3608380000000011
11
74.9612910000000028
21
-47.3608380000000011
0
LINE
8
BLACK
6
CONTINUOUS
10
75.5327190000000002
20
-47.3608380000000011
11
75.5327190000000002
21
-45.3608380000000011
0
LINE
8
BLACK
6
CONTINUOUS
10
75.5327190000000002
20
-45.3608380000000011
11
75.3422429999999963
21
-45.6465519999999998
0
LINE
8
BLACK
6
CONTINUOUS
10
75.3422429999999963
20
-45.6465519999999998
11
75.1517669999999924
21
-45.8370279999999966
0
LINE
8
BLACK
6
CONTINUOUS
10
75.1517669999999924
20
-45.8370279999999966
11
74.9612910000000028
21
-45.9322659999999985
0
LINE
8
BLACK
6
CONTINUOUS
10
76.8660529999999937
20
-45.5513139999999979
11
76.9612910000000028
21
-45.4560759999999959
0
LINE
8
BLACK
6
CONTINUOUS
10
76.9612910000000028
20
-45.4560759999999959
11
77.1517669999999924
21
-45.3608380000000011
0
LINE
8
BLACK
6
CONTINUOUS
10
77.1517669999999924
20
-45.3608380000000011
11
77.6279579999999925
21
-45.3608380000000011
0
LINE
8
BLACK
6
CONTINUOUS
10
77.6279579999999925
20
-45.3608380000000011
11
77.8184339999999963
21
-45.4560759999999959
0
LINE
8
BLACK
6
CONTINUOUS
10
77.8184339999999963
20
-45.4560759999999959
11
77.9136719999999912
21
-45.5513139999999979
0
LINE
8
BLACK
6
CONTINUOUS
10
77.9136719999999912
20
-45.5513139999999979
11
78.0089100000000002
21
-45.7417899999999946
0
LINE
8
BLACK
6
CONTINUOUS
10
78.0089100000000002
20
-45.7417899999999946
11
78.0089100000000002
21
-45.9322659999999985
0
LINE
8
BLACK
6
CONTINUOUS
10
78.0089100000000002
20
-45.9322659999999985
11
77.9136719999999912
21
-46.2179799999999972
0
LINE
8
BLACK
6
CONTINUOUS
10
77.9136719999999912
20
-46.2179799999999972
11
76.7708149999999989
21
-47.3608380000000011
0
LINE
8
BLACK
6
CONTINUOUS
10
76.7708149999999989
20
-47.3608380000000011
11
78.0089100000000002
21
-47.3608380000000011
0
LINE
8
BLACK
6
CONTINUOUS
10
79.1517669999999924
20
-46.2179799999999972
11
78.9612910000000028
21
-46.1227419999999952
0
LINE
8
BLACK
6
CONTINUOUS
10
78.9612910000000028
20
-46.1227419999999952
11
78.8660529999999937
21
-46.0275040000000004
0
LINE
8
BLACK
6
CONTINUOUS
10
78.8660529999999937
20
-46.0275040000000004
11
78.7708149999999989
21
-45.8370279999999966
0
LINE
8
BLACK
6
CONTINUOUS
10
78.7708149999999989
20
-45.8370279999999966
11
78.7708149999999989
21
-45.7417899999999946
0
LINE
8
BLACK
6
CONTINUOUS
10
78.7708149999999989
20
-45.7417899999999946
11
78.8660529999999937
21
-45.5513139999999979
0
LINE
8
BLACK
6
CONTINUOUS
10
78.8660529999999937
20
-45.5513139999999979
11
78.9612910000000028
21
-45.4560759999999959
0
LINE
8
BLACK
6
CONTINUOUS
10
78.9612910000000028
20
-45.4560759999999959
11
79.1517669999999924
21
-45.3608380000000011
0
LINE
8
BLACK
6
CONTINUOUS
10
79.1517669999999924
20
-45.3608380000000011
11
79.5327199999999976
21
-45.3608380000000011
0
LINE
8
BLACK
6
CONTINUOUS
10
79.5327199999999976
20
-45.3608380000000011
11
79.7231960000000015
21
-45.4560759999999959
0
LINE
8
BLACK
6
CONTINUOUS
10
79.7231960000000015
20
-45.4560759999999959
11
79.8184339999999963
21
-45.5513139999999979
0
LINE
8
BLACK
6
CONTINUOUS
10
79.8184339999999963
20
-45.5513139999999979
11
79.9136719999999912
21
-45.7417899999999946
0
LINE
8
BLACK
6
CONTINUOUS
10
79.9136719999999912
20
-45.7417899999999946
11
79.9136719999999912
21
-45.8370279999999966
0
LINE
8
BLACK
6
CONTINUOUS
10
79.9136719999999912
20
-45.8370279999999966
11
79.8184339999999963
21
-46.0275040000000004
0
LINE
8
BLACK
6
CONTINUOUS
10
79.8184339999999963
20
-46.0275040000000004
11
79.7231960000000015
21
-46.1227419999999952
0
LINE
8
BLACK
6
CONTINUOUS
10
79.7231960000000015
20
-46.1227419999999952
11
79.5327199999999976
21
-46.2179799999999972
0
LINE
8
BLACK
6
CONTINUOUS
10
79.5327199999999976
20
-46.2179799999999972
11
79.1517669999999924
21
-46.2179799999999972
0
LINE
8
BLACK
6
CONTINUOUS
10
79.1517669999999924
20
-46.2179799999999972
11
78.9612910000000028
21
-46.3132189999999966
0
LINE
8
BLACK
6
CONTINUOUS
10
78.9612910000000028
20
-46.3132189999999966
11
78.8660529999999937
21
-46.4084569999999985
0
LINE
8
BLACK
6
CONTINUOUS
10
78.8660529999999937
20
-46.4084569999999985
11
78.7708149999999989
21
-46.5989329999999953
0
LINE
8
BLACK
6
CONTINUOUS
10
78.7708149999999989
20
-46.5989329999999953
11
78.7708149999999989
21
-46.9798849999999959
0
LINE
8
BLACK
6
CONTINUOUS
10
78.7708149999999989
20
-46.9798849999999959
11
78.8660529999999937
21
-47.1703609999999998
0
LINE
8
BLACK
6
CONTINUOUS
10
78.8660529999999937
20
-47.1703609999999998
11
78.9612910000000028
21
-47.2655999999999992
0
LINE
8
BLACK
6
CONTINUOUS
10
78.9612910000000028
20
-47.2655999999999992
11
79.1517669999999924
21
-47.3608380000000011
0
LINE
8
BLACK
6
CONTINUOUS
10
79.1517669999999924
20
-47.3608380000000011
11
79.5327199999999976
21
-47.3608380000000011
0
LINE
8
BLACK
6
CONTINUOUS
10
79.5327199999999976
20
-47.3608380000000011
11
79.7231960000000015
21
-47.2655999999999992
0
LINE
8
BLACK
6
CONTINUOUS
10
79.7231960000000015
20
-47.2655999999999992
11
79.8184339999999963
21
-47.1703609999999998
0
LINE
8
BLACK
6
CONTINUOUS
10
79.8184339999999963
20
-47.1703609999999998
11
79.9136719999999912
21
-46.9798849999999959
0
LINE
8
BLACK
6
CONTINUOUS
10
79.9136719999999912
20
-46.9798849999999959
11
79.9136719999999912
21
-46.5989329999999953
0
LINE
8
BLACK
6
CONTINUOUS
10
79.9136719999999912
20
-46.5989329999999953
11
79.8184339999999963
21
-46.4084569999999985
0
LINE
8
BLACK
6
CONTINUOUS
10
79.8184339999999963
20
-46.4084569999999985
11
79.7231960000000015
21
-46.3132189999999966
0
LINE
8
BLACK
6
CONTINUOUS
10
79.7231960000000015
20
-46.3132189999999966
11
79.5327199999999976
21
-46.2179799999999972
0
LINE
8
BLACK
6
CONTINUOUS
10
81.1517669999999924
20
-45.3608380000000011
11
81.3422439999999938
21
-45.3608380000000011
0
LINE
8
BLACK
6
CONTINUOUS
10
81.3422439999999938
20
-45.3608380000000011
11
81.5327199999999976
21
-45.4560759999999959
0
LINE
8
BLACK
6
CONTINUOUS
10
81.5327199999999976
20
-45.4560759999999959
11
81.6279579999999925
21
-45.5513139999999979
0
LINE
8
BLACK
6
CONTINUOUS
10
81.6279579999999925
20
-45.5513139999999979
11
81.7231960000000015
21
-45.7417899999999946
0
LINE
8
BLACK
6
CONTINUOUS
10
81.7231960000000015
20
-45.7417899999999946
11
81.8184339999999963
21
-46.1227419999999952
0
LINE
8
BLACK
6
CONTINUOUS
10
81.8184339999999963
20
-46.1227419999999952
11
81.8184339999999963
21
-46.5989329999999953
0
LINE
8
BLACK
6
CONTINUOUS
10
81.8184339999999963
20
-46.5989329999999953
11
81.7231960000000015
21
-46.9798849999999959
0
LINE
8
BLACK
6
CONTINUOUS
10
81.7231960000000015
20
-46.9798849999999959
11
81.6279579999999925
21
-47.1703609999999998
0
LINE
8
BLACK
6
CONTINUOUS
10
81.6279579999999925
20
-47.1703609999999998
11
81.5327199999999976
21
-47.2655999999999992
0
LINE
8
BLACK
6
CONTINUOUS
10
81.5327199999999976
20
-47.2655999999999992
11
81.3422439999999938
21
-47.3608380000000011
0
LINE
8
BLACK
6
CONTINUOUS
10
81.3422439999999938
20
-47.3608380000000011
11
81.1517669999999924
21
-47.3608380000000011
0
LINE
8
BLACK
6
CONTINUOUS
10
81.1517669999999924
20
-47.3608380000000011
11
80.9612910000000028
21
-47.2655999999999992
0
LINE
8
BLACK
6
CONTINUOUS
10
80.9612910000000028
20
-47.2655999999999992
11
80.8660529999999937
21
-47.1703609999999998
0
LINE
8
BLACK
6
CONTINUOUS
10
80.8660529999999937
20
-47.1703609999999998
11
80.7708149999999989
21
-46.9798849999999959
0
LINE
8
BLACK
6
CONTINUOUS
10
80.7708149999999989
20
-46.9798849999999959
11
80.6755769999999899
21
-46.5989329999999953
0
LINE
8
BLACK
6
CONTINUOUS
10
80.6755769999999899
20
-46.5989329999999953
11
80.6755769999999899
21
-46.1227419999999952
0
LINE
8
BLACK
6
CONTINUOUS
10
80.6755769999999899
20
-46.1227419999999952
11
80.7708149999999989
21
-45.7417899999999946
0
LINE
8
BLACK
6
CONTINUOUS
10
80.7708149999999989
20
-45.7417899999999946
11
80.8660529999999937
21
-45.5513139999999979
0
LINE
8
BLACK
6
CONTINUOUS
10
80.8660529999999937
20
-45.5513139999999979
11
80.9612910000000028
21
-45.4560759999999959
0
LINE
8
BLACK
6
CONTINUOUS
10
80.9612910000000028
20
-45.4560759999999959
11
81.1517669999999924
21
-45.3608380000000011
0
LINE
8
BLACK
6
CONTINUOUS
10
84.1993870000000015
20
-47.3608380000000011
11
84.1993870000000015
21
-45.3608380000000011
0
LINE
8
BLACK
6
CONTINUOUS
10
85.0565299999999951
20
-47.3608380000000011
11
85.0565299999999951
21
-46.3132189999999966
0
LINE
8
BLACK
6
CONTINUOUS
10
85.0565299999999951
20
-46.3132189999999966
11
84.9612920000000003
21
-46.1227419999999952
0
LINE
8
BLACK
6
CONTINUOUS
10
84.9612920000000003
20
-46.1227419999999952
11
84.7708159999999964
21
-46.0275040000000004
0
LINE
8
BLACK
6
CONTINUOUS
10
84.7708159999999964
20
-46.0275040000000004
11
84.4851010000000002
21
-46.0275040000000004
0
LINE
8
BLACK
6
CONTINUOUS
10
84.4851010000000002
20
-46.0275040000000004
11
84.2946249999999964
21
-46.1227419999999952
0
LINE
8
BLACK
6
CONTINUOUS
10
84.2946249999999964
20
-46.1227419999999952
11
84.1993870000000015
21
-46.2179799999999972
0
LINE
8
BLACK
6
CONTINUOUS
10
86.2946249999999964
20
-47.3608380000000011
11
86.1041489999999925
21
-47.2655999999999992
0
LINE
8
BLACK
6
CONTINUOUS
10
86.1041489999999925
20
-47.2655999999999992
11
86.0089109999999977
21
-47.1703609999999998
0
LINE
8
BLACK
6
CONTINUOUS
10
86.0089109999999977
20
-47.1703609999999998
11
85.9136730000000028
21
-46.9798849999999959
0
LINE
8
BLACK
6
CONTINUOUS
10
85.9136730000000028
20
-46.9798849999999959
11
85.9136730000000028
21
-46.4084569999999985
0
LINE
8
BLACK
6
CONTINUOUS
10
85.9136730000000028
20
-46.4084569999999985
11
86.0089109999999977
21
-46.2179799999999972
0
LINE
8
BLACK
6
CONTINUOUS
10
86.0089109999999977
20
-46.2179799999999972
11
86.1041489999999925
21
-46.1227419999999952
0
LINE
8
BLACK
6
CONTINUOUS
10
86.1041489999999925
20
-46.1227419999999952
11
86.2946249999999964
21
-46.0275040000000004
0
LINE
8
BLACK
6
CONTINUOUS
10
86.2946249999999964
20
-46.0275040000000004
11
86.5803399999999925
21
-46.0275040000000004
0
LINE
8
BLACK
6
CONTINUOUS
10
86.5803399999999925
20
-46.0275040000000004
11
86.7708159999999964
21
-46.1227419999999952
0
LINE
8
BLACK
6
CONTINUOUS
10
86.7708159999999964
20
-46.1227419999999952
11
86.8660539999999912
21
-46.2179799999999972
0
LINE
8
BLACK
6
CONTINUOUS
10
86.8660539999999912
20
-46.2179799999999972
11
86.9612920000000003
21
-46.4084569999999985
0
LINE
8
BLACK
6
CONTINUOUS
10
86.9612920000000003
20
-46.4084569999999985
11
86.9612920000000003
21
-46.9798849999999959
0
LINE
8
BLACK
6
CONTINUOUS
10
86.9612920000000003
20
-46.9798849999999959
11
86.8660539999999912
21
-47.1703609999999998
0
LINE
8
BLACK
6
CONTINUOUS
10
86.8660539999999912
20
-47.1703609999999998
11
86.7708159999999964
21
-47.2655999999999992
0
LINE
8
BLACK
6
CONTINUOUS
10
86.7708159999999964
20
-47.2655999999999992
11
86.5803399999999925
21
-47.3608380000000011
0
LINE
8
BLACK
6
CONTINUOUS
10
86.5803399999999925
20
-47.3608380000000011
11
86.2946249999999964
21
-47.3608380000000011
0
LINE
8
BLACK
6
CONTINUOUS
10
88.1041489999999925
20
-47.3608380000000011
11
87.9136730000000028
21
-47.2655999999999992
0
LINE
8
BLACK
6
CONTINUOUS
10
87.9136730000000028
20
-47.2655999999999992
11
87.8184349999999938
21
-47.0751229999999978
0
LINE
8
BLACK
6
CONTINUOUS
10
87.8184349999999938
20
-47.0751229999999978
11
87.8184349999999938
21
-45.3608380000000011
0
LINE
8
BLACK
6
CONTINUOUS
10
89.6279589999999899
20
-47.2655999999999992
11
89.4374830000000003
21
-47.3608380000000011
0
LINE
8
BLACK
6
CONTINUOUS
10
89.4374830000000003
20
-47.3608380000000011
11
89.0565299999999951
21
-47.3608380000000011
0
LINE
8
BLACK
6
CONTINUOUS
10
89.0565299999999951
20
-47.3608380000000011
11
88.8660539999999912
21
-47.2655999999999992
0
LINE
8
BLACK
6
CONTINUOUS
10
88.8660539999999912
20
-47.2655999999999992
11
88.7708159999999964
21
-47.0751229999999978
0
LINE
8
BLACK
6
CONTINUOUS
10
88.7708159999999964
20
-47.0751229999999978
11
88.7708159999999964
21
-46.3132189999999966
0
LINE
8
BLACK
6
CONTINUOUS
10
88.7708159999999964
20
-46.3132189999999966
11
88.8660539999999912
21
-46.1227419999999952
0
LINE
8
BLACK
6
CONTINUOUS
10
88.8660539999999912
20
-46.1227419999999952
11
89.0565299999999951
21
-46.0275040000000004
0
LINE
8
BLACK
6
CONTINUOUS
10
89.0565299999999951
20
-46.0275040000000004
11
89.4374830000000003
21
-46.0275040000000004
0
LINE
8
BLACK
6
CONTINUOUS
10
89.4374830000000003
20
-46.0275040000000004
11
89.6279589999999899
21
-46.1227419999999952
0
LINE
8
BLACK
6
CONTINUOUS
10
89.6279589999999899
20
-46.1227419999999952
11
89.723196999999999
21
-46.3132189999999966
0
LINE
8
BLACK
6
CONTINUOUS
10
89.723196999999999
20
-46.3132189999999966
11
89.723196999999999
21
-46.5036950000000004
0
LINE
8
BLACK
6
CONTINUOUS
10
89.723196999999999
20
-46.5036950000000004
11
88.7708159999999964
21
-46.6941709999999972
0
LINE
8
BLACK
6
CONTINUOUS
10
90.4851019999999977
20
-47.2655999999999992
11
90.6755780000000016
21
-47.3608380000000011
0
LINE
8
BLACK
6
CONTINUOUS
10
90.6755780000000016
20
-47.3608380000000011
11
91.0565299999999951
21
-47.3608380000000011
0
LINE
8
BLACK
6
CONTINUOUS
10
91.0565299999999951
20
-47.3608380000000011
11
91.2470069999999964
21
-47.2655999999999992
0
LINE
8
BLACK
6
CONTINUOUS
10
91.2470069999999964
20
-47.2655999999999992
11
91.3422449999999913
21
-47.0751229999999978
0
LINE
8
BLACK
6
CONTINUOUS
10
91.3422449999999913
20
-47.0751229999999978
11
91.3422449999999913
21
-46.9798849999999959
0
LINE
8
BLACK
6
CONTINUOUS
10
91.3422449999999913
20
-46.9798849999999959
11
91.2470069999999964
21
-46.7894089999999991
0
LINE
8
BLACK
6
CONTINUOUS
10
91.2470069999999964
20
-46.7894089999999991
11
91.0565299999999951
21
-46.6941709999999972
0
LINE
8
BLACK
6
CONTINUOUS
10
91.0565299999999951
20
-46.6941709999999972
11
90.7708159999999964
21
-46.6941709999999972
0
LINE
8
BLACK
6
CONTINUOUS
10
90.7708159999999964
20
-46.6941709999999972
11
90.5803399999999925
21
-46.5989329999999953
0
LINE
8
BLACK
6
CONTINUOUS
10
90.5803399999999925
20
-46.5989329999999953
11
90.4851019999999977
21
-46.4084569999999985
0
LINE
8
BLACK
6
CONTINUOUS
10
90.4851019999999977
20
-46.4084569999999985
11
90.4851019999999977
21
-46.3132189999999966
0
LINE
8
BLACK
6
CONTINUOUS
10
90.4851019999999977
20
-46.3132189999999966
11
90.5803399999999925
21
-46.1227419999999952
0
LINE
8
BLACK
6
CONTINUOUS
10
90.5803399999999925
20
-46.1227419999999952
11
90.7708159999999964
21
-46.0275040000000004
0
LINE
8
BLACK
6
CONTINUOUS
10
90.7708159999999964
20
-46.0275040000000004
11
91.0565299999999951
21
-46.0275040000000004
0
LINE
8
BLACK
6
CONTINUOUS
10
91.0565299999999951
20
-46.0275040000000004
11
91.2470069999999964
21
-46.1227419999999952
0
LINE
8
BLACK
6
CONTINUOUS
10
92.0089119999999951
20
-48.1227419999999952
11
92.10414999999999
21
-48.0275040000000004
0
LINE
8
BLACK
6
CONTINUOUS
10
92.10414999999999
20
-48.0275040000000004
11
92.2946259999999938
21
-47.7417899999999946
0
LINE
8
BLACK
6
CONTINUOUS
10
92.2946259999999938
20
-47.7417899999999946
11
92.3898640000000029
21
-47.5513139999999979
0
LINE
8
BLACK
6
CONTINUOUS
10
92.3898640000000029
20
-47.5513139999999979
11
92.4851019999999977
21
-47.2655999999999992
0
LINE
8
BLACK
6
CONTINUOUS
10
92.4851019999999977
20
-47.2655999999999992
11
92.5803399999999925
21
-46.7894089999999991
0
LINE
8
BLACK
6
CONTINUOUS
10
92.5803399999999925
20
-46.7894089999999991
11
92.5803399999999925
21
-46.4084569999999985
0
LINE
8
BLACK
6
CONTINUOUS
10
92.5803399999999925
20
-46.4084569999999985
11
92.4851019999999977
21
-45.9322659999999985
0
LINE
8
BLACK
6
CONTINUOUS
10
92.4851019999999977
20
-45.9322659999999985
11
92.3898640000000029
21
-45.6465519999999998
0
LINE
8
BLACK
6
CONTINUOUS
10
92.3898640000000029
20
-45.6465519999999998
11
92.2946259999999938
21
-45.4560759999999959
0
LINE
8
BLACK
6
CONTINUOUS
10
92.2946259999999938
20
-45.4560759999999959
11
92.10414999999999
21
-45.1703609999999998
0
LINE
8
BLACK
6
CONTINUOUS
10
92.10414999999999
20
-45.1703609999999998
11
92.0089119999999951
21
-45.0751229999999978
0
CIRCLE
8
BLACK
10
38.3439959999999971
20
-49.0859999999999985
40
0.2
0
LINE
8
BLACK
6
CONTINUOUS
10
41.5327160000000006
20
-48.0008379999999946
11
41.7231929999999949
21
-48.0008379999999946
0
LINE
8
BLACK
6
CONTINUOUS
10
41.7231929999999949
20
-48.0008379999999946
11
41.9136689999999987
21
-48.0960759999999965
0
LINE
8
BLACK
6
CONTINUOUS
10
41.9136689999999987
20
-48.0960759999999965
11
42.0089070000000007
21
-48.1913139999999984
0
LINE
8
BLACK
6
CONTINUOUS
10
42.0089070000000007
20
-48.1913139999999984
11
42.1041449999999955
21
-48.3817899999999952
0
LINE
8
BLACK
6
CONTINUOUS
10
42.1041449999999955
20
-48.3817899999999952
11
42.1993829999999974
21
-48.7627419999999958
0
LINE
8
BLACK
6
CONTINUOUS
10
42.1993829999999974
20
-48.7627419999999958
11
42.1993829999999974
21
-49.2389329999999958
0
LINE
8
BLACK
6
CONTINUOUS
10
42.1993829999999974
20
-49.2389329999999958
11
42.1041449999999955
21
-49.6198849999999965
0
LINE
8
BLACK
6
CONTINUOUS
10
42.1041449999999955
20
-49.6198849999999965
11
42.0089070000000007
21
-49.8103610000000003
0
LINE
8
BLACK
6
CONTINUOUS
10
42.0089070000000007
20
-49.8103610000000003
11
41.9136689999999987
21
-49.9055999999999997
0
LINE
8
BLACK
6
CONTINUOUS
10
41.9136689999999987
20
-49.9055999999999997
11
41.7231929999999949
21
-50.0008379999999946
0
LINE
8
BLACK
6
CONTINUOUS
10
41.7231929999999949
20
-50.0008379999999946
11
41.5327160000000006
21
-50.0008379999999946
0
LINE
8
BLACK
6
CONTINUOUS
10
41.5327160000000006
20
-50.0008379999999946
11
41.3422399999999968
21
-49.9055999999999997
0
LINE
8
BLACK
6
CONTINUOUS
10
41.3422399999999968
20
-49.9055999999999997
11
41.2470019999999948
21
-49.8103610000000003
0
LINE
8
BLACK
6
CONTINUOUS
10
41.2470019999999948
20
-49.8103610000000003
11
41.151764
21
-49.6198849999999965
0
LINE
8
BLACK
6
CONTINUOUS
10
41.151764
20
-49.6198849999999965
11
41.0565259999999981
21
-49.2389329999999958
0
LINE
8
BLACK
6
CONTINUOUS
10
41.0565259999999981
20
-49.2389329999999958
11
41.0565259999999981
21
-48.7627419999999958
0
LINE
8
BLACK
6
CONTINUOUS
10
41.0565259999999981
20
-48.7627419999999958
11
41.151764
21
-48.3817899999999952
0
LINE
8
BLACK
6
CONTINUOUS
10
41.151764
20
-48.3817899999999952
11
41.2470019999999948
21
-48.1913139999999984
0
LINE
8
BLACK
6
CONTINUOUS
10
41.2470019999999948
20
-48.1913139999999984
11
41.3422399999999968
21
-48.0960759999999965
0
LINE
8
BLACK
6
CONTINUOUS
10
41.3422399999999968
20
-48.0960759999999965
11
41.5327160000000006
21
-48.0008379999999946
0
LINE
8
BLACK
6
CONTINUOUS
10
43.0565259999999981
20
-49.8103610000000003
11
43.151764
21
-49.9055999999999997
0
LINE
8
BLACK
6
CONTINUOUS
10
43.151764
20
-49.9055999999999997
11
43.0565259999999981
21
-50.0008379999999946
0
LINE
8
BLACK
6
CONTINUOUS
10
43.0565259999999981
20
-50.0008379999999946
11
42.9612879999999961
21
-49.9055999999999997
0
LINE
8
BLACK
6
CONTINUOUS
10
42.9612879999999961
20
-49.9055999999999997
11
43.0565259999999981
21
-49.8103610000000003
0
LINE
8
BLACK
6
CONTINUOUS
10
43.0565259999999981
20
-49.8103610000000003
11
43.0565259999999981
21
-50.0008379999999946
0
LINE
8
BLACK
6
CONTINUOUS
10
44.8660500000000013
20
-48.667504000000001
11
44.8660500000000013
21
-50.0008379999999946
0
LINE
8
BLACK
6
CONTINUOUS
10
44.3898590000000013
20
-47.9055999999999997
11
43.9136689999999987
21
-49.3341709999999978
0
LINE
8
BLACK
6
CONTINUOUS
10
43.9136689999999987
20
-49.3341709999999978
11
45.151764
21
-49.3341709999999978
0
LINE
8
BLACK
6
CONTINUOUS
10
46.2946209999999994
20
-48.0008379999999946
11
46.4850980000000007
21
-48.0008379999999946
0
LINE
8
BLACK
6
CONTINUOUS
10
46.4850980000000007
20
-48.0008379999999946
11
46.6755739999999975
21
-48.0960759999999965
0
LINE
8
BLACK
6
CONTINUOUS
10
46.6755739999999975
20
-48.0960759999999965
11
46.7708119999999994
21
-48.1913139999999984
0
LINE
8
BLACK
6
CONTINUOUS
10
46.7708119999999994
20
-48.1913139999999984
11
46.8660500000000013
21
-48.3817899999999952
0
LINE
8
BLACK
6
CONTINUOUS
10
46.8660500000000013
20
-48.3817899999999952
11
46.9612879999999961
21
-48.7627419999999958
0
LINE
8
BLACK
6
CONTINUOUS
10
46.9612879999999961
20
-48.7627419999999958
11
46.9612879999999961
21
-49.2389329999999958
0
LINE
8
BLACK
6
CONTINUOUS
10
46.9612879999999961
20
-49.2389329999999958
11
46.8660500000000013
21
-49.6198849999999965
0
LINE
8
BLACK
6
CONTINUOUS
10
46.8660500000000013
20
-49.6198849999999965
11
46.7708119999999994
21
-49.8103610000000003
0
LINE
8
BLACK
6
CONTINUOUS
10
46.7708119999999994
20
-49.8103610000000003
11
46.6755739999999975
21
-49.9055999999999997
0
LINE
8
BLACK
6
CONTINUOUS
10
46.6755739999999975
20
-49.9055999999999997
11
46.4850980000000007
21
-50.0008379999999946
0
LINE
8
BLACK
6
CONTINUOUS
10
46.4850980000000007
20
-50.0008379999999946
11
46.2946209999999994
21
-50.0008379999999946
0
LINE
8
BLACK
6
CONTINUOUS
10
46.2946209999999994
20
-50.0008379999999946
11
46.1041449999999955
21
-49.9055999999999997
0
LINE
8
BLACK
6
CONTINUOUS
10
46.1041449999999955
20
-49.9055999999999997
11
46.0089070000000007
21
-49.8103610000000003
0
LINE
8
BLACK
6
CONTINUOUS
10
46.0089070000000007
20
-49.8103610000000003
11
45.9136689999999987
21
-49.6198849999999965
0
LINE
8
BLACK
6
CONTINUOUS
10
45.9136689999999987
20
-49.6198849999999965
11
45.8184309999999968
21
-49.2389329999999958
0
LINE
8
BLACK
6
CONTINUOUS
10
45.8184309999999968
20
-49.2389329999999958
11
45.8184309999999968
21
-48.7627419999999958
0
LINE
8
BLACK
6
CONTINUOUS
10
45.8184309999999968
20
-48.7627419999999958
11
45.9136689999999987
21
-48.3817899999999952
0
LINE
8
BLACK
6
CONTINUOUS
10
45.9136689999999987
20
-48.3817899999999952
11
46.0089070000000007
21
-48.1913139999999984
0
LINE
8
BLACK
6
CONTINUOUS
10
46.0089070000000007
20
-48.1913139999999984
11
46.1041449999999955
21
-48.0960759999999965
0
LINE
8
BLACK
6
CONTINUOUS
10
46.1041449999999955
20
-48.0960759999999965
11
46.2946209999999994
21
-48.0008379999999946
0
LINE
8
BLACK
6
CONTINUOUS
10
48.1993829999999974
20
-48.0008379999999946
11
48.3898599999999988
21
-48.0008379999999946
0
LINE
8
BLACK
6
CONTINUOUS
10
48.3898599999999988
20
-48.0008379999999946
11
48.5803359999999955
21
-48.0960759999999965
0
LINE
8
BLACK
6
CONTINUOUS
10
48.5803359999999955
20
-48.0960759999999965
11
48.6755739999999975
21
-48.1913139999999984
0
LINE
8
BLACK
6
CONTINUOUS
10
48.6755739999999975
20
-48.1913139999999984
11
48.7708119999999994
21
-48.3817899999999952
0
LINE
8
BLACK
6
CONTINUOUS
10
48.7708119999999994
20
-48.3817899999999952
11
48.8660500000000013
21
-48.7627419999999958
0
LINE
8
BLACK
6
CONTINUOUS
10
48.8660500000000013
20
-48.7627419999999958
11
48.8660500000000013
21
-49.2389329999999958
0
LINE
8
BLACK
6
CONTINUOUS
10
48.8660500000000013
20
-49.2389329999999958
11
48.7708119999999994
21
-49.6198849999999965
0
LINE
8
BLACK
6
CONTINUOUS
10
48.7708119999999994
20
-49.6198849999999965
11
48.6755739999999975
21
-49.8103610000000003
0
LINE
8
BLACK
6
CONTINUOUS
10
48.6755739999999975
20
-49.8103610000000003
11
48.5803359999999955
21
-49.9055999999999997
0
LINE
8
BLACK
6
CONTINUOUS
10
48.5803359999999955
20
-49.9055999999999997
11
48.3898599999999988
21
-50.0008379999999946
0
LINE
8
BLACK
6
CONTINUOUS
10
48.3898599999999988
20
-50.0008379999999946
11
48.1993829999999974
21
-50.0008379999999946
0
LINE
8
BLACK
6
CONTINUOUS
10
48.1993829999999974
20
-50.0008379999999946
11
48.0089070000000007
21
-49.9055999999999997
0
LINE
8
BLACK
6
CONTINUOUS
10
48.0089070000000007
20
-49.9055999999999997
11
47.9136689999999987
21
-49.8103610000000003
0
LINE
8
BLACK
6
CONTINUOUS
10
47.9136689999999987
20
-49.8103610000000003
11
47.8184309999999968
21
-49.6198849999999965
0
LINE
8
BLACK
6
CONTINUOUS
10
47.8184309999999968
20
-49.6198849999999965
11
47.7231929999999949
21
-49.2389329999999958
0
LINE
8
BLACK
6
CONTINUOUS
10
47.7231929999999949
20
-49.2389329999999958
11
47.7231929999999949
21
-48.7627419999999958
0
LINE
8
BLACK
6
CONTINUOUS
10
47.7231929999999949
20
-48.7627419999999958
11
47.8184309999999968
21
-48.3817899999999952
0
LINE
8
BLACK
6
CONTINUOUS
10
47.8184309999999968
20
-48.3817899999999952
11
47.9136689999999987
21
-48.1913139999999984
0
LINE
8
BLACK
6
CONTINUOUS
10
47.9136689999999987
20
-48.1913139999999984
11
48.0089070000000007
21
-48.0960759999999965
0
LINE
8
BLACK
6
CONTINUOUS
10
48.0089070000000007
20
-48.0960759999999965
11
48.1993829999999974
21
-48.0008379999999946
0
LINE
8
BLACK
6
CONTINUOUS
10
49.7231929999999949
20
-50.0008379999999946
11
49.7231929999999949
21
-48.667504000000001
0
LINE
8
BLACK
6
CONTINUOUS
10
49.7231929999999949
20
-48.8579799999999977
11
49.8184309999999968
21
-48.7627419999999958
0
LINE
8
BLACK
6
CONTINUOUS
10
49.8184309999999968
20
-48.7627419999999958
11
50.0089070000000007
21
-48.667504000000001
0
LINE
8
BLACK
6
CONTINUOUS
10
50.0089070000000007
20
-48.667504000000001
11
50.2946219999999968
21
-48.667504000000001
0
LINE
8
BLACK
6
CONTINUOUS
10
50.2946219999999968
20
-48.667504000000001
11
50.4850980000000007
21
-48.7627419999999958
0
LINE
8
BLACK
6
CONTINUOUS
10
50.4850980000000007
20
-48.7627419999999958
11
50.5803359999999955
21
-48.9532189999999972
0
LINE
8
BLACK
6
CONTINUOUS
10
50.5803359999999955
20
-48.9532189999999972
11
50.5803359999999955
21
-50.0008379999999946
0
LINE
8
BLACK
6
CONTINUOUS
10
50.5803359999999955
20
-48.9532189999999972
11
50.6755739999999975
21
-48.7627419999999958
0
LINE
8
BLACK
6
CONTINUOUS
10
50.6755739999999975
20
-48.7627419999999958
11
50.8660499999999942
21
-48.667504000000001
0
LINE
8
BLACK
6
CONTINUOUS
10
50.8660499999999942
20
-48.667504000000001
11
51.151764
21
-48.667504000000001
0
LINE
8
BLACK
6
CONTINUOUS
10
51.151764
20
-48.667504000000001
11
51.3422409999999942
21
-48.7627419999999958
0
LINE
8
BLACK
6
CONTINUOUS
10
51.3422409999999942
20
-48.7627419999999958
11
51.4374789999999962
21
-48.9532189999999972
0
LINE
8
BLACK
6
CONTINUOUS
10
51.4374789999999962
20
-48.9532189999999972
11
51.4374789999999962
21
-50.0008379999999946
0
LINE
8
BLACK
6
CONTINUOUS
10
52.3898599999999988
20
-50.0008379999999946
11
52.3898599999999988
21
-48.667504000000001
0
LINE
8
BLACK
6
CONTINUOUS
10
52.3898599999999988
20
-48.8579799999999977
11
52.4850980000000007
21
-48.7627419999999958
0
LINE
8
BLACK
6
CONTINUOUS
10
52.4850980000000007
20
-48.7627419999999958
11
52.6755739999999975
21
-48.667504000000001
0
LINE
8
BLACK
6
CONTINUOUS
10
52.6755739999999975
20
-48.667504000000001
11
52.9612890000000007
21
-48.667504000000001
0
LINE
8
BLACK
6
CONTINUOUS
10
52.9612890000000007
20
-48.667504000000001
11
53.1517649999999975
21
-48.7627419999999958
0
LINE
8
BLACK
6
CONTINUOUS
10
53.1517649999999975
20
-48.7627419999999958
11
53.2470029999999994
21
-48.9532189999999972
0
LINE
8
BLACK
6
CONTINUOUS
10
53.2470029999999994
20
-48.9532189999999972
11
53.2470029999999994
21
-50.0008379999999946
0
LINE
8
BLACK
6
CONTINUOUS
10
53.2470029999999994
20
-48.9532189999999972
11
53.3422409999999942
21
-48.7627419999999958
0
LINE
8
BLACK
6
CONTINUOUS
10
53.3422409999999942
20
-48.7627419999999958
11
53.5327169999999981
21
-48.667504000000001
0
LINE
8
BLACK
6
CONTINUOUS
10
53.5327169999999981
20
-48.667504000000001
11
53.8184309999999968
21
-48.667504000000001
0
LINE
8
BLACK
6
CONTINUOUS
10
53.8184309999999968
20
-48.667504000000001
11
54.0089079999999981
21
-48.7627419999999958
0
LINE
8
BLACK
6
CONTINUOUS
10
54.0089079999999981
20
-48.7627419999999958
11
54.1041460000000001
21
-48.9532189999999972
0
LINE
8
BLACK
6
CONTINUOUS
10
54.1041460000000001
20
-48.9532189999999972
11
54.1041460000000001
21
-50.0008379999999946
0
LINE
8
BLACK
6
CONTINUOUS
10
58.0089079999999981
20
-47.9055999999999997
11
56.2946229999999943
21
-50.4770279999999971
0
LINE
8
BLACK
6
CONTINUOUS
10
60.5803370000000001
20
-48.0008379999999946
11
60.7708139999999943
21
-48.0008379999999946
0
LINE
8
BLACK
6
CONTINUOUS
10
60.7708139999999943
20
-48.0008379999999946
11
60.9612899999999982
21
-48.0960759999999965
0
LINE
8
BLACK
6
CONTINUOUS
10
60.9612899999999982
20
-48.0960759999999965
11
61.0565280000000001
21
-48.1913139999999984
0
LINE
8
BLACK
6
CONTINUOUS
10
61.0565280000000001
20
-48.1913139999999984
11
61.151765999999995
21
-48.3817899999999952
0
LINE
8
BLACK
6
CONTINUOUS
10
61.151765999999995
20
-48.3817899999999952
11
61.2470039999999969
21
-48.7627419999999958
0
LINE
8
BLACK
6
CONTINUOUS
10
61.2470039999999969
20
-48.7627419999999958
11
61.2470039999999969
21
-49.2389329999999958
0
LINE
8
BLACK
6
CONTINUOUS
10
61.2470039999999969
20
-49.2389329999999958
11
61.151765999999995
21
-49.6198849999999965
0
LINE
8
BLACK
6
CONTINUOUS
10
61.151765999999995
20
-49.6198849999999965
11
61.0565280000000001
21
-49.8103610000000003
0
LINE
8
BLACK
6
CONTINUOUS
10
61.0565280000000001
20
-49.8103610000000003
11
60.9612899999999982
21
-49.9055999999999997
0
LINE
8
BLACK
6
CONTINUOUS
10
60.9612899999999982
20
-49.9055999999999997
11
60.7708139999999943
21
-50.0008379999999946
0
LINE
8
BLACK
6
CONTINUOUS
10
60.7708139999999943
20
-50.0008379999999946
11
60.5803370000000001
21
-50.0008379999999946
0
LINE
8
BLACK
6
CONTINUOUS
10
60.5803370000000001
20
-50.0008379999999946
11
60.3898609999999962
21
-49.9055999999999997
0
LINE
8
BLACK
6
CONTINUOUS
10
60.3898609999999962
20
-49.9055999999999997
11
60.2946229999999943
21
-49.8103610000000003
0
LINE
8
BLACK
6
CONTINUOUS
10
60.2946229999999943
20
-49.8103610000000003
11
60.1993849999999995
21
-49.6198849999999965
0
LINE
8
BLACK
6
CONTINUOUS
10
60.1993849999999995
20
-49.6198849999999965
11
60.1041469999999975
21
-49.2389329999999958
0
LINE
8
BLACK
6
CONTINUOUS
10
60.1041469999999975
20
-49.2389329999999958
11
60.1041469999999975
21
-48.7627419999999958
0
LINE
8
BLACK
6
CONTINUOUS
10
60.1041469999999975
20
-48.7627419999999958
11
60.1993849999999995
21
-48.3817899999999952
0
LINE
8
BLACK
6
CONTINUOUS
10
60.1993849999999995
20
-48.3817899999999952
11
60.2946229999999943
21
-48.1913139999999984
0
LINE
8
BLACK
6
CONTINUOUS
10
60.2946229999999943
20
-48.1913139999999984
11
60.3898609999999962
21
-48.0960759999999965
0
LINE
8
BLACK
6
CONTINUOUS
10
60.3898609999999962
20
-48.0960759999999965
11
60.5803370000000001
21
-48.0008379999999946
0
LINE
8
BLACK
6
CONTINUOUS
10
62.1041469999999975
20
-49.8103610000000003
11
62.1993849999999995
21
-49.9055999999999997
0
LINE
8
BLACK
6
CONTINUOUS
10
62.1993849999999995
20
-49.9055999999999997
11
62.1041469999999975
21
-50.0008379999999946
0
LINE
8
BLACK
6
CONTINUOUS
10
62.1041469999999975
20
-50.0008379999999946
11
62.0089089999999956
21
-49.9055999999999997
0
LINE
8
BLACK
6
CONTINUOUS
10
62.0089089999999956
20
-49.9055999999999997
11
62.1041469999999975
21
-49.8103610000000003
0
LINE
8
BLACK
6
CONTINUOUS
10
62.1041469999999975
20
-49.8103610000000003
11
62.1041469999999975
21
-50.0008379999999946
0
LINE
8
BLACK
6
CONTINUOUS
10
63.4374799999999937
20
-48.0008379999999946
11
63.627956999999995
21
-48.0008379999999946
0
LINE
8
BLACK
6
CONTINUOUS
10
63.627956999999995
20
-48.0008379999999946
11
63.8184329999999989
21
-48.0960759999999965
0
LINE
8
BLACK
6
CONTINUOUS
10
63.8184329999999989
20
-48.0960759999999965
11
63.9136709999999937
21
-48.1913139999999984
0
LINE
8
BLACK
6
CONTINUOUS
10
63.9136709999999937
20
-48.1913139999999984
11
64.0089090000000027
21
-48.3817899999999952
0
LINE
8
BLACK
6
CONTINUOUS
10
64.0089090000000027
20
-48.3817899999999952
11
64.1041469999999975
21
-48.7627419999999958
0
LINE
8
BLACK
6
CONTINUOUS
10
64.1041469999999975
20
-48.7627419999999958
11
64.1041469999999975
21
-49.2389329999999958
0
LINE
8
BLACK
6
CONTINUOUS
10
64.1041469999999975
20
-49.2389329999999958
11
64.0089090000000027
21
-49.6198849999999965
0
LINE
8
BLACK
6
CONTINUOUS
10
64.0089090000000027
20
-49.6198849999999965
11
63.9136709999999937
21
-49.8103610000000003
0
LINE
8
BLACK
6
CONTINUOUS
10
63.9136709999999937
20
-49.8103610000000003
11
63.8184329999999989
21
-49.9055999999999997
0
LINE
8
BLACK
6
CONTINUOUS
10
63.8184329999999989
20
-49.9055999999999997
11
63.627956999999995
21
-50.0008379999999946
0
LINE
8
BLACK
6
CONTINUOUS
10
63.627956999999995
20
-50.0008379999999946
11
63.4374799999999937
21
-50.0008379999999946
0
LINE
8
BLACK
6
CONTINUOUS
10
63.4374799999999937
20
-50.0008379999999946
11
63.2470039999999969
21
-49.9055999999999997
0
LINE
8
BLACK
6
CONTINUOUS
10
63.2470039999999969
20
-49.9055999999999997
11
63.151765999999995
21
-49.8103610000000003
0
LINE
8
BLACK
6
CONTINUOUS
10
63.151765999999995
20
-49.8103610000000003
11
63.0565280000000001
21
-49.6198849999999965
0
LINE
8
BLACK
6
CONTINUOUS
10
63.0565280000000001
20
-49.6198849999999965
11
62.9612899999999982
21
-49.2389329999999958
0
LINE
8
BLACK
6
CONTINUOUS
10
62.9612899999999982
20
-49.2389329999999958
11
62.9612899999999982
21
-48.7627419999999958
0
LINE
8
BLACK
6
CONTINUOUS
10
62.9612899999999982
20
-48.7627419999999958
11
63.0565280000000001
21
-48.3817899999999952
0
LINE
8
BLACK
6
CONTINUOUS
10
63.0565280000000001
20
-48.3817899999999952
11
63.151765999999995
21
-48.1913139999999984
0
LINE
8
BLACK
6
CONTINUOUS
10
63.151765999999995
20
-48.1913139999999984
11
63.2470039999999969
21
-48.0960759999999965
0
LINE
8
BLACK
6
CONTINUOUS
10
63.2470039999999969
20
-48.0960759999999965
11
63.4374799999999937
21
-48.0008379999999946
0
LINE
8
BLACK
6
CONTINUOUS
10
66.0089090000000027
20
-50.0008379999999946
11
64.8660519999999963
21
-50.0008379999999946
0
LINE
8
BLACK
6
CONTINUOUS
10
65.4374799999999937
20
-50.0008379999999946
11
65.4374799999999937
21
-48.0008379999999946
0
LINE
8
BLACK
6
CONTINUOUS
10
65.4374799999999937
20
-48.0008379999999946
11
65.247004000000004
21
-48.2865520000000004
0
LINE
8
BLACK
6
CONTINUOUS
10
65.247004000000004
20
-48.2865520000000004
11
65.0565280000000001
21
-48.4770279999999971
0
LINE
8
BLACK
6
CONTINUOUS
10
65.0565280000000001
20
-48.4770279999999971
11
64.8660519999999963
21
-48.5722659999999991
0
LINE
8
BLACK
6
CONTINUOUS
10
67.8184329999999989
20
-48.0008379999999946
11
66.8660519999999963
21
-48.0008379999999946
0
LINE
8
BLACK
6
CONTINUOUS
10
66.8660519999999963
20
-48.0008379999999946
11
66.7708140000000014
21
-48.9532189999999972
0
LINE
8
BLACK
6
CONTINUOUS
10
66.7708140000000014
20
-48.9532189999999972
11
66.8660519999999963
21
-48.8579799999999977
0
LINE
8
BLACK
6
CONTINUOUS
10
66.8660519999999963
20
-48.8579799999999977
11
67.0565280000000001
21
-48.7627419999999958
0
LINE
8
BLACK
6
CONTINUOUS
10
67.0565280000000001
20
-48.7627419999999958
11
67.5327190000000002
21
-48.7627419999999958
0
LINE
8
BLACK
6
CONTINUOUS
10
67.5327190000000002
20
-48.7627419999999958
11
67.723195000000004
21
-48.8579799999999977
0
LINE
8
BLACK
6
CONTINUOUS
10
67.723195000000004
20
-48.8579799999999977
11
67.8184329999999989
21
-48.9532189999999972
0
LINE
8
BLACK
6
CONTINUOUS
10
67.8184329999999989
20
-48.9532189999999972
11
67.9136709999999937
21
-49.143695000000001
0
LINE
8
BLACK
6
CONTINUOUS
10
67.9136709999999937
20
-49.143695000000001
11
67.9136709999999937
21
-49.6198849999999965
0
LINE
8
BLACK
6
CONTINUOUS
10
67.9136709999999937
20
-49.6198849999999965
11
67.8184329999999989
21
-49.8103610000000003
0
LINE
8
BLACK
6
CONTINUOUS
10
67.8184329999999989
20
-49.8103610000000003
11
67.723195000000004
21
-49.9055999999999997
0
LINE
8
BLACK
6
CONTINUOUS
10
67.723195000000004
20
-49.9055999999999997
11
67.5327190000000002
21
-50.0008379999999946
0
LINE
8
BLACK
6
CONTINUOUS
10
67.5327190000000002
20
-50.0008379999999946
11
67.0565280000000001
21
-50.0008379999999946
0
LINE
8
BLACK
6
CONTINUOUS
10
67.0565280000000001
20
-50.0008379999999946
11
66.8660519999999963
21
-49.9055999999999997
0
LINE
8
BLACK
6
CONTINUOUS
10
66.8660519999999963
20
-49.9055999999999997
11
66.7708140000000014
21
-49.8103610000000003
0
LINE
8
BLACK
6
CONTINUOUS
10
68.5803379999999976
20
-48.0008379999999946
11
69.9136709999999937
21
-48.0008379999999946
0
LINE
8
BLACK
6
CONTINUOUS
10
69.9136709999999937
20
-48.0008379999999946
11
69.0565280000000001
21
-50.0008379999999946
0
LINE
8
BLACK
6
CONTINUOUS
10
70.5803379999999976
20
-48.0008379999999946
11
70.5803379999999976
21
-48.3817899999999952
0
LINE
8
BLACK
6
CONTINUOUS
10
71.3422429999999963
20
-48.0008379999999946
11
71.3422429999999963
21
-48.3817899999999952
0
LINE
8
BLACK
6
CONTINUOUS
10
74.2946249999999964
20
-50.7627419999999958
11
74.1993859999999898
21
-50.667504000000001
0
LINE
8
BLACK
6
CONTINUOUS
10
74.1993859999999898
20
-50.667504000000001
11
74.0089100000000002
21
-50.3817899999999952
0
LINE
8
BLACK
6
CONTINUOUS
10
74.0089100000000002
20
-50.3817899999999952
11
73.9136719999999912
21
-50.1913139999999984
0
LINE
8
BLACK
6
CONTINUOUS
10
73.9136719999999912
20
-50.1913139999999984
11
73.8184339999999963
21
-49.9055999999999997
0
LINE
8
BLACK
6
CONTINUOUS
10
73.8184339999999963
20
-49.9055999999999997
11
73.7231960000000015
21
-49.4294089999999997
0
LINE
8
BLACK
6
CONTINUOUS
10
73.7231960000000015
20
-49.4294089999999997
11
73.7231960000000015
21
-49.0484569999999991
0
LINE
8
BLACK
6
CONTINUOUS
10
73.7231960000000015
20
-49.0484569999999991
11
73.8184339999999963
21
-48.5722659999999991
0
LINE
8
BLACK
6
CONTINUOUS
10
73.8184339999999963
20
-48.5722659999999991
11
73.9136719999999912
21
-48.2865520000000004
0
LINE
8
BLACK
6
CONTINUOUS
10
73.9136719999999912
20
-48.2865520000000004
11
74.0089100000000002
21
-48.0960759999999965
0
LINE
8
BLACK
6
CONTINUOUS
10
74.0089100000000002
20
-48.0960759999999965
11
74.1993859999999898
21
-47.8103610000000003
0
LINE
8
BLACK
6
CONTINUOUS
10
74.1993859999999898
20
-47.8103610000000003
11
74.2946249999999964
21
-47.7151229999999984
0
LINE
8
BLACK
6
CONTINUOUS
10
76.104147999999995
20
-50.0008379999999946
11
74.9612910000000028
21
-50.0008379999999946
0
LINE
8
BLACK
6
CONTINUOUS
10
75.5327190000000002
20
-50.0008379999999946
11
75.5327190000000002
21
-48.0008379999999946
0
LINE
8
BLACK
6
CONTINUOUS
10
75.5327190000000002
20
-48.0008379999999946
11
75.3422429999999963
21
-48.2865520000000004
0
LINE
8
BLACK
6
CONTINUOUS
10
75.3422429999999963
20
-48.2865520000000004
11
75.1517669999999924
21
-48.4770279999999971
0
LINE
8
BLACK
6
CONTINUOUS
10
75.1517669999999924
20
-48.4770279999999971
11
74.9612910000000028
21
-48.5722659999999991
0
LINE
8
BLACK
6
CONTINUOUS
10
76.8660529999999937
20
-48.1913139999999984
11
76.9612910000000028
21
-48.0960759999999965
0
LINE
8
BLACK
6
CONTINUOUS
10
76.9612910000000028
20
-48.0960759999999965
11
77.1517669999999924
21
-48.0008379999999946
0
LINE
8
BLACK
6
CONTINUOUS
10
77.1517669999999924
20
-48.0008379999999946
11
77.6279579999999925
21
-48.0008379999999946
0
LINE
8
BLACK
6
CONTINUOUS
10
77.6279579999999925
20
-48.0008379999999946
11
77.8184339999999963
21
-48.0960759999999965
0
LINE
8
BLACK
6
CONTINUOUS
10
77.8184339999999963
20
-48.0960759999999965
11
77.9136719999999912
21
-48.1913139999999984
0
LINE
8
BLACK
6
CONTINUOUS
10
77.9136719999999912
20
-48.1913139999999984
11
78.0089100000000002
21
-48.3817899999999952
0
LINE
8
BLACK
6
CONTINUOUS
10
78.0089100000000002
20
-48.3817899999999952
11
78.0089100000000002
21
-48.5722659999999991
0
LINE
8
BLACK
6
CONTINUOUS
10
78.0089100000000002
20
-48.5722659999999991
11
77.9136719999999912
21
-48.8579799999999977
0
LINE
8
BLACK
6
CONTINUOUS
10
77.9136719999999912
20
-48.8579799999999977
11
76.7708149999999989
21
-50.0008379999999946
0
LINE
8
BLACK
6
CONTINUOUS
10
76.7708149999999989
20
-50.0008379999999946
11
78.0089100000000002
21
-50.0008379999999946
0
LINE
8
BLACK
6
CONTINUOUS
10
79.1517669999999924
20
-48.8579799999999977
11
78.9612910000000028
21
-48.7627419999999958
0
LINE
8
BLACK
6
CONTINUOUS
10
78.9612910000000028
20
-48.7627419999999958
11
78.8660529999999937
21
-48.667504000000001
0
LINE
8
BLACK
6
CONTINUOUS
10
78.8660529999999937
20
-48.667504000000001
11
78.7708149999999989
21
-48.4770279999999971
0
LINE
8
BLACK
6
CONTINUOUS
10
78.7708149999999989
20
-48.4770279999999971
11
78.7708149999999989
21
-48.3817899999999952
0
LINE
8
BLACK
6
CONTINUOUS
10
78.7708149999999989
20
-48.3817899999999952
11
78.8660529999999937
21
-48.1913139999999984
0
LINE
8
BLACK
6
CONTINUOUS
10
78.8660529999999937
20
-48.1913139999999984
11
78.9612910000000028
21
-48.0960759999999965
0
LINE
8
BLACK
6
CONTINUOUS
10
78.9612910000000028
20
-48.0960759999999965
11
79.1517669999999924
21
-48.0008379999999946
0
LINE
8
BLACK
6
CONTINUOUS
10
79.1517669999999924
20
-48.0008379999999946
11
79.5327199999999976
21
-48.0008379999999946
0
LINE
8
BLACK
6
CONTINUOUS
10
79.5327199999999976
20
-48.0008379999999946
11
79.7231960000000015
21
-48.0960759999999965
0
LINE
8
BLACK
6
CONTINUOUS
10
79.7231960000000015
20
-48.0960759999999965
11
79.8184339999999963
21
-48.1913139999999984
0
LINE
8
BLACK
6
CONTINUOUS
10
79.8184339999999963
20
-48.1913139999999984
11
79.9136719999999912
21
-48.3817899999999952
0
LINE
8
BLACK
6
CONTINUOUS
10
79.9136719999999912
20
-48.3817899999999952
11
79.9136719999999912
21
-48.4770279999999971
0
LINE
8
BLACK
6
CONTINUOUS
10
79.9136719999999912
20
-48.4770279999999971
11
79.8184339999999963
21
-48.667504000000001
0
LINE
8
BLACK
6
CONTINUOUS
10
79.8184339999999963
20
-48.667504000000001
11
79.7231960000000015
21
-48.7627419999999958
0
LINE
8
BLACK
6
CONTINUOUS
10
79.7231960000000015
20
-48.7627419999999958
11
79.5327199999999976
21
-48.8579799999999977
0
LINE
8
BLACK
6
CONTINUOUS
10
79.5327199999999976
20
-48.8579799999999977
11
79.1517669999999924
21
-48.8579799999999977
0
LINE
8
BLACK
6
CONTINUOUS
10
79.1517669999999924
20
-48.8579799999999977
11
78.9612910000000028
21
-48.9532189999999972
0
LINE
8
BLACK
6
CONTINUOUS
10
78.9612910000000028
20
-48.9532189999999972
11
78.8660529999999937
21
-49.0484569999999991
0
LINE
8
BLACK
6
CONTINUOUS
10
78.8660529999999937
20
-49.0484569999999991
11
78.7708149999999989
21
-49.2389329999999958
0
LINE
8
BLACK
6
CONTINUOUS
10
78.7708149999999989
20
-49.2389329999999958
11
78.7708149999999989
21
-49.6198849999999965
0
LINE
8
BLACK
6
CONTINUOUS
10
78.7708149999999989
20
-49.6198849999999965
11
78.8660529999999937
21
-49.8103610000000003
0
LINE
8
BLACK
6
CONTINUOUS
10
78.8660529999999937
20
-49.8103610000000003
11
78.9612910000000028
21
-49.9055999999999997
0
LINE
8
BLACK
6
CONTINUOUS
10
78.9612910000000028
20
-49.9055999999999997
11
79.1517669999999924
21
-50.0008379999999946
0
LINE
8
BLACK
6
CONTINUOUS
10
79.1517669999999924
20
-50.0008379999999946
11
79.5327199999999976
21
-50.0008379999999946
0
LINE
8
BLACK
6
CONTINUOUS
10
79.5327199999999976
20
-50.0008379999999946
11
79.7231960000000015
21
-49.9055999999999997
0
LINE
8
BLACK
6
CONTINUOUS
10
79.7231960000000015
20
-49.9055999999999997
11
79.8184339999999963
21
-49.8103610000000003
0
LINE
8
BLACK
6
CONTINUOUS
10
79.8184339999999963
20
-49.8103610000000003
11
79.9136719999999912
21
-49.6198849999999965
0
LINE
8
BLACK
6
CONTINUOUS
10
79.9136719999999912
20
-49.6198849999999965
11
79.9136719999999912
21
-49.2389329999999958
0
LINE
8
BLACK
6
CONTINUOUS
10
79.9136719999999912
20
-49.2389329999999958
11
79.8184339999999963
21
-49.0484569999999991
0
LINE
8
BLACK
6
CONTINUOUS
10
79.8184339999999963
20
-49.0484569999999991
11
79.7231960000000015
21
-48.9532189999999972
0
LINE
8
BLACK
6
CONTINUOUS
10
79.7231960000000015
20
-48.9532189999999972
11
79.5327199999999976
21
-48.8579799999999977
0
LINE
8
BLACK
6
CONTINUOUS
10
81.1517669999999924
20
-48.0008379999999946
11
81.3422439999999938
21
-48.0008379999999946
0
LINE
8
BLACK
6
CONTINUOUS
10
81.3422439999999938
20
-48.0008379999999946
11
81.5327199999999976
21
-48.0960759999999965
0
LINE
8
BLACK
6
CONTINUOUS
10
81.5327199999999976
20
-48.0960759999999965
11
81.6279579999999925
21
-48.1913139999999984
0
LINE
8
BLACK
6
CONTINUOUS
10
81.6279579999999925
20
-48.1913139999999984
11
81.7231960000000015
21
-48.3817899999999952
0
LINE
8
BLACK
6
CONTINUOUS
10
81.7231960000000015
20
-48.3817899999999952
11
81.8184339999999963
21
-48.7627419999999958
0
LINE
8
BLACK
6
CONTINUOUS
10
81.8184339999999963
20
-48.7627419999999958
11
81.8184339999999963
21
-49.2389329999999958
0
LINE
8
BLACK
6
CONTINUOUS
10
81.8184339999999963
20
-49.2389329999999958
11
81.7231960000000015
21
-49.6198849999999965
0
LINE
8
BLACK
6
CONTINUOUS
10
81.7231960000000015
20
-49.6198849999999965
11
81.6279579999999925
21
-49.8103610000000003
0
LINE
8
BLACK
6
CONTINUOUS
10
81.6279579999999925
20
-49.8103610000000003
11
81.5327199999999976
21
-49.9055999999999997
0
LINE
8
BLACK
6
CONTINUOUS
10
81.5327199999999976
20
-49.9055999999999997
11
81.3422439999999938
21
-50.0008379999999946
0
LINE
8
BLACK
6
CONTINUOUS
10
81.3422439999999938
20
-50.0008379999999946
11
81.1517669999999924
21
-50.0008379999999946
0
LINE
8
BLACK
6
CONTINUOUS
10
81.1517669999999924
20
-50.0008379999999946
11
80.9612910000000028
21
-49.9055999999999997
0
LINE
8
BLACK
6
CONTINUOUS
10
80.9612910000000028
20
-49.9055999999999997
11
80.8660529999999937
21
-49.8103610000000003
0
LINE
8
BLACK
6
CONTINUOUS
10
80.8660529999999937
20
-49.8103610000000003
11
80.7708149999999989
21
-49.6198849999999965
0
LINE
8
BLACK
6
CONTINUOUS
10
80.7708149999999989
20
-49.6198849999999965
11
80.6755769999999899
21
-49.2389329999999958
0
LINE
8
BLACK
6
CONTINUOUS
10
80.6755769999999899
20
-49.2389329999999958
11
80.6755769999999899
21
-48.7627419999999958
0
LINE
8
BLACK
6
CONTINUOUS
10
80.6755769999999899
20
-48.7627419999999958
11
80.7708149999999989
21
-48.3817899999999952
0
LINE
8
BLACK
6
CONTINUOUS
10
80.7708149999999989
20
-48.3817899999999952
11
80.8660529999999937
21
-48.1913139999999984
0
LINE
8
BLACK
6
CONTINUOUS
10
80.8660529999999937
20
-48.1913139999999984
11
80.9612910000000028
21
-48.0960759999999965
0
LINE
8
BLACK
6
CONTINUOUS
10
80.9612910000000028
20
-48.0960759999999965
11
81.1517669999999924
21
-48.0008379999999946
0
LINE
8
BLACK
6
CONTINUOUS
10
84.1993870000000015
20
-50.0008379999999946
11
84.1993870000000015
21
-48.0008379999999946
0
LINE
8
BLACK
6
CONTINUOUS
10
85.0565299999999951
20
-50.0008379999999946
11
85.0565299999999951
21
-48.9532189999999972
0
LINE
8
BLACK
6
CONTINUOUS
10
85.0565299999999951
20
-48.9532189999999972
11
84.9612920000000003
21
-48.7627419999999958
0
LINE
8
BLACK
6
CONTINUOUS
10
84.9612920000000003
20
-48.7627419999999958
11
84.7708159999999964
21
-48.667504000000001
0
LINE
8
BLACK
6
CONTINUOUS
10
84.7708159999999964
20
-48.667504000000001
11
84.4851010000000002
21
-48.667504000000001
0
LINE
8
BLACK
6
CONTINUOUS
10
84.4851010000000002
20
-48.667504000000001
11
84.2946249999999964
21
-48.7627419999999958
0
LINE
8
BLACK
6
CONTINUOUS
10
84.2946249999999964
20
-48.7627419999999958
11
84.1993870000000015
21
-48.8579799999999977
0
LINE
8
BLACK
6
CONTINUOUS
10
86.2946249999999964
20
-50.0008379999999946
11
86.1041489999999925
21
-49.9055999999999997
0
LINE
8
BLACK
6
CONTINUOUS
10
86.1041489999999925
20
-49.9055999999999997
11
86.0089109999999977
21
-49.8103610000000003
0
LINE
8
BLACK
6
CONTINUOUS
10
86.0089109999999977
20
-49.8103610000000003
11
85.9136730000000028
21
-49.6198849999999965
0
LINE
8
BLACK
6
CONTINUOUS
10
85.9136730000000028
20
-49.6198849999999965
11
85.9136730000000028
21
-49.0484569999999991
0
LINE
8
BLACK
6
CONTINUOUS
10
85.9136730000000028
20
-49.0484569999999991
11
86.0089109999999977
21
-48.8579799999999977
0
LINE
8
BLACK
6
CONTINUOUS
10
86.0089109999999977
20
-48.8579799999999977
11
86.1041489999999925
21
-48.7627419999999958
0
LINE
8
BLACK
6
CONTINUOUS
10
86.1041489999999925
20
-48.7627419999999958
11
86.2946249999999964
21
-48.667504000000001
0
LINE
8
BLACK
6
CONTINUOUS
10
86.2946249999999964
20
-48.667504000000001
11
86.5803399999999925
21
-48.667504000000001
0
LINE
8
BLACK
6
CONTINUOUS
10
86.5803399999999925
20
-48.667504000000001
11
86.7708159999999964
21
-48.7627419999999958
0
LINE
8
BLACK
6
CONTINUOUS
10
86.7708159999999964
20
-48.7627419999999958
11
86.8660539999999912
21
-48.8579799999999977
0
LINE
8
BLACK
6
CONTINUOUS
10
86.8660539999999912
20
-48.8579799999999977
11
86.9612920000000003
21
-49.0484569999999991
0
LINE
8
BLACK
6
CONTINUOUS
10
86.9612920000000003
20
-49.0484569999999991
11
86.9612920000000003
21
-49.6198849999999965
0
LINE
8
BLACK
6
CONTINUOUS
10
86.9612920000000003
20
-49.6198849999999965
11
86.8660539999999912
21
-49.8103610000000003
0
LINE
8
BLACK
6
CONTINUOUS
10
86.8660539999999912
20
-49.8103610000000003
11
86.7708159999999964
21
-49.9055999999999997
0
LINE
8
BLACK
6
CONTINUOUS
10
86.7708159999999964
20
-49.9055999999999997
11
86.5803399999999925
21
-50.0008379999999946
0
LINE
8
BLACK
6
CONTINUOUS
10
86.5803399999999925
20
-50.0008379999999946
11
86.2946249999999964
21
-50.0008379999999946
0
LINE
8
BLACK
6
CONTINUOUS
10
88.1041489999999925
20
-50.0008379999999946
11
87.9136730000000028
21
-49.9055999999999997
0
LINE
8
BLACK
6
CONTINUOUS
10
87.9136730000000028
20
-49.9055999999999997
11
87.8184349999999938
21
-49.7151229999999984
0
LINE
8
BLACK
6
CONTINUOUS
10
87.8184349999999938
20
-49.7151229999999984
11
87.8184349999999938
21
-48.0008379999999946
0
LINE
8
BLACK
6
CONTINUOUS
10
89.6279589999999899
20
-49.9055999999999997
11
89.4374830000000003
21
-50.0008379999999946
0
LINE
8
BLACK
6
CONTINUOUS
10
89.4374830000000003
20
-50.0008379999999946
11
89.0565299999999951
21
-50.0008379999999946
0
LINE
8
BLACK
6
CONTINUOUS
10
89.0565299999999951
20
-50.0008379999999946
11
88.8660539999999912
21
-49.9055999999999997
0
LINE
8
BLACK
6
CONTINUOUS
10
88.8660539999999912
20
-49.9055999999999997
11
88.7708159999999964
21
-49.7151229999999984
0
LINE
8
BLACK
6
CONTINUOUS
10
88.7708159999999964
20
-49.7151229999999984
11
88.7708159999999964
21
-48.9532189999999972
0
LINE
8
BLACK
6
CONTINUOUS
10
88.7708159999999964
20
-48.9532189999999972
11
88.8660539999999912
21
-48.7627419999999958
0
LINE
8
BLACK
6
CONTINUOUS
10
88.8660539999999912
20
-48.7627419999999958
11
89.0565299999999951
21
-48.667504000000001
0
LINE
8
BLACK
6
CONTINUOUS
10
89.0565299999999951
20
-48.667504000000001
11
89.4374830000000003
21
-48.667504000000001
0
LINE
8
BLACK
6
CONTINUOUS
10
89.4374830000000003
20
-48.667504000000001
11
89.6279589999999899
21
-48.7627419999999958
0
LINE
8
BLACK
6
CONTINUOUS
10
89.6279589999999899
20
-48.7627419999999958
11
89.723196999999999
21
-48.9532189999999972
0
LINE
8
BLACK
6
CONTINUOUS
10
89.723196999999999
20
-48.9532189999999972
11
89.723196999999999
21
-49.143695000000001
0
LINE
8
BLACK
6
CONTINUOUS
10
89.723196999999999
20
-49.143695000000001
11
88.7708159999999964
21
-49.3341709999999978
0
LINE
8
BLACK
6
CONTINUOUS
10
90.4851019999999977
20
-49.9055999999999997
11
90.6755780000000016
21
-50.0008379999999946
0
LINE
8
BLACK
6
CONTINUOUS
10
90.6755780000000016
20
-50.0008379999999946
11
91.0565299999999951
21
-50.0008379999999946
0
LINE
8
BLACK
6
CONTINUOUS
10
91.0565299999999951
20
-50.0008379999999946
11
91.2470069999999964
21
-49.9055999999999997
0
LINE
8
BLACK
6
CONTINUOUS
10
91.2470069999999964
20
-49.9055999999999997
11
91.3422449999999913
21
-49.7151229999999984
0
LINE
8
BLACK
6
CONTINUOUS
10
91.3422449999999913
20
-49.7151229999999984
11
91.3422449999999913
21
-49.6198849999999965
0
LINE
8
BLACK
6
CONTINUOUS
10
91.3422449999999913
20
-49.6198849999999965
11
91.2470069999999964
21
-49.4294089999999997
0
LINE
8
BLACK
6
CONTINUOUS
10
91.2470069999999964
20
-49.4294089999999997
11
91.0565299999999951
21
-49.3341709999999978
0
LINE
8
BLACK
6
CONTINUOUS
10
91.0565299999999951
20
-49.3341709999999978
11
90.7708159999999964
21
-49.3341709999999978
0
LINE
8
BLACK
6
CONTINUOUS
10
90.7708159999999964
20
-49.3341709999999978
11
90.5803399999999925
21
-49.2389329999999958
0
LINE
8
BLACK
6
CONTINUOUS
10
90.5803399999999925
20
-49.2389329999999958
11
90.4851019999999977
21
-49.0484569999999991
0
LINE
8
BLACK
6
CONTINUOUS
10
90.4851019999999977
20
-49.0484569999999991
11
90.4851019999999977
21
-48.9532189999999972
0
LINE
8
BLACK
6
CONTINUOUS
10
90.4851019999999977
20
-48.9532189999999972
11
90.5803399999999925
21
-48.7627419999999958
0
LINE
8
BLACK
6
CONTINUOUS
10
90.5803399999999925
20
-48.7627419999999958
11
90.7708159999999964
21
-48.667504000000001
0
LINE
8
BLACK
6
CONTINUOUS
10
90.7708159999999964
20
-48.667504000000001
11
91.0565299999999951
21
-48.667504000000001
0
LINE
8
BLACK
6
CONTINUOUS
10
91.0565299999999951
20
-48.667504000000001
11
91.2470069999999964
21
-48.7627419999999958
0
LINE
8
BLACK
6
CONTINUOUS
10
92.0089119999999951
20
-50.7627419999999958
11
92.10414999999999
21
-50.667504000000001
0
LINE
8
BLACK
6
CONTINUOUS
10
92.10414999999999
20
-50.667504000000001
11
92.2946259999999938
21
-50.3817899999999952
0
LINE
8
BLACK
6
CONTINUOUS
10
92.2946259999999938
20
-50.3817899999999952
11
92.3898640000000029
21
-50.1913139999999984
0
LINE
8
BLACK
6
CONTINUOUS
10
92.3898640000000029
20
-50.1913139999999984
11
92.4851019999999977
21
-49.9055999999999997
0
LINE
8
BLACK
6
CONTINUOUS
10
92.4851019999999977
20
-49.9055999999999997
11
92.5803399999999925
21
-49.4294089999999997
0
LINE
8
BLACK
6
CONTINUOUS
10
92.5803399999999925
20
-49.4294089999999997
11
92.5803399999999925
21
-49.0484569999999991
0
LINE
8
BLACK
6
CONTINUOUS
10
92.5803399999999925
20
-49.0484569999999991
11
92.4851019999999977
21
-48.5722659999999991
0
LINE
8
BLACK
6
CONTINUOUS
10
92.4851019999999977
20
-48.5722659999999991
11
92.3898640000000029
21
-48.2865520000000004
0
LINE
8
BLACK
6
CONTINUOUS
10
92.3898640000000029
20
-48.2865520000000004
11
92.2946259999999938
21
-48.0960759999999965
0
LINE
8
BLACK
6
CONTINUOUS
10
92.2946259999999938
20
-48.0960759999999965
11
92.10414999999999
21
-47.8103610000000003
0
LINE
8
BLACK
6
CONTINUOUS
10
92.10414999999999
20
-47.8103610000000003
11
92.0089119999999951
21
-47.7151229999999984
0
LINE
8
BLACK
6
CONTINUOUS
10
37.5439959999999999
20
-50.7259999999999991
11
37.5439959999999999
21
-52.7259999999999991
0
LINE
8
BLACK
6
CONTINUOUS
10
36.5439959999999999
20
-51.7259999999999991
11
38.5439959999999999
21
-51.7259999999999991
0
LINE
8
BLACK
6
CONTINUOUS
10
40.9612879999999961
20
-50.6408379999999951
11
42.1993829999999974
21
-50.6408379999999951
0
LINE
8
BLACK
6
CONTINUOUS
10
42.1993829999999974
20
-50.6408379999999951
11
41.5327160000000006
21
-51.4027419999999964
0
LINE
8
BLACK
6
CONTINUOUS
10
41.5327160000000006
20
-51.4027419999999964
11
41.8184309999999968
21
-51.4027419999999964
0
LINE
8
BLACK
6
CONTINUOUS
10
41.8184309999999968
20
-51.4027419999999964
11
42.0089070000000007
21
-51.4979799999999983
0
LINE
8
BLACK
6
CONTINUOUS
10
42.0089070000000007
20
-51.4979799999999983
11
42.1041449999999955
21
-51.5932189999999977
0
LINE
8
BLACK
6
CONTINUOUS
10
42.1041449999999955
20
-51.5932189999999977
11
42.1993829999999974
21
-51.7836949999999945
0
LINE
8
BLACK
6
CONTINUOUS
10
42.1993829999999974
20
-51.7836949999999945
11
42.1993829999999974
21
-52.259884999999997
0
LINE
8
BLACK
6
CONTINUOUS
10
42.1993829999999974
20
-52.259884999999997
11
42.1041449999999955
21
-52.4503610000000009
0
LINE
8
BLACK
6
CONTINUOUS
10
42.1041449999999955
20
-52.4503610000000009
11
42.0089070000000007
21
-52.5456000000000003
0
LINE
8
BLACK
6
CONTINUOUS
10
42.0089070000000007
20
-52.5456000000000003
11
41.8184309999999968
21
-52.6408379999999951
0
LINE
8
BLACK
6
CONTINUOUS
10
41.8184309999999968
20
-52.6408379999999951
11
41.2470019999999948
21
-52.6408379999999951
0
LINE
8
BLACK
6
CONTINUOUS
10
41.2470019999999948
20
-52.6408379999999951
11
41.0565259999999981
21
-52.5456000000000003
0
LINE
8
BLACK
6
CONTINUOUS
10
41.0565259999999981
20
-52.5456000000000003
11
40.9612879999999961
21
-52.4503610000000009
0
LINE
8
BLACK
6
CONTINUOUS
10
43.0565259999999981
20
-52.4503610000000009
11
43.151764
21
-52.5456000000000003
0
LINE
8
BLACK
6
CONTINUOUS
10
43.151764
20
-52.5456000000000003
11
43.0565259999999981
21
-52.6408379999999951
0
LINE
8
BLACK
6
CONTINUOUS
10
43.0565259999999981
20
-52.6408379999999951
11
42.9612879999999961
21
-52.5456000000000003
0
LINE
8
BLACK
6
CONTINUOUS
10
42.9612879999999961
20
-52.5456000000000003
11
43.0565259999999981
21
-52.4503610000000009
0
LINE
8
BLACK
6
CONTINUOUS
10
43.0565259999999981
20
-52.4503610000000009
11
43.0565259999999981
21
-52.6408379999999951
0
LINE
8
BLACK
6
CONTINUOUS
10
44.9612879999999961
20
-50.6408379999999951
11
44.0089070000000007
21
-50.6408379999999951
0
LINE
8
BLACK
6
CONTINUOUS
10
44.0089070000000007
20
-50.6408379999999951
11
43.9136689999999987
21
-51.5932189999999977
0
LINE
8
BLACK
6
CONTINUOUS
10
43.9136689999999987
20
-51.5932189999999977
11
44.0089070000000007
21
-51.4979799999999983
0
LINE
8
BLACK
6
CONTINUOUS
10
44.0089070000000007
20
-51.4979799999999983
11
44.1993829999999974
21
-51.4027419999999964
0
LINE
8
BLACK
6
CONTINUOUS
10
44.1993829999999974
20
-51.4027419999999964
11
44.6755739999999975
21
-51.4027419999999964
0
LINE
8
BLACK
6
CONTINUOUS
10
44.6755739999999975
20
-51.4027419999999964
11
44.8660500000000013
21
-51.4979799999999983
0
LINE
8
BLACK
6
CONTINUOUS
10
44.8660500000000013
20
-51.4979799999999983
11
44.9612879999999961
21
-51.5932189999999977
0
LINE
8
BLACK
6
CONTINUOUS
10
44.9612879999999961
20
-51.5932189999999977
11
45.0565259999999981
21
-51.7836949999999945
0
LINE
8
BLACK
6
CONTINUOUS
10
45.0565259999999981
20
-51.7836949999999945
11
45.0565259999999981
21
-52.259884999999997
0
LINE
8
BLACK
6
CONTINUOUS
10
45.0565259999999981
20
-52.259884999999997
11
44.9612879999999961
21
-52.4503610000000009
0
LINE
8
BLACK
6
CONTINUOUS
10
44.9612879999999961
20
-52.4503610000000009
11
44.8660500000000013
21
-52.5456000000000003
0
LINE
8
BLACK
6
CONTINUOUS
10
44.8660500000000013
20
-52.5456000000000003
11
44.6755739999999975
21
-52.6408379999999951
0
LINE
8
BLACK
6
CONTINUOUS
10
44.6755739999999975
20
-52.6408379999999951
11
44.1993829999999974
21
-52.6408379999999951
0
LINE
8
BLACK
6
CONTINUOUS
10
44.1993829999999974
20
-52.6408379999999951
11
44.0089070000000007
21
-52.5456000000000003
0
LINE
8
BLACK
6
CONTINUOUS
10
44.0089070000000007
20
-52.5456000000000003
11
43.9136689999999987
21
-52.4503610000000009
0
LINE
8
BLACK
6
CONTINUOUS
10
46.2946209999999994
20
-50.6408379999999951
11
46.4850980000000007
21
-50.6408379999999951
0
LINE
8
BLACK
6
CONTINUOUS
10
46.4850980000000007
20
-50.6408379999999951
11
46.6755739999999975
21
-50.7360759999999971
0
LINE
8
BLACK
6
CONTINUOUS
10
46.6755739999999975
20
-50.7360759999999971
11
46.7708119999999994
21
-50.831313999999999
0
LINE
8
BLACK
6
CONTINUOUS
10
46.7708119999999994
20
-50.831313999999999
11
46.8660500000000013
21
-51.0217899999999958
0
LINE
8
BLACK
6
CONTINUOUS
10
46.8660500000000013
20
-51.0217899999999958
11
46.9612879999999961
21
-51.4027419999999964
0
LINE
8
BLACK
6
CONTINUOUS
10
46.9612879999999961
20
-51.4027419999999964
11
46.9612879999999961
21
-51.8789329999999964
0
LINE
8
BLACK
6
CONTINUOUS
10
46.9612879999999961
20
-51.8789329999999964
11
46.8660500000000013
21
-52.259884999999997
0
LINE
8
BLACK
6
CONTINUOUS
10
46.8660500000000013
20
-52.259884999999997
11
46.7708119999999994
21
-52.4503610000000009
0
LINE
8
BLACK
6
CONTINUOUS
10
46.7708119999999994
20
-52.4503610000000009
11
46.6755739999999975
21
-52.5456000000000003
0
LINE
8
BLACK
6
CONTINUOUS
10
46.6755739999999975
20
-52.5456000000000003
11
46.4850980000000007
21
-52.6408379999999951
0
LINE
8
BLACK
6
CONTINUOUS
10
46.4850980000000007
20
-52.6408379999999951
11
46.2946209999999994
21
-52.6408379999999951
0
LINE
8
BLACK
6
CONTINUOUS
10
46.2946209999999994
20
-52.6408379999999951
11
46.1041449999999955
21
-52.5456000000000003
0
LINE
8
BLACK
6
CONTINUOUS
10
46.1041449999999955
20
-52.5456000000000003
11
46.0089070000000007
21
-52.4503610000000009
0
LINE
8
BLACK
6
CONTINUOUS
10
46.0089070000000007
20
-52.4503610000000009
11
45.9136689999999987
21
-52.259884999999997
0
LINE
8
BLACK
6
CONTINUOUS
10
45.9136689999999987
20
-52.259884999999997
11
45.8184309999999968
21
-51.8789329999999964
0
LINE
8
BLACK
6
CONTINUOUS
10
45.8184309999999968
20
-51.8789329999999964
11
45.8184309999999968
21
-51.4027419999999964
0
LINE
8
BLACK
6
CONTINUOUS
10
45.8184309999999968
20
-51.4027419999999964
11
45.9136689999999987
21
-51.0217899999999958
0
LINE
8
BLACK
6
CONTINUOUS
10
45.9136689999999987
20
-51.0217899999999958
11
46.0089070000000007
21
-50.831313999999999
0
LINE
8
BLACK
6
CONTINUOUS
10
46.0089070000000007
20
-50.831313999999999
11
46.1041449999999955
21
-50.7360759999999971
0
LINE
8
BLACK
6
CONTINUOUS
10
46.1041449999999955
20
-50.7360759999999971
11
46.2946209999999994
21
-50.6408379999999951
0
LINE
8
BLACK
6
CONTINUOUS
10
48.1993829999999974
20
-50.6408379999999951
11
48.3898599999999988
21
-50.6408379999999951
0
LINE
8
BLACK
6
CONTINUOUS
10
48.3898599999999988
20
-50.6408379999999951
11
48.5803359999999955
21
-50.7360759999999971
0
LINE
8
BLACK
6
CONTINUOUS
10
48.5803359999999955
20
-50.7360759999999971
11
48.6755739999999975
21
-50.831313999999999
0
LINE
8
BLACK
6
CONTINUOUS
10
48.6755739999999975
20
-50.831313999999999
11
48.7708119999999994
21
-51.0217899999999958
0
LINE
8
BLACK
6
CONTINUOUS
10
48.7708119999999994
20
-51.0217899999999958
11
48.8660500000000013
21
-51.4027419999999964
0
LINE
8
BLACK
6
CONTINUOUS
10
48.8660500000000013
20
-51.4027419999999964
11
48.8660500000000013
21
-51.8789329999999964
0
LINE
8
BLACK
6
CONTINUOUS
10
48.8660500000000013
20
-51.8789329999999964
11
48.7708119999999994
21
-52.259884999999997
0
LINE
8
BLACK
6
CONTINUOUS
10
48.7708119999999994
20
-52.259884999999997
11
48.6755739999999975
21
-52.4503610000000009
0
LINE
8
BLACK
6
CONTINUOUS
10
48.6755739999999975
20
-52.4503610000000009
11
48.5803359999999955
21
-52.5456000000000003
0
LINE
8
BLACK
6
CONTINUOUS
10
48.5803359999999955
20
-52.5456000000000003
11
48.3898599999999988
21
-52.6408379999999951
0
LINE
8
BLACK
6
CONTINUOUS
10
48.3898599999999988
20
-52.6408379999999951
11
48.1993829999999974
21
-52.6408379999999951
0
LINE
8
BLACK
6
CONTINUOUS
10
48.1993829999999974
20
-52.6408379999999951
11
48.0089070000000007
21
-52.5456000000000003
0
LINE
8
BLACK
6
CONTINUOUS
10
48.0089070000000007
20
-52.5456000000000003
11
47.9136689999999987
21
-52.4503610000000009
0
LINE
8
BLACK
6
CONTINUOUS
10
47.9136689999999987
20
-52.4503610000000009
11
47.8184309999999968
21
-52.259884999999997
0
LINE
8
BLACK
6
CONTINUOUS
10
47.8184309999999968
20
-52.259884999999997
11
47.7231929999999949
21
-51.8789329999999964
0
LINE
8
BLACK
6
CONTINUOUS
10
47.7231929999999949
20
-51.8789329999999964
11
47.7231929999999949
21
-51.4027419999999964
0
LINE
8
BLACK
6
CONTINUOUS
10
47.7231929999999949
20
-51.4027419999999964
11
47.8184309999999968
21
-51.0217899999999958
0
LINE
8
BLACK
6
CONTINUOUS
10
47.8184309999999968
20
-51.0217899999999958
11
47.9136689999999987
21
-50.831313999999999
0
LINE
8
BLACK
6
CONTINUOUS
10
47.9136689999999987
20
-50.831313999999999
11
48.0089070000000007
21
-50.7360759999999971
0
LINE
8
BLACK
6
CONTINUOUS
10
48.0089070000000007
20
-50.7360759999999971
11
48.1993829999999974
21
-50.6408379999999951
0
LINE
8
BLACK
6
CONTINUOUS
10
49.7231929999999949
20
-52.6408379999999951
11
49.7231929999999949
21
-51.3075039999999944
0
LINE
8
BLACK
6
CONTINUOUS
10
49.7231929999999949
20
-51.4979799999999983
11
49.8184309999999968
21
-51.4027419999999964
0
LINE
8
BLACK
6
CONTINUOUS
10
49.8184309999999968
20
-51.4027419999999964
11
50.0089070000000007
21
-51.3075039999999944
0
LINE
8
BLACK
6
CONTINUOUS
10
50.0089070000000007
20
-51.3075039999999944
11
50.2946219999999968
21
-51.3075039999999944
0
LINE
8
BLACK
6
CONTINUOUS
10
50.2946219999999968
20
-51.3075039999999944
11
50.4850980000000007
21
-51.4027419999999964
0
LINE
8
BLACK
6
CONTINUOUS
10
50.4850980000000007
20
-51.4027419999999964
11
50.5803359999999955
21
-51.5932189999999977
0
LINE
8
BLACK
6
CONTINUOUS
10
50.5803359999999955
20
-51.5932189999999977
11
50.5803359999999955
21
-52.6408379999999951
0
LINE
8
BLACK
6
CONTINUOUS
10
50.5803359999999955
20
-51.5932189999999977
11
50.6755739999999975
21
-51.4027419999999964
0
LINE
8
BLACK
6
CONTINUOUS
10
50.6755739999999975
20
-51.4027419999999964
11
50.8660499999999942
21
-51.3075039999999944
0
LINE
8
BLACK
6
CONTINUOUS
10
50.8660499999999942
20
-51.3075039999999944
11
51.151764
21
-51.3075039999999944
0
LINE
8
BLACK
6
CONTINUOUS
10
51.151764
20
-51.3075039999999944
11
51.3422409999999942
21
-51.4027419999999964
0
LINE
8
BLACK
6
CONTINUOUS
10
51.3422409999999942
20
-51.4027419999999964
11
51.4374789999999962
21
-51.5932189999999977
0
LINE
8
BLACK
6
CONTINUOUS
10
51.4374789999999962
20
-51.5932189999999977
11
51.4374789999999962
21
-52.6408379999999951
0
LINE
8
BLACK
6
CONTINUOUS
10
52.3898599999999988
20
-52.6408379999999951
11
52.3898599999999988
21
-51.3075039999999944
0
LINE
8
BLACK
6
CONTINUOUS
10
52.3898599999999988
20
-51.4979799999999983
11
52.4850980000000007
21
-51.4027419999999964
0
LINE
8
BLACK
6
CONTINUOUS
10
52.4850980000000007
20
-51.4027419999999964
11
52.6755739999999975
21
-51.3075039999999944
0
LINE
8
BLACK
6
CONTINUOUS
10
52.6755739999999975
20
-51.3075039999999944
11
52.9612890000000007
21
-51.3075039999999944
0
LINE
8
BLACK
6
CONTINUOUS
10
52.9612890000000007
20
-51.3075039999999944
11
53.1517649999999975
21
-51.4027419999999964
0
LINE
8
BLACK
6
CONTINUOUS
10
53.1517649999999975
20
-51.4027419999999964
11
53.2470029999999994
21
-51.5932189999999977
0
LINE
8
BLACK
6
CONTINUOUS
10
53.2470029999999994
20
-51.5932189999999977
11
53.2470029999999994
21
-52.6408379999999951
0
LINE
8
BLACK
6
CONTINUOUS
10
53.2470029999999994
20
-51.5932189999999977
11
53.3422409999999942
21
-51.4027419999999964
0
LINE
8
BLACK
6
CONTINUOUS
10
53.3422409999999942
20
-51.4027419999999964
11
53.5327169999999981
21
-51.3075039999999944
0
LINE
8
BLACK
6
CONTINUOUS
10
53.5327169999999981
20
-51.3075039999999944
11
53.8184309999999968
21
-51.3075039999999944
0
LINE
8
BLACK
6
CONTINUOUS
10
53.8184309999999968
20
-51.3075039999999944
11
54.0089079999999981
21
-51.4027419999999964
0
LINE
8
BLACK
6
CONTINUOUS
10
54.0089079999999981
20
-51.4027419999999964
11
54.1041460000000001
21
-51.5932189999999977
0
LINE
8
BLACK
6
CONTINUOUS
10
54.1041460000000001
20
-51.5932189999999977
11
54.1041460000000001
21
-52.6408379999999951
0
LINE
8
BLACK
6
CONTINUOUS
10
58.0089079999999981
20
-50.5456000000000003
11
56.2946229999999943
21
-53.1170279999999977
0
LINE
8
BLACK
6
CONTINUOUS
10
60.5803370000000001
20
-50.6408379999999951
11
60.7708139999999943
21
-50.6408379999999951
0
LINE
8
BLACK
6
CONTINUOUS
10
60.7708139999999943
20
-50.6408379999999951
11
60.9612899999999982
21
-50.7360759999999971
0
LINE
8
BLACK
6
CONTINUOUS
10
60.9612899999999982
20
-50.7360759999999971
11
61.0565280000000001
21
-50.831313999999999
0
LINE
8
BLACK
6
CONTINUOUS
10
61.0565280000000001
20
-50.831313999999999
11
61.151765999999995
21
-51.0217899999999958
0
LINE
8
BLACK
6
CONTINUOUS
10
61.151765999999995
20
-51.0217899999999958
11
61.2470039999999969
21
-51.4027419999999964
0
LINE
8
BLACK
6
CONTINUOUS
10
61.2470039999999969
20
-51.4027419999999964
11
61.2470039999999969
21
-51.8789329999999964
0
LINE
8
BLACK
6
CONTINUOUS
10
61.2470039999999969
20
-51.8789329999999964
11
61.151765999999995
21
-52.259884999999997
0
LINE
8
BLACK
6
CONTINUOUS
10
61.151765999999995
20
-52.259884999999997
11
61.0565280000000001
21
-52.4503610000000009
0
LINE
8
BLACK
6
CONTINUOUS
10
61.0565280000000001
20
-52.4503610000000009
11
60.9612899999999982
21
-52.5456000000000003
0
LINE
8
BLACK
6
CONTINUOUS
10
60.9612899999999982
20
-52.5456000000000003
11
60.7708139999999943
21
-52.6408379999999951
0
LINE
8
BLACK
6
CONTINUOUS
10
60.7708139999999943
20
-52.6408379999999951
11
60.5803370000000001
21
-52.6408379999999951
0
LINE
8
BLACK
6
CONTINUOUS
10
60.5803370000000001
20
-52.6408379999999951
11
60.3898609999999962
21
-52.5456000000000003
0
LINE
8
BLACK
6
CONTINUOUS
10
60.3898609999999962
20
-52.5456000000000003
11
60.2946229999999943
21
-52.4503610000000009
0
LINE
8
BLACK
6
CONTINUOUS
10
60.2946229999999943
20
-52.4503610000000009
11
60.1993849999999995
21
-52.259884999999997
0
LINE
8
BLACK
6
CONTINUOUS
10
60.1993849999999995
20
-52.259884999999997
11
60.1041469999999975
21
-51.8789329999999964
0
LINE
8
BLACK
6
CONTINUOUS
10
60.1041469999999975
20
-51.8789329999999964
11
60.1041469999999975
21
-51.4027419999999964
0
LINE
8
BLACK
6
CONTINUOUS
10
60.1041469999999975
20
-51.4027419999999964
11
60.1993849999999995
21
-51.0217899999999958
0
LINE
8
BLACK
6
CONTINUOUS
10
60.1993849999999995
20
-51.0217899999999958
11
60.2946229999999943
21
-50.831313999999999
0
LINE
8
BLACK
6
CONTINUOUS
10
60.2946229999999943
20
-50.831313999999999
11
60.3898609999999962
21
-50.7360759999999971
0
LINE
8
BLACK
6
CONTINUOUS
10
60.3898609999999962
20
-50.7360759999999971
11
60.5803370000000001
21
-50.6408379999999951
0
LINE
8
BLACK
6
CONTINUOUS
10
62.1041469999999975
20
-52.4503610000000009
11
62.1993849999999995
21
-52.5456000000000003
0
LINE
8
BLACK
6
CONTINUOUS
10
62.1993849999999995
20
-52.5456000000000003
11
62.1041469999999975
21
-52.6408379999999951
0
LINE
8
BLACK
6
CONTINUOUS
10
62.1041469999999975
20
-52.6408379999999951
11
62.0089089999999956
21
-52.5456000000000003
0
LINE
8
BLACK
6
CONTINUOUS
10
62.0089089999999956
20
-52.5456000000000003
11
62.1041469999999975
21
-52.4503610000000009
0
LINE
8
BLACK
6
CONTINUOUS
10
62.1041469999999975
20
-52.4503610000000009
11
62.1041469999999975
21
-52.6408379999999951
0
LINE
8
BLACK
6
CONTINUOUS
10
64.1041469999999975
20
-52.6408379999999951
11
62.9612899999999982
21
-52.6408379999999951
0
LINE
8
BLACK
6
CONTINUOUS
10
63.5327179999999956
20
-52.6408379999999951
11
63.5327179999999956
21
-50.6408379999999951
0
LINE
8
BLACK
6
CONTINUOUS
10
63.5327179999999956
20
-50.6408379999999951
11
63.3422419999999988
21
-50.9265520000000009
0
LINE
8
BLACK
6
CONTINUOUS
10
63.3422419999999988
20
-50.9265520000000009
11
63.151765999999995
21
-51.1170279999999977
0
LINE
8
BLACK
6
CONTINUOUS
10
63.151765999999995
20
-51.1170279999999977
11
62.9612899999999982
21
-51.2122659999999996
0
LINE
8
BLACK
6
CONTINUOUS
10
64.7708140000000014
20
-50.6408379999999951
11
66.0089090000000027
21
-50.6408379999999951
0
LINE
8
BLACK
6
CONTINUOUS
10
66.0089090000000027
20
-50.6408379999999951
11
65.3422419999999988
21
-51.4027419999999964
0
LINE
8
BLACK
6
CONTINUOUS
10
65.3422419999999988
20
-51.4027419999999964
11
65.627956999999995
21
-51.4027419999999964
0
LINE
8
BLACK
6
CONTINUOUS
10
65.627956999999995
20
-51.4027419999999964
11
65.8184329999999989
21
-51.4979799999999983
0
LINE
8
BLACK
6
CONTINUOUS
10
65.8184329999999989
20
-51.4979799999999983
11
65.9136709999999937
21
-51.5932189999999977
0
LINE
8
BLACK
6
CONTINUOUS
10
65.9136709999999937
20
-51.5932189999999977
11
66.0089090000000027
21
-51.7836949999999945
0
LINE
8
BLACK
6
CONTINUOUS
10
66.0089090000000027
20
-51.7836949999999945
11
66.0089090000000027
21
-52.259884999999997
0
LINE
8
BLACK
6
CONTINUOUS
10
66.0089090000000027
20
-52.259884999999997
11
65.9136709999999937
21
-52.4503610000000009
0
LINE
8
BLACK
6
CONTINUOUS
10
65.9136709999999937
20
-52.4503610000000009
11
65.8184329999999989
21
-52.5456000000000003
0
LINE
8
BLACK
6
CONTINUOUS
10
65.8184329999999989
20
-52.5456000000000003
11
65.627956999999995
21
-52.6408379999999951
0
LINE
8
BLACK
6
CONTINUOUS
10
65.627956999999995
20
-52.6408379999999951
11
65.0565280000000001
21
-52.6408379999999951
0
LINE
8
BLACK
6
CONTINUOUS
10
65.0565280000000001
20
-52.6408379999999951
11
64.8660519999999963
21
-52.5456000000000003
0
LINE
8
BLACK
6
CONTINUOUS
10
64.8660519999999963
20
-52.5456000000000003
11
64.7708140000000014
21
-52.4503610000000009
0
LINE
8
BLACK
6
CONTINUOUS
10
66.6755759999999924
20
-50.6408379999999951
11
68.0089090000000027
21
-50.6408379999999951
0
LINE
8
BLACK
6
CONTINUOUS
10
68.0089090000000027
20
-50.6408379999999951
11
67.151765999999995
21
-52.6408379999999951
0
LINE
8
BLACK
6
CONTINUOUS
10
69.0565280000000001
20
-51.4979799999999983
11
68.8660519999999963
21
-51.4027419999999964
0
LINE
8
BLACK
6
CONTINUOUS
10
68.8660519999999963
20
-51.4027419999999964
11
68.7708140000000014
21
-51.3075039999999944
0
LINE
8
BLACK
6
CONTINUOUS
10
68.7708140000000014
20
-51.3075039999999944
11
68.6755759999999924
21
-51.1170279999999977
0
LINE
8
BLACK
6
CONTINUOUS
10
68.6755759999999924
20
-51.1170279999999977
11
68.6755759999999924
21
-51.0217899999999958
0
LINE
8
BLACK
6
CONTINUOUS
10
68.6755759999999924
20
-51.0217899999999958
11
68.7708140000000014
21
-50.831313999999999
0
LINE
8
BLACK
6
CONTINUOUS
10
68.7708140000000014
20
-50.831313999999999
11
68.8660519999999963
21
-50.7360759999999971
0
LINE
8
BLACK
6
CONTINUOUS
10
68.8660519999999963
20
-50.7360759999999971
11
69.0565280000000001
21
-50.6408379999999951
0
LINE
8
BLACK
6
CONTINUOUS
10
69.0565280000000001
20
-50.6408379999999951
11
69.4374809999999911
21
-50.6408379999999951
0
LINE
8
BLACK
6
CONTINUOUS
10
69.4374809999999911
20
-50.6408379999999951
11
69.627956999999995
21
-50.7360759999999971
0
LINE
8
BLACK
6
CONTINUOUS
10
69.627956999999995
20
-50.7360759999999971
11
69.7231949999999898
21
-50.831313999999999
0
LINE
8
BLACK
6
CONTINUOUS
10
69.7231949999999898
20
-50.831313999999999
11
69.8184329999999989
21
-51.0217899999999958
0
LINE
8
BLACK
6
CONTINUOUS
10
69.8184329999999989
20
-51.0217899999999958
11
69.8184329999999989
21
-51.1170279999999977
0
LINE
8
BLACK
6
CONTINUOUS
10
69.8184329999999989
20
-51.1170279999999977
11
69.7231949999999898
21
-51.3075039999999944
0
LINE
8
BLACK
6
CONTINUOUS
10
69.7231949999999898
20
-51.3075039999999944
11
69.627956999999995
21
-51.4027419999999964
0
LINE
8
BLACK
6
CONTINUOUS
10
69.627956999999995
20
-51.4027419999999964
11
69.4374809999999911
21
-51.4979799999999983
0
LINE
8
BLACK
6
CONTINUOUS
10
69.4374809999999911
20
-51.4979799999999983
11
69.0565280000000001
21
-51.4979799999999983
0
LINE
8
BLACK
6
CONTINUOUS
10
69.0565280000000001
20
-51.4979799999999983
11
68.8660519999999963
21
-51.5932189999999977
0
LINE
8
BLACK
6
CONTINUOUS
10
68.8660519999999963
20
-51.5932189999999977
11
68.7708140000000014
21
-51.6884569999999997
0
LINE
8
BLACK
6
CONTINUOUS
10
68.7708140000000014
20
-51.6884569999999997
11
68.6755759999999924
21
-51.8789329999999964
0
LINE
8
BLACK
6
CONTINUOUS
10
68.6755759999999924
20
-51.8789329999999964
11
68.6755759999999924
21
-52.259884999999997
0
LINE
8
BLACK
6
CONTINUOUS
10
68.6755759999999924
20
-52.259884999999997
11
68.7708140000000014
21
-52.4503610000000009
0
LINE
8
BLACK
6
CONTINUOUS
10
68.7708140000000014
20
-52.4503610000000009
11
68.8660519999999963
21
-52.5456000000000003
0
LINE
8
BLACK
6
CONTINUOUS
10
68.8660519999999963
20
-52.5456000000000003
11
69.0565280000000001
21
-52.6408379999999951
0
LINE
8
BLACK
6
CONTINUOUS
10
69.0565280000000001
20
-52.6408379999999951
11
69.4374809999999911
21
-52.6408379999999951
0
LINE
8
BLACK
6
CONTINUOUS
10
69.4374809999999911
20
-52.6408379999999951
11
69.627956999999995
21
-52.5456000000000003
0
LINE
8
BLACK
6
CONTINUOUS
10
69.627956999999995
20
-52.5456000000000003
11
69.7231949999999898
21
-52.4503610000000009
0
LINE
8
BLACK
6
CONTINUOUS
10
69.7231949999999898
20
-52.4503610000000009
11
69.8184329999999989
21
-52.259884999999997
0
LINE
8
BLACK
6
CONTINUOUS
10
69.8184329999999989
20
-52.259884999999997
11
69.8184329999999989
21
-51.8789329999999964
0
LINE
8
BLACK
6
CONTINUOUS
10
69.8184329999999989
20
-51.8789329999999964
11
69.7231949999999898
21
-51.6884569999999997
0
LINE
8
BLACK
6
CONTINUOUS
10
69.7231949999999898
20
-51.6884569999999997
11
69.627956999999995
21
-51.5932189999999977
0
LINE
8
BLACK
6
CONTINUOUS
10
69.627956999999995
20
-51.5932189999999977
11
69.4374809999999911
21
-51.4979799999999983
0
LINE
8
BLACK
6
CONTINUOUS
10
70.5803379999999976
20
-50.6408379999999951
11
70.5803379999999976
21
-51.0217899999999958
0
LINE
8
BLACK
6
CONTINUOUS
10
71.3422429999999963
20
-50.6408379999999951
11
71.3422429999999963
21
-51.0217899999999958
0
LINE
8
BLACK
6
CONTINUOUS
10
74.2946249999999964
20
-53.4027419999999964
11
74.1993859999999898
21
-53.3075039999999944
0
LINE
8
BLACK
6
CONTINUOUS
10
74.1993859999999898
20
-53.3075039999999944
11
74.0089100000000002
21
-53.0217899999999958
0
LINE
8
BLACK
6
CONTINUOUS
10
74.0089100000000002
20
-53.0217899999999958
11
73.9136719999999912
21
-52.831313999999999
0
LINE
8
BLACK
6
CONTINUOUS
10
73.9136719999999912
20
-52.831313999999999
11
73.8184339999999963
21
-52.5456000000000003
0
LINE
8
BLACK
6
CONTINUOUS
10
73.8184339999999963
20
-52.5456000000000003
11
73.7231960000000015
21
-52.0694090000000003
0
LINE
8
BLACK
6
CONTINUOUS
10
73.7231960000000015
20
-52.0694090000000003
11
73.7231960000000015
21
-51.6884569999999997
0
LINE
8
BLACK
6
CONTINUOUS
10
73.7231960000000015
20
-51.6884569999999997
11
73.8184339999999963
21
-51.2122659999999996
0
LINE
8
BLACK
6
CONTINUOUS
10
73.8184339999999963
20
-51.2122659999999996
11
73.9136719999999912
21
-50.9265520000000009
0
LINE
8
BLACK
6
CONTINUOUS
10
73.9136719999999912
20
-50.9265520000000009
11
74.0089100000000002
21
-50.7360759999999971
0
LINE
8
BLACK
6
CONTINUOUS
10
74.0089100000000002
20
-50.7360759999999971
11
74.1993859999999898
21
-50.4503610000000009
0
LINE
8
BLACK
6
CONTINUOUS
10
74.1993859999999898
20
-50.4503610000000009
11
74.2946249999999964
21
-50.355122999999999
0
LINE
8
BLACK
6
CONTINUOUS
10
74.9612910000000028
20
-50.831313999999999
11
75.0565289999999976
21
-50.7360759999999971
0
LINE
8
BLACK
6
CONTINUOUS
10
75.0565289999999976
20
-50.7360759999999971
11
75.2470050000000015
21
-50.6408379999999951
0
LINE
8
BLACK
6
CONTINUOUS
10
75.2470050000000015
20
-50.6408379999999951
11
75.7231960000000015
21
-50.6408379999999951
0
LINE
8
BLACK
6
CONTINUOUS
10
75.7231960000000015
20
-50.6408379999999951
11
75.9136719999999912
21
-50.7360759999999971
0
LINE
8
BLACK
6
CONTINUOUS
10
75.9136719999999912
20
-50.7360759999999971
11
76.0089100000000002
21
-50.831313999999999
0
LINE
8
BLACK
6
CONTINUOUS
10
76.0089100000000002
20
-50.831313999999999
11
76.104147999999995
21
-51.0217899999999958
0
LINE
8
BLACK
6
CONTINUOUS
10
76.104147999999995
20
-51.0217899999999958
11
76.104147999999995
21
-51.2122659999999996
0
LINE
8
BLACK
6
CONTINUOUS
10
76.104147999999995
20
-51.2122659999999996
11
76.0089100000000002
21
-51.4979799999999983
0
LINE
8
BLACK
6
CONTINUOUS
10
76.0089100000000002
20
-51.4979799999999983
11
74.8660529999999937
21
-52.6408379999999951
0
LINE
8
BLACK
6
CONTINUOUS
10
74.8660529999999937
20
-52.6408379999999951
11
76.104147999999995
21
-52.6408379999999951
0
LINE
8
BLACK
6
CONTINUOUS
10
77.8184339999999963
20
-50.6408379999999951
11
77.4374809999999911
21
-50.6408379999999951
0
LINE
8
BLACK
6
CONTINUOUS
10
77.4374809999999911
20
-50.6408379999999951
11
77.2470050000000015
21
-50.7360759999999971
0
LINE
8
BLACK
6
CONTINUOUS
10
77.2470050000000015
20
-50.7360759999999971
11
77.1517669999999924
21
-50.831313999999999
0
LINE
8
BLACK
6
CONTINUOUS
10
77.1517669999999924
20
-50.831313999999999
11
76.9612910000000028
21
-51.1170279999999977
0
LINE
8
BLACK
6
CONTINUOUS
10
76.9612910000000028
20
-51.1170279999999977
11
76.8660529999999937
21
-51.4979799999999983
0
LINE
8
BLACK
6
CONTINUOUS
10
76.8660529999999937
20
-51.4979799999999983
11
76.8660529999999937
21
-52.259884999999997
0
LINE
8
BLACK
6
CONTINUOUS
10
76.8660529999999937
20
-52.259884999999997
11
76.9612910000000028
21
-52.4503610000000009
0
LINE
8
BLACK
6
CONTINUOUS
10
76.9612910000000028
20
-52.4503610000000009
11
77.0565289999999976
21
-52.5456000000000003
0
LINE
8
BLACK
6
CONTINUOUS
10
77.0565289999999976
20
-52.5456000000000003
11
77.2470050000000015
21
-52.6408379999999951
0
LINE
8
BLACK
6
CONTINUOUS
10
77.2470050000000015
20
-52.6408379999999951
11
77.6279579999999925
21
-52.6408379999999951
0
LINE
8
BLACK
6
CONTINUOUS
10
77.6279579999999925
20
-52.6408379999999951
11
77.8184339999999963
21
-52.5456000000000003
0
LINE
8
BLACK
6
CONTINUOUS
10
77.8184339999999963
20
-52.5456000000000003
11
77.9136719999999912
21
-52.4503610000000009
0
LINE
8
BLACK
6
CONTINUOUS
10
77.9136719999999912
20
-52.4503610000000009
11
78.0089100000000002
21
-52.259884999999997
0
LINE
8
BLACK
6
CONTINUOUS
10
78.0089100000000002
20
-52.259884999999997
11
78.0089100000000002
21
-51.7836949999999945
0
LINE
8
BLACK
6
CONTINUOUS
10
78.0089100000000002
20
-51.7836949999999945
11
77.9136719999999912
21
-51.5932189999999977
0
LINE
8
BLACK
6
CONTINUOUS
10
77.9136719999999912
20
-51.5932189999999977
11
77.8184339999999963
21
-51.4979799999999983
0
LINE
8
BLACK
6
CONTINUOUS
10
77.8184339999999963
20
-51.4979799999999983
11
77.6279579999999925
21
-51.4027419999999964
0
LINE
8
BLACK
6
CONTINUOUS
10
77.6279579999999925
20
-51.4027419999999964
11
77.2470050000000015
21
-51.4027419999999964
0
LINE
8
BLACK
6
CONTINUOUS
10
77.2470050000000015
20
-51.4027419999999964
11
77.0565289999999976
21
-51.4979799999999983
0
LINE
8
BLACK
6
CONTINUOUS
10
77.0565289999999976
20
-51.4979799999999983
11
76.9612910000000028
21
-51.5932189999999977
0
LINE
8
BLACK
6
CONTINUOUS
10
76.9612910000000028
20
-51.5932189999999977
11
76.8660529999999937
21
-51.7836949999999945
0
LINE
8
BLACK
6
CONTINUOUS
10
80.3898629999999912
20
-52.6408379999999951
11
80.3898629999999912
21
-50.6408379999999951
0
LINE
8
BLACK
6
CONTINUOUS
10
81.2470059999999989
20
-52.6408379999999951
11
81.2470059999999989
21
-51.5932189999999977
0
LINE
8
BLACK
6
CONTINUOUS
10
81.2470059999999989
20
-51.5932189999999977
11
81.1517679999999899
21
-51.4027419999999964
0
LINE
8
BLACK
6
CONTINUOUS
10
81.1517679999999899
20
-51.4027419999999964
11
80.9612920000000003
21
-51.3075039999999944
0
LINE
8
BLACK
6
CONTINUOUS
10
80.9612920000000003
20
-51.3075039999999944
11
80.6755769999999899
21
-51.3075039999999944
0
LINE
8
BLACK
6
CONTINUOUS
10
80.6755769999999899
20
-51.3075039999999944
11
80.4851010000000002
21
-51.4027419999999964
0
LINE
8
BLACK
6
CONTINUOUS
10
80.4851010000000002
20
-51.4027419999999964
11
80.3898629999999912
21
-51.4979799999999983
0
LINE
8
BLACK
6
CONTINUOUS
10
82.4851010000000002
20
-52.6408379999999951
11
82.2946249999999964
21
-52.5456000000000003
0
LINE
8
BLACK
6
CONTINUOUS
10
82.2946249999999964
20
-52.5456000000000003
11
82.1993870000000015
21
-52.4503610000000009
0
LINE
8
BLACK
6
CONTINUOUS
10
82.1993870000000015
20
-52.4503610000000009
11
82.1041489999999925
21
-52.259884999999997
0
LINE
8
BLACK
6
CONTINUOUS
10
82.1041489999999925
20
-52.259884999999997
11
82.1041489999999925
21
-51.6884569999999997
0
LINE
8
BLACK
6
CONTINUOUS
10
82.1041489999999925
20
-51.6884569999999997
11
82.1993870000000015
21
-51.4979799999999983
0
LINE
8
BLACK
6
CONTINUOUS
10
82.1993870000000015
20
-51.4979799999999983
11
82.2946249999999964
21
-51.4027419999999964
0
LINE
8
BLACK
6
CONTINUOUS
10
82.2946249999999964
20
-51.4027419999999964
11
82.4851010000000002
21
-51.3075039999999944
0
LINE
8
BLACK
6
CONTINUOUS
10
82.4851010000000002
20
-51.3075039999999944
11
82.7708159999999964
21
-51.3075039999999944
0
LINE
8
BLACK
6
CONTINUOUS
10
82.7708159999999964
20
-51.3075039999999944
11
82.9612920000000003
21
-51.4027419999999964
0
LINE
8
BLACK
6
CONTINUOUS
10
82.9612920000000003
20
-51.4027419999999964
11
83.0565299999999951
21
-51.4979799999999983
0
LINE
8
BLACK
6
CONTINUOUS
10
83.0565299999999951
20
-51.4979799999999983
11
83.1517679999999899
21
-51.6884569999999997
0
LINE
8
BLACK
6
CONTINUOUS
10
83.1517679999999899
20
-51.6884569999999997
11
83.1517679999999899
21
-52.259884999999997
0
LINE
8
BLACK
6
CONTINUOUS
10
83.1517679999999899
20
-52.259884999999997
11
83.0565299999999951
21
-52.4503610000000009
0
LINE
8
BLACK
6
CONTINUOUS
10
83.0565299999999951
20
-52.4503610000000009
11
82.9612920000000003
21
-52.5456000000000003
0
LINE
8
BLACK
6
CONTINUOUS
10
82.9612920000000003
20
-52.5456000000000003
11
82.7708159999999964
21
-52.6408379999999951
0
LINE
8
BLACK
6
CONTINUOUS
10
82.7708159999999964
20
-52.6408379999999951
11
82.4851010000000002
21
-52.6408379999999951
0
LINE
8
BLACK
6
CONTINUOUS
10
84.2946249999999964
20
-52.6408379999999951
11
84.1041489999999925
21
-52.5456000000000003
0
LINE
8
BLACK
6
CONTINUOUS
10
84.1041489999999925
20
-52.5456000000000003
11
84.0089109999999977
21
-52.355122999999999
0
LINE
8
BLACK
6
CONTINUOUS
10
84.0089109999999977
20
-52.355122999999999
11
84.0089109999999977
21
-50.6408379999999951
0
LINE
8
BLACK
6
CONTINUOUS
10
85.8184349999999938
20
-52.5456000000000003
11
85.6279589999999899
21
-52.6408379999999951
0
LINE
8
BLACK
6
CONTINUOUS
10
85.6279589999999899
20
-52.6408379999999951
11
85.2470059999999989
21
-52.6408379999999951
0
LINE
8
BLACK
6
CONTINUOUS
10
85.2470059999999989
20
-52.6408379999999951
11
85.0565299999999951
21
-52.5456000000000003
0
LINE
8
BLACK
6
CONTINUOUS
10
85.0565299999999951
20
-52.5456000000000003
11
84.9612920000000003
21
-52.355122999999999
0
LINE
8
BLACK
6
CONTINUOUS
10
84.9612920000000003
20
-52.355122999999999
11
84.9612920000000003
21
-51.5932189999999977
0
LINE
8
BLACK
6
CONTINUOUS
10
84.9612920000000003
20
-51.5932189999999977
11
85.0565299999999951
21
-51.4027419999999964
0
LINE
8
BLACK
6
CONTINUOUS
10
85.0565299999999951
20
-51.4027419999999964
11
85.2470059999999989
21
-51.3075039999999944
0
LINE
8
BLACK
6
CONTINUOUS
10
85.2470059999999989
20
-51.3075039999999944
11
85.6279589999999899
21
-51.3075039999999944
0
LINE
8
BLACK
6
CONTINUOUS
10
85.6279589999999899
20
-51.3075039999999944
11
85.8184349999999938
21
-51.4027419999999964
0
LINE
8
BLACK
6
CONTINUOUS
10
85.8184349999999938
20
-51.4027419999999964
11
85.9136730000000028
21
-51.5932189999999977
0
LINE
8
BLACK
6
CONTINUOUS
10
85.9136730000000028
20
-51.5932189999999977
11
85.9136730000000028
21
-51.7836949999999945
0
LINE
8
BLACK
6
CONTINUOUS
10
85.9136730000000028
20
-51.7836949999999945
11
84.9612920000000003
21
-51.9741709999999983
0
LINE
8
BLACK
6
CONTINUOUS
10
86.6755780000000016
20
-52.5456000000000003
11
86.8660539999999912
21
-52.6408379999999951
0
LINE
8
BLACK
6
CONTINUOUS
10
86.8660539999999912
20
-52.6408379999999951
11
87.2470059999999989
21
-52.6408379999999951
0
LINE
8
BLACK
6
CONTINUOUS
10
87.2470059999999989
20
-52.6408379999999951
11
87.4374830000000003
21
-52.5456000000000003
0
LINE
8
BLACK
6
CONTINUOUS
10
87.4374830000000003
20
-52.5456000000000003
11
87.5327209999999951
21
-52.355122999999999
0
LINE
8
BLACK
6
CONTINUOUS
10
87.5327209999999951
20
-52.355122999999999
11
87.5327209999999951
21
-52.259884999999997
0
LINE
8
BLACK
6
CONTINUOUS
10
87.5327209999999951
20
-52.259884999999997
11
87.4374830000000003
21
-52.0694090000000003
0
LINE
8
BLACK
6
CONTINUOUS
10
87.4374830000000003
20
-52.0694090000000003
11
87.2470059999999989
21
-51.9741709999999983
0
LINE
8
BLACK
6
CONTINUOUS
10
87.2470059999999989
20
-51.9741709999999983
11
86.9612920000000003
21
-51.9741709999999983
0
LINE
8
BLACK
6
CONTINUOUS
10
86.9612920000000003
20
-51.9741709999999983
11
86.7708159999999964
21
-51.8789329999999964
0
LINE
8
BLACK
6
CONTINUOUS
10
86.7708159999999964
20
-51.8789329999999964
11
86.6755780000000016
21
-51.6884569999999997
0
LINE
8
BLACK
6
CONTINUOUS
10
86.6755780000000016
20
-51.6884569999999997
11
86.6755780000000016
21
-51.5932189999999977
0
LINE
8
BLACK
6
CONTINUOUS
10
86.6755780000000016
20
-51.5932189999999977
11
86.7708159999999964
21
-51.4027419999999964
0
LINE
8
BLACK
6
CONTINUOUS
10
86.7708159999999964
20
-51.4027419999999964
11
86.9612920000000003
21
-51.3075039999999944
0
LINE
8
BLACK
6
CONTINUOUS
10
86.9612920000000003
20
-51.3075039999999944
11
87.2470059999999989
21
-51.3075039999999944
0
LINE
8
BLACK
6
CONTINUOUS
10
87.2470059999999989
20
-51.3075039999999944
11
87.4374830000000003
21
-51.4027419999999964
0
LINE
8
BLACK
6
CONTINUOUS
10
88.199387999999999
20
-53.4027419999999964
11
88.2946259999999938
21
-53.3075039999999944
0
LINE
8
BLACK
6
CONTINUOUS
10
88.2946259999999938
20
-53.3075039999999944
11
88.4851019999999977
21
-53.0217899999999958
0
LINE
8
BLACK
6
CONTINUOUS
10
88.4851019999999977
20
-53.0217899999999958
11
88.5803399999999925
21
-52.831313999999999
0
LINE
8
BLACK
6
CONTINUOUS
10
88.5803399999999925
20
-52.831313999999999
11
88.6755780000000016
21
-52.5456000000000003
0
LINE
8
BLACK
6
CONTINUOUS
10
88.6755780000000016
20
-52.5456000000000003
11
88.7708159999999964
21
-52.0694090000000003
0
LINE
8
BLACK
6
CONTINUOUS
10
88.7708159999999964
20
-52.0694090000000003
11
88.7708159999999964
21
-51.6884569999999997
0
LINE
8
BLACK
6
CONTINUOUS
10
88.7708159999999964
20
-51.6884569999999997
11
88.6755780000000016
21
-51.2122659999999996
0
LINE
8
BLACK
6
CONTINUOUS
10
88.6755780000000016
20
-51.2122659999999996
11
88.5803399999999925
21
-50.9265520000000009
0
LINE
8
BLACK
6
CONTINUOUS
10
88.5803399999999925
20
-50.9265520000000009
11
88.4851019999999977
21
-50.7360759999999971
0
LINE
8
BLACK
6
CONTINUOUS
10
88.4851019999999977
20
-50.7360759999999971
11
88.2946259999999938
21
-50.4503610000000009
0
LINE
8
BLACK
6
CONTINUOUS
10
88.2946259999999938
20
-50.4503610000000009
11
88.199387999999999
21
-50.355122999999999
0
LINE
8
BLACK
6
CONTINUOUS
10
38.2511099999999971
20
-55.6331139999999991
11
38.2511099999999971
21
-54.2188859999999977
0
LINE
8
BLACK
6
CONTINUOUS
10
38.2511099999999971
20
-54.2188859999999977
11
36.8368819999999957
21
-54.2188859999999977
0
LINE
8
BLACK
6
CONTINUOUS
10
36.8368819999999957
20
-54.2188859999999977
11
36.8368819999999957
21
-55.6331139999999991
0
LINE
8
BLACK
6
CONTINUOUS
10
36.8368819999999957
20
-55.6331139999999991
11
38.2511099999999971
21
-55.6331139999999991
0
LINE
8
BLACK
6
CONTINUOUS
10
41.0565259999999981
20
-54.0313139999999947
11
41.151764
21
-53.9360759999999999
0
LINE
8
BLACK
6
CONTINUOUS
10
41.151764
20
-53.9360759999999999
11
41.3422399999999968
21
-53.840837999999998
0
LINE
8
BLACK
6
CONTINUOUS
10
41.3422399999999968
20
-53.840837999999998
11
41.8184309999999968
21
-53.840837999999998
0
LINE
8
BLACK
6
CONTINUOUS
10
41.8184309999999968
20
-53.840837999999998
11
42.0089070000000007
21
-53.9360759999999999
0
LINE
8
BLACK
6
CONTINUOUS
10
42.0089070000000007
20
-53.9360759999999999
11
42.1041449999999955
21
-54.0313139999999947
0
LINE
8
BLACK
6
CONTINUOUS
10
42.1041449999999955
20
-54.0313139999999947
11
42.1993829999999974
21
-54.2217899999999986
0
LINE
8
BLACK
6
CONTINUOUS
10
42.1993829999999974
20
-54.2217899999999986
11
42.1993829999999974
21
-54.4122659999999954
0
LINE
8
BLACK
6
CONTINUOUS
10
42.1993829999999974
20
-54.4122659999999954
11
42.1041449999999955
21
-54.697979999999994
0
LINE
8
BLACK
6
CONTINUOUS
10
42.1041449999999955
20
-54.697979999999994
11
40.9612879999999961
21
-55.840837999999998
0
LINE
8
BLACK
6
CONTINUOUS
10
40.9612879999999961
20
-55.840837999999998
11
42.1993829999999974
21
-55.840837999999998
0
LINE
8
BLACK
6
CONTINUOUS
10
43.0565259999999981
20
-55.6503609999999966
11
43.151764
21
-55.745599999999996
0
LINE
8
BLACK
6
CONTINUOUS
10
43.151764
20
-55.745599999999996
11
43.0565259999999981
21
-55.840837999999998
0
LINE
8
BLACK
6
CONTINUOUS
10
43.0565259999999981
20
-55.840837999999998
11
42.9612879999999961
21
-55.745599999999996
0
LINE
8
BLACK
6
CONTINUOUS
10
42.9612879999999961
20
-55.745599999999996
11
43.0565259999999981
21
-55.6503609999999966
0
LINE
8
BLACK
6
CONTINUOUS
10
43.0565259999999981
20
-55.6503609999999966
11
43.0565259999999981
21
-55.840837999999998
0
LINE
8
BLACK
6
CONTINUOUS
10
43.9136689999999987
20
-54.0313139999999947
11
44.0089070000000007
21
-53.9360759999999999
0
LINE
8
BLACK
6
CONTINUOUS
10
44.0089070000000007
20
-53.9360759999999999
11
44.1993829999999974
21
-53.840837999999998
0
LINE
8
BLACK
6
CONTINUOUS
10
44.1993829999999974
20
-53.840837999999998
11
44.6755739999999975
21
-53.840837999999998
0
LINE
8
BLACK
6
CONTINUOUS
10
44.6755739999999975
20
-53.840837999999998
11
44.8660500000000013
21
-53.9360759999999999
0
LINE
8
BLACK
6
CONTINUOUS
10
44.8660500000000013
20
-53.9360759999999999
11
44.9612879999999961
21
-54.0313139999999947
0
LINE
8
BLACK
6
CONTINUOUS
10
44.9612879999999961
20
-54.0313139999999947
11
45.0565259999999981
21
-54.2217899999999986
0
LINE
8
BLACK
6
CONTINUOUS
10
45.0565259999999981
20
-54.2217899999999986
11
45.0565259999999981
21
-54.4122659999999954
0
LINE
8
BLACK
6
CONTINUOUS
10
45.0565259999999981
20
-54.4122659999999954
11
44.9612879999999961
21
-54.697979999999994
0
LINE
8
BLACK
6
CONTINUOUS
10
44.9612879999999961
20
-54.697979999999994
11
43.8184309999999968
21
-55.840837999999998
0
LINE
8
BLACK
6
CONTINUOUS
10
43.8184309999999968
20
-55.840837999999998
11
45.0565259999999981
21
-55.840837999999998
0
LINE
8
BLACK
6
CONTINUOUS
10
46.2946209999999994
20
-53.840837999999998
11
46.4850980000000007
21
-53.840837999999998
0
LINE
8
BLACK
6
CONTINUOUS
10
46.4850980000000007
20
-53.840837999999998
11
46.6755739999999975
21
-53.9360759999999999
0
LINE
8
BLACK
6
CONTINUOUS
10
46.6755739999999975
20
-53.9360759999999999
11
46.7708119999999994
21
-54.0313139999999947
0
LINE
8
BLACK
6
CONTINUOUS
10
46.7708119999999994
20
-54.0313139999999947
11
46.8660500000000013
21
-54.2217899999999986
0
LINE
8
BLACK
6
CONTINUOUS
10
46.8660500000000013
20
-54.2217899999999986
11
46.9612879999999961
21
-54.6027419999999992
0
LINE
8
BLACK
6
CONTINUOUS
10
46.9612879999999961
20
-54.6027419999999992
11
46.9612879999999961
21
-55.0789329999999993
0
LINE
8
BLACK
6
CONTINUOUS
10
46.9612879999999961
20
-55.0789329999999993
11
46.8660500000000013
21
-55.4598849999999999
0
LINE
8
BLACK
6
CONTINUOUS
10
46.8660500000000013
20
-55.4598849999999999
11
46.7708119999999994
21
-55.6503609999999966
0
LINE
8
BLACK
6
CONTINUOUS
10
46.7708119999999994
20
-55.6503609999999966
11
46.6755739999999975
21
-55.745599999999996
0
LINE
8
BLACK
6
CONTINUOUS
10
46.6755739999999975
20
-55.745599999999996
11
46.4850980000000007
21
-55.840837999999998
0
LINE
8
BLACK
6
CONTINUOUS
10
46.4850980000000007
20
-55.840837999999998
11
46.2946209999999994
21
-55.840837999999998
0
LINE
8
BLACK
6
CONTINUOUS
10
46.2946209999999994
20
-55.840837999999998
11
46.1041449999999955
21
-55.745599999999996
0
LINE
8
BLACK
6
CONTINUOUS
10
46.1041449999999955
20
-55.745599999999996
11
46.0089070000000007
21
-55.6503609999999966
0
LINE
8
BLACK
6
CONTINUOUS
10
46.0089070000000007
20
-55.6503609999999966
11
45.9136689999999987
21
-55.4598849999999999
0
LINE
8
BLACK
6
CONTINUOUS
10
45.9136689999999987
20
-55.4598849999999999
11
45.8184309999999968
21
-55.0789329999999993
0
LINE
8
BLACK
6
CONTINUOUS
10
45.8184309999999968
20
-55.0789329999999993
11
45.8184309999999968
21
-54.6027419999999992
0
LINE
8
BLACK
6
CONTINUOUS
10
45.8184309999999968
20
-54.6027419999999992
11
45.9136689999999987
21
-54.2217899999999986
0
LINE
8
BLACK
6
CONTINUOUS
10
45.9136689999999987
20
-54.2217899999999986
11
46.0089070000000007
21
-54.0313139999999947
0
LINE
8
BLACK
6
CONTINUOUS
10
46.0089070000000007
20
-54.0313139999999947
11
46.1041449999999955
21
-53.9360759999999999
0
LINE
8
BLACK
6
CONTINUOUS
10
46.1041449999999955
20
-53.9360759999999999
11
46.2946209999999994
21
-53.840837999999998
0
LINE
8
BLACK
6
CONTINUOUS
10
48.1993829999999974
20
-53.840837999999998
11
48.3898599999999988
21
-53.840837999999998
0
LINE
8
BLACK
6
CONTINUOUS
10
48.3898599999999988
20
-53.840837999999998
11
48.5803359999999955
21
-53.9360759999999999
0
LINE
8
BLACK
6
CONTINUOUS
10
48.5803359999999955
20
-53.9360759999999999
11
48.6755739999999975
21
-54.0313139999999947
0
LINE
8
BLACK
6
CONTINUOUS
10
48.6755739999999975
20
-54.0313139999999947
11
48.7708119999999994
21
-54.2217899999999986
0
LINE
8
BLACK
6
CONTINUOUS
10
48.7708119999999994
20
-54.2217899999999986
11
48.8660500000000013
21
-54.6027419999999992
0
LINE
8
BLACK
6
CONTINUOUS
10
48.8660500000000013
20
-54.6027419999999992
11
48.8660500000000013
21
-55.0789329999999993
0
LINE
8
BLACK
6
CONTINUOUS
10
48.8660500000000013
20
-55.0789329999999993
11
48.7708119999999994
21
-55.4598849999999999
0
LINE
8
BLACK
6
CONTINUOUS
10
48.7708119999999994
20
-55.4598849999999999
11
48.6755739999999975
21
-55.6503609999999966
0
LINE
8
BLACK
6
CONTINUOUS
10
48.6755739999999975
20
-55.6503609999999966
11
48.5803359999999955
21
-55.745599999999996
0
LINE
8
BLACK
6
CONTINUOUS
10
48.5803359999999955
20
-55.745599999999996
11
48.3898599999999988
21
-55.840837999999998
0
LINE
8
BLACK
6
CONTINUOUS
10
48.3898599999999988
20
-55.840837999999998
11
48.1993829999999974
21
-55.840837999999998
0
LINE
8
BLACK
6
CONTINUOUS
10
48.1993829999999974
20
-55.840837999999998
11
48.0089070000000007
21
-55.745599999999996
0
LINE
8
BLACK
6
CONTINUOUS
10
48.0089070000000007
20
-55.745599999999996
11
47.9136689999999987
21
-55.6503609999999966
0
LINE
8
BLACK
6
CONTINUOUS
10
47.9136689999999987
20
-55.6503609999999966
11
47.8184309999999968
21
-55.4598849999999999
0
LINE
8
BLACK
6
CONTINUOUS
10
47.8184309999999968
20
-55.4598849999999999
11
47.7231929999999949
21
-55.0789329999999993
0
LINE
8
BLACK
6
CONTINUOUS
10
47.7231929999999949
20
-55.0789329999999993
11
47.7231929999999949
21
-54.6027419999999992
0
LINE
8
BLACK
6
CONTINUOUS
10
47.7231929999999949
20
-54.6027419999999992
11
47.8184309999999968
21
-54.2217899999999986
0
LINE
8
BLACK
6
CONTINUOUS
10
47.8184309999999968
20
-54.2217899999999986
11
47.9136689999999987
21
-54.0313139999999947
0
LINE
8
BLACK
6
CONTINUOUS
10
47.9136689999999987
20
-54.0313139999999947
11
48.0089070000000007
21
-53.9360759999999999
0
LINE
8
BLACK
6
CONTINUOUS
10
48.0089070000000007
20
-53.9360759999999999
11
48.1993829999999974
21
-53.840837999999998
0
LINE
8
BLACK
6
CONTINUOUS
10
49.7231929999999949
20
-55.840837999999998
11
49.7231929999999949
21
-54.5075039999999973
0
LINE
8
BLACK
6
CONTINUOUS
10
49.7231929999999949
20
-54.697979999999994
11
49.8184309999999968
21
-54.6027419999999992
0
LINE
8
BLACK
6
CONTINUOUS
10
49.8184309999999968
20
-54.6027419999999992
11
50.0089070000000007
21
-54.5075039999999973
0
LINE
8
BLACK
6
CONTINUOUS
10
50.0089070000000007
20
-54.5075039999999973
11
50.2946219999999968
21
-54.5075039999999973
0
LINE
8
BLACK
6
CONTINUOUS
10
50.2946219999999968
20
-54.5075039999999973
11
50.4850980000000007
21
-54.6027419999999992
0
LINE
8
BLACK
6
CONTINUOUS
10
50.4850980000000007
20
-54.6027419999999992
11
50.5803359999999955
21
-54.7932190000000006
0
LINE
8
BLACK
6
CONTINUOUS
10
50.5803359999999955
20
-54.7932190000000006
11
50.5803359999999955
21
-55.840837999999998
0
LINE
8
BLACK
6
CONTINUOUS
10
50.5803359999999955
20
-54.7932190000000006
11
50.6755739999999975
21
-54.6027419999999992
0
LINE
8
BLACK
6
CONTINUOUS
10
50.6755739999999975
20
-54.6027419999999992
11
50.8660499999999942
21
-54.5075039999999973
0
LINE
8
BLACK
6
CONTINUOUS
10
50.8660499999999942
20
-54.5075039999999973
11
51.151764
21
-54.5075039999999973
0
LINE
8
BLACK
6
CONTINUOUS
10
51.151764
20
-54.5075039999999973
11
51.3422409999999942
21
-54.6027419999999992
0
LINE
8
BLACK
6
CONTINUOUS
10
51.3422409999999942
20
-54.6027419999999992
11
51.4374789999999962
21
-54.7932190000000006
0
LINE
8
BLACK
6
CONTINUOUS
10
51.4374789999999962
20
-54.7932190000000006
11
51.4374789999999962
21
-55.840837999999998
0
LINE
8
BLACK
6
CONTINUOUS
10
52.3898599999999988
20
-55.840837999999998
11
52.3898599999999988
21
-54.5075039999999973
0
LINE
8
BLACK
6
CONTINUOUS
10
52.3898599999999988
20
-54.697979999999994
11
52.4850980000000007
21
-54.6027419999999992
0
LINE
8
BLACK
6
CONTINUOUS
10
52.4850980000000007
20
-54.6027419999999992
11
52.6755739999999975
21
-54.5075039999999973
0
LINE
8
BLACK
6
CONTINUOUS
10
52.6755739999999975
20
-54.5075039999999973
11
52.9612890000000007
21
-54.5075039999999973
0
LINE
8
BLACK
6
CONTINUOUS
10
52.9612890000000007
20
-54.5075039999999973
11
53.1517649999999975
21
-54.6027419999999992
0
LINE
8
BLACK
6
CONTINUOUS
10
53.1517649999999975
20
-54.6027419999999992
11
53.2470029999999994
21
-54.7932190000000006
0
LINE
8
BLACK
6
CONTINUOUS
10
53.2470029999999994
20
-54.7932190000000006
11
53.2470029999999994
21
-55.840837999999998
0
LINE
8
BLACK
6
CONTINUOUS
10
53.2470029999999994
20
-54.7932190000000006
11
53.3422409999999942
21
-54.6027419999999992
0
LINE
8
BLACK
6
CONTINUOUS
10
53.3422409999999942
20
-54.6027419999999992
11
53.5327169999999981
21
-54.5075039999999973
0
LINE
8
BLACK
6
CONTINUOUS
10
53.5327169999999981
20
-54.5075039999999973
11
53.8184309999999968
21
-54.5075039999999973
0
LINE
8
BLACK
6
CONTINUOUS
10
53.8184309999999968
20
-54.5075039999999973
11
54.0089079999999981
21
-54.6027419999999992
0
LINE
8
BLACK
6
CONTINUOUS
10
54.0089079999999981
20
-54.6027419999999992
11
54.1041460000000001
21
-54.7932190000000006
0
LINE
8
BLACK
6
CONTINUOUS
10
54.1041460000000001
20
-54.7932190000000006
11
54.1041460000000001
21
-55.840837999999998
0
LINE
8
BLACK
6
CONTINUOUS
10
58.0089079999999981
20
-53.745599999999996
11
56.2946229999999943
21
-56.3170280000000005
0
LINE
8
BLACK
6
CONTINUOUS
10
60.5803370000000001
20
-53.840837999999998
11
60.7708139999999943
21
-53.840837999999998
0
LINE
8
BLACK
6
CONTINUOUS
10
60.7708139999999943
20
-53.840837999999998
11
60.9612899999999982
21
-53.9360759999999999
0
LINE
8
BLACK
6
CONTINUOUS
10
60.9612899999999982
20
-53.9360759999999999
11
61.0565280000000001
21
-54.0313139999999947
0
LINE
8
BLACK
6
CONTINUOUS
10
61.0565280000000001
20
-54.0313139999999947
11
61.151765999999995
21
-54.2217899999999986
0
LINE
8
BLACK
6
CONTINUOUS
10
61.151765999999995
20
-54.2217899999999986
11
61.2470039999999969
21
-54.6027419999999992
0
LINE
8
BLACK
6
CONTINUOUS
10
61.2470039999999969
20
-54.6027419999999992
11
61.2470039999999969
21
-55.0789329999999993
0
LINE
8
BLACK
6
CONTINUOUS
10
61.2470039999999969
20
-55.0789329999999993
11
61.151765999999995
21
-55.4598849999999999
0
LINE
8
BLACK
6
CONTINUOUS
10
61.151765999999995
20
-55.4598849999999999
11
61.0565280000000001
21
-55.6503609999999966
0
LINE
8
BLACK
6
CONTINUOUS
10
61.0565280000000001
20
-55.6503609999999966
11
60.9612899999999982
21
-55.745599999999996
0
LINE
8
BLACK
6
CONTINUOUS
10
60.9612899999999982
20
-55.745599999999996
11
60.7708139999999943
21
-55.840837999999998
0
LINE
8
BLACK
6
CONTINUOUS
10
60.7708139999999943
20
-55.840837999999998
11
60.5803370000000001
21
-55.840837999999998
0
LINE
8
BLACK
6
CONTINUOUS
10
60.5803370000000001
20
-55.840837999999998
11
60.3898609999999962
21
-55.745599999999996
0
LINE
8
BLACK
6
CONTINUOUS
10
60.3898609999999962
20
-55.745599999999996
11
60.2946229999999943
21
-55.6503609999999966
0
LINE
8
BLACK
6
CONTINUOUS
10
60.2946229999999943
20
-55.6503609999999966
11
60.1993849999999995
21
-55.4598849999999999
0
LINE
8
BLACK
6
CONTINUOUS
10
60.1993849999999995
20
-55.4598849999999999
11
60.1041469999999975
21
-55.0789329999999993
0
LINE
8
BLACK
6
CONTINUOUS
10
60.1041469999999975
20
-55.0789329999999993
11
60.1041469999999975
21
-54.6027419999999992
0
LINE
8
BLACK
6
CONTINUOUS
10
60.1041469999999975
20
-54.6027419999999992
11
60.1993849999999995
21
-54.2217899999999986
0
LINE
8
BLACK
6
CONTINUOUS
10
60.1993849999999995
20
-54.2217899999999986
11
60.2946229999999943
21
-54.0313139999999947
0
LINE
8
BLACK
6
CONTINUOUS
10
60.2946229999999943
20
-54.0313139999999947
11
60.3898609999999962
21
-53.9360759999999999
0
LINE
8
BLACK
6
CONTINUOUS
10
60.3898609999999962
20
-53.9360759999999999
11
60.5803370000000001
21
-53.840837999999998
0
LINE
8
BLACK
6
CONTINUOUS
10
62.1041469999999975
20
-55.6503609999999966
11
62.1993849999999995
21
-55.745599999999996
0
LINE
8
BLACK
6
CONTINUOUS
10
62.1993849999999995
20
-55.745599999999996
11
62.1041469999999975
21
-55.840837999999998
0
LINE
8
BLACK
6
CONTINUOUS
10
62.1041469999999975
20
-55.840837999999998
11
62.0089089999999956
21
-55.745599999999996
0
LINE
8
BLACK
6
CONTINUOUS
10
62.0089089999999956
20
-55.745599999999996
11
62.1041469999999975
21
-55.6503609999999966
0
LINE
8
BLACK
6
CONTINUOUS
10
62.1041469999999975
20
-55.6503609999999966
11
62.1041469999999975
21
-55.840837999999998
0
LINE
8
BLACK
6
CONTINUOUS
10
63.4374799999999937
20
-53.840837999999998
11
63.627956999999995
21
-53.840837999999998
0
LINE
8
BLACK
6
CONTINUOUS
10
63.627956999999995
20
-53.840837999999998
11
63.8184329999999989
21
-53.9360759999999999
0
LINE
8
BLACK
6
CONTINUOUS
10
63.8184329999999989
20
-53.9360759999999999
11
63.9136709999999937
21
-54.0313139999999947
0
LINE
8
BLACK
6
CONTINUOUS
10
63.9136709999999937
20
-54.0313139999999947
11
64.0089090000000027
21
-54.2217899999999986
0
LINE
8
BLACK
6
CONTINUOUS
10
64.0089090000000027
20
-54.2217899999999986
11
64.1041469999999975
21
-54.6027419999999992
0
LINE
8
BLACK
6
CONTINUOUS
10
64.1041469999999975
20
-54.6027419999999992
11
64.1041469999999975
21
-55.0789329999999993
0
LINE
8
BLACK
6
CONTINUOUS
10
64.1041469999999975
20
-55.0789329999999993
11
64.0089090000000027
21
-55.4598849999999999
0
LINE
8
BLACK
6
CONTINUOUS
10
64.0089090000000027
20
-55.4598849999999999
11
63.9136709999999937
21
-55.6503609999999966
0
LINE
8
BLACK
6
CONTINUOUS
10
63.9136709999999937
20
-55.6503609999999966
11
63.8184329999999989
21
-55.745599999999996
0
LINE
8
BLACK
6
CONTINUOUS
10
63.8184329999999989
20
-55.745599999999996
11
63.627956999999995
21
-55.840837999999998
0
LINE
8
BLACK
6
CONTINUOUS
10
63.627956999999995
20
-55.840837999999998
11
63.4374799999999937
21
-55.840837999999998
0
LINE
8
BLACK
6
CONTINUOUS
10
63.4374799999999937
20
-55.840837999999998
11
63.2470039999999969
21
-55.745599999999996
0
LINE
8
BLACK
6
CONTINUOUS
10
63.2470039999999969
20
-55.745599999999996
11
63.151765999999995
21
-55.6503609999999966
0
LINE
8
BLACK
6
CONTINUOUS
10
63.151765999999995
20
-55.6503609999999966
11
63.0565280000000001
21
-55.4598849999999999
0
LINE
8
BLACK
6
CONTINUOUS
10
63.0565280000000001
20
-55.4598849999999999
11
62.9612899999999982
21
-55.0789329999999993
0
LINE
8
BLACK
6
CONTINUOUS
10
62.9612899999999982
20
-55.0789329999999993
11
62.9612899999999982
21
-54.6027419999999992
0
LINE
8
BLACK
6
CONTINUOUS
10
62.9612899999999982
20
-54.6027419999999992
11
63.0565280000000001
21
-54.2217899999999986
0
LINE
8
BLACK
6
CONTINUOUS
10
63.0565280000000001
20
-54.2217899999999986
11
63.151765999999995
21
-54.0313139999999947
0
LINE
8
BLACK
6
CONTINUOUS
10
63.151765999999995
20
-54.0313139999999947
11
63.2470039999999969
21
-53.9360759999999999
0
LINE
8
BLACK
6
CONTINUOUS
10
63.2470039999999969
20
-53.9360759999999999
11
63.4374799999999937
21
-53.840837999999998
0
LINE
8
BLACK
6
CONTINUOUS
10
65.247004000000004
20
-54.697979999999994
11
65.0565280000000001
21
-54.6027419999999992
0
LINE
8
BLACK
6
CONTINUOUS
10
65.0565280000000001
20
-54.6027419999999992
11
64.9612899999999911
21
-54.5075039999999973
0
LINE
8
BLACK
6
CONTINUOUS
10
64.9612899999999911
20
-54.5075039999999973
11
64.8660519999999963
21
-54.3170280000000005
0
LINE
8
BLACK
6
CONTINUOUS
10
64.8660519999999963
20
-54.3170280000000005
11
64.8660519999999963
21
-54.2217899999999986
0
LINE
8
BLACK
6
CONTINUOUS
10
64.8660519999999963
20
-54.2217899999999986
11
64.9612899999999911
21
-54.0313139999999947
0
LINE
8
BLACK
6
CONTINUOUS
10
64.9612899999999911
20
-54.0313139999999947
11
65.0565280000000001
21
-53.9360759999999999
0
LINE
8
BLACK
6
CONTINUOUS
10
65.0565280000000001
20
-53.9360759999999999
11
65.247004000000004
21
-53.840837999999998
0
LINE
8
BLACK
6
CONTINUOUS
10
65.247004000000004
20
-53.840837999999998
11
65.627956999999995
21
-53.840837999999998
0
LINE
8
BLACK
6
CONTINUOUS
10
65.627956999999995
20
-53.840837999999998
11
65.8184329999999989
21
-53.9360759999999999
0
LINE
8
BLACK
6
CONTINUOUS
10
65.8184329999999989
20
-53.9360759999999999
11
65.9136709999999937
21
-54.0313139999999947
0
LINE
8
BLACK
6
CONTINUOUS
10
65.9136709999999937
20
-54.0313139999999947
11
66.0089090000000027
21
-54.2217899999999986
0
LINE
8
BLACK
6
CONTINUOUS
10
66.0089090000000027
20
-54.2217899999999986
11
66.0089090000000027
21
-54.3170280000000005
0
LINE
8
BLACK
6
CONTINUOUS
10
66.0089090000000027
20
-54.3170280000000005
11
65.9136709999999937
21
-54.5075039999999973
0
LINE
8
BLACK
6
CONTINUOUS
10
65.9136709999999937
20
-54.5075039999999973
11
65.8184329999999989
21
-54.6027419999999992
0
LINE
8
BLACK
6
CONTINUOUS
10
65.8184329999999989
20
-54.6027419999999992
11
65.627956999999995
21
-54.697979999999994
0
LINE
8
BLACK
6
CONTINUOUS
10
65.627956999999995
20
-54.697979999999994
11
65.247004000000004
21
-54.697979999999994
0
LINE
8
BLACK
6
CONTINUOUS
10
65.247004000000004
20
-54.697979999999994
11
65.0565280000000001
21
-54.7932190000000006
0
LINE
8
BLACK
6
CONTINUOUS
10
65.0565280000000001
20
-54.7932190000000006
11
64.9612899999999911
21
-54.8884569999999954
0
LINE
8
BLACK
6
CONTINUOUS
10
64.9612899999999911
20
-54.8884569999999954
11
64.8660519999999963
21
-55.0789329999999993
0
LINE
8
BLACK
6
CONTINUOUS
10
64.8660519999999963
20
-55.0789329999999993
11
64.8660519999999963
21
-55.4598849999999999
0
LINE
8
BLACK
6
CONTINUOUS
10
64.8660519999999963
20
-55.4598849999999999
11
64.9612899999999911
21
-55.6503609999999966
0
LINE
8
BLACK
6
CONTINUOUS
10
64.9612899999999911
20
-55.6503609999999966
11
65.0565280000000001
21
-55.745599999999996
0
LINE
8
BLACK
6
CONTINUOUS
10
65.0565280000000001
20
-55.745599999999996
11
65.247004000000004
21
-55.840837999999998
0
LINE
8
BLACK
6
CONTINUOUS
10
65.247004000000004
20
-55.840837999999998
11
65.627956999999995
21
-55.840837999999998
0
LINE
8
BLACK
6
CONTINUOUS
10
65.627956999999995
20
-55.840837999999998
11
65.8184329999999989
21
-55.745599999999996
0
LINE
8
BLACK
6
CONTINUOUS
10
65.8184329999999989
20
-55.745599999999996
11
65.9136709999999937
21
-55.6503609999999966
0
LINE
8
BLACK
6
CONTINUOUS
10
65.9136709999999937
20
-55.6503609999999966
11
66.0089090000000027
21
-55.4598849999999999
0
LINE
8
BLACK
6
CONTINUOUS
10
66.0089090000000027
20
-55.4598849999999999
11
66.0089090000000027
21
-55.0789329999999993
0
LINE
8
BLACK
6
CONTINUOUS
10
66.0089090000000027
20
-55.0789329999999993
11
65.9136709999999937
21
-54.8884569999999954
0
LINE
8
BLACK
6
CONTINUOUS
10
65.9136709999999937
20
-54.8884569999999954
11
65.8184329999999989
21
-54.7932190000000006
0
LINE
8
BLACK
6
CONTINUOUS
10
65.8184329999999989
20
-54.7932190000000006
11
65.627956999999995
21
-54.697979999999994
0
LINE
8
BLACK
6
CONTINUOUS
10
67.723195000000004
20
-53.840837999999998
11
67.3422419999999988
21
-53.840837999999998
0
LINE
8
BLACK
6
CONTINUOUS
10
67.3422419999999988
20
-53.840837999999998
11
67.151765999999995
21
-53.9360759999999999
0
LINE
8
BLACK
6
CONTINUOUS
10
67.151765999999995
20
-53.9360759999999999
11
67.0565280000000001
21
-54.0313139999999947
0
LINE
8
BLACK
6
CONTINUOUS
10
67.0565280000000001
20
-54.0313139999999947
11
66.8660519999999963
21
-54.3170280000000005
0
LINE
8
BLACK
6
CONTINUOUS
10
66.8660519999999963
20
-54.3170280000000005
11
66.7708140000000014
21
-54.697979999999994
0
LINE
8
BLACK
6
CONTINUOUS
10
66.7708140000000014
20
-54.697979999999994
11
66.7708140000000014
21
-55.4598849999999999
0
LINE
8
BLACK
6
CONTINUOUS
10
66.7708140000000014
20
-55.4598849999999999
11
66.8660519999999963
21
-55.6503609999999966
0
LINE
8
BLACK
6
CONTINUOUS
10
66.8660519999999963
20
-55.6503609999999966
11
66.9612899999999911
21
-55.745599999999996
0
LINE
8
BLACK
6
CONTINUOUS
10
66.9612899999999911
20
-55.745599999999996
11
67.151765999999995
21
-55.840837999999998
0
LINE
8
BLACK
6
CONTINUOUS
10
67.151765999999995
20
-55.840837999999998
11
67.5327190000000002
21
-55.840837999999998
0
LINE
8
BLACK
6
CONTINUOUS
10
67.5327190000000002
20
-55.840837999999998
11
67.723195000000004
21
-55.745599999999996
0
LINE
8
BLACK
6
CONTINUOUS
10
67.723195000000004
20
-55.745599999999996
11
67.8184329999999989
21
-55.6503609999999966
0
LINE
8
BLACK
6
CONTINUOUS
10
67.8184329999999989
20
-55.6503609999999966
11
67.9136709999999937
21
-55.4598849999999999
0
LINE
8
BLACK
6
CONTINUOUS
10
67.9136709999999937
20
-55.4598849999999999
11
67.9136709999999937
21
-54.9836949999999973
0
LINE
8
BLACK
6
CONTINUOUS
10
67.9136709999999937
20
-54.9836949999999973
11
67.8184329999999989
21
-54.7932190000000006
0
LINE
8
BLACK
6
CONTINUOUS
10
67.8184329999999989
20
-54.7932190000000006
11
67.723195000000004
21
-54.697979999999994
0
LINE
8
BLACK
6
CONTINUOUS
10
67.723195000000004
20
-54.697979999999994
11
67.5327190000000002
21
-54.6027419999999992
0
LINE
8
BLACK
6
CONTINUOUS
10
67.5327190000000002
20
-54.6027419999999992
11
67.151765999999995
21
-54.6027419999999992
0
LINE
8
BLACK
6
CONTINUOUS
10
67.151765999999995
20
-54.6027419999999992
11
66.9612899999999911
21
-54.697979999999994
0
LINE
8
BLACK
6
CONTINUOUS
10
66.9612899999999911
20
-54.697979999999994
11
66.8660519999999963
21
-54.7932190000000006
0
LINE
8
BLACK
6
CONTINUOUS
10
66.8660519999999963
20
-54.7932190000000006
11
66.7708140000000014
21
-54.9836949999999973
0
LINE
8
BLACK
6
CONTINUOUS
10
69.627956999999995
20
-53.840837999999998
11
69.2470039999999898
21
-53.840837999999998
0
LINE
8
BLACK
6
CONTINUOUS
10
69.2470039999999898
20
-53.840837999999998
11
69.0565280000000001
21
-53.9360759999999999
0
LINE
8
BLACK
6
CONTINUOUS
10
69.0565280000000001
20
-53.9360759999999999
11
68.9612899999999911
21
-54.0313139999999947
0
LINE
8
BLACK
6
CONTINUOUS
10
68.9612899999999911
20
-54.0313139999999947
11
68.7708140000000014
21
-54.3170280000000005
0
LINE
8
BLACK
6
CONTINUOUS
10
68.7708140000000014
20
-54.3170280000000005
11
68.6755759999999924
21
-54.697979999999994
0
LINE
8
BLACK
6
CONTINUOUS
10
68.6755759999999924
20
-54.697979999999994
11
68.6755759999999924
21
-55.4598849999999999
0
LINE
8
BLACK
6
CONTINUOUS
10
68.6755759999999924
20
-55.4598849999999999
11
68.7708140000000014
21
-55.6503609999999966
0
LINE
8
BLACK
6
CONTINUOUS
10
68.7708140000000014
20
-55.6503609999999966
11
68.8660519999999963
21
-55.745599999999996
0
LINE
8
BLACK
6
CONTINUOUS
10
68.8660519999999963
20
-55.745599999999996
11
69.0565280000000001
21
-55.840837999999998
0
LINE
8
BLACK
6
CONTINUOUS
10
69.0565280000000001
20
-55.840837999999998
11
69.4374809999999911
21
-55.840837999999998
0
LINE
8
BLACK
6
CONTINUOUS
10
69.4374809999999911
20
-55.840837999999998
11
69.627956999999995
21
-55.745599999999996
0
LINE
8
BLACK
6
CONTINUOUS
10
69.627956999999995
20
-55.745599999999996
11
69.7231949999999898
21
-55.6503609999999966
0
LINE
8
BLACK
6
CONTINUOUS
10
69.7231949999999898
20
-55.6503609999999966
11
69.8184329999999989
21
-55.4598849999999999
0
LINE
8
BLACK
6
CONTINUOUS
10
69.8184329999999989
20
-55.4598849999999999
11
69.8184329999999989
21
-54.9836949999999973
0
LINE
8
BLACK
6
CONTINUOUS
10
69.8184329999999989
20
-54.9836949999999973
11
69.7231949999999898
21
-54.7932190000000006
0
LINE
8
BLACK
6
CONTINUOUS
10
69.7231949999999898
20
-54.7932190000000006
11
69.627956999999995
21
-54.697979999999994
0
LINE
8
BLACK
6
CONTINUOUS
10
69.627956999999995
20
-54.697979999999994
11
69.4374809999999911
21
-54.6027419999999992
0
LINE
8
BLACK
6
CONTINUOUS
10
69.4374809999999911
20
-54.6027419999999992
11
69.0565280000000001
21
-54.6027419999999992
0
LINE
8
BLACK
6
CONTINUOUS
10
69.0565280000000001
20
-54.6027419999999992
11
68.8660519999999963
21
-54.697979999999994
0
LINE
8
BLACK
6
CONTINUOUS
10
68.8660519999999963
20
-54.697979999999994
11
68.7708140000000014
21
-54.7932190000000006
0
LINE
8
BLACK
6
CONTINUOUS
10
68.7708140000000014
20
-54.7932190000000006
11
68.6755759999999924
21
-54.9836949999999973
0
LINE
8
BLACK
6
CONTINUOUS
10
70.5803379999999976
20
-53.840837999999998
11
70.5803379999999976
21
-54.2217899999999986
0
LINE
8
BLACK
6
CONTINUOUS
10
71.3422429999999963
20
-53.840837999999998
11
71.3422429999999963
21
-54.2217899999999986
0
LINE
8
BLACK
6
CONTINUOUS
10
74.2946249999999964
20
-56.6027419999999992
11
74.1993859999999898
21
-56.5075039999999973
0
LINE
8
BLACK
6
CONTINUOUS
10
74.1993859999999898
20
-56.5075039999999973
11
74.0089100000000002
21
-56.2217899999999986
0
LINE
8
BLACK
6
CONTINUOUS
10
74.0089100000000002
20
-56.2217899999999986
11
73.9136719999999912
21
-56.0313139999999947
0
LINE
8
BLACK
6
CONTINUOUS
10
73.9136719999999912
20
-56.0313139999999947
11
73.8184339999999963
21
-55.745599999999996
0
LINE
8
BLACK
6
CONTINUOUS
10
73.8184339999999963
20
-55.745599999999996
11
73.7231960000000015
21
-55.269408999999996
0
LINE
8
BLACK
6
CONTINUOUS
10
73.7231960000000015
20
-55.269408999999996
11
73.7231960000000015
21
-54.8884569999999954
0
LINE
8
BLACK
6
CONTINUOUS
10
73.7231960000000015
20
-54.8884569999999954
11
73.8184339999999963
21
-54.4122659999999954
0
LINE
8
BLACK
6
CONTINUOUS
10
73.8184339999999963
20
-54.4122659999999954
11
73.9136719999999912
21
-54.1265519999999967
0
LINE
8
BLACK
6
CONTINUOUS
10
73.9136719999999912
20
-54.1265519999999967
11
74.0089100000000002
21
-53.9360759999999999
0
LINE
8
BLACK
6
CONTINUOUS
10
74.0089100000000002
20
-53.9360759999999999
11
74.1993859999999898
21
-53.6503609999999966
0
LINE
8
BLACK
6
CONTINUOUS
10
74.1993859999999898
20
-53.6503609999999966
11
74.2946249999999964
21
-53.5551229999999947
0
LINE
8
BLACK
6
CONTINUOUS
10
74.9612910000000028
20
-54.0313139999999947
11
75.0565289999999976
21
-53.9360759999999999
0
LINE
8
BLACK
6
CONTINUOUS
10
75.0565289999999976
20
-53.9360759999999999
11
75.2470050000000015
21
-53.840837999999998
0
LINE
8
BLACK
6
CONTINUOUS
10
75.2470050000000015
20
-53.840837999999998
11
75.7231960000000015
21
-53.840837999999998
0
LINE
8
BLACK
6
CONTINUOUS
10
75.7231960000000015
20
-53.840837999999998
11
75.9136719999999912
21
-53.9360759999999999
0
LINE
8
BLACK
6
CONTINUOUS
10
75.9136719999999912
20
-53.9360759999999999
11
76.0089100000000002
21
-54.0313139999999947
0
LINE
8
BLACK
6
CONTINUOUS
10
76.0089100000000002
20
-54.0313139999999947
11
76.104147999999995
21
-54.2217899999999986
0
LINE
8
BLACK
6
CONTINUOUS
10
76.104147999999995
20
-54.2217899999999986
11
76.104147999999995
21
-54.4122659999999954
0
LINE
8
BLACK
6
CONTINUOUS
10
76.104147999999995
20
-54.4122659999999954
11
76.0089100000000002
21
-54.697979999999994
0
LINE
8
BLACK
6
CONTINUOUS
10
76.0089100000000002
20
-54.697979999999994
11
74.8660529999999937
21
-55.840837999999998
0
LINE
8
BLACK
6
CONTINUOUS
10
74.8660529999999937
20
-55.840837999999998
11
76.104147999999995
21
-55.840837999999998
0
LINE
8
BLACK
6
CONTINUOUS
10
77.8184339999999963
20
-54.5075039999999973
11
77.8184339999999963
21
-55.840837999999998
0
LINE
8
BLACK
6
CONTINUOUS
10
77.3422429999999963
20
-53.745599999999996
11
76.8660529999999937
21
-55.1741709999999941
0
LINE
8
BLACK
6
CONTINUOUS
10
76.8660529999999937
20
-55.1741709999999941
11
78.104147999999995
21
-55.1741709999999941
0
LINE
8
BLACK
6
CONTINUOUS
10
80.3898629999999912
20
-55.840837999999998
11
80.3898629999999912
21
-53.840837999999998
0
LINE
8
BLACK
6
CONTINUOUS
10
81.2470059999999989
20
-55.840837999999998
11
81.2470059999999989
21
-54.7932190000000006
0
LINE
8
BLACK
6
CONTINUOUS
10
81.2470059999999989
20
-54.7932190000000006
11
81.1517679999999899
21
-54.6027419999999992
0
LINE
8
BLACK
6
CONTINUOUS
10
81.1517679999999899
20
-54.6027419999999992
11
80.9612920000000003
21
-54.5075039999999973
0
LINE
8
BLACK
6
CONTINUOUS
10
80.9612920000000003
20
-54.5075039999999973
11
80.6755769999999899
21
-54.5075039999999973
0
LINE
8
BLACK
6
CONTINUOUS
10
80.6755769999999899
20
-54.5075039999999973
11
80.4851010000000002
21
-54.6027419999999992
0
LINE
8
BLACK
6
CONTINUOUS
10
80.4851010000000002
20
-54.6027419999999992
11
80.3898629999999912
21
-54.697979999999994
0
LINE
8
BLACK
6
CONTINUOUS
10
82.4851010000000002
20
-55.840837999999998
11
82.2946249999999964
21
-55.745599999999996
0
LINE
8
BLACK
6
CONTINUOUS
10
82.2946249999999964
20
-55.745599999999996
11
82.1993870000000015
21
-55.6503609999999966
0
LINE
8
BLACK
6
CONTINUOUS
10
82.1993870000000015
20
-55.6503609999999966
11
82.1041489999999925
21
-55.4598849999999999
0
LINE
8
BLACK
6
CONTINUOUS
10
82.1041489999999925
20
-55.4598849999999999
11
82.1041489999999925
21
-54.8884569999999954
0
LINE
8
BLACK
6
CONTINUOUS
10
82.1041489999999925
20
-54.8884569999999954
11
82.1993870000000015
21
-54.697979999999994
0
LINE
8
BLACK
6
CONTINUOUS
10
82.1993870000000015
20
-54.697979999999994
11
82.2946249999999964
21
-54.6027419999999992
0
LINE
8
BLACK
6
CONTINUOUS
10
82.2946249999999964
20
-54.6027419999999992
11
82.4851010000000002
21
-54.5075039999999973
0
LINE
8
BLACK
6
CONTINUOUS
10
82.4851010000000002
20
-54.5075039999999973
11
82.7708159999999964
21
-54.5075039999999973
0
LINE
8
BLACK
6
CONTINUOUS
10
82.7708159999999964
20
-54.5075039999999973
11
82.9612920000000003
21
-54.6027419999999992
0
LINE
8
BLACK
6
CONTINUOUS
10
82.9612920000000003
20
-54.6027419999999992
11
83.0565299999999951
21
-54.697979999999994
0
LINE
8
BLACK
6
CONTINUOUS
10
83.0565299999999951
20
-54.697979999999994
11
83.1517679999999899
21
-54.8884569999999954
0
LINE
8
BLACK
6
CONTINUOUS
10
83.1517679999999899
20
-54.8884569999999954
11
83.1517679999999899
21
-55.4598849999999999
0
LINE
8
BLACK
6
CONTINUOUS
10
83.1517679999999899
20
-55.4598849999999999
11
83.0565299999999951
21
-55.6503609999999966
0
LINE
8
BLACK
6
CONTINUOUS
10
83.0565299999999951
20
-55.6503609999999966
11
82.9612920000000003
21
-55.745599999999996
0
LINE
8
BLACK
6
CONTINUOUS
10
82.9612920000000003
20
-55.745599999999996
11
82.7708159999999964
21
-55.840837999999998
0
LINE
8
BLACK
6
CONTINUOUS
10
82.7708159999999964
20
-55.840837999999998
11
82.4851010000000002
21
-55.840837999999998
0
LINE
8
BLACK
6
CONTINUOUS
10
84.2946249999999964
20
-55.840837999999998
11
84.1041489999999925
21
-55.745599999999996
0
LINE
8
BLACK
6
CONTINUOUS
10
84.1041489999999925
20
-55.745599999999996
11
84.0089109999999977
21
-55.5551229999999947
0
LINE
8
BLACK
6
CONTINUOUS
10
84.0089109999999977
20
-55.5551229999999947
11
84.0089109999999977
21
-53.840837999999998
0
LINE
8
BLACK
6
CONTINUOUS
10
85.8184349999999938
20
-55.745599999999996
11
85.6279589999999899
21
-55.840837999999998
0
LINE
8
BLACK
6
CONTINUOUS
10
85.6279589999999899
20
-55.840837999999998
11
85.2470059999999989
21
-55.840837999999998
0
LINE
8
BLACK
6
CONTINUOUS
10
85.2470059999999989
20
-55.840837999999998
11
85.0565299999999951
21
-55.745599999999996
0
LINE
8
BLACK
6
CONTINUOUS
10
85.0565299999999951
20
-55.745599999999996
11
84.9612920000000003
21
-55.5551229999999947
0
LINE
8
BLACK
6
CONTINUOUS
10
84.9612920000000003
20
-55.5551229999999947
11
84.9612920000000003
21
-54.7932190000000006
0
LINE
8
BLACK
6
CONTINUOUS
10
84.9612920000000003
20
-54.7932190000000006
11
85.0565299999999951
21
-54.6027419999999992
0
LINE
8
BLACK
6
CONTINUOUS
10
85.0565299999999951
20
-54.6027419999999992
11
85.2470059999999989
21
-54.5075039999999973
0
LINE
8
BLACK
6
CONTINUOUS
10
85.2470059999999989
20
-54.5075039999999973
11
85.6279589999999899
21
-54.5075039999999973
0
LINE
8
BLACK
6
CONTINUOUS
10
85.6279589999999899
20
-54.5075039999999973
11
85.8184349999999938
21
-54.6027419999999992
0
LINE
8
BLACK
6
CONTINUOUS
10
85.8184349999999938
20
-54.6027419999999992
11
85.9136730000000028
21
-54.7932190000000006
0
LINE
8
BLACK
6
CONTINUOUS
10
85.9136730000000028
20
-54.7932190000000006
11
85.9136730000000028
21
-54.9836949999999973
0
LINE
8
BLACK
6
CONTINUOUS
10
85.9136730000000028
20
-54.9836949999999973
11
84.9612920000000003
21
-55.1741709999999941
0
LINE
8
BLACK
6
CONTINUOUS
10
86.6755780000000016
20
-55.745599999999996
11
86.8660539999999912
21
-55.840837999999998
0
LINE
8
BLACK
6
CONTINUOUS
10
86.8660539999999912
20
-55.840837999999998
11
87.2470059999999989
21
-55.840837999999998
0
LINE
8
BLACK
6
CONTINUOUS
10
87.2470059999999989
20
-55.840837999999998
11
87.4374830000000003
21
-55.745599999999996
0
LINE
8
BLACK
6
CONTINUOUS
10
87.4374830000000003
20
-55.745599999999996
11
87.5327209999999951
21
-55.5551229999999947
0
LINE
8
BLACK
6
CONTINUOUS
10
87.5327209999999951
20
-55.5551229999999947
11
87.5327209999999951
21
-55.4598849999999999
0
LINE
8
BLACK
6
CONTINUOUS
10
87.5327209999999951
20
-55.4598849999999999
11
87.4374830000000003
21
-55.269408999999996
0
LINE
8
BLACK
6
CONTINUOUS
10
87.4374830000000003
20
-55.269408999999996
11
87.2470059999999989
21
-55.1741709999999941
0
LINE
8
BLACK
6
CONTINUOUS
10
87.2470059999999989
20
-55.1741709999999941
11
86.9612920000000003
21
-55.1741709999999941
0
LINE
8
BLACK
6
CONTINUOUS
10
86.9612920000000003
20
-55.1741709999999941
11
86.7708159999999964
21
-55.0789329999999993
0
LINE
8
BLACK
6
CONTINUOUS
10
86.7708159999999964
20
-55.0789329999999993
11
86.6755780000000016
21
-54.8884569999999954
0
LINE
8
BLACK
6
CONTINUOUS
10
86.6755780000000016
20
-54.8884569999999954
11
86.6755780000000016
21
-54.7932190000000006
0
LINE
8
BLACK
6
CONTINUOUS
10
86.6755780000000016
20
-54.7932190000000006
11
86.7708159999999964
21
-54.6027419999999992
0
LINE
8
BLACK
6
CONTINUOUS
10
86.7708159999999964
20
-54.6027419999999992
11
86.9612920000000003
21
-54.5075039999999973
0
LINE
8
BLACK
6
CONTINUOUS
10
86.9612920000000003
20
-54.5075039999999973
11
87.2470059999999989
21
-54.5075039999999973
0
LINE
8
BLACK
6
CONTINUOUS
10
87.2470059999999989
20
-54.5075039999999973
11
87.4374830000000003
21
-54.6027419999999992
0
LINE
8
BLACK
6
CONTINUOUS
10
88.199387999999999
20
-56.6027419999999992
11
88.2946259999999938
21
-56.5075039999999973
0
LINE
8
BLACK
6
CONTINUOUS
10
88.2946259999999938
20
-56.5075039999999973
11
88.4851019999999977
21
-56.2217899999999986
0
LINE
8
BLACK
6
CONTINUOUS
10
88.4851019999999977
20
-56.2217899999999986
11
88.5803399999999925
21
-56.0313139999999947
0
LINE
8
BLACK
6
CONTINUOUS
10
88.5803399999999925
20
-56.0313139999999947
11
88.6755780000000016
21
-55.745599999999996
0
LINE
8
BLACK
6
CONTINUOUS
10
88.6755780000000016
20
-55.745599999999996
11
88.7708159999999964
21
-55.269408999999996
0
LINE
8
BLACK
6
CONTINUOUS
10
88.7708159999999964
20
-55.269408999999996
11
88.7708159999999964
21
-54.8884569999999954
0
LINE
8
BLACK
6
CONTINUOUS
10
88.7708159999999964
20
-54.8884569999999954
11
88.6755780000000016
21
-54.4122659999999954
0
LINE
8
BLACK
6
CONTINUOUS
10
88.6755780000000016
20
-54.4122659999999954
11
88.5803399999999925
21
-54.1265519999999967
0
LINE
8
BLACK
6
CONTINUOUS
10
88.5803399999999925
20
-54.1265519999999967
11
88.4851019999999977
21
-53.9360759999999999
0
LINE
8
BLACK
6
CONTINUOUS
10
88.4851019999999977
20
-53.9360759999999999
11
88.2946259999999938
21
-53.6503609999999966
0
LINE
8
BLACK
6
CONTINUOUS
10
88.2946259999999938
20
-53.6503609999999966
11
88.199387999999999
21
-53.5551229999999947
0
LINE
8
BLACK
6
CONTINUOUS
10
91.8184359999999913
20
-56.6027419999999992
11
91.723196999999999
21
-56.5075039999999973
0
LINE
8
BLACK
6
CONTINUOUS
10
91.723196999999999
20
-56.5075039999999973
11
91.5327209999999951
21
-56.2217899999999986
0
LINE
8
BLACK
6
CONTINUOUS
10
91.5327209999999951
20
-56.2217899999999986
11
91.4374830000000003
21
-56.0313139999999947
0
LINE
8
BLACK
6
CONTINUOUS
10
91.4374830000000003
20
-56.0313139999999947
11
91.3422449999999913
21
-55.745599999999996
0
LINE
8
BLACK
6
CONTINUOUS
10
91.3422449999999913
20
-55.745599999999996
11
91.2470069999999964
21
-55.269408999999996
0
LINE
8
BLACK
6
CONTINUOUS
10
91.2470069999999964
20
-55.269408999999996
11
91.2470069999999964
21
-54.8884569999999954
0
LINE
8
BLACK
6
CONTINUOUS
10
91.2470069999999964
20
-54.8884569999999954
11
91.3422449999999913
21
-54.4122659999999954
0
LINE
8
BLACK
6
CONTINUOUS
10
91.3422449999999913
20
-54.4122659999999954
11
91.4374830000000003
21
-54.1265519999999967
0
LINE
8
BLACK
6
CONTINUOUS
10
91.4374830000000003
20
-54.1265519999999967
11
91.5327209999999951
21
-53.9360759999999999
0
LINE
8
BLACK
6
CONTINUOUS
10
91.5327209999999951
20
-53.9360759999999999
11
91.723196999999999
21
-53.6503609999999966
0
LINE
8
BLACK
6
CONTINUOUS
10
91.723196999999999
20
-53.6503609999999966
11
91.8184359999999913
21
-53.5551229999999947
0
LINE
8
BLACK
6
CONTINUOUS
10
92.5803399999999925
20
-54.5075039999999973
11
92.5803399999999925
21
-55.840837999999998
0
LINE
8
BLACK
6
CONTINUOUS
10
92.5803399999999925
20
-54.697979999999994
11
92.6755780000000016
21
-54.6027419999999992
0
LINE
8
BLACK
6
CONTINUOUS
10
92.6755780000000016
20
-54.6027419999999992
11
92.8660539999999912
21
-54.5075039999999973
0
LINE
8
BLACK
6
CONTINUOUS
10
92.8660539999999912
20
-54.5075039999999973
11
93.1517690000000016
21
-54.5075039999999973
0
LINE
8
BLACK
6
CONTINUOUS
10
93.1517690000000016
20
-54.5075039999999973
11
93.3422449999999913
21
-54.6027419999999992
0
LINE
8
BLACK
6
CONTINUOUS
10
93.3422449999999913
20
-54.6027419999999992
11
93.4374830000000003
21
-54.7932190000000006
0
LINE
8
BLACK
6
CONTINUOUS
10
93.4374830000000003
20
-54.7932190000000006
11
93.4374830000000003
21
-55.840837999999998
0
LINE
8
BLACK
6
CONTINUOUS
10
94.6755780000000016
20
-55.840837999999998
11
94.4851019999999977
21
-55.745599999999996
0
LINE
8
BLACK
6
CONTINUOUS
10
94.4851019999999977
20
-55.745599999999996
11
94.3898639999999887
21
-55.6503609999999966
0
LINE
8
BLACK
6
CONTINUOUS
10
94.3898639999999887
20
-55.6503609999999966
11
94.2946259999999938
21
-55.4598849999999999
0
LINE
8
BLACK
6
CONTINUOUS
10
94.2946259999999938
20
-55.4598849999999999
11
94.2946259999999938
21
-54.8884569999999954
0
LINE
8
BLACK
6
CONTINUOUS
10
94.2946259999999938
20
-54.8884569999999954
11
94.3898639999999887
21
-54.697979999999994
0
LINE
8
BLACK
6
CONTINUOUS
10
94.3898639999999887
20
-54.697979999999994
11
94.4851019999999977
21
-54.6027419999999992
0
LINE
8
BLACK
6
CONTINUOUS
10
94.4851019999999977
20
-54.6027419999999992
11
94.6755780000000016
21
-54.5075039999999973
0
LINE
8
BLACK
6
CONTINUOUS
10
94.6755780000000016
20
-54.5075039999999973
11
94.9612929999999977
21
-54.5075039999999973
0
LINE
8
BLACK
6
CONTINUOUS
10
94.9612929999999977
20
-54.5075039999999973
11
95.1517690000000016
21
-54.6027419999999992
0
LINE
8
BLACK
6
CONTINUOUS
10
95.1517690000000016
20
-54.6027419999999992
11
95.2470069999999964
21
-54.697979999999994
0
LINE
8
BLACK
6
CONTINUOUS
10
95.2470069999999964
20
-54.697979999999994
11
95.3422449999999913
21
-54.8884569999999954
0
LINE
8
BLACK
6
CONTINUOUS
10
95.3422449999999913
20
-54.8884569999999954
11
95.3422449999999913
21
-55.4598849999999999
0
LINE
8
BLACK
6
CONTINUOUS
10
95.3422449999999913
20
-55.4598849999999999
11
95.2470069999999964
21
-55.6503609999999966
0
LINE
8
BLACK
6
CONTINUOUS
10
95.2470069999999964
20
-55.6503609999999966
11
95.1517690000000016
21
-55.745599999999996
0
LINE
8
BLACK
6
CONTINUOUS
10
95.1517690000000016
20
-55.745599999999996
11
94.9612929999999977
21
-55.840837999999998
0
LINE
8
BLACK
6
CONTINUOUS
10
94.9612929999999977
20
-55.840837999999998
11
94.6755780000000016
21
-55.840837999999998
0
LINE
8
BLACK
6
CONTINUOUS
10
95.9136740000000003
20
-54.5075039999999973
11
96.6755780000000016
21
-54.5075039999999973
0
LINE
8
BLACK
6
CONTINUOUS
10
96.199387999999999
20
-53.840837999999998
11
96.199387999999999
21
-55.5551229999999947
0
LINE
8
BLACK
6
CONTINUOUS
10
96.199387999999999
20
-55.5551229999999947
11
96.2946259999999938
21
-55.745599999999996
0
LINE
8
BLACK
6
CONTINUOUS
10
96.2946259999999938
20
-55.745599999999996
11
96.4851019999999977
21
-55.840837999999998
0
LINE
8
BLACK
6
CONTINUOUS
10
96.4851019999999977
20
-55.840837999999998
11
96.6755780000000016
21
-55.840837999999998
0
LINE
8
BLACK
6
CONTINUOUS
10
98.8660549999999887
20
-54.5075039999999973
11
98.8660549999999887
21
-56.5075039999999973
0
LINE
8
BLACK
6
CONTINUOUS
10
98.8660549999999887
20
-54.6027419999999992
11
99.0565309999999926
21
-54.5075039999999973
0
LINE
8
BLACK
6
CONTINUOUS
10
99.0565309999999926
20
-54.5075039999999973
11
99.4374839999999978
21
-54.5075039999999973
0
LINE
8
BLACK
6
CONTINUOUS
10
99.4374839999999978
20
-54.5075039999999973
11
99.6279600000000016
21
-54.6027419999999992
0
LINE
8
BLACK
6
CONTINUOUS
10
99.6279600000000016
20
-54.6027419999999992
11
99.7231979999999965
21
-54.697979999999994
0
LINE
8
BLACK
6
CONTINUOUS
10
99.7231979999999965
20
-54.697979999999994
11
99.8184359999999913
21
-54.8884569999999954
0
LINE
8
BLACK
6
CONTINUOUS
10
99.8184359999999913
20
-54.8884569999999954
11
99.8184359999999913
21
-55.4598849999999999
0
LINE
8
BLACK
6
CONTINUOUS
10
99.8184359999999913
20
-55.4598849999999999
11
99.7231979999999965
21
-55.6503609999999966
0
LINE
8
BLACK
6
CONTINUOUS
10
99.7231979999999965
20
-55.6503609999999966
11
99.6279600000000016
21
-55.745599999999996
0
LINE
8
BLACK
6
CONTINUOUS
10
99.6279600000000016
20
-55.745599999999996
11
99.4374839999999978
21
-55.840837999999998
0
LINE
8
BLACK
6
CONTINUOUS
10
99.4374839999999978
20
-55.840837999999998
11
99.0565309999999926
21
-55.840837999999998
0
LINE
8
BLACK
6
CONTINUOUS
10
99.0565309999999926
20
-55.840837999999998
11
98.8660549999999887
21
-55.745599999999996
0
LINE
8
BLACK
6
CONTINUOUS
10
100.9612929999999977
20
-55.840837999999998
11
100.7708169999999939
21
-55.745599999999996
0
LINE
8
BLACK
6
CONTINUOUS
10
100.7708169999999939
20
-55.745599999999996
11
100.675578999999999
21
-55.5551229999999947
0
LINE
8
BLACK
6
CONTINUOUS
10
100.675578999999999
20
-55.5551229999999947
11
100.675578999999999
21
-53.840837999999998
0
LINE
8
BLACK
6
CONTINUOUS
10
102.58034099999999
20
-55.840837999999998
11
102.58034099999999
21
-54.7932190000000006
0
LINE
8
BLACK
6
CONTINUOUS
10
102.58034099999999
20
-54.7932190000000006
11
102.4851029999999952
21
-54.6027419999999992
0
LINE
8
BLACK
6
CONTINUOUS
10
102.4851029999999952
20
-54.6027419999999992
11
102.2946269999999913
21
-54.5075039999999973
0
LINE
8
BLACK
6
CONTINUOUS
10
102.2946269999999913
20
-54.5075039999999973
11
101.9136740000000003
21
-54.5075039999999973
0
LINE
8
BLACK
6
CONTINUOUS
10
101.9136740000000003
20
-54.5075039999999973
11
101.7231979999999965
21
-54.6027419999999992
0
LINE
8
BLACK
6
CONTINUOUS
10
102.58034099999999
20
-55.745599999999996
11
102.3898650000000004
21
-55.840837999999998
0
LINE
8
BLACK
6
CONTINUOUS
10
102.3898650000000004
20
-55.840837999999998
11
101.9136740000000003
21
-55.840837999999998
0
LINE
8
BLACK
6
CONTINUOUS
10
101.9136740000000003
20
-55.840837999999998
11
101.7231979999999965
21
-55.745599999999996
0
LINE
8
BLACK
6
CONTINUOUS
10
101.7231979999999965
20
-55.745599999999996
11
101.6279600000000016
21
-55.5551229999999947
0
LINE
8
BLACK
6
CONTINUOUS
10
101.6279600000000016
20
-55.5551229999999947
11
101.6279600000000016
21
-55.3646469999999979
0
LINE
8
BLACK
6
CONTINUOUS
10
101.6279600000000016
20
-55.3646469999999979
11
101.7231979999999965
21
-55.1741709999999941
0
LINE
8
BLACK
6
CONTINUOUS
10
101.7231979999999965
20
-55.1741709999999941
11
101.9136740000000003
21
-55.0789329999999993
0
LINE
8
BLACK
6
CONTINUOUS
10
101.9136740000000003
20
-55.0789329999999993
11
102.3898650000000004
21
-55.0789329999999993
0
LINE
8
BLACK
6
CONTINUOUS
10
102.3898650000000004
20
-55.0789329999999993
11
102.58034099999999
21
-54.9836949999999973
0
LINE
8
BLACK
6
CONTINUOUS
10
103.2470079999999939
20
-54.5075039999999973
11
104.0089119999999951
21
-54.5075039999999973
0
LINE
8
BLACK
6
CONTINUOUS
10
103.5327219999999926
20
-53.840837999999998
11
103.5327219999999926
21
-55.5551229999999947
0
LINE
8
BLACK
6
CONTINUOUS
10
103.5327219999999926
20
-55.5551229999999947
11
103.6279600000000016
21
-55.745599999999996
0
LINE
8
BLACK
6
CONTINUOUS
10
103.6279600000000016
20
-55.745599999999996
11
103.8184359999999913
21
-55.840837999999998
0
LINE
8
BLACK
6
CONTINUOUS
10
103.8184359999999913
20
-55.840837999999998
11
104.0089119999999951
21
-55.840837999999998
0
LINE
8
BLACK
6
CONTINUOUS
10
105.4374839999999978
20
-55.745599999999996
11
105.2470079999999939
21
-55.840837999999998
0
LINE
8
BLACK
6
CONTINUOUS
10
105.2470079999999939
20
-55.840837999999998
11
104.8660549999999887
21
-55.840837999999998
0
LINE
8
BLACK
6
CONTINUOUS
10
104.8660549999999887
20
-55.840837999999998
11
104.675578999999999
21
-55.745599999999996
0
LINE
8
BLACK
6
CONTINUOUS
10
104.675578999999999
20
-55.745599999999996
11
104.58034099999999
21
-55.5551229999999947
0
LINE
8
BLACK
6
CONTINUOUS
10
104.58034099999999
20
-55.5551229999999947
11
104.58034099999999
21
-54.7932190000000006
0
LINE
8
BLACK
6
CONTINUOUS
10
104.58034099999999
20
-54.7932190000000006
11
104.675578999999999
21
-54.6027419999999992
0
LINE
8
BLACK
6
CONTINUOUS
10
104.675578999999999
20
-54.6027419999999992
11
104.8660549999999887
21
-54.5075039999999973
0
LINE
8
BLACK
6
CONTINUOUS
10
104.8660549999999887
20
-54.5075039999999973
11
105.2470079999999939
21
-54.5075039999999973
0
LINE
8
BLACK
6
CONTINUOUS
10
105.2470079999999939
20
-54.5075039999999973
11
105.4374839999999978
21
-54.6027419999999992
0
LINE
8
BLACK
6
CONTINUOUS
10
105.4374839999999978
20
-54.6027419999999992
11
105.5327219999999926
21
-54.7932190000000006
0
LINE
8
BLACK
6
CONTINUOUS
10
105.5327219999999926
20
-54.7932190000000006
11
105.5327219999999926
21
-54.9836949999999973
0
LINE
8
BLACK
6
CONTINUOUS
10
105.5327219999999926
20
-54.9836949999999973
11
104.58034099999999
21
-55.1741709999999941
0
LINE
8
BLACK
6
CONTINUOUS
10
107.2470079999999939
20
-55.840837999999998
11
107.2470079999999939
21
-53.840837999999998
0
LINE
8
BLACK
6
CONTINUOUS
10
107.2470079999999939
20
-55.745599999999996
11
107.05653199999999
21
-55.840837999999998
0
LINE
8
BLACK
6
CONTINUOUS
10
107.05653199999999
20
-55.840837999999998
11
106.675578999999999
21
-55.840837999999998
0
LINE
8
BLACK
6
CONTINUOUS
10
106.675578999999999
20
-55.840837999999998
11
106.4851029999999952
21
-55.745599999999996
0
LINE
8
BLACK
6
CONTINUOUS
10
106.4851029999999952
20
-55.745599999999996
11
106.3898650000000004
21
-55.6503609999999966
0
LINE
8
BLACK
6
CONTINUOUS
10
106.3898650000000004
20
-55.6503609999999966
11
106.2946269999999913
21
-55.4598849999999999
0
LINE
8
BLACK
6
CONTINUOUS
10
106.2946269999999913
20
-55.4598849999999999
11
106.2946269999999913
21
-54.8884569999999954
0
LINE
8
BLACK
6
CONTINUOUS
10
106.2946269999999913
20
-54.8884569999999954
11
106.3898650000000004
21
-54.697979999999994
0
LINE
8
BLACK
6
CONTINUOUS
10
106.3898650000000004
20
-54.697979999999994
11
106.4851029999999952
21
-54.6027419999999992
0
LINE
8
BLACK
6
CONTINUOUS
10
106.4851029999999952
20
-54.6027419999999992
11
106.675578999999999
21
-54.5075039999999973
0
LINE
8
BLACK
6
CONTINUOUS
10
106.675578999999999
20
-54.5075039999999973
11
107.05653199999999
21
-54.5075039999999973
0
LINE
8
BLACK
6
CONTINUOUS
10
107.05653199999999
20
-54.5075039999999973
11
107.2470079999999939
21
-54.6027419999999992
0
LINE
8
BLACK
6
CONTINUOUS
10
108.0089129999999926
20
-56.6027419999999992
11
108.1041510000000017
21
-56.5075039999999973
0
LINE
8
BLACK
6
CONTINUOUS
10
108.1041510000000017
20
-56.5075039999999973
11
108.2946269999999913
21
-56.2217899999999986
0
LINE
8
BLACK
6
CONTINUOUS
10
108.2946269999999913
20
-56.2217899999999986
11
108.3898650000000004
21
-56.0313139999999947
0
LINE
8
BLACK
6
CONTINUOUS
10
108.3898650000000004
20
-56.0313139999999947
11
108.4851029999999952
21
-55.745599999999996
0
LINE
8
BLACK
6
CONTINUOUS
10
108.4851029999999952
20
-55.745599999999996
11
108.58034099999999
21
-55.269408999999996
0
LINE
8
BLACK
6
CONTINUOUS
10
108.58034099999999
20
-55.269408999999996
11
108.58034099999999
21
-54.8884569999999954
0
LINE
8
BLACK
6
CONTINUOUS
10
108.58034099999999
20
-54.8884569999999954
11
108.4851029999999952
21
-54.4122659999999954
0
LINE
8
BLACK
6
CONTINUOUS
10
108.4851029999999952
20
-54.4122659999999954
11
108.3898650000000004
21
-54.1265519999999967
0
LINE
8
BLACK
6
CONTINUOUS
10
108.3898650000000004
20
-54.1265519999999967
11
108.2946269999999913
21
-53.9360759999999999
0
LINE
8
BLACK
6
CONTINUOUS
10
108.2946269999999913
20
-53.9360759999999999
11
108.1041510000000017
21
-53.6503609999999966
0
LINE
8
BLACK
6
CONTINUOUS
10
108.1041510000000017
20
-53.6503609999999966
11
108.0089129999999926
21
-53.5551229999999947
0
LINE
8
BLACK
6
CONTINUOUS
10
37.5439959999999999
20
-59.1259999999999977
11
38.5439959999999999
21
-58.1259999999999977
0
LINE
8
BLACK
6
CONTINUOUS
10
38.5439959999999999
20
-58.1259999999999977
11
37.5439959999999999
21
-57.1259999999999977
0
LINE
8
BLACK
6
CONTINUOUS
10
37.5439959999999999
20
-57.1259999999999977
11
36.5439959999999999
21
-58.1259999999999977
0
LINE
8
BLACK
6
CONTINUOUS
10
36.5439959999999999
20
-58.1259999999999977
11
37.5439959999999999
21
-59.1259999999999977
0
LINE
8
BLACK
6
CONTINUOUS
10
40.9612879999999961
20
-57.0408380000000008
11
42.1993829999999974
21
-57.0408380000000008
0
LINE
8
BLACK
6
CONTINUOUS
10
42.1993829999999974
20
-57.0408380000000008
11
41.5327160000000006
21
-57.802741999999995
0
LINE
8
BLACK
6
CONTINUOUS
10
41.5327160000000006
20
-57.802741999999995
11
41.8184309999999968
21
-57.802741999999995
0
LINE
8
BLACK
6
CONTINUOUS
10
41.8184309999999968
20
-57.802741999999995
11
42.0089070000000007
21
-57.8979799999999969
0
LINE
8
BLACK
6
CONTINUOUS
10
42.0089070000000007
20
-57.8979799999999969
11
42.1041449999999955
21
-57.9932189999999963
0
LINE
8
BLACK
6
CONTINUOUS
10
42.1041449999999955
20
-57.9932189999999963
11
42.1993829999999974
21
-58.1836950000000002
0
LINE
8
BLACK
6
CONTINUOUS
10
42.1993829999999974
20
-58.1836950000000002
11
42.1993829999999974
21
-58.6598849999999956
0
LINE
8
BLACK
6
CONTINUOUS
10
42.1993829999999974
20
-58.6598849999999956
11
42.1041449999999955
21
-58.8503609999999995
0
LINE
8
BLACK
6
CONTINUOUS
10
42.1041449999999955
20
-58.8503609999999995
11
42.0089070000000007
21
-58.9455999999999989
0
LINE
8
BLACK
6
CONTINUOUS
10
42.0089070000000007
20
-58.9455999999999989
11
41.8184309999999968
21
-59.0408380000000008
0
LINE
8
BLACK
6
CONTINUOUS
10
41.8184309999999968
20
-59.0408380000000008
11
41.2470019999999948
21
-59.0408380000000008
0
LINE
8
BLACK
6
CONTINUOUS
10
41.2470019999999948
20
-59.0408380000000008
11
41.0565259999999981
21
-58.9455999999999989
0
LINE
8
BLACK
6
CONTINUOUS
10
41.0565259999999981
20
-58.9455999999999989
11
40.9612879999999961
21
-58.8503609999999995
0
LINE
8
BLACK
6
CONTINUOUS
10
43.0565259999999981
20
-58.8503609999999995
11
43.151764
21
-58.9455999999999989
0
LINE
8
BLACK
6
CONTINUOUS
10
43.151764
20
-58.9455999999999989
11
43.0565259999999981
21
-59.0408380000000008
0
LINE
8
BLACK
6
CONTINUOUS
10
43.0565259999999981
20
-59.0408380000000008
11
42.9612879999999961
21
-58.9455999999999989
0
LINE
8
BLACK
6
CONTINUOUS
10
42.9612879999999961
20
-58.9455999999999989
11
43.0565259999999981
21
-58.8503609999999995
0
LINE
8
BLACK
6
CONTINUOUS
10
43.0565259999999981
20
-58.8503609999999995
11
43.0565259999999981
21
-59.0408380000000008
0
LINE
8
BLACK
6
CONTINUOUS
10
43.9136689999999987
20
-57.2313139999999976
11
44.0089070000000007
21
-57.1360759999999956
0
LINE
8
BLACK
6
CONTINUOUS
10
44.0089070000000007
20
-57.1360759999999956
11
44.1993829999999974
21
-57.0408380000000008
0
LINE
8
BLACK
6
CONTINUOUS
10
44.1993829999999974
20
-57.0408380000000008
11
44.6755739999999975
21
-57.0408380000000008
0
LINE
8
BLACK
6
CONTINUOUS
10
44.6755739999999975
20
-57.0408380000000008
11
44.8660500000000013
21
-57.1360759999999956
0
LINE
8
BLACK
6
CONTINUOUS
10
44.8660500000000013
20
-57.1360759999999956
11
44.9612879999999961
21
-57.2313139999999976
0
LINE
8
BLACK
6
CONTINUOUS
10
44.9612879999999961
20
-57.2313139999999976
11
45.0565259999999981
21
-57.4217899999999943
0
LINE
8
BLACK
6
CONTINUOUS
10
45.0565259999999981
20
-57.4217899999999943
11
45.0565259999999981
21
-57.6122659999999982
0
LINE
8
BLACK
6
CONTINUOUS
10
45.0565259999999981
20
-57.6122659999999982
11
44.9612879999999961
21
-57.8979799999999969
0
LINE
8
BLACK
6
CONTINUOUS
10
44.9612879999999961
20
-57.8979799999999969
11
43.8184309999999968
21
-59.0408380000000008
0
LINE
8
BLACK
6
CONTINUOUS
10
43.8184309999999968
20
-59.0408380000000008
11
45.0565259999999981
21
-59.0408380000000008
0
LINE
8
BLACK
6
CONTINUOUS
10
46.2946209999999994
20
-57.0408380000000008
11
46.4850980000000007
21
-57.0408380000000008
0
LINE
8
BLACK
6
CONTINUOUS
10
46.4850980000000007
20
-57.0408380000000008
11
46.6755739999999975
21
-57.1360759999999956
0
LINE
8
BLACK
6
CONTINUOUS
10
46.6755739999999975
20
-57.1360759999999956
11
46.7708119999999994
21
-57.2313139999999976
0
LINE
8
BLACK
6
CONTINUOUS
10
46.7708119999999994
20
-57.2313139999999976
11
46.8660500000000013
21
-57.4217899999999943
0
LINE
8
BLACK
6
CONTINUOUS
10
46.8660500000000013
20
-57.4217899999999943
11
46.9612879999999961
21
-57.802741999999995
0
LINE
8
BLACK
6
CONTINUOUS
10
46.9612879999999961
20
-57.802741999999995
11
46.9612879999999961
21
-58.278932999999995
0
LINE
8
BLACK
6
CONTINUOUS
10
46.9612879999999961
20
-58.278932999999995
11
46.8660500000000013
21
-58.6598849999999956
0
LINE
8
BLACK
6
CONTINUOUS
10
46.8660500000000013
20
-58.6598849999999956
11
46.7708119999999994
21
-58.8503609999999995
0
LINE
8
BLACK
6
CONTINUOUS
10
46.7708119999999994
20
-58.8503609999999995
11
46.6755739999999975
21
-58.9455999999999989
0
LINE
8
BLACK
6
CONTINUOUS
10
46.6755739999999975
20
-58.9455999999999989
11
46.4850980000000007
21
-59.0408380000000008
0
LINE
8
BLACK
6
CONTINUOUS
10
46.4850980000000007
20
-59.0408380000000008
11
46.2946209999999994
21
-59.0408380000000008
0
LINE
8
BLACK
6
CONTINUOUS
10
46.2946209999999994
20
-59.0408380000000008
11
46.1041449999999955
21
-58.9455999999999989
0
LINE
8
BLACK
6
CONTINUOUS
10
46.1041449999999955
20
-58.9455999999999989
11
46.0089070000000007
21
-58.8503609999999995
0
LINE
8
BLACK
6
CONTINUOUS
10
46.0089070000000007
20
-58.8503609999999995
11
45.9136689999999987
21
-58.6598849999999956
0
LINE
8
BLACK
6
CONTINUOUS
10
45.9136689999999987
20
-58.6598849999999956
11
45.8184309999999968
21
-58.278932999999995
0
LINE
8
BLACK
6
CONTINUOUS
10
45.8184309999999968
20
-58.278932999999995
11
45.8184309999999968
21
-57.802741999999995
0
LINE
8
BLACK
6
CONTINUOUS
10
45.8184309999999968
20
-57.802741999999995
11
45.9136689999999987
21
-57.4217899999999943
0
LINE
8
BLACK
6
CONTINUOUS
10
45.9136689999999987
20
-57.4217899999999943
11
46.0089070000000007
21
-57.2313139999999976
0
LINE
8
BLACK
6
CONTINUOUS
10
46.0089070000000007
20
-57.2313139999999976
11
46.1041449999999955
21
-57.1360759999999956
0
LINE
8
BLACK
6
CONTINUOUS
10
46.1041449999999955
20
-57.1360759999999956
11
46.2946209999999994
21
-57.0408380000000008
0
LINE
8
BLACK
6
CONTINUOUS
10
48.1993829999999974
20
-57.0408380000000008
11
48.3898599999999988
21
-57.0408380000000008
0
LINE
8
BLACK
6
CONTINUOUS
10
48.3898599999999988
20
-57.0408380000000008
11
48.5803359999999955
21
-57.1360759999999956
0
LINE
8
BLACK
6
CONTINUOUS
10
48.5803359999999955
20
-57.1360759999999956
11
48.6755739999999975
21
-57.2313139999999976
0
LINE
8
BLACK
6
CONTINUOUS
10
48.6755739999999975
20
-57.2313139999999976
11
48.7708119999999994
21
-57.4217899999999943
0
LINE
8
BLACK
6
CONTINUOUS
10
48.7708119999999994
20
-57.4217899999999943
11
48.8660500000000013
21
-57.802741999999995
0
LINE
8
BLACK
6
CONTINUOUS
10
48.8660500000000013
20
-57.802741999999995
11
48.8660500000000013
21
-58.278932999999995
0
LINE
8
BLACK
6
CONTINUOUS
10
48.8660500000000013
20
-58.278932999999995
11
48.7708119999999994
21
-58.6598849999999956
0
LINE
8
BLACK
6
CONTINUOUS
10
48.7708119999999994
20
-58.6598849999999956
11
48.6755739999999975
21
-58.8503609999999995
0
LINE
8
BLACK
6
CONTINUOUS
10
48.6755739999999975
20
-58.8503609999999995
11
48.5803359999999955
21
-58.9455999999999989
0
LINE
8
BLACK
6
CONTINUOUS
10
48.5803359999999955
20
-58.9455999999999989
11
48.3898599999999988
21
-59.0408380000000008
0
LINE
8
BLACK
6
CONTINUOUS
10
48.3898599999999988
20
-59.0408380000000008
11
48.1993829999999974
21
-59.0408380000000008
0
LINE
8
BLACK
6
CONTINUOUS
10
48.1993829999999974
20
-59.0408380000000008
11
48.0089070000000007
21
-58.9455999999999989
0
LINE
8
BLACK
6
CONTINUOUS
10
48.0089070000000007
20
-58.9455999999999989
11
47.9136689999999987
21
-58.8503609999999995
0
LINE
8
BLACK
6
CONTINUOUS
10
47.9136689999999987
20
-58.8503609999999995
11
47.8184309999999968
21
-58.6598849999999956
0
LINE
8
BLACK
6
CONTINUOUS
10
47.8184309999999968
20
-58.6598849999999956
11
47.7231929999999949
21
-58.278932999999995
0
LINE
8
BLACK
6
CONTINUOUS
10
47.7231929999999949
20
-58.278932999999995
11
47.7231929999999949
21
-57.802741999999995
0
LINE
8
BLACK
6
CONTINUOUS
10
47.7231929999999949
20
-57.802741999999995
11
47.8184309999999968
21
-57.4217899999999943
0
LINE
8
BLACK
6
CONTINUOUS
10
47.8184309999999968
20
-57.4217899999999943
11
47.9136689999999987
21
-57.2313139999999976
0
LINE
8
BLACK
6
CONTINUOUS
10
47.9136689999999987
20
-57.2313139999999976
11
48.0089070000000007
21
-57.1360759999999956
0
LINE
8
BLACK
6
CONTINUOUS
10
48.0089070000000007
20
-57.1360759999999956
11
48.1993829999999974
21
-57.0408380000000008
0
LINE
8
BLACK
6
CONTINUOUS
10
49.7231929999999949
20
-59.0408380000000008
11
49.7231929999999949
21
-57.7075040000000001
0
LINE
8
BLACK
6
CONTINUOUS
10
49.7231929999999949
20
-57.8979799999999969
11
49.8184309999999968
21
-57.802741999999995
0
LINE
8
BLACK
6
CONTINUOUS
10
49.8184309999999968
20
-57.802741999999995
11
50.0089070000000007
21
-57.7075040000000001
0
LINE
8
BLACK
6
CONTINUOUS
10
50.0089070000000007
20
-57.7075040000000001
11
50.2946219999999968
21
-57.7075040000000001
0
LINE
8
BLACK
6
CONTINUOUS
10
50.2946219999999968
20
-57.7075040000000001
11
50.4850980000000007
21
-57.802741999999995
0
LINE
8
BLACK
6
CONTINUOUS
10
50.4850980000000007
20
-57.802741999999995
11
50.5803359999999955
21
-57.9932189999999963
0
LINE
8
BLACK
6
CONTINUOUS
10
50.5803359999999955
20
-57.9932189999999963
11
50.5803359999999955
21
-59.0408380000000008
0
LINE
8
BLACK
6
CONTINUOUS
10
50.5803359999999955
20
-57.9932189999999963
11
50.6755739999999975
21
-57.802741999999995
0
LINE
8
BLACK
6
CONTINUOUS
10
50.6755739999999975
20
-57.802741999999995
11
50.8660499999999942
21
-57.7075040000000001
0
LINE
8
BLACK
6
CONTINUOUS
10
50.8660499999999942
20
-57.7075040000000001
11
51.151764
21
-57.7075040000000001
0
LINE
8
BLACK
6
CONTINUOUS
10
51.151764
20
-57.7075040000000001
11
51.3422409999999942
21
-57.802741999999995
0
LINE
8
BLACK
6
CONTINUOUS
10
51.3422409999999942
20
-57.802741999999995
11
51.4374789999999962
21
-57.9932189999999963
0
LINE
8
BLACK
6
CONTINUOUS
10
51.4374789999999962
20
-57.9932189999999963
11
51.4374789999999962
21
-59.0408380000000008
0
LINE
8
BLACK
6
CONTINUOUS
10
52.3898599999999988
20
-59.0408380000000008
11
52.3898599999999988
21
-57.7075040000000001
0
LINE
8
BLACK
6
CONTINUOUS
10
52.3898599999999988
20
-57.8979799999999969
11
52.4850980000000007
21
-57.802741999999995
0
LINE
8
BLACK
6
CONTINUOUS
10
52.4850980000000007
20
-57.802741999999995
11
52.6755739999999975
21
-57.7075040000000001
0
LINE
8
BLACK
6
CONTINUOUS
10
52.6755739999999975
20
-57.7075040000000001
11
52.9612890000000007
21
-57.7075040000000001
0
LINE
8
BLACK
6
CONTINUOUS
10
52.9612890000000007
20
-57.7075040000000001
11
53.1517649999999975
21
-57.802741999999995
0
LINE
8
BLACK
6
CONTINUOUS
10
53.1517649999999975
20
-57.802741999999995
11
53.2470029999999994
21
-57.9932189999999963
0
LINE
8
BLACK
6
CONTINUOUS
10
53.2470029999999994
20
-57.9932189999999963
11
53.2470029999999994
21
-59.0408380000000008
0
LINE
8
BLACK
6
CONTINUOUS
10
53.2470029999999994
20
-57.9932189999999963
11
53.3422409999999942
21
-57.802741999999995
0
LINE
8
BLACK
6
CONTINUOUS
10
53.3422409999999942
20
-57.802741999999995
11
53.5327169999999981
21
-57.7075040000000001
0
LINE
8
BLACK
6
CONTINUOUS
10
53.5327169999999981
20
-57.7075040000000001
11
53.8184309999999968
21
-57.7075040000000001
0
LINE
8
BLACK
6
CONTINUOUS
10
53.8184309999999968
20
-57.7075040000000001
11
54.0089079999999981
21
-57.802741999999995
0
LINE
8
BLACK
6
CONTINUOUS
10
54.0089079999999981
20
-57.802741999999995
11
54.1041460000000001
21
-57.9932189999999963
0
LINE
8
BLACK
6
CONTINUOUS
10
54.1041460000000001
20
-57.9932189999999963
11
54.1041460000000001
21
-59.0408380000000008
0
LINE
8
BLACK
6
CONTINUOUS
10
58.0089079999999981
20
-56.9455999999999989
11
56.2946229999999943
21
-59.5170279999999963
0
LINE
8
BLACK
6
CONTINUOUS
10
60.5803370000000001
20
-57.0408380000000008
11
60.7708139999999943
21
-57.0408380000000008
0
LINE
8
BLACK
6
CONTINUOUS
10
60.7708139999999943
20
-57.0408380000000008
11
60.9612899999999982
21
-57.1360759999999956
0
LINE
8
BLACK
6
CONTINUOUS
10
60.9612899999999982
20
-57.1360759999999956
11
61.0565280000000001
21
-57.2313139999999976
0
LINE
8
BLACK
6
CONTINUOUS
10
61.0565280000000001
20
-57.2313139999999976
11
61.151765999999995
21
-57.4217899999999943
0
LINE
8
BLACK
6
CONTINUOUS
10
61.151765999999995
20
-57.4217899999999943
11
61.2470039999999969
21
-57.802741999999995
0
LINE
8
BLACK
6
CONTINUOUS
10
61.2470039999999969
20
-57.802741999999995
11
61.2470039999999969
21
-58.278932999999995
0
LINE
8
BLACK
6
CONTINUOUS
10
61.2470039999999969
20
-58.278932999999995
11
61.151765999999995
21
-58.6598849999999956
0
LINE
8
BLACK
6
CONTINUOUS
10
61.151765999999995
20
-58.6598849999999956
11
61.0565280000000001
21
-58.8503609999999995
0
LINE
8
BLACK
6
CONTINUOUS
10
61.0565280000000001
20
-58.8503609999999995
11
60.9612899999999982
21
-58.9455999999999989
0
LINE
8
BLACK
6
CONTINUOUS
10
60.9612899999999982
20
-58.9455999999999989
11
60.7708139999999943
21
-59.0408380000000008
0
LINE
8
BLACK
6
CONTINUOUS
10
60.7708139999999943
20
-59.0408380000000008
11
60.5803370000000001
21
-59.0408380000000008
0
LINE
8
BLACK
6
CONTINUOUS
10
60.5803370000000001
20
-59.0408380000000008
11
60.3898609999999962
21
-58.9455999999999989
0
LINE
8
BLACK
6
CONTINUOUS
10
60.3898609999999962
20
-58.9455999999999989
11
60.2946229999999943
21
-58.8503609999999995
0
LINE
8
BLACK
6
CONTINUOUS
10
60.2946229999999943
20
-58.8503609999999995
11
60.1993849999999995
21
-58.6598849999999956
0
LINE
8
BLACK
6
CONTINUOUS
10
60.1993849999999995
20
-58.6598849999999956
11
60.1041469999999975
21
-58.278932999999995
0
LINE
8
BLACK
6
CONTINUOUS
10
60.1041469999999975
20
-58.278932999999995
11
60.1041469999999975
21
-57.802741999999995
0
LINE
8
BLACK
6
CONTINUOUS
10
60.1041469999999975
20
-57.802741999999995
11
60.1993849999999995
21
-57.4217899999999943
0
LINE
8
BLACK
6
CONTINUOUS
10
60.1993849999999995
20
-57.4217899999999943
11
60.2946229999999943
21
-57.2313139999999976
0
LINE
8
BLACK
6
CONTINUOUS
10
60.2946229999999943
20
-57.2313139999999976
11
60.3898609999999962
21
-57.1360759999999956
0
LINE
8
BLACK
6
CONTINUOUS
10
60.3898609999999962
20
-57.1360759999999956
11
60.5803370000000001
21
-57.0408380000000008
0
LINE
8
BLACK
6
CONTINUOUS
10
62.1041469999999975
20
-58.8503609999999995
11
62.1993849999999995
21
-58.9455999999999989
0
LINE
8
BLACK
6
CONTINUOUS
10
62.1993849999999995
20
-58.9455999999999989
11
62.1041469999999975
21
-59.0408380000000008
0
LINE
8
BLACK
6
CONTINUOUS
10
62.1041469999999975
20
-59.0408380000000008
11
62.0089089999999956
21
-58.9455999999999989
0
LINE
8
BLACK
6
CONTINUOUS
10
62.0089089999999956
20
-58.9455999999999989
11
62.1041469999999975
21
-58.8503609999999995
0
LINE
8
BLACK
6
CONTINUOUS
10
62.1041469999999975
20
-58.8503609999999995
11
62.1041469999999975
21
-59.0408380000000008
0
LINE
8
BLACK
6
CONTINUOUS
10
64.1041469999999975
20
-59.0408380000000008
11
62.9612899999999982
21
-59.0408380000000008
0
LINE
8
BLACK
6
CONTINUOUS
10
63.5327179999999956
20
-59.0408380000000008
11
63.5327179999999956
21
-57.0408380000000008
0
LINE
8
BLACK
6
CONTINUOUS
10
63.5327179999999956
20
-57.0408380000000008
11
63.3422419999999988
21
-57.3265519999999995
0
LINE
8
BLACK
6
CONTINUOUS
10
63.3422419999999988
20
-57.3265519999999995
11
63.151765999999995
21
-57.5170279999999963
0
LINE
8
BLACK
6
CONTINUOUS
10
63.151765999999995
20
-57.5170279999999963
11
62.9612899999999982
21
-57.6122659999999982
0
LINE
8
BLACK
6
CONTINUOUS
10
64.8660519999999963
20
-57.2313139999999976
11
64.9612899999999911
21
-57.1360759999999956
0
LINE
8
BLACK
6
CONTINUOUS
10
64.9612899999999911
20
-57.1360759999999956
11
65.151765999999995
21
-57.0408380000000008
0
LINE
8
BLACK
6
CONTINUOUS
10
65.151765999999995
20
-57.0408380000000008
11
65.627956999999995
21
-57.0408380000000008
0
LINE
8
BLACK
6
CONTINUOUS
10
65.627956999999995
20
-57.0408380000000008
11
65.8184329999999989
21
-57.1360759999999956
0
LINE
8
BLACK
6
CONTINUOUS
10
65.8184329999999989
20
-57.1360759999999956
11
65.9136709999999937
21
-57.2313139999999976
0
LINE
8
BLACK
6
CONTINUOUS
10
65.9136709999999937
20
-57.2313139999999976
11
66.0089090000000027
21
-57.4217899999999943
0
LINE
8
BLACK
6
CONTINUOUS
10
66.0089090000000027
20
-57.4217899999999943
11
66.0089090000000027
21
-57.6122659999999982
0
LINE
8
BLACK
6
CONTINUOUS
10
66.0089090000000027
20
-57.6122659999999982
11
65.9136709999999937
21
-57.8979799999999969
0
LINE
8
BLACK
6
CONTINUOUS
10
65.9136709999999937
20
-57.8979799999999969
11
64.7708140000000014
21
-59.0408380000000008
0
LINE
8
BLACK
6
CONTINUOUS
10
64.7708140000000014
20
-59.0408380000000008
11
66.0089090000000027
21
-59.0408380000000008
0
LINE
8
BLACK
6
CONTINUOUS
10
67.723195000000004
20
-57.0408380000000008
11
67.3422419999999988
21
-57.0408380000000008
0
LINE
8
BLACK
6
CONTINUOUS
10
67.3422419999999988
20
-57.0408380000000008
11
67.151765999999995
21
-57.1360759999999956
0
LINE
8
BLACK
6
CONTINUOUS
10
67.151765999999995
20
-57.1360759999999956
11
67.0565280000000001
21
-57.2313139999999976
0
LINE
8
BLACK
6
CONTINUOUS
10
67.0565280000000001
20
-57.2313139999999976
11
66.8660519999999963
21
-57.5170279999999963
0
LINE
8
BLACK
6
CONTINUOUS
10
66.8660519999999963
20
-57.5170279999999963
11
66.7708140000000014
21
-57.8979799999999969
0
LINE
8
BLACK
6
CONTINUOUS
10
66.7708140000000014
20
-57.8979799999999969
11
66.7708140000000014
21
-58.6598849999999956
0
LINE
8
BLACK
6
CONTINUOUS
10
66.7708140000000014
20
-58.6598849999999956
11
66.8660519999999963
21
-58.8503609999999995
0
LINE
8
BLACK
6
CONTINUOUS
10
66.8660519999999963
20
-58.8503609999999995
11
66.9612899999999911
21
-58.9455999999999989
0
LINE
8
BLACK
6
CONTINUOUS
10
66.9612899999999911
20
-58.9455999999999989
11
67.151765999999995
21
-59.0408380000000008
0
LINE
8
BLACK
6
CONTINUOUS
10
67.151765999999995
20
-59.0408380000000008
11
67.5327190000000002
21
-59.0408380000000008
0
LINE
8
BLACK
6
CONTINUOUS
10
67.5327190000000002
20
-59.0408380000000008
11
67.723195000000004
21
-58.9455999999999989
0
LINE
8
BLACK
6
CONTINUOUS
10
67.723195000000004
20
-58.9455999999999989
11
67.8184329999999989
21
-58.8503609999999995
0
LINE
8
BLACK
6
CONTINUOUS
10
67.8184329999999989
20
-58.8503609999999995
11
67.9136709999999937
21
-58.6598849999999956
0
LINE
8
BLACK
6
CONTINUOUS
10
67.9136709999999937
20
-58.6598849999999956
11
67.9136709999999937
21
-58.1836950000000002
0
LINE
8
BLACK
6
CONTINUOUS
10
67.9136709999999937
20
-58.1836950000000002
11
67.8184329999999989
21
-57.9932189999999963
0
LINE
8
BLACK
6
CONTINUOUS
10
67.8184329999999989
20
-57.9932189999999963
11
67.723195000000004
21
-57.8979799999999969
0
LINE
8
BLACK
6
CONTINUOUS
10
67.723195000000004
20
-57.8979799999999969
11
67.5327190000000002
21
-57.802741999999995
0
LINE
8
BLACK
6
CONTINUOUS
10
67.5327190000000002
20
-57.802741999999995
11
67.151765999999995
21
-57.802741999999995
0
LINE
8
BLACK
6
CONTINUOUS
10
67.151765999999995
20
-57.802741999999995
11
66.9612899999999911
21
-57.8979799999999969
0
LINE
8
BLACK
6
CONTINUOUS
10
66.9612899999999911
20
-57.8979799999999969
11
66.8660519999999963
21
-57.9932189999999963
0
LINE
8
BLACK
6
CONTINUOUS
10
66.8660519999999963
20
-57.9932189999999963
11
66.7708140000000014
21
-58.1836950000000002
0
LINE
8
BLACK
6
CONTINUOUS
10
69.151765999999995
20
-57.0408380000000008
11
69.3422429999999963
21
-57.0408380000000008
0
LINE
8
BLACK
6
CONTINUOUS
10
69.3422429999999963
20
-57.0408380000000008
11
69.5327190000000002
21
-57.1360759999999956
0
LINE
8
BLACK
6
CONTINUOUS
10
69.5327190000000002
20
-57.1360759999999956
11
69.627956999999995
21
-57.2313139999999976
0
LINE
8
BLACK
6
CONTINUOUS
10
69.627956999999995
20
-57.2313139999999976
11
69.7231949999999898
21
-57.4217899999999943
0
LINE
8
BLACK
6
CONTINUOUS
10
69.7231949999999898
20
-57.4217899999999943
11
69.8184329999999989
21
-57.802741999999995
0
LINE
8
BLACK
6
CONTINUOUS
10
69.8184329999999989
20
-57.802741999999995
11
69.8184329999999989
21
-58.278932999999995
0
LINE
8
BLACK
6
CONTINUOUS
10
69.8184329999999989
20
-58.278932999999995
11
69.7231949999999898
21
-58.6598849999999956
0
LINE
8
BLACK
6
CONTINUOUS
10
69.7231949999999898
20
-58.6598849999999956
11
69.627956999999995
21
-58.8503609999999995
0
LINE
8
BLACK
6
CONTINUOUS
10
69.627956999999995
20
-58.8503609999999995
11
69.5327190000000002
21
-58.9455999999999989
0
LINE
8
BLACK
6
CONTINUOUS
10
69.5327190000000002
20
-58.9455999999999989
11
69.3422429999999963
21
-59.0408380000000008
0
LINE
8
BLACK
6
CONTINUOUS
10
69.3422429999999963
20
-59.0408380000000008
11
69.151765999999995
21
-59.0408380000000008
0
LINE
8
BLACK
6
CONTINUOUS
10
69.151765999999995
20
-59.0408380000000008
11
68.9612899999999911
21
-58.9455999999999989
0
LINE
8
BLACK
6
CONTINUOUS
10
68.9612899999999911
20
-58.9455999999999989
11
68.8660519999999963
21
-58.8503609999999995
0
LINE
8
BLACK
6
CONTINUOUS
10
68.8660519999999963
20
-58.8503609999999995
11
68.7708140000000014
21
-58.6598849999999956
0
LINE
8
BLACK
6
CONTINUOUS
10
68.7708140000000014
20
-58.6598849999999956
11
68.6755759999999924
21
-58.278932999999995
0
LINE
8
BLACK
6
CONTINUOUS
10
68.6755759999999924
20
-58.278932999999995
11
68.6755759999999924
21
-57.802741999999995
0
LINE
8
BLACK
6
CONTINUOUS
10
68.6755759999999924
20
-57.802741999999995
11
68.7708140000000014
21
-57.4217899999999943
0
LINE
8
BLACK
6
CONTINUOUS
10
68.7708140000000014
20
-57.4217899999999943
11
68.8660519999999963
21
-57.2313139999999976
0
LINE
8
BLACK
6
CONTINUOUS
10
68.8660519999999963
20
-57.2313139999999976
11
68.9612899999999911
21
-57.1360759999999956
0
LINE
8
BLACK
6
CONTINUOUS
10
68.9612899999999911
20
-57.1360759999999956
11
69.151765999999995
21
-57.0408380000000008
0
LINE
8
BLACK
6
CONTINUOUS
10
70.5803379999999976
20
-57.0408380000000008
11
70.5803379999999976
21
-57.4217899999999943
0
LINE
8
BLACK
6
CONTINUOUS
10
71.3422429999999963
20
-57.0408380000000008
11
71.3422429999999963
21
-57.4217899999999943
0
LINE
8
BLACK
6
CONTINUOUS
10
74.2946249999999964
20
-59.802741999999995
11
74.1993859999999898
21
-59.7075040000000001
0
LINE
8
BLACK
6
CONTINUOUS
10
74.1993859999999898
20
-59.7075040000000001
11
74.0089100000000002
21
-59.4217899999999943
0
LINE
8
BLACK
6
CONTINUOUS
10
74.0089100000000002
20
-59.4217899999999943
11
73.9136719999999912
21
-59.2313139999999976
0
LINE
8
BLACK
6
CONTINUOUS
10
73.9136719999999912
20
-59.2313139999999976
11
73.8184339999999963
21
-58.9455999999999989
0
LINE
8
BLACK
6
CONTINUOUS
10
73.8184339999999963
20
-58.9455999999999989
11
73.7231960000000015
21
-58.4694089999999989
0
LINE
8
BLACK
6
CONTINUOUS
10
73.7231960000000015
20
-58.4694089999999989
11
73.7231960000000015
21
-58.0884569999999982
0
LINE
8
BLACK
6
CONTINUOUS
10
73.7231960000000015
20
-58.0884569999999982
11
73.8184339999999963
21
-57.6122659999999982
0
LINE
8
BLACK
6
CONTINUOUS
10
73.8184339999999963
20
-57.6122659999999982
11
73.9136719999999912
21
-57.3265519999999995
0
LINE
8
BLACK
6
CONTINUOUS
10
73.9136719999999912
20
-57.3265519999999995
11
74.0089100000000002
21
-57.1360759999999956
0
LINE
8
BLACK
6
CONTINUOUS
10
74.0089100000000002
20
-57.1360759999999956
11
74.1993859999999898
21
-56.8503609999999995
0
LINE
8
BLACK
6
CONTINUOUS
10
74.1993859999999898
20
-56.8503609999999995
11
74.2946249999999964
21
-56.7551229999999975
0
LINE
8
BLACK
6
CONTINUOUS
10
74.9612910000000028
20
-57.2313139999999976
11
75.0565289999999976
21
-57.1360759999999956
0
LINE
8
BLACK
6
CONTINUOUS
10
75.0565289999999976
20
-57.1360759999999956
11
75.2470050000000015
21
-57.0408380000000008
0
LINE
8
BLACK
6
CONTINUOUS
10
75.2470050000000015
20
-57.0408380000000008
11
75.7231960000000015
21
-57.0408380000000008
0
LINE
8
BLACK
6
CONTINUOUS
10
75.7231960000000015
20
-57.0408380000000008
11
75.9136719999999912
21
-57.1360759999999956
0
LINE
8
BLACK
6
CONTINUOUS
10
75.9136719999999912
20
-57.1360759999999956
11
76.0089100000000002
21
-57.2313139999999976
0
LINE
8
BLACK
6
CONTINUOUS
10
76.0089100000000002
20
-57.2313139999999976
11
76.104147999999995
21
-57.4217899999999943
0
LINE
8
BLACK
6
CONTINUOUS
10
76.104147999999995
20
-57.4217899999999943
11
76.104147999999995
21
-57.6122659999999982
0
LINE
8
BLACK
6
CONTINUOUS
10
76.104147999999995
20
-57.6122659999999982
11
76.0089100000000002
21
-57.8979799999999969
0
LINE
8
BLACK
6
CONTINUOUS
10
76.0089100000000002
20
-57.8979799999999969
11
74.8660529999999937
21
-59.0408380000000008
0
LINE
8
BLACK
6
CONTINUOUS
10
74.8660529999999937
20
-59.0408380000000008
11
76.104147999999995
21
-59.0408380000000008
0
LINE
8
BLACK
6
CONTINUOUS
10
77.3422429999999963
20
-57.0408380000000008
11
77.5327199999999976
21
-57.0408380000000008
0
LINE
8
BLACK
6
CONTINUOUS
10
77.5327199999999976
20
-57.0408380000000008
11
77.7231960000000015
21
-57.1360759999999956
0
LINE
8
BLACK
6
CONTINUOUS
10
77.7231960000000015
20
-57.1360759999999956
11
77.8184339999999963
21
-57.2313139999999976
0
LINE
8
BLACK
6
CONTINUOUS
10
77.8184339999999963
20
-57.2313139999999976
11
77.9136719999999912
21
-57.4217899999999943
0
LINE
8
BLACK
6
CONTINUOUS
10
77.9136719999999912
20
-57.4217899999999943
11
78.0089100000000002
21
-57.802741999999995
0
LINE
8
BLACK
6
CONTINUOUS
10
78.0089100000000002
20
-57.802741999999995
11
78.0089100000000002
21
-58.278932999999995
0
LINE
8
BLACK
6
CONTINUOUS
10
78.0089100000000002
20
-58.278932999999995
11
77.9136719999999912
21
-58.6598849999999956
0
LINE
8
BLACK
6
CONTINUOUS
10
77.9136719999999912
20
-58.6598849999999956
11
77.8184339999999963
21
-58.8503609999999995
0
LINE
8
BLACK
6
CONTINUOUS
10
77.8184339999999963
20
-58.8503609999999995
11
77.7231960000000015
21
-58.9455999999999989
0
LINE
8
BLACK
6
CONTINUOUS
10
77.7231960000000015
20
-58.9455999999999989
11
77.5327199999999976
21
-59.0408380000000008
0
LINE
8
BLACK
6
CONTINUOUS
10
77.5327199999999976
20
-59.0408380000000008
11
77.3422429999999963
21
-59.0408380000000008
0
LINE
8
BLACK
6
CONTINUOUS
10
77.3422429999999963
20
-59.0408380000000008
11
77.1517669999999924
21
-58.9455999999999989
0
LINE
8
BLACK
6
CONTINUOUS
10
77.1517669999999924
20
-58.9455999999999989
11
77.0565289999999976
21
-58.8503609999999995
0
LINE
8
BLACK
6
CONTINUOUS
10
77.0565289999999976
20
-58.8503609999999995
11
76.9612910000000028
21
-58.6598849999999956
0
LINE
8
BLACK
6
CONTINUOUS
10
76.9612910000000028
20
-58.6598849999999956
11
76.8660529999999937
21
-58.278932999999995
0
LINE
8
BLACK
6
CONTINUOUS
10
76.8660529999999937
20
-58.278932999999995
11
76.8660529999999937
21
-57.802741999999995
0
LINE
8
BLACK
6
CONTINUOUS
10
76.8660529999999937
20
-57.802741999999995
11
76.9612910000000028
21
-57.4217899999999943
0
LINE
8
BLACK
6
CONTINUOUS
10
76.9612910000000028
20
-57.4217899999999943
11
77.0565289999999976
21
-57.2313139999999976
0
LINE
8
BLACK
6
CONTINUOUS
10
77.0565289999999976
20
-57.2313139999999976
11
77.1517669999999924
21
-57.1360759999999956
0
LINE
8
BLACK
6
CONTINUOUS
10
77.1517669999999924
20
-57.1360759999999956
11
77.3422429999999963
21
-57.0408380000000008
0
LINE
8
BLACK
6
CONTINUOUS
10
80.3898629999999912
20
-59.0408380000000008
11
80.3898629999999912
21
-57.0408380000000008
0
LINE
8
BLACK
6
CONTINUOUS
10
81.2470059999999989
20
-59.0408380000000008
11
81.2470059999999989
21
-57.9932189999999963
0
LINE
8
BLACK
6
CONTINUOUS
10
81.2470059999999989
20
-57.9932189999999963
11
81.1517679999999899
21
-57.802741999999995
0
LINE
8
BLACK
6
CONTINUOUS
10
81.1517679999999899
20
-57.802741999999995
11
80.9612920000000003
21
-57.7075040000000001
0
LINE
8
BLACK
6
CONTINUOUS
10
80.9612920000000003
20
-57.7075040000000001
11
80.6755769999999899
21
-57.7075040000000001
0
LINE
8
BLACK
6
CONTINUOUS
10
80.6755769999999899
20
-57.7075040000000001
11
80.4851010000000002
21
-57.802741999999995
0
LINE
8
BLACK
6
CONTINUOUS
10
80.4851010000000002
20
-57.802741999999995
11
80.3898629999999912
21
-57.8979799999999969
0
LINE
8
BLACK
6
CONTINUOUS
10
82.4851010000000002
20
-59.0408380000000008
11
82.2946249999999964
21
-58.9455999999999989
0
LINE
8
BLACK
6
CONTINUOUS
10
82.2946249999999964
20
-58.9455999999999989
11
82.1993870000000015
21
-58.8503609999999995
0
LINE
8
BLACK
6
CONTINUOUS
10
82.1993870000000015
20
-58.8503609999999995
11
82.1041489999999925
21
-58.6598849999999956
0
LINE
8
BLACK
6
CONTINUOUS
10
82.1041489999999925
20
-58.6598849999999956
11
82.1041489999999925
21
-58.0884569999999982
0
LINE
8
BLACK
6
CONTINUOUS
10
82.1041489999999925
20
-58.0884569999999982
11
82.1993870000000015
21
-57.8979799999999969
0
LINE
8
BLACK
6
CONTINUOUS
10
82.1993870000000015
20
-57.8979799999999969
11
82.2946249999999964
21
-57.802741999999995
0
LINE
8
BLACK
6
CONTINUOUS
10
82.2946249999999964
20
-57.802741999999995
11
82.4851010000000002
21
-57.7075040000000001
0
LINE
8
BLACK
6
CONTINUOUS
10
82.4851010000000002
20
-57.7075040000000001
11
82.7708159999999964
21
-57.7075040000000001
0
LINE
8
BLACK
6
CONTINUOUS
10
82.7708159999999964
20
-57.7075040000000001
11
82.9612920000000003
21
-57.802741999999995
0
LINE
8
BLACK
6
CONTINUOUS
10
82.9612920000000003
20
-57.802741999999995
11
83.0565299999999951
21
-57.8979799999999969
0
LINE
8
BLACK
6
CONTINUOUS
10
83.0565299999999951
20
-57.8979799999999969
11
83.1517679999999899
21
-58.0884569999999982
0
LINE
8
BLACK
6
CONTINUOUS
10
83.1517679999999899
20
-58.0884569999999982
11
83.1517679999999899
21
-58.6598849999999956
0
LINE
8
BLACK
6
CONTINUOUS
10
83.1517679999999899
20
-58.6598849999999956
11
83.0565299999999951
21
-58.8503609999999995
0
LINE
8
BLACK
6
CONTINUOUS
10
83.0565299999999951
20
-58.8503609999999995
11
82.9612920000000003
21
-58.9455999999999989
0
LINE
8
BLACK
6
CONTINUOUS
10
82.9612920000000003
20
-58.9455999999999989
11
82.7708159999999964
21
-59.0408380000000008
0
LINE
8
BLACK
6
CONTINUOUS
10
82.7708159999999964
20
-59.0408380000000008
11
82.4851010000000002
21
-59.0408380000000008
0
LINE
8
BLACK
6
CONTINUOUS
10
84.2946249999999964
20
-59.0408380000000008
11
84.1041489999999925
21
-58.9455999999999989
0
LINE
8
BLACK
6
CONTINUOUS
10
84.1041489999999925
20
-58.9455999999999989
11
84.0089109999999977
21
-58.7551229999999975
0
LINE
8
BLACK
6
CONTINUOUS
10
84.0089109999999977
20
-58.7551229999999975
11
84.0089109999999977
21
-57.0408380000000008
0
LINE
8
BLACK
6
CONTINUOUS
10
85.8184349999999938
20
-58.9455999999999989
11
85.6279589999999899
21
-59.0408380000000008
0
LINE
8
BLACK
6
CONTINUOUS
10
85.6279589999999899
20
-59.0408380000000008
11
85.2470059999999989
21
-59.0408380000000008
0
LINE
8
BLACK
6
CONTINUOUS
10
85.2470059999999989
20
-59.0408380000000008
11
85.0565299999999951
21
-58.9455999999999989
0
LINE
8
BLACK
6
CONTINUOUS
10
85.0565299999999951
20
-58.9455999999999989
11
84.9612920000000003
21
-58.7551229999999975
0
LINE
8
BLACK
6
CONTINUOUS
10
84.9612920000000003
20
-58.7551229999999975
11
84.9612920000000003
21
-57.9932189999999963
0
LINE
8
BLACK
6
CONTINUOUS
10
84.9612920000000003
20
-57.9932189999999963
11
85.0565299999999951
21
-57.802741999999995
0
LINE
8
BLACK
6
CONTINUOUS
10
85.0565299999999951
20
-57.802741999999995
11
85.2470059999999989
21
-57.7075040000000001
0
LINE
8
BLACK
6
CONTINUOUS
10
85.2470059999999989
20
-57.7075040000000001
11
85.6279589999999899
21
-57.7075040000000001
0
LINE
8
BLACK
6
CONTINUOUS
10
85.6279589999999899
20
-57.7075040000000001
11
85.8184349999999938
21
-57.802741999999995
0
LINE
8
BLACK
6
CONTINUOUS
10
85.8184349999999938
20
-57.802741999999995
11
85.9136730000000028
21
-57.9932189999999963
0
LINE
8
BLACK
6
CONTINUOUS
10
85.9136730000000028
20
-57.9932189999999963
11
85.9136730000000028
21
-58.1836950000000002
0
LINE
8
BLACK
6
CONTINUOUS
10
85.9136730000000028
20
-58.1836950000000002
11
84.9612920000000003
21
-58.3741709999999969
0
LINE
8
BLACK
6
CONTINUOUS
10
86.6755780000000016
20
-58.9455999999999989
11
86.8660539999999912
21
-59.0408380000000008
0
LINE
8
BLACK
6
CONTINUOUS
10
86.8660539999999912
20
-59.0408380000000008
11
87.2470059999999989
21
-59.0408380000000008
0
LINE
8
BLACK
6
CONTINUOUS
10
87.2470059999999989
20
-59.0408380000000008
11
87.4374830000000003
21
-58.9455999999999989
0
LINE
8
BLACK
6
CONTINUOUS
10
87.4374830000000003
20
-58.9455999999999989
11
87.5327209999999951
21
-58.7551229999999975
0
LINE
8
BLACK
6
CONTINUOUS
10
87.5327209999999951
20
-58.7551229999999975
11
87.5327209999999951
21
-58.6598849999999956
0
LINE
8
BLACK
6
CONTINUOUS
10
87.5327209999999951
20
-58.6598849999999956
11
87.4374830000000003
21
-58.4694089999999989
0
LINE
8
BLACK
6
CONTINUOUS
10
87.4374830000000003
20
-58.4694089999999989
11
87.2470059999999989
21
-58.3741709999999969
0
LINE
8
BLACK
6
CONTINUOUS
10
87.2470059999999989
20
-58.3741709999999969
11
86.9612920000000003
21
-58.3741709999999969
0
LINE
8
BLACK
6
CONTINUOUS
10
86.9612920000000003
20
-58.3741709999999969
11
86.7708159999999964
21
-58.278932999999995
0
LINE
8
BLACK
6
CONTINUOUS
10
86.7708159999999964
20
-58.278932999999995
11
86.6755780000000016
21
-58.0884569999999982
0
LINE
8
BLACK
6
CONTINUOUS
10
86.6755780000000016
20
-58.0884569999999982
11
86.6755780000000016
21
-57.9932189999999963
0
LINE
8
BLACK
6
CONTINUOUS
10
86.6755780000000016
20
-57.9932189999999963
11
86.7708159999999964
21
-57.802741999999995
0
LINE
8
BLACK
6
CONTINUOUS
10
86.7708159999999964
20
-57.802741999999995
11
86.9612920000000003
21
-57.7075040000000001
0
LINE
8
BLACK
6
CONTINUOUS
10
86.9612920000000003
20
-57.7075040000000001
11
87.2470059999999989
21
-57.7075040000000001
0
LINE
8
BLACK
6
CONTINUOUS
10
87.2470059999999989
20
-57.7075040000000001
11
87.4374830000000003
21
-57.802741999999995
0
LINE
8
BLACK
6
CONTINUOUS
10
88.199387999999999
20
-59.802741999999995
11
88.2946259999999938
21
-59.7075040000000001
0
LINE
8
BLACK
6
CONTINUOUS
10
88.2946259999999938
20
-59.7075040000000001
11
88.4851019999999977
21
-59.4217899999999943
0
LINE
8
BLACK
6
CONTINUOUS
10
88.4851019999999977
20
-59.4217899999999943
11
88.5803399999999925
21
-59.2313139999999976
0
LINE
8
BLACK
6
CONTINUOUS
10
88.5803399999999925
20
-59.2313139999999976
11
88.6755780000000016
21
-58.9455999999999989
0
LINE
8
BLACK
6
CONTINUOUS
10
88.6755780000000016
20
-58.9455999999999989
11
88.7708159999999964
21
-58.4694089999999989
0
LINE
8
BLACK
6
CONTINUOUS
10
88.7708159999999964
20
-58.4694089999999989
11
88.7708159999999964
21
-58.0884569999999982
0
LINE
8
BLACK
6
CONTINUOUS
10
88.7708159999999964
20
-58.0884569999999982
11
88.6755780000000016
21
-57.6122659999999982
0
LINE
8
BLACK
6
CONTINUOUS
10
88.6755780000000016
20
-57.6122659999999982
11
88.5803399999999925
21
-57.3265519999999995
0
LINE
8
BLACK
6
CONTINUOUS
10
88.5803399999999925
20
-57.3265519999999995
11
88.4851019999999977
21
-57.1360759999999956
0
LINE
8
BLACK
6
CONTINUOUS
10
88.4851019999999977
20
-57.1360759999999956
11
88.2946259999999938
21
-56.8503609999999995
0
LINE
8
BLACK
6
CONTINUOUS
10
88.2946259999999938
20
-56.8503609999999995
11
88.199387999999999
21
-56.7551229999999975
0
LINE
8
BLACK
6
CONTINUOUS
10
91.8184359999999913
20
-59.802741999999995
11
91.723196999999999
21
-59.7075040000000001
0
LINE
8
BLACK
6
CONTINUOUS
10
91.723196999999999
20
-59.7075040000000001
11
91.5327209999999951
21
-59.4217899999999943
0
LINE
8
BLACK
6
CONTINUOUS
10
91.5327209999999951
20
-59.4217899999999943
11
91.4374830000000003
21
-59.2313139999999976
0
LINE
8
BLACK
6
CONTINUOUS
10
91.4374830000000003
20
-59.2313139999999976
11
91.3422449999999913
21
-58.9455999999999989
0
LINE
8
BLACK
6
CONTINUOUS
10
91.3422449999999913
20
-58.9455999999999989
11
91.2470069999999964
21
-58.4694089999999989
0
LINE
8
BLACK
6
CONTINUOUS
10
91.2470069999999964
20
-58.4694089999999989
11
91.2470069999999964
21
-58.0884569999999982
0
LINE
8
BLACK
6
CONTINUOUS
10
91.2470069999999964
20
-58.0884569999999982
11
91.3422449999999913
21
-57.6122659999999982
0
LINE
8
BLACK
6
CONTINUOUS
10
91.3422449999999913
20
-57.6122659999999982
11
91.4374830000000003
21
-57.3265519999999995
0
LINE
8
BLACK
6
CONTINUOUS
10
91.4374830000000003
20
-57.3265519999999995
11
91.5327209999999951
21
-57.1360759999999956
0
LINE
8
BLACK
6
CONTINUOUS
10
91.5327209999999951
20
-57.1360759999999956
11
91.723196999999999
21
-56.8503609999999995
0
LINE
8
BLACK
6
CONTINUOUS
10
91.723196999999999
20
-56.8503609999999995
11
91.8184359999999913
21
-56.7551229999999975
0
LINE
8
BLACK
6
CONTINUOUS
10
92.5803399999999925
20
-57.7075040000000001
11
92.5803399999999925
21
-59.0408380000000008
0
LINE
8
BLACK
6
CONTINUOUS
10
92.5803399999999925
20
-57.8979799999999969
11
92.6755780000000016
21
-57.802741999999995
0
LINE
8
BLACK
6
CONTINUOUS
10
92.6755780000000016
20
-57.802741999999995
11
92.8660539999999912
21
-57.7075040000000001
0
LINE
8
BLACK
6
CONTINUOUS
10
92.8660539999999912
20
-57.7075040000000001
11
93.1517690000000016
21
-57.7075040000000001
0
LINE
8
BLACK
6
CONTINUOUS
10
93.1517690000000016
20
-57.7075040000000001
11
93.3422449999999913
21
-57.802741999999995
0
LINE
8
BLACK
6
CONTINUOUS
10
93.3422449999999913
20
-57.802741999999995
11
93.4374830000000003
21
-57.9932189999999963
0
LINE
8
BLACK
6
CONTINUOUS
10
93.4374830000000003
20
-57.9932189999999963
11
93.4374830000000003
21
-59.0408380000000008
0
LINE
8
BLACK
6
CONTINUOUS
10
94.6755780000000016
20
-59.0408380000000008
11
94.4851019999999977
21
-58.9455999999999989
0
LINE
8
BLACK
6
CONTINUOUS
10
94.4851019999999977
20
-58.9455999999999989
11
94.3898639999999887
21
-58.8503609999999995
0
LINE
8
BLACK
6
CONTINUOUS
10
94.3898639999999887
20
-58.8503609999999995
11
94.2946259999999938
21
-58.6598849999999956
0
LINE
8
BLACK
6
CONTINUOUS
10
94.2946259999999938
20
-58.6598849999999956
11
94.2946259999999938
21
-58.0884569999999982
0
LINE
8
BLACK
6
CONTINUOUS
10
94.2946259999999938
20
-58.0884569999999982
11
94.3898639999999887
21
-57.8979799999999969
0
LINE
8
BLACK
6
CONTINUOUS
10
94.3898639999999887
20
-57.8979799999999969
11
94.4851019999999977
21
-57.802741999999995
0
LINE
8
BLACK
6
CONTINUOUS
10
94.4851019999999977
20
-57.802741999999995
11
94.6755780000000016
21
-57.7075040000000001
0
LINE
8
BLACK
6
CONTINUOUS
10
94.6755780000000016
20
-57.7075040000000001
11
94.9612929999999977
21
-57.7075040000000001
0
LINE
8
BLACK
6
CONTINUOUS
10
94.9612929999999977
20
-57.7075040000000001
11
95.1517690000000016
21
-57.802741999999995
0
LINE
8
BLACK
6
CONTINUOUS
10
95.1517690000000016
20
-57.802741999999995
11
95.2470069999999964
21
-57.8979799999999969
0
LINE
8
BLACK
6
CONTINUOUS
10
95.2470069999999964
20
-57.8979799999999969
11
95.3422449999999913
21
-58.0884569999999982
0
LINE
8
BLACK
6
CONTINUOUS
10
95.3422449999999913
20
-58.0884569999999982
11
95.3422449999999913
21
-58.6598849999999956
0
LINE
8
BLACK
6
CONTINUOUS
10
95.3422449999999913
20
-58.6598849999999956
11
95.2470069999999964
21
-58.8503609999999995
0
LINE
8
BLACK
6
CONTINUOUS
10
95.2470069999999964
20
-58.8503609999999995
11
95.1517690000000016
21
-58.9455999999999989
0
LINE
8
BLACK
6
CONTINUOUS
10
95.1517690000000016
20
-58.9455999999999989
11
94.9612929999999977
21
-59.0408380000000008
0
LINE
8
BLACK
6
CONTINUOUS
10
94.9612929999999977
20
-59.0408380000000008
11
94.6755780000000016
21
-59.0408380000000008
0
LINE
8
BLACK
6
CONTINUOUS
10
95.9136740000000003
20
-57.7075040000000001
11
96.6755780000000016
21
-57.7075040000000001
0
LINE
8
BLACK
6
CONTINUOUS
10
96.199387999999999
20
-57.0408380000000008
11
96.199387999999999
21
-58.7551229999999975
0
LINE
8
BLACK
6
CONTINUOUS
10
96.199387999999999
20
-58.7551229999999975
11
96.2946259999999938
21
-58.9455999999999989
0
LINE
8
BLACK
6
CONTINUOUS
10
96.2946259999999938
20
-58.9455999999999989
11
96.4851019999999977
21
-59.0408380000000008
0
LINE
8
BLACK
6
CONTINUOUS
10
96.4851019999999977
20
-59.0408380000000008
11
96.6755780000000016
21
-59.0408380000000008
0
LINE
8
BLACK
6
CONTINUOUS
10
98.8660549999999887
20
-57.7075040000000001
11
98.8660549999999887
21
-59.7075040000000001
0
LINE
8
BLACK
6
CONTINUOUS
10
98.8660549999999887
20
-57.802741999999995
11
99.0565309999999926
21
-57.7075040000000001
0
LINE
8
BLACK
6
CONTINUOUS
10
99.0565309999999926
20
-57.7075040000000001
11
99.4374839999999978
21
-57.7075040000000001
0
LINE
8
BLACK
6
CONTINUOUS
10
99.4374839999999978
20
-57.7075040000000001
11
99.6279600000000016
21
-57.802741999999995
0
LINE
8
BLACK
6
CONTINUOUS
10
99.6279600000000016
20
-57.802741999999995
11
99.7231979999999965
21
-57.8979799999999969
0
LINE
8
BLACK
6
CONTINUOUS
10
99.7231979999999965
20
-57.8979799999999969
11
99.8184359999999913
21
-58.0884569999999982
0
LINE
8
BLACK
6
CONTINUOUS
10
99.8184359999999913
20
-58.0884569999999982
11
99.8184359999999913
21
-58.6598849999999956
0
LINE
8
BLACK
6
CONTINUOUS
10
99.8184359999999913
20
-58.6598849999999956
11
99.7231979999999965
21
-58.8503609999999995
0
LINE
8
BLACK
6
CONTINUOUS
10
99.7231979999999965
20
-58.8503609999999995
11
99.6279600000000016
21
-58.9455999999999989
0
LINE
8
BLACK
6
CONTINUOUS
10
99.6279600000000016
20
-58.9455999999999989
11
99.4374839999999978
21
-59.0408380000000008
0
LINE
8
BLACK
6
CONTINUOUS
10
99.4374839999999978
20
-59.0408380000000008
11
99.0565309999999926
21
-59.0408380000000008
0
LINE
8
BLACK
6
CONTINUOUS
10
99.0565309999999926
20
-59.0408380000000008
11
98.8660549999999887
21
-58.9455999999999989
0
LINE
8
BLACK
6
CONTINUOUS
10
100.9612929999999977
20
-59.0408380000000008
11
100.7708169999999939
21
-58.9455999999999989
0
LINE
8
BLACK
6
CONTINUOUS
10
100.7708169999999939
20
-58.9455999999999989
11
100.675578999999999
21
-58.7551229999999975
0
LINE
8
BLACK
6
CONTINUOUS
10
100.675578999999999
20
-58.7551229999999975
11
100.675578999999999
21
-57.0408380000000008
0
LINE
8
BLACK
6
CONTINUOUS
10
102.58034099999999
20
-59.0408380000000008
11
102.58034099999999
21
-57.9932189999999963
0
LINE
8
BLACK
6
CONTINUOUS
10
102.58034099999999
20
-57.9932189999999963
11
102.4851029999999952
21
-57.802741999999995
0
LINE
8
BLACK
6
CONTINUOUS
10
102.4851029999999952
20
-57.802741999999995
11
102.2946269999999913
21
-57.7075040000000001
0
LINE
8
BLACK
6
CONTINUOUS
10
102.2946269999999913
20
-57.7075040000000001
11
101.9136740000000003
21
-57.7075040000000001
0
LINE
8
BLACK
6
CONTINUOUS
10
101.9136740000000003
20
-57.7075040000000001
11
101.7231979999999965
21
-57.802741999999995
0
LINE
8
BLACK
6
CONTINUOUS
10
102.58034099999999
20
-58.9455999999999989
11
102.3898650000000004
21
-59.0408380000000008
0
LINE
8
BLACK
6
CONTINUOUS
10
102.3898650000000004
20
-59.0408380000000008
11
101.9136740000000003
21
-59.0408380000000008
0
LINE
8
BLACK
6
CONTINUOUS
10
101.9136740000000003
20
-59.0408380000000008
11
101.7231979999999965
21
-58.9455999999999989
0
LINE
8
BLACK
6
CONTINUOUS
10
101.7231979999999965
20
-58.9455999999999989
11
101.6279600000000016
21
-58.7551229999999975
0
LINE
8
BLACK
6
CONTINUOUS
10
101.6279600000000016
20
-58.7551229999999975
11
101.6279600000000016
21
-58.5646470000000008
0
LINE
8
BLACK
6
CONTINUOUS
10
101.6279600000000016
20
-58.5646470000000008
11
101.7231979999999965
21
-58.3741709999999969
0
LINE
8
BLACK
6
CONTINUOUS
10
101.7231979999999965
20
-58.3741709999999969
11
101.9136740000000003
21
-58.278932999999995
0
LINE
8
BLACK
6
CONTINUOUS
10
101.9136740000000003
20
-58.278932999999995
11
102.3898650000000004
21
-58.278932999999995
0
LINE
8
BLACK
6
CONTINUOUS
10
102.3898650000000004
20
-58.278932999999995
11
102.58034099999999
21
-58.1836950000000002
0
LINE
8
BLACK
6
CONTINUOUS
10
103.2470079999999939
20
-57.7075040000000001
11
104.0089119999999951
21
-57.7075040000000001
0
LINE
8
BLACK
6
CONTINUOUS
10
103.5327219999999926
20
-57.0408380000000008
11
103.5327219999999926
21
-58.7551229999999975
0
LINE
8
BLACK
6
CONTINUOUS
10
103.5327219999999926
20
-58.7551229999999975
11
103.6279600000000016
21
-58.9455999999999989
0
LINE
8
BLACK
6
CONTINUOUS
10
103.6279600000000016
20
-58.9455999999999989
11
103.8184359999999913
21
-59.0408380000000008
0
LINE
8
BLACK
6
CONTINUOUS
10
103.8184359999999913
20
-59.0408380000000008
11
104.0089119999999951
21
-59.0408380000000008
0
LINE
8
BLACK
6
CONTINUOUS
10
105.4374839999999978
20
-58.9455999999999989
11
105.2470079999999939
21
-59.0408380000000008
0
LINE
8
BLACK
6
CONTINUOUS
10
105.2470079999999939
20
-59.0408380000000008
11
104.8660549999999887
21
-59.0408380000000008
0
LINE
8
BLACK
6
CONTINUOUS
10
104.8660549999999887
20
-59.0408380000000008
11
104.675578999999999
21
-58.9455999999999989
0
LINE
8
BLACK
6
CONTINUOUS
10
104.675578999999999
20
-58.9455999999999989
11
104.58034099999999
21
-58.7551229999999975
0
LINE
8
BLACK
6
CONTINUOUS
10
104.58034099999999
20
-58.7551229999999975
11
104.58034099999999
21
-57.9932189999999963
0
LINE
8
BLACK
6
CONTINUOUS
10
104.58034099999999
20
-57.9932189999999963
11
104.675578999999999
21
-57.802741999999995
0
LINE
8
BLACK
6
CONTINUOUS
10
104.675578999999999
20
-57.802741999999995
11
104.8660549999999887
21
-57.7075040000000001
0
LINE
8
BLACK
6
CONTINUOUS
10
104.8660549999999887
20
-57.7075040000000001
11
105.2470079999999939
21
-57.7075040000000001
0
LINE
8
BLACK
6
CONTINUOUS
10
105.2470079999999939
20
-57.7075040000000001
11
105.4374839999999978
21
-57.802741999999995
0
LINE
8
BLACK
6
CONTINUOUS
10
105.4374839999999978
20
-57.802741999999995
11
105.5327219999999926
21
-57.9932189999999963
0
LINE
8
BLACK
6
CONTINUOUS
10
105.5327219999999926
20
-57.9932189999999963
11
105.5327219999999926
21
-58.1836950000000002
0
LINE
8
BLACK
6
CONTINUOUS
10
105.5327219999999926
20
-58.1836950000000002
11
104.58034099999999
21
-58.3741709999999969
0
LINE
8
BLACK
6
CONTINUOUS
10
107.2470079999999939
20
-59.0408380000000008
11
107.2470079999999939
21
-57.0408380000000008
0
LINE
8
BLACK
6
CONTINUOUS
10
107.2470079999999939
20
-58.9455999999999989
11
107.05653199999999
21
-59.0408380000000008
0
LINE
8
BLACK
6
CONTINUOUS
10
107.05653199999999
20
-59.0408380000000008
11
106.675578999999999
21
-59.0408380000000008
0
LINE
8
BLACK
6
CONTINUOUS
10
106.675578999999999
20
-59.0408380000000008
11
106.4851029999999952
21
-58.9455999999999989
0
LINE
8
BLACK
6
CONTINUOUS
10
106.4851029999999952
20
-58.9455999999999989
11
106.3898650000000004
21
-58.8503609999999995
0
LINE
8
BLACK
6
CONTINUOUS
10
106.3898650000000004
20
-58.8503609999999995
11
106.2946269999999913
21
-58.6598849999999956
0
LINE
8
BLACK
6
CONTINUOUS
10
106.2946269999999913
20
-58.6598849999999956
11
106.2946269999999913
21
-58.0884569999999982
0
LINE
8
BLACK
6
CONTINUOUS
10
106.2946269999999913
20
-58.0884569999999982
11
106.3898650000000004
21
-57.8979799999999969
0
LINE
8
BLACK
6
CONTINUOUS
10
106.3898650000000004
20
-57.8979799999999969
11
106.4851029999999952
21
-57.802741999999995
0
LINE
8
BLACK
6
CONTINUOUS
10
106.4851029999999952
20
-57.802741999999995
11
106.675578999999999
21
-57.7075040000000001
0
LINE
8
BLACK
6
CONTINUOUS
10
106.675578999999999
20
-57.7075040000000001
11
107.05653199999999
21
-57.7075040000000001
0
LINE
8
BLACK
6
CONTINUOUS
10
107.05653199999999
20
-57.7075040000000001
11
107.2470079999999939
21
-57.802741999999995
0
LINE
8
BLACK
6
CONTINUOUS
10
108.0089129999999926
20
-59.802741999999995
11
108.1041510000000017
21
-59.7075040000000001
0
LINE
8
BLACK
6
CONTINUOUS
10
108.1041510000000017
20
-59.7075040000000001
11
108.2946269999999913
21
-59.4217899999999943
0
LINE
8
BLACK
6
CONTINUOUS
10
108.2946269999999913
20
-59.4217899999999943
11
108.3898650000000004
21
-59.2313139999999976
0
LINE
8
BLACK
6
CONTINUOUS
10
108.3898650000000004
20
-59.2313139999999976
11
108.4851029999999952
21
-58.9455999999999989
0
LINE
8
BLACK
6
CONTINUOUS
10
108.4851029999999952
20
-58.9455999999999989
11
108.58034099999999
21
-58.4694089999999989
0
LINE
8
BLACK
6
CONTINUOUS
10
108.58034099999999
20
-58.4694089999999989
11
108.58034099999999
21
-58.0884569999999982
0
LINE
8
BLACK
6
CONTINUOUS
10
108.58034099999999
20
-58.0884569999999982
11
108.4851029999999952
21
-57.6122659999999982
0
LINE
8
BLACK
6
CONTINUOUS
10
108.4851029999999952
20
-57.6122659999999982
11
108.3898650000000004
21
-57.3265519999999995
0
LINE
8
BLACK
6
CONTINUOUS
10
108.3898650000000004
20
-57.3265519999999995
11
108.2946269999999913
21
-57.1360759999999956
0
LINE
8
BLACK
6
CONTINUOUS
10
108.2946269999999913
20
-57.1360759999999956
11
108.1041510000000017
21
-56.8503609999999995
0
LINE
8
BLACK
6
CONTINUOUS
10
108.1041510000000017
20
-56.8503609999999995
11
108.0089129999999926
21
-56.7551229999999975
0
LINE
8
BLACK
6
CONTINUOUS
10
36.5439959999999999
20
-60.3260000000000005
11
38.5439959999999999
21
-62.3260000000000005
0
LINE
8
BLACK
6
CONTINUOUS
10
38.5439959999999999
20
-60.3260000000000005
11
36.5439959999999999
21
-62.3260000000000005
0
CIRCLE
8
BLACK
10
37.5439959999999999
20
-61.3260000000000005
40
1.
0
LINE
8
BLACK
6
CONTINUOUS
10
40.9612879999999961
20
-60.2408379999999966
11
42.1993829999999974
21
-60.2408379999999966
0
LINE
8
BLACK
6
CONTINUOUS
10
42.1993829999999974
20
-60.2408379999999966
11
41.5327160000000006
21
-61.0027419999999978
0
LINE
8
BLACK
6
CONTINUOUS
10
41.5327160000000006
20
-61.0027419999999978
11
41.8184309999999968
21
-61.0027419999999978
0
LINE
8
BLACK
6
CONTINUOUS
10
41.8184309999999968
20
-61.0027419999999978
11
42.0089070000000007
21
-61.0979799999999997
0
LINE
8
BLACK
6
CONTINUOUS
10
42.0089070000000007
20
-61.0979799999999997
11
42.1041449999999955
21
-61.1932189999999991
0
LINE
8
BLACK
6
CONTINUOUS
10
42.1041449999999955
20
-61.1932189999999991
11
42.1993829999999974
21
-61.3836949999999959
0
LINE
8
BLACK
6
CONTINUOUS
10
42.1993829999999974
20
-61.3836949999999959
11
42.1993829999999974
21
-61.8598849999999985
0
LINE
8
BLACK
6
CONTINUOUS
10
42.1993829999999974
20
-61.8598849999999985
11
42.1041449999999955
21
-62.0503609999999952
0
LINE
8
BLACK
6
CONTINUOUS
10
42.1041449999999955
20
-62.0503609999999952
11
42.0089070000000007
21
-62.1455999999999946
0
LINE
8
BLACK
6
CONTINUOUS
10
42.0089070000000007
20
-62.1455999999999946
11
41.8184309999999968
21
-62.2408379999999966
0
LINE
8
BLACK
6
CONTINUOUS
10
41.8184309999999968
20
-62.2408379999999966
11
41.2470019999999948
21
-62.2408379999999966
0
LINE
8
BLACK
6
CONTINUOUS
10
41.2470019999999948
20
-62.2408379999999966
11
41.0565259999999981
21
-62.1455999999999946
0
LINE
8
BLACK
6
CONTINUOUS
10
41.0565259999999981
20
-62.1455999999999946
11
40.9612879999999961
21
-62.0503609999999952
0
LINE
8
BLACK
6
CONTINUOUS
10
43.0565259999999981
20
-62.0503609999999952
11
43.151764
21
-62.1455999999999946
0
LINE
8
BLACK
6
CONTINUOUS
10
43.151764
20
-62.1455999999999946
11
43.0565259999999981
21
-62.2408379999999966
0
LINE
8
BLACK
6
CONTINUOUS
10
43.0565259999999981
20
-62.2408379999999966
11
42.9612879999999961
21
-62.1455999999999946
0
LINE
8
BLACK
6
CONTINUOUS
10
42.9612879999999961
20
-62.1455999999999946
11
43.0565259999999981
21
-62.0503609999999952
0
LINE
8
BLACK
6
CONTINUOUS
10
43.0565259999999981
20
-62.0503609999999952
11
43.0565259999999981
21
-62.2408379999999966
0
LINE
8
BLACK
6
CONTINUOUS
10
44.9612879999999961
20
-60.2408379999999966
11
44.0089070000000007
21
-60.2408379999999966
0
LINE
8
BLACK
6
CONTINUOUS
10
44.0089070000000007
20
-60.2408379999999966
11
43.9136689999999987
21
-61.1932189999999991
0
LINE
8
BLACK
6
CONTINUOUS
10
43.9136689999999987
20
-61.1932189999999991
11
44.0089070000000007
21
-61.0979799999999997
0
LINE
8
BLACK
6
CONTINUOUS
10
44.0089070000000007
20
-61.0979799999999997
11
44.1993829999999974
21
-61.0027419999999978
0
LINE
8
BLACK
6
CONTINUOUS
10
44.1993829999999974
20
-61.0027419999999978
11
44.6755739999999975
21
-61.0027419999999978
0
LINE
8
BLACK
6
CONTINUOUS
10
44.6755739999999975
20
-61.0027419999999978
11
44.8660500000000013
21
-61.0979799999999997
0
LINE
8
BLACK
6
CONTINUOUS
10
44.8660500000000013
20
-61.0979799999999997
11
44.9612879999999961
21
-61.1932189999999991
0
LINE
8
BLACK
6
CONTINUOUS
10
44.9612879999999961
20
-61.1932189999999991
11
45.0565259999999981
21
-61.3836949999999959
0
LINE
8
BLACK
6
CONTINUOUS
10
45.0565259999999981
20
-61.3836949999999959
11
45.0565259999999981
21
-61.8598849999999985
0
LINE
8
BLACK
6
CONTINUOUS
10
45.0565259999999981
20
-61.8598849999999985
11
44.9612879999999961
21
-62.0503609999999952
0
LINE
8
BLACK
6
CONTINUOUS
10
44.9612879999999961
20
-62.0503609999999952
11
44.8660500000000013
21
-62.1455999999999946
0
LINE
8
BLACK
6
CONTINUOUS
10
44.8660500000000013
20
-62.1455999999999946
11
44.6755739999999975
21
-62.2408379999999966
0
LINE
8
BLACK
6
CONTINUOUS
10
44.6755739999999975
20
-62.2408379999999966
11
44.1993829999999974
21
-62.2408379999999966
0
LINE
8
BLACK
6
CONTINUOUS
10
44.1993829999999974
20
-62.2408379999999966
11
44.0089070000000007
21
-62.1455999999999946
0
LINE
8
BLACK
6
CONTINUOUS
10
44.0089070000000007
20
-62.1455999999999946
11
43.9136689999999987
21
-62.0503609999999952
0
LINE
8
BLACK
6
CONTINUOUS
10
46.2946209999999994
20
-60.2408379999999966
11
46.4850980000000007
21
-60.2408379999999966
0
LINE
8
BLACK
6
CONTINUOUS
10
46.4850980000000007
20
-60.2408379999999966
11
46.6755739999999975
21
-60.3360759999999985
0
LINE
8
BLACK
6
CONTINUOUS
10
46.6755739999999975
20
-60.3360759999999985
11
46.7708119999999994
21
-60.4313140000000004
0
LINE
8
BLACK
6
CONTINUOUS
10
46.7708119999999994
20
-60.4313140000000004
11
46.8660500000000013
21
-60.6217899999999972
0
LINE
8
BLACK
6
CONTINUOUS
10
46.8660500000000013
20
-60.6217899999999972
11
46.9612879999999961
21
-61.0027419999999978
0
LINE
8
BLACK
6
CONTINUOUS
10
46.9612879999999961
20
-61.0027419999999978
11
46.9612879999999961
21
-61.4789329999999978
0
LINE
8
BLACK
6
CONTINUOUS
10
46.9612879999999961
20
-61.4789329999999978
11
46.8660500000000013
21
-61.8598849999999985
0
LINE
8
BLACK
6
CONTINUOUS
10
46.8660500000000013
20
-61.8598849999999985
11
46.7708119999999994
21
-62.0503609999999952
0
LINE
8
BLACK
6
CONTINUOUS
10
46.7708119999999994
20
-62.0503609999999952
11
46.6755739999999975
21
-62.1455999999999946
0
LINE
8
BLACK
6
CONTINUOUS
10
46.6755739999999975
20
-62.1455999999999946
11
46.4850980000000007
21
-62.2408379999999966
0
LINE
8
BLACK
6
CONTINUOUS
10
46.4850980000000007
20
-62.2408379999999966
11
46.2946209999999994
21
-62.2408379999999966
0
LINE
8
BLACK
6
CONTINUOUS
10
46.2946209999999994
20
-62.2408379999999966
11
46.1041449999999955
21
-62.1455999999999946
0
LINE
8
BLACK
6
CONTINUOUS
10
46.1041449999999955
20
-62.1455999999999946
11
46.0089070000000007
21
-62.0503609999999952
0
LINE
8
BLACK
6
CONTINUOUS
10
46.0089070000000007
20
-62.0503609999999952
11
45.9136689999999987
21
-61.8598849999999985
0
LINE
8
BLACK
6
CONTINUOUS
10
45.9136689999999987
20
-61.8598849999999985
11
45.8184309999999968
21
-61.4789329999999978
0
LINE
8
BLACK
6
CONTINUOUS
10
45.8184309999999968
20
-61.4789329999999978
11
45.8184309999999968
21
-61.0027419999999978
0
LINE
8
BLACK
6
CONTINUOUS
10
45.8184309999999968
20
-61.0027419999999978
11
45.9136689999999987
21
-60.6217899999999972
0
LINE
8
BLACK
6
CONTINUOUS
10
45.9136689999999987
20
-60.6217899999999972
11
46.0089070000000007
21
-60.4313140000000004
0
LINE
8
BLACK
6
CONTINUOUS
10
46.0089070000000007
20
-60.4313140000000004
11
46.1041449999999955
21
-60.3360759999999985
0
LINE
8
BLACK
6
CONTINUOUS
10
46.1041449999999955
20
-60.3360759999999985
11
46.2946209999999994
21
-60.2408379999999966
0
LINE
8
BLACK
6
CONTINUOUS
10
48.1993829999999974
20
-60.2408379999999966
11
48.3898599999999988
21
-60.2408379999999966
0
LINE
8
BLACK
6
CONTINUOUS
10
48.3898599999999988
20
-60.2408379999999966
11
48.5803359999999955
21
-60.3360759999999985
0
LINE
8
BLACK
6
CONTINUOUS
10
48.5803359999999955
20
-60.3360759999999985
11
48.6755739999999975
21
-60.4313140000000004
0
LINE
8
BLACK
6
CONTINUOUS
10
48.6755739999999975
20
-60.4313140000000004
11
48.7708119999999994
21
-60.6217899999999972
0
LINE
8
BLACK
6
CONTINUOUS
10
48.7708119999999994
20
-60.6217899999999972
11
48.8660500000000013
21
-61.0027419999999978
0
LINE
8
BLACK
6
CONTINUOUS
10
48.8660500000000013
20
-61.0027419999999978
11
48.8660500000000013
21
-61.4789329999999978
0
LINE
8
BLACK
6
CONTINUOUS
10
48.8660500000000013
20
-61.4789329999999978
11
48.7708119999999994
21
-61.8598849999999985
0
LINE
8
BLACK
6
CONTINUOUS
10
48.7708119999999994
20
-61.8598849999999985
11
48.6755739999999975
21
-62.0503609999999952
0
LINE
8
BLACK
6
CONTINUOUS
10
48.6755739999999975
20
-62.0503609999999952
11
48.5803359999999955
21
-62.1455999999999946
0
LINE
8
BLACK
6
CONTINUOUS
10
48.5803359999999955
20
-62.1455999999999946
11
48.3898599999999988
21
-62.2408379999999966
0
LINE
8
BLACK
6
CONTINUOUS
10
48.3898599999999988
20
-62.2408379999999966
11
48.1993829999999974
21
-62.2408379999999966
0
LINE
8
BLACK
6
CONTINUOUS
10
48.1993829999999974
20
-62.2408379999999966
11
48.0089070000000007
21
-62.1455999999999946
0
LINE
8
BLACK
6
CONTINUOUS
10
48.0089070000000007
20
-62.1455999999999946
11
47.9136689999999987
21
-62.0503609999999952
0
LINE
8
BLACK
6
CONTINUOUS
10
47.9136689999999987
20
-62.0503609999999952
11
47.8184309999999968
21
-61.8598849999999985
0
LINE
8
BLACK
6
CONTINUOUS
10
47.8184309999999968
20
-61.8598849999999985
11
47.7231929999999949
21
-61.4789329999999978
0
LINE
8
BLACK
6
CONTINUOUS
10
47.7231929999999949
20
-61.4789329999999978
11
47.7231929999999949
21
-61.0027419999999978
0
LINE
8
BLACK
6
CONTINUOUS
10
47.7231929999999949
20
-61.0027419999999978
11
47.8184309999999968
21
-60.6217899999999972
0
LINE
8
BLACK
6
CONTINUOUS
10
47.8184309999999968
20
-60.6217899999999972
11
47.9136689999999987
21
-60.4313140000000004
0
LINE
8
BLACK
6
CONTINUOUS
10
47.9136689999999987
20
-60.4313140000000004
11
48.0089070000000007
21
-60.3360759999999985
0
LINE
8
BLACK
6
CONTINUOUS
10
48.0089070000000007
20
-60.3360759999999985
11
48.1993829999999974
21
-60.2408379999999966
0
LINE
8
BLACK
6
CONTINUOUS
10
49.7231929999999949
20
-62.2408379999999966
11
49.7231929999999949
21
-60.9075039999999959
0
LINE
8
BLACK
6
CONTINUOUS
10
49.7231929999999949
20
-61.0979799999999997
11
49.8184309999999968
21
-61.0027419999999978
0
LINE
8
BLACK
6
CONTINUOUS
10
49.8184309999999968
20
-61.0027419999999978
11
50.0089070000000007
21
-60.9075039999999959
0
LINE
8
BLACK
6
CONTINUOUS
10
50.0089070000000007
20
-60.9075039999999959
11
50.2946219999999968
21
-60.9075039999999959
0
LINE
8
BLACK
6
CONTINUOUS
10
50.2946219999999968
20
-60.9075039999999959
11
50.4850980000000007
21
-61.0027419999999978
0
LINE
8
BLACK
6
CONTINUOUS
10
50.4850980000000007
20
-61.0027419999999978
11
50.5803359999999955
21
-61.1932189999999991
0
LINE
8
BLACK
6
CONTINUOUS
10
50.5803359999999955
20
-61.1932189999999991
11
50.5803359999999955
21
-62.2408379999999966
0
LINE
8
BLACK
6
CONTINUOUS
10
50.5803359999999955
20
-61.1932189999999991
11
50.6755739999999975
21
-61.0027419999999978
0
LINE
8
BLACK
6
CONTINUOUS
10
50.6755739999999975
20
-61.0027419999999978
11
50.8660499999999942
21
-60.9075039999999959
0
LINE
8
BLACK
6
CONTINUOUS
10
50.8660499999999942
20
-60.9075039999999959
11
51.151764
21
-60.9075039999999959
0
LINE
8
BLACK
6
CONTINUOUS
10
51.151764
20
-60.9075039999999959
11
51.3422409999999942
21
-61.0027419999999978
0
LINE
8
BLACK
6
CONTINUOUS
10
51.3422409999999942
20
-61.0027419999999978
11
51.4374789999999962
21
-61.1932189999999991
0
LINE
8
BLACK
6
CONTINUOUS
10
51.4374789999999962
20
-61.1932189999999991
11
51.4374789999999962
21
-62.2408379999999966
0
LINE
8
BLACK
6
CONTINUOUS
10
52.3898599999999988
20
-62.2408379999999966
11
52.3898599999999988
21
-60.9075039999999959
0
LINE
8
BLACK
6
CONTINUOUS
10
52.3898599999999988
20
-61.0979799999999997
11
52.4850980000000007
21
-61.0027419999999978
0
LINE
8
BLACK
6
CONTINUOUS
10
52.4850980000000007
20
-61.0027419999999978
11
52.6755739999999975
21
-60.9075039999999959
0
LINE
8
BLACK
6
CONTINUOUS
10
52.6755739999999975
20
-60.9075039999999959
11
52.9612890000000007
21
-60.9075039999999959
0
LINE
8
BLACK
6
CONTINUOUS
10
52.9612890000000007
20
-60.9075039999999959
11
53.1517649999999975
21
-61.0027419999999978
0
LINE
8
BLACK
6
CONTINUOUS
10
53.1517649999999975
20
-61.0027419999999978
11
53.2470029999999994
21
-61.1932189999999991
0
LINE
8
BLACK
6
CONTINUOUS
10
53.2470029999999994
20
-61.1932189999999991
11
53.2470029999999994
21
-62.2408379999999966
0
LINE
8
BLACK
6
CONTINUOUS
10
53.2470029999999994
20
-61.1932189999999991
11
53.3422409999999942
21
-61.0027419999999978
0
LINE
8
BLACK
6
CONTINUOUS
10
53.3422409999999942
20
-61.0027419999999978
11
53.5327169999999981
21
-60.9075039999999959
0
LINE
8
BLACK
6
CONTINUOUS
10
53.5327169999999981
20
-60.9075039999999959
11
53.8184309999999968
21
-60.9075039999999959
0
LINE
8
BLACK
6
CONTINUOUS
10
53.8184309999999968
20
-60.9075039999999959
11
54.0089079999999981
21
-61.0027419999999978
0
LINE
8
BLACK
6
CONTINUOUS
10
54.0089079999999981
20
-61.0027419999999978
11
54.1041460000000001
21
-61.1932189999999991
0
LINE
8
BLACK
6
CONTINUOUS
10
54.1041460000000001
20
-61.1932189999999991
11
54.1041460000000001
21
-62.2408379999999966
0
LINE
8
BLACK
6
CONTINUOUS
10
58.0089079999999981
20
-60.1455999999999946
11
56.2946229999999943
21
-62.7170279999999991
0
LINE
8
BLACK
6
CONTINUOUS
10
60.5803370000000001
20
-60.2408379999999966
11
60.7708139999999943
21
-60.2408379999999966
0
LINE
8
BLACK
6
CONTINUOUS
10
60.7708139999999943
20
-60.2408379999999966
11
60.9612899999999982
21
-60.3360759999999985
0
LINE
8
BLACK
6
CONTINUOUS
10
60.9612899999999982
20
-60.3360759999999985
11
61.0565280000000001
21
-60.4313140000000004
0
LINE
8
BLACK
6
CONTINUOUS
10
61.0565280000000001
20
-60.4313140000000004
11
61.151765999999995
21
-60.6217899999999972
0
LINE
8
BLACK
6
CONTINUOUS
10
61.151765999999995
20
-60.6217899999999972
11
61.2470039999999969
21
-61.0027419999999978
0
LINE
8
BLACK
6
CONTINUOUS
10
61.2470039999999969
20
-61.0027419999999978
11
61.2470039999999969
21
-61.4789329999999978
0
LINE
8
BLACK
6
CONTINUOUS
10
61.2470039999999969
20
-61.4789329999999978
11
61.151765999999995
21
-61.8598849999999985
0
LINE
8
BLACK
6
CONTINUOUS
10
61.151765999999995
20
-61.8598849999999985
11
61.0565280000000001
21
-62.0503609999999952
0
LINE
8
BLACK
6
CONTINUOUS
10
61.0565280000000001
20
-62.0503609999999952
11
60.9612899999999982
21
-62.1455999999999946
0
LINE
8
BLACK
6
CONTINUOUS
10
60.9612899999999982
20
-62.1455999999999946
11
60.7708139999999943
21
-62.2408379999999966
0
LINE
8
BLACK
6
CONTINUOUS
10
60.7708139999999943
20
-62.2408379999999966
11
60.5803370000000001
21
-62.2408379999999966
0
LINE
8
BLACK
6
CONTINUOUS
10
60.5803370000000001
20
-62.2408379999999966
11
60.3898609999999962
21
-62.1455999999999946
0
LINE
8
BLACK
6
CONTINUOUS
10
60.3898609999999962
20
-62.1455999999999946
11
60.2946229999999943
21
-62.0503609999999952
0
LINE
8
BLACK
6
CONTINUOUS
10
60.2946229999999943
20
-62.0503609999999952
11
60.1993849999999995
21
-61.8598849999999985
0
LINE
8
BLACK
6
CONTINUOUS
10
60.1993849999999995
20
-61.8598849999999985
11
60.1041469999999975
21
-61.4789329999999978
0
LINE
8
BLACK
6
CONTINUOUS
10
60.1041469999999975
20
-61.4789329999999978
11
60.1041469999999975
21
-61.0027419999999978
0
LINE
8
BLACK
6
CONTINUOUS
10
60.1041469999999975
20
-61.0027419999999978
11
60.1993849999999995
21
-60.6217899999999972
0
LINE
8
BLACK
6
CONTINUOUS
10
60.1993849999999995
20
-60.6217899999999972
11
60.2946229999999943
21
-60.4313140000000004
0
LINE
8
BLACK
6
CONTINUOUS
10
60.2946229999999943
20
-60.4313140000000004
11
60.3898609999999962
21
-60.3360759999999985
0
LINE
8
BLACK
6
CONTINUOUS
10
60.3898609999999962
20
-60.3360759999999985
11
60.5803370000000001
21
-60.2408379999999966
0
LINE
8
BLACK
6
CONTINUOUS
10
62.1041469999999975
20
-62.0503609999999952
11
62.1993849999999995
21
-62.1455999999999946
0
LINE
8
BLACK
6
CONTINUOUS
10
62.1993849999999995
20
-62.1455999999999946
11
62.1041469999999975
21
-62.2408379999999966
0
LINE
8
BLACK
6
CONTINUOUS
10
62.1041469999999975
20
-62.2408379999999966
11
62.0089089999999956
21
-62.1455999999999946
0
LINE
8
BLACK
6
CONTINUOUS
10
62.0089089999999956
20
-62.1455999999999946
11
62.1041469999999975
21
-62.0503609999999952
0
LINE
8
BLACK
6
CONTINUOUS
10
62.1041469999999975
20
-62.0503609999999952
11
62.1041469999999975
21
-62.2408379999999966
0
LINE
8
BLACK
6
CONTINUOUS
10
64.1041469999999975
20
-62.2408379999999966
11
62.9612899999999982
21
-62.2408379999999966
0
LINE
8
BLACK
6
CONTINUOUS
10
63.5327179999999956
20
-62.2408379999999966
11
63.5327179999999956
21
-60.2408379999999966
0
LINE
8
BLACK
6
CONTINUOUS
10
63.5327179999999956
20
-60.2408379999999966
11
63.3422419999999988
21
-60.5265519999999952
0
LINE
8
BLACK
6
CONTINUOUS
10
63.3422419999999988
20
-60.5265519999999952
11
63.151765999999995
21
-60.7170279999999991
0
LINE
8
BLACK
6
CONTINUOUS
10
63.151765999999995
20
-60.7170279999999991
11
62.9612899999999982
21
-60.8122659999999939
0
LINE
8
BLACK
6
CONTINUOUS
10
64.7708140000000014
20
-60.2408379999999966
11
66.0089090000000027
21
-60.2408379999999966
0
LINE
8
BLACK
6
CONTINUOUS
10
66.0089090000000027
20
-60.2408379999999966
11
65.3422419999999988
21
-61.0027419999999978
0
LINE
8
BLACK
6
CONTINUOUS
10
65.3422419999999988
20
-61.0027419999999978
11
65.627956999999995
21
-61.0027419999999978
0
LINE
8
BLACK
6
CONTINUOUS
10
65.627956999999995
20
-61.0027419999999978
11
65.8184329999999989
21
-61.0979799999999997
0
LINE
8
BLACK
6
CONTINUOUS
10
65.8184329999999989
20
-61.0979799999999997
11
65.9136709999999937
21
-61.1932189999999991
0
LINE
8
BLACK
6
CONTINUOUS
10
65.9136709999999937
20
-61.1932189999999991
11
66.0089090000000027
21
-61.3836949999999959
0
LINE
8
BLACK
6
CONTINUOUS
10
66.0089090000000027
20
-61.3836949999999959
11
66.0089090000000027
21
-61.8598849999999985
0
LINE
8
BLACK
6
CONTINUOUS
10
66.0089090000000027
20
-61.8598849999999985
11
65.9136709999999937
21
-62.0503609999999952
0
LINE
8
BLACK
6
CONTINUOUS
10
65.9136709999999937
20
-62.0503609999999952
11
65.8184329999999989
21
-62.1455999999999946
0
LINE
8
BLACK
6
CONTINUOUS
10
65.8184329999999989
20
-62.1455999999999946
11
65.627956999999995
21
-62.2408379999999966
0
LINE
8
BLACK
6
CONTINUOUS
10
65.627956999999995
20
-62.2408379999999966
11
65.0565280000000001
21
-62.2408379999999966
0
LINE
8
BLACK
6
CONTINUOUS
10
65.0565280000000001
20
-62.2408379999999966
11
64.8660519999999963
21
-62.1455999999999946
0
LINE
8
BLACK
6
CONTINUOUS
10
64.8660519999999963
20
-62.1455999999999946
11
64.7708140000000014
21
-62.0503609999999952
0
LINE
8
BLACK
6
CONTINUOUS
10
66.6755759999999924
20
-60.2408379999999966
11
68.0089090000000027
21
-60.2408379999999966
0
LINE
8
BLACK
6
CONTINUOUS
10
68.0089090000000027
20
-60.2408379999999966
11
67.151765999999995
21
-62.2408379999999966
0
LINE
8
BLACK
6
CONTINUOUS
10
69.0565280000000001
20
-61.0979799999999997
11
68.8660519999999963
21
-61.0027419999999978
0
LINE
8
BLACK
6
CONTINUOUS
10
68.8660519999999963
20
-61.0027419999999978
11
68.7708140000000014
21
-60.9075039999999959
0
LINE
8
BLACK
6
CONTINUOUS
10
68.7708140000000014
20
-60.9075039999999959
11
68.6755759999999924
21
-60.7170279999999991
0
LINE
8
BLACK
6
CONTINUOUS
10
68.6755759999999924
20
-60.7170279999999991
11
68.6755759999999924
21
-60.6217899999999972
0
LINE
8
BLACK
6
CONTINUOUS
10
68.6755759999999924
20
-60.6217899999999972
11
68.7708140000000014
21
-60.4313140000000004
0
LINE
8
BLACK
6
CONTINUOUS
10
68.7708140000000014
20
-60.4313140000000004
11
68.8660519999999963
21
-60.3360759999999985
0
LINE
8
BLACK
6
CONTINUOUS
10
68.8660519999999963
20
-60.3360759999999985
11
69.0565280000000001
21
-60.2408379999999966
0
LINE
8
BLACK
6
CONTINUOUS
10
69.0565280000000001
20
-60.2408379999999966
11
69.4374809999999911
21
-60.2408379999999966
0
LINE
8
BLACK
6
CONTINUOUS
10
69.4374809999999911
20
-60.2408379999999966
11
69.627956999999995
21
-60.3360759999999985
0
LINE
8
BLACK
6
CONTINUOUS
10
69.627956999999995
20
-60.3360759999999985
11
69.7231949999999898
21
-60.4313140000000004
0
LINE
8
BLACK
6
CONTINUOUS
10
69.7231949999999898
20
-60.4313140000000004
11
69.8184329999999989
21
-60.6217899999999972
0
LINE
8
BLACK
6
CONTINUOUS
10
69.8184329999999989
20
-60.6217899999999972
11
69.8184329999999989
21
-60.7170279999999991
0
LINE
8
BLACK
6
CONTINUOUS
10
69.8184329999999989
20
-60.7170279999999991
11
69.7231949999999898
21
-60.9075039999999959
0
LINE
8
BLACK
6
CONTINUOUS
10
69.7231949999999898
20
-60.9075039999999959
11
69.627956999999995
21
-61.0027419999999978
0
LINE
8
BLACK
6
CONTINUOUS
10
69.627956999999995
20
-61.0027419999999978
11
69.4374809999999911
21
-61.0979799999999997
0
LINE
8
BLACK
6
CONTINUOUS
10
69.4374809999999911
20
-61.0979799999999997
11
69.0565280000000001
21
-61.0979799999999997
0
LINE
8
BLACK
6
CONTINUOUS
10
69.0565280000000001
20
-61.0979799999999997
11
68.8660519999999963
21
-61.1932189999999991
0
LINE
8
BLACK
6
CONTINUOUS
10
68.8660519999999963
20
-61.1932189999999991
11
68.7708140000000014
21
-61.288456999999994
0
LINE
8
BLACK
6
CONTINUOUS
10
68.7708140000000014
20
-61.288456999999994
11
68.6755759999999924
21
-61.4789329999999978
0
LINE
8
BLACK
6
CONTINUOUS
10
68.6755759999999924
20
-61.4789329999999978
11
68.6755759999999924
21
-61.8598849999999985
0
LINE
8
BLACK
6
CONTINUOUS
10
68.6755759999999924
20
-61.8598849999999985
11
68.7708140000000014
21
-62.0503609999999952
0
LINE
8
BLACK
6
CONTINUOUS
10
68.7708140000000014
20
-62.0503609999999952
11
68.8660519999999963
21
-62.1455999999999946
0
LINE
8
BLACK
6
CONTINUOUS
10
68.8660519999999963
20
-62.1455999999999946
11
69.0565280000000001
21
-62.2408379999999966
0
LINE
8
BLACK
6
CONTINUOUS
10
69.0565280000000001
20
-62.2408379999999966
11
69.4374809999999911
21
-62.2408379999999966
0
LINE
8
BLACK
6
CONTINUOUS
10
69.4374809999999911
20
-62.2408379999999966
11
69.627956999999995
21
-62.1455999999999946
0
LINE
8
BLACK
6
CONTINUOUS
10
69.627956999999995
20
-62.1455999999999946
11
69.7231949999999898
21
-62.0503609999999952
0
LINE
8
BLACK
6
CONTINUOUS
10
69.7231949999999898
20
-62.0503609999999952
11
69.8184329999999989
21
-61.8598849999999985
0
LINE
8
BLACK
6
CONTINUOUS
10
69.8184329999999989
20
-61.8598849999999985
11
69.8184329999999989
21
-61.4789329999999978
0
LINE
8
BLACK
6
CONTINUOUS
10
69.8184329999999989
20
-61.4789329999999978
11
69.7231949999999898
21
-61.288456999999994
0
LINE
8
BLACK
6
CONTINUOUS
10
69.7231949999999898
20
-61.288456999999994
11
69.627956999999995
21
-61.1932189999999991
0
LINE
8
BLACK
6
CONTINUOUS
10
69.627956999999995
20
-61.1932189999999991
11
69.4374809999999911
21
-61.0979799999999997
0
LINE
8
BLACK
6
CONTINUOUS
10
70.5803379999999976
20
-60.2408379999999966
11
70.5803379999999976
21
-60.6217899999999972
0
LINE
8
BLACK
6
CONTINUOUS
10
71.3422429999999963
20
-60.2408379999999966
11
71.3422429999999963
21
-60.6217899999999972
0
LINE
8
BLACK
6
CONTINUOUS
10
74.2946249999999964
20
-63.0027419999999978
11
74.1993859999999898
21
-62.9075039999999959
0
LINE
8
BLACK
6
CONTINUOUS
10
74.1993859999999898
20
-62.9075039999999959
11
74.0089100000000002
21
-62.6217899999999972
0
LINE
8
BLACK
6
CONTINUOUS
10
74.0089100000000002
20
-62.6217899999999972
11
73.9136719999999912
21
-62.4313140000000004
0
LINE
8
BLACK
6
CONTINUOUS
10
73.9136719999999912
20
-62.4313140000000004
11
73.8184339999999963
21
-62.1455999999999946
0
LINE
8
BLACK
6
CONTINUOUS
10
73.8184339999999963
20
-62.1455999999999946
11
73.7231960000000015
21
-61.6694089999999946
0
LINE
8
BLACK
6
CONTINUOUS
10
73.7231960000000015
20
-61.6694089999999946
11
73.7231960000000015
21
-61.288456999999994
0
LINE
8
BLACK
6
CONTINUOUS
10
73.7231960000000015
20
-61.288456999999994
11
73.8184339999999963
21
-60.8122659999999939
0
LINE
8
BLACK
6
CONTINUOUS
10
73.8184339999999963
20
-60.8122659999999939
11
73.9136719999999912
21
-60.5265519999999952
0
LINE
8
BLACK
6
CONTINUOUS
10
73.9136719999999912
20
-60.5265519999999952
11
74.0089100000000002
21
-60.3360759999999985
0
LINE
8
BLACK
6
CONTINUOUS
10
74.0089100000000002
20
-60.3360759999999985
11
74.1993859999999898
21
-60.0503609999999952
0
LINE
8
BLACK
6
CONTINUOUS
10
74.1993859999999898
20
-60.0503609999999952
11
74.2946249999999964
21
-59.9551230000000004
0
LINE
8
BLACK
6
CONTINUOUS
10
76.104147999999995
20
-62.2408379999999966
11
74.9612910000000028
21
-62.2408379999999966
0
LINE
8
BLACK
6
CONTINUOUS
10
75.5327190000000002
20
-62.2408379999999966
11
75.5327190000000002
21
-60.2408379999999966
0
LINE
8
BLACK
6
CONTINUOUS
10
75.5327190000000002
20
-60.2408379999999966
11
75.3422429999999963
21
-60.5265519999999952
0
LINE
8
BLACK
6
CONTINUOUS
10
75.3422429999999963
20
-60.5265519999999952
11
75.1517669999999924
21
-60.7170279999999991
0
LINE
8
BLACK
6
CONTINUOUS
10
75.1517669999999924
20
-60.7170279999999991
11
74.9612910000000028
21
-60.8122659999999939
0
LINE
8
BLACK
6
CONTINUOUS
10
77.8184339999999963
20
-60.9075039999999959
11
77.8184339999999963
21
-62.2408379999999966
0
LINE
8
BLACK
6
CONTINUOUS
10
77.3422429999999963
20
-60.1455999999999946
11
76.8660529999999937
21
-61.5741709999999998
0
LINE
8
BLACK
6
CONTINUOUS
10
76.8660529999999937
20
-61.5741709999999998
11
78.104147999999995
21
-61.5741709999999998
0
LINE
8
BLACK
6
CONTINUOUS
10
80.3898629999999912
20
-62.2408379999999966
11
80.3898629999999912
21
-60.2408379999999966
0
LINE
8
BLACK
6
CONTINUOUS
10
81.2470059999999989
20
-62.2408379999999966
11
81.2470059999999989
21
-61.1932189999999991
0
LINE
8
BLACK
6
CONTINUOUS
10
81.2470059999999989
20
-61.1932189999999991
11
81.1517679999999899
21
-61.0027419999999978
0
LINE
8
BLACK
6
CONTINUOUS
10
81.1517679999999899
20
-61.0027419999999978
11
80.9612920000000003
21
-60.9075039999999959
0
LINE
8
BLACK
6
CONTINUOUS
10
80.9612920000000003
20
-60.9075039999999959
11
80.6755769999999899
21
-60.9075039999999959
0
LINE
8
BLACK
6
CONTINUOUS
10
80.6755769999999899
20
-60.9075039999999959
11
80.4851010000000002
21
-61.0027419999999978
0
LINE
8
BLACK
6
CONTINUOUS
10
80.4851010000000002
20
-61.0027419999999978
11
80.3898629999999912
21
-61.0979799999999997
0
LINE
8
BLACK
6
CONTINUOUS
10
82.4851010000000002
20
-62.2408379999999966
11
82.2946249999999964
21
-62.1455999999999946
0
LINE
8
BLACK
6
CONTINUOUS
10
82.2946249999999964
20
-62.1455999999999946
11
82.1993870000000015
21
-62.0503609999999952
0
LINE
8
BLACK
6
CONTINUOUS
10
82.1993870000000015
20
-62.0503609999999952
11
82.1041489999999925
21
-61.8598849999999985
0
LINE
8
BLACK
6
CONTINUOUS
10
82.1041489999999925
20
-61.8598849999999985
11
82.1041489999999925
21
-61.288456999999994
0
LINE
8
BLACK
6
CONTINUOUS
10
82.1041489999999925
20
-61.288456999999994
11
82.1993870000000015
21
-61.0979799999999997
0
LINE
8
BLACK
6
CONTINUOUS
10
82.1993870000000015
20
-61.0979799999999997
11
82.2946249999999964
21
-61.0027419999999978
0
LINE
8
BLACK
6
CONTINUOUS
10
82.2946249999999964
20
-61.0027419999999978
11
82.4851010000000002
21
-60.9075039999999959
0
LINE
8
BLACK
6
CONTINUOUS
10
82.4851010000000002
20
-60.9075039999999959
11
82.7708159999999964
21
-60.9075039999999959
0
LINE
8
BLACK
6
CONTINUOUS
10
82.7708159999999964
20
-60.9075039999999959
11
82.9612920000000003
21
-61.0027419999999978
0
LINE
8
BLACK
6
CONTINUOUS
10
82.9612920000000003
20
-61.0027419999999978
11
83.0565299999999951
21
-61.0979799999999997
0
LINE
8
BLACK
6
CONTINUOUS
10
83.0565299999999951
20
-61.0979799999999997
11
83.1517679999999899
21
-61.288456999999994
0
LINE
8
BLACK
6
CONTINUOUS
10
83.1517679999999899
20
-61.288456999999994
11
83.1517679999999899
21
-61.8598849999999985
0
LINE
8
BLACK
6
CONTINUOUS
10
83.1517679999999899
20
-61.8598849999999985
11
83.0565299999999951
21
-62.0503609999999952
0
LINE
8
BLACK
6
CONTINUOUS
10
83.0565299999999951
20
-62.0503609999999952
11
82.9612920000000003
21
-62.1455999999999946
0
LINE
8
BLACK
6
CONTINUOUS
10
82.9612920000000003
20
-62.1455999999999946
11
82.7708159999999964
21
-62.2408379999999966
0
LINE
8
BLACK
6
CONTINUOUS
10
82.7708159999999964
20
-62.2408379999999966
11
82.4851010000000002
21
-62.2408379999999966
0
LINE
8
BLACK
6
CONTINUOUS
10
84.2946249999999964
20
-62.2408379999999966
11
84.1041489999999925
21
-62.1455999999999946
0
LINE
8
BLACK
6
CONTINUOUS
10
84.1041489999999925
20
-62.1455999999999946
11
84.0089109999999977
21
-61.9551230000000004
0
LINE
8
BLACK
6
CONTINUOUS
10
84.0089109999999977
20
-61.9551230000000004
11
84.0089109999999977
21
-60.2408379999999966
0
LINE
8
BLACK
6
CONTINUOUS
10
85.8184349999999938
20
-62.1455999999999946
11
85.6279589999999899
21
-62.2408379999999966
0
LINE
8
BLACK
6
CONTINUOUS
10
85.6279589999999899
20
-62.2408379999999966
11
85.2470059999999989
21
-62.2408379999999966
0
LINE
8
BLACK
6
CONTINUOUS
10
85.2470059999999989
20
-62.2408379999999966
11
85.0565299999999951
21
-62.1455999999999946
0
LINE
8
BLACK
6
CONTINUOUS
10
85.0565299999999951
20
-62.1455999999999946
11
84.9612920000000003
21
-61.9551230000000004
0
LINE
8
BLACK
6
CONTINUOUS
10
84.9612920000000003
20
-61.9551230000000004
11
84.9612920000000003
21
-61.1932189999999991
0
LINE
8
BLACK
6
CONTINUOUS
10
84.9612920000000003
20
-61.1932189999999991
11
85.0565299999999951
21
-61.0027419999999978
0
LINE
8
BLACK
6
CONTINUOUS
10
85.0565299999999951
20
-61.0027419999999978
11
85.2470059999999989
21
-60.9075039999999959
0
LINE
8
BLACK
6
CONTINUOUS
10
85.2470059999999989
20
-60.9075039999999959
11
85.6279589999999899
21
-60.9075039999999959
0
LINE
8
BLACK
6
CONTINUOUS
10
85.6279589999999899
20
-60.9075039999999959
11
85.8184349999999938
21
-61.0027419999999978
0
LINE
8
BLACK
6
CONTINUOUS
10
85.8184349999999938
20
-61.0027419999999978
11
85.9136730000000028
21
-61.1932189999999991
0
LINE
8
BLACK
6
CONTINUOUS
10
85.9136730000000028
20
-61.1932189999999991
11
85.9136730000000028
21
-61.3836949999999959
0
LINE
8
BLACK
6
CONTINUOUS
10
85.9136730000000028
20
-61.3836949999999959
11
84.9612920000000003
21
-61.5741709999999998
0
LINE
8
BLACK
6
CONTINUOUS
10
86.6755780000000016
20
-62.1455999999999946
11
86.8660539999999912
21
-62.2408379999999966
0
LINE
8
BLACK
6
CONTINUOUS
10
86.8660539999999912
20
-62.2408379999999966
11
87.2470059999999989
21
-62.2408379999999966
0
LINE
8
BLACK
6
CONTINUOUS
10
87.2470059999999989
20
-62.2408379999999966
11
87.4374830000000003
21
-62.1455999999999946
0
LINE
8
BLACK
6
CONTINUOUS
10
87.4374830000000003
20
-62.1455999999999946
11
87.5327209999999951
21
-61.9551230000000004
0
LINE
8
BLACK
6
CONTINUOUS
10
87.5327209999999951
20
-61.9551230000000004
11
87.5327209999999951
21
-61.8598849999999985
0
LINE
8
BLACK
6
CONTINUOUS
10
87.5327209999999951
20
-61.8598849999999985
11
87.4374830000000003
21
-61.6694089999999946
0
LINE
8
BLACK
6
CONTINUOUS
10
87.4374830000000003
20
-61.6694089999999946
11
87.2470059999999989
21
-61.5741709999999998
0
LINE
8
BLACK
6
CONTINUOUS
10
87.2470059999999989
20
-61.5741709999999998
11
86.9612920000000003
21
-61.5741709999999998
0
LINE
8
BLACK
6
CONTINUOUS
10
86.9612920000000003
20
-61.5741709999999998
11
86.7708159999999964
21
-61.4789329999999978
0
LINE
8
BLACK
6
CONTINUOUS
10
86.7708159999999964
20
-61.4789329999999978
11
86.6755780000000016
21
-61.288456999999994
0
LINE
8
BLACK
6
CONTINUOUS
10
86.6755780000000016
20
-61.288456999999994
11
86.6755780000000016
21
-61.1932189999999991
0
LINE
8
BLACK
6
CONTINUOUS
10
86.6755780000000016
20
-61.1932189999999991
11
86.7708159999999964
21
-61.0027419999999978
0
LINE
8
BLACK
6
CONTINUOUS
10
86.7708159999999964
20
-61.0027419999999978
11
86.9612920000000003
21
-60.9075039999999959
0
LINE
8
BLACK
6
CONTINUOUS
10
86.9612920000000003
20
-60.9075039999999959
11
87.2470059999999989
21
-60.9075039999999959
0
LINE
8
BLACK
6
CONTINUOUS
10
87.2470059999999989
20
-60.9075039999999959
11
87.4374830000000003
21
-61.0027419999999978
0
LINE
8
BLACK
6
CONTINUOUS
10
88.199387999999999
20
-63.0027419999999978
11
88.2946259999999938
21
-62.9075039999999959
0
LINE
8
BLACK
6
CONTINUOUS
10
88.2946259999999938
20
-62.9075039999999959
11
88.4851019999999977
21
-62.6217899999999972
0
LINE
8
BLACK
6
CONTINUOUS
10
88.4851019999999977
20
-62.6217899999999972
11
88.5803399999999925
21
-62.4313140000000004
0
LINE
8
BLACK
6
CONTINUOUS
10
88.5803399999999925
20
-62.4313140000000004
11
88.6755780000000016
21
-62.1455999999999946
0
LINE
8
BLACK
6
CONTINUOUS
10
88.6755780000000016
20
-62.1455999999999946
11
88.7708159999999964
21
-61.6694089999999946
0
LINE
8
BLACK
6
CONTINUOUS
10
88.7708159999999964
20
-61.6694089999999946
11
88.7708159999999964
21
-61.288456999999994
0
LINE
8
BLACK
6
CONTINUOUS
10
88.7708159999999964
20
-61.288456999999994
11
88.6755780000000016
21
-60.8122659999999939
0
LINE
8
BLACK
6
CONTINUOUS
10
88.6755780000000016
20
-60.8122659999999939
11
88.5803399999999925
21
-60.5265519999999952
0
LINE
8
BLACK
6
CONTINUOUS
10
88.5803399999999925
20
-60.5265519999999952
11
88.4851019999999977
21
-60.3360759999999985
0
LINE
8
BLACK
6
CONTINUOUS
10
88.4851019999999977
20
-60.3360759999999985
11
88.2946259999999938
21
-60.0503609999999952
0
LINE
8
BLACK
6
CONTINUOUS
10
88.2946259999999938
20
-60.0503609999999952
11
88.199387999999999
21
-59.9551230000000004
0
LINE
8
BLACK
6
CONTINUOUS
10
91.8184359999999913
20
-63.0027419999999978
11
91.723196999999999
21
-62.9075039999999959
0
LINE
8
BLACK
6
CONTINUOUS
10
91.723196999999999
20
-62.9075039999999959
11
91.5327209999999951
21
-62.6217899999999972
0
LINE
8
BLACK
6
CONTINUOUS
10
91.5327209999999951
20
-62.6217899999999972
11
91.4374830000000003
21
-62.4313140000000004
0
LINE
8
BLACK
6
CONTINUOUS
10
91.4374830000000003
20
-62.4313140000000004
11
91.3422449999999913
21
-62.1455999999999946
0
LINE
8
BLACK
6
CONTINUOUS
10
91.3422449999999913
20
-62.1455999999999946
11
91.2470069999999964
21
-61.6694089999999946
0
LINE
8
BLACK
6
CONTINUOUS
10
91.2470069999999964
20
-61.6694089999999946
11
91.2470069999999964
21
-61.288456999999994
0
LINE
8
BLACK
6
CONTINUOUS
10
91.2470069999999964
20
-61.288456999999994
11
91.3422449999999913
21
-60.8122659999999939
0
LINE
8
BLACK
6
CONTINUOUS
10
91.3422449999999913
20
-60.8122659999999939
11
91.4374830000000003
21
-60.5265519999999952
0
LINE
8
BLACK
6
CONTINUOUS
10
91.4374830000000003
20
-60.5265519999999952
11
91.5327209999999951
21
-60.3360759999999985
0
LINE
8
BLACK
6
CONTINUOUS
10
91.5327209999999951
20
-60.3360759999999985
11
91.723196999999999
21
-60.0503609999999952
0
LINE
8
BLACK
6
CONTINUOUS
10
91.723196999999999
20
-60.0503609999999952
11
91.8184359999999913
21
-59.9551230000000004
0
LINE
8
BLACK
6
CONTINUOUS
10
92.5803399999999925
20
-60.9075039999999959
11
92.5803399999999925
21
-62.2408379999999966
0
LINE
8
BLACK
6
CONTINUOUS
10
92.5803399999999925
20
-61.0979799999999997
11
92.6755780000000016
21
-61.0027419999999978
0
LINE
8
BLACK
6
CONTINUOUS
10
92.6755780000000016
20
-61.0027419999999978
11
92.8660539999999912
21
-60.9075039999999959
0
LINE
8
BLACK
6
CONTINUOUS
10
92.8660539999999912
20
-60.9075039999999959
11
93.1517690000000016
21
-60.9075039999999959
0
LINE
8
BLACK
6
CONTINUOUS
10
93.1517690000000016
20
-60.9075039999999959
11
93.3422449999999913
21
-61.0027419999999978
0
LINE
8
BLACK
6
CONTINUOUS
10
93.3422449999999913
20
-61.0027419999999978
11
93.4374830000000003
21
-61.1932189999999991
0
LINE
8
BLACK
6
CONTINUOUS
10
93.4374830000000003
20
-61.1932189999999991
11
93.4374830000000003
21
-62.2408379999999966
0
LINE
8
BLACK
6
CONTINUOUS
10
94.6755780000000016
20
-62.2408379999999966
11
94.4851019999999977
21
-62.1455999999999946
0
LINE
8
BLACK
6
CONTINUOUS
10
94.4851019999999977
20
-62.1455999999999946
11
94.3898639999999887
21
-62.0503609999999952
0
LINE
8
BLACK
6
CONTINUOUS
10
94.3898639999999887
20
-62.0503609999999952
11
94.2946259999999938
21
-61.8598849999999985
0
LINE
8
BLACK
6
CONTINUOUS
10
94.2946259999999938
20
-61.8598849999999985
11
94.2946259999999938
21
-61.288456999999994
0
LINE
8
BLACK
6
CONTINUOUS
10
94.2946259999999938
20
-61.288456999999994
11
94.3898639999999887
21
-61.0979799999999997
0
LINE
8
BLACK
6
CONTINUOUS
10
94.3898639999999887
20
-61.0979799999999997
11
94.4851019999999977
21
-61.0027419999999978
0
LINE
8
BLACK
6
CONTINUOUS
10
94.4851019999999977
20
-61.0027419999999978
11
94.6755780000000016
21
-60.9075039999999959
0
LINE
8
BLACK
6
CONTINUOUS
10
94.6755780000000016
20
-60.9075039999999959
11
94.9612929999999977
21
-60.9075039999999959
0
LINE
8
BLACK
6
CONTINUOUS
10
94.9612929999999977
20
-60.9075039999999959
11
95.1517690000000016
21
-61.0027419999999978
0
LINE
8
BLACK
6
CONTINUOUS
10
95.1517690000000016
20
-61.0027419999999978
11
95.2470069999999964
21
-61.0979799999999997
0
LINE
8
BLACK
6
CONTINUOUS
10
95.2470069999999964
20
-61.0979799999999997
11
95.3422449999999913
21
-61.288456999999994
0
LINE
8
BLACK
6
CONTINUOUS
10
95.3422449999999913
20
-61.288456999999994
11
95.3422449999999913
21
-61.8598849999999985
0
LINE
8
BLACK
6
CONTINUOUS
10
95.3422449999999913
20
-61.8598849999999985
11
95.2470069999999964
21
-62.0503609999999952
0
LINE
8
BLACK
6
CONTINUOUS
10
95.2470069999999964
20
-62.0503609999999952
11
95.1517690000000016
21
-62.1455999999999946
0
LINE
8
BLACK
6
CONTINUOUS
10
95.1517690000000016
20
-62.1455999999999946
11
94.9612929999999977
21
-62.2408379999999966
0
LINE
8
BLACK
6
CONTINUOUS
10
94.9612929999999977
20
-62.2408379999999966
11
94.6755780000000016
21
-62.2408379999999966
0
LINE
8
BLACK
6
CONTINUOUS
10
95.9136740000000003
20
-60.9075039999999959
11
96.6755780000000016
21
-60.9075039999999959
0
LINE
8
BLACK
6
CONTINUOUS
10
96.199387999999999
20
-60.2408379999999966
11
96.199387999999999
21
-61.9551230000000004
0
LINE
8
BLACK
6
CONTINUOUS
10
96.199387999999999
20
-61.9551230000000004
11
96.2946259999999938
21
-62.1455999999999946
0
LINE
8
BLACK
6
CONTINUOUS
10
96.2946259999999938
20
-62.1455999999999946
11
96.4851019999999977
21
-62.2408379999999966
0
LINE
8
BLACK
6
CONTINUOUS
10
96.4851019999999977
20
-62.2408379999999966
11
96.6755780000000016
21
-62.2408379999999966
0
LINE
8
BLACK
6
CONTINUOUS
10
98.8660549999999887
20
-60.9075039999999959
11
98.8660549999999887
21
-62.9075039999999959
0
LINE
8
BLACK
6
CONTINUOUS
10
98.8660549999999887
20
-61.0027419999999978
11
99.0565309999999926
21
-60.9075039999999959
0
LINE
8
BLACK
6
CONTINUOUS
10
99.0565309999999926
20
-60.9075039999999959
11
99.4374839999999978
21
-60.9075039999999959
0
LINE
8
BLACK
6
CONTINUOUS
10
99.4374839999999978
20
-60.9075039999999959
11
99.6279600000000016
21
-61.0027419999999978
0
LINE
8
BLACK
6
CONTINUOUS
10
99.6279600000000016
20
-61.0027419999999978
11
99.7231979999999965
21
-61.0979799999999997
0
LINE
8
BLACK
6
CONTINUOUS
10
99.7231979999999965
20
-61.0979799999999997
11
99.8184359999999913
21
-61.288456999999994
0
LINE
8
BLACK
6
CONTINUOUS
10
99.8184359999999913
20
-61.288456999999994
11
99.8184359999999913
21
-61.8598849999999985
0
LINE
8
BLACK
6
CONTINUOUS
10
99.8184359999999913
20
-61.8598849999999985
11
99.7231979999999965
21
-62.0503609999999952
0
LINE
8
BLACK
6
CONTINUOUS
10
99.7231979999999965
20
-62.0503609999999952
11
99.6279600000000016
21
-62.1455999999999946
0
LINE
8
BLACK
6
CONTINUOUS
10
99.6279600000000016
20
-62.1455999999999946
11
99.4374839999999978
21
-62.2408379999999966
0
LINE
8
BLACK
6
CONTINUOUS
10
99.4374839999999978
20
-62.2408379999999966
11
99.0565309999999926
21
-62.2408379999999966
0
LINE
8
BLACK
6
CONTINUOUS
10
99.0565309999999926
20
-62.2408379999999966
11
98.8660549999999887
21
-62.1455999999999946
0
LINE
8
BLACK
6
CONTINUOUS
10
100.9612929999999977
20
-62.2408379999999966
11
100.7708169999999939
21
-62.1455999999999946
0
LINE
8
BLACK
6
CONTINUOUS
10
100.7708169999999939
20
-62.1455999999999946
11
100.675578999999999
21
-61.9551230000000004
0
LINE
8
BLACK
6
CONTINUOUS
10
100.675578999999999
20
-61.9551230000000004
11
100.675578999999999
21
-60.2408379999999966
0
LINE
8
BLACK
6
CONTINUOUS
10
102.58034099999999
20
-62.2408379999999966
11
102.58034099999999
21
-61.1932189999999991
0
LINE
8
BLACK
6
CONTINUOUS
10
102.58034099999999
20
-61.1932189999999991
11
102.4851029999999952
21
-61.0027419999999978
0
LINE
8
BLACK
6
CONTINUOUS
10
102.4851029999999952
20
-61.0027419999999978
11
102.2946269999999913
21
-60.9075039999999959
0
LINE
8
BLACK
6
CONTINUOUS
10
102.2946269999999913
20
-60.9075039999999959
11
101.9136740000000003
21
-60.9075039999999959
0
LINE
8
BLACK
6
CONTINUOUS
10
101.9136740000000003
20
-60.9075039999999959
11
101.7231979999999965
21
-61.0027419999999978
0
LINE
8
BLACK
6
CONTINUOUS
10
102.58034099999999
20
-62.1455999999999946
11
102.3898650000000004
21
-62.2408379999999966
0
LINE
8
BLACK
6
CONTINUOUS
10
102.3898650000000004
20
-62.2408379999999966
11
101.9136740000000003
21
-62.2408379999999966
0
LINE
8
BLACK
6
CONTINUOUS
10
101.9136740000000003
20
-62.2408379999999966
11
101.7231979999999965
21
-62.1455999999999946
0
LINE
8
BLACK
6
CONTINUOUS
10
101.7231979999999965
20
-62.1455999999999946
11
101.6279600000000016
21
-61.9551230000000004
0
LINE
8
BLACK
6
CONTINUOUS
10
101.6279600000000016
20
-61.9551230000000004
11
101.6279600000000016
21
-61.7646469999999965
0
LINE
8
BLACK
6
CONTINUOUS
10
101.6279600000000016
20
-61.7646469999999965
11
101.7231979999999965
21
-61.5741709999999998
0
LINE
8
BLACK
6
CONTINUOUS
10
101.7231979999999965
20
-61.5741709999999998
11
101.9136740000000003
21
-61.4789329999999978
0
LINE
8
BLACK
6
CONTINUOUS
10
101.9136740000000003
20
-61.4789329999999978
11
102.3898650000000004
21
-61.4789329999999978
0
LINE
8
BLACK
6
CONTINUOUS
10
102.3898650000000004
20
-61.4789329999999978
11
102.58034099999999
21
-61.3836949999999959
0
LINE
8
BLACK
6
CONTINUOUS
10
103.2470079999999939
20
-60.9075039999999959
11
104.0089119999999951
21
-60.9075039999999959
0
LINE
8
BLACK
6
CONTINUOUS
10
103.5327219999999926
20
-60.2408379999999966
11
103.5327219999999926
21
-61.9551230000000004
0
LINE
8
BLACK
6
CONTINUOUS
10
103.5327219999999926
20
-61.9551230000000004
11
103.6279600000000016
21
-62.1455999999999946
0
LINE
8
BLACK
6
CONTINUOUS
10
103.6279600000000016
20
-62.1455999999999946
11
103.8184359999999913
21
-62.2408379999999966
0
LINE
8
BLACK
6
CONTINUOUS
10
103.8184359999999913
20
-62.2408379999999966
11
104.0089119999999951
21
-62.2408379999999966
0
LINE
8
BLACK
6
CONTINUOUS
10
105.4374839999999978
20
-62.1455999999999946
11
105.2470079999999939
21
-62.2408379999999966
0
LINE
8
BLACK
6
CONTINUOUS
10
105.2470079999999939
20
-62.2408379999999966
11
104.8660549999999887
21
-62.2408379999999966
0
LINE
8
BLACK
6
CONTINUOUS
10
104.8660549999999887
20
-62.2408379999999966
11
104.675578999999999
21
-62.1455999999999946
0
LINE
8
BLACK
6
CONTINUOUS
10
104.675578999999999
20
-62.1455999999999946
11
104.58034099999999
21
-61.9551230000000004
0
LINE
8
BLACK
6
CONTINUOUS
10
104.58034099999999
20
-61.9551230000000004
11
104.58034099999999
21
-61.1932189999999991
0
LINE
8
BLACK
6
CONTINUOUS
10
104.58034099999999
20
-61.1932189999999991
11
104.675578999999999
21
-61.0027419999999978
0
LINE
8
BLACK
6
CONTINUOUS
10
104.675578999999999
20
-61.0027419999999978
11
104.8660549999999887
21
-60.9075039999999959
0
LINE
8
BLACK
6
CONTINUOUS
10
104.8660549999999887
20
-60.9075039999999959
11
105.2470079999999939
21
-60.9075039999999959
0
LINE
8
BLACK
6
CONTINUOUS
10
105.2470079999999939
20
-60.9075039999999959
11
105.4374839999999978
21
-61.0027419999999978
0
LINE
8
BLACK
6
CONTINUOUS
10
105.4374839999999978
20
-61.0027419999999978
11
105.5327219999999926
21
-61.1932189999999991
0
LINE
8
BLACK
6
CONTINUOUS
10
105.5327219999999926
20
-61.1932189999999991
11
105.5327219999999926
21
-61.3836949999999959
0
LINE
8
BLACK
6
CONTINUOUS
10
105.5327219999999926
20
-61.3836949999999959
11
104.58034099999999
21
-61.5741709999999998
0
LINE
8
BLACK
6
CONTINUOUS
10
107.2470079999999939
20
-62.2408379999999966
11
107.2470079999999939
21
-60.2408379999999966
0
LINE
8
BLACK
6
CONTINUOUS
10
107.2470079999999939
20
-62.1455999999999946
11
107.05653199999999
21
-62.2408379999999966
0
LINE
8
BLACK
6
CONTINUOUS
10
107.05653199999999
20
-62.2408379999999966
11
106.675578999999999
21
-62.2408379999999966
0
LINE
8
BLACK
6
CONTINUOUS
10
106.675578999999999
20
-62.2408379999999966
11
106.4851029999999952
21
-62.1455999999999946
0
LINE
8
BLACK
6
CONTINUOUS
10
106.4851029999999952
20
-62.1455999999999946
11
106.3898650000000004
21
-62.0503609999999952
0
LINE
8
BLACK
6
CONTINUOUS
10
106.3898650000000004
20
-62.0503609999999952
11
106.2946269999999913
21
-61.8598849999999985
0
LINE
8
BLACK
6
CONTINUOUS
10
106.2946269999999913
20
-61.8598849999999985
11
106.2946269999999913
21
-61.288456999999994
0
LINE
8
BLACK
6
CONTINUOUS
10
106.2946269999999913
20
-61.288456999999994
11
106.3898650000000004
21
-61.0979799999999997
0
LINE
8
BLACK
6
CONTINUOUS
10
106.3898650000000004
20
-61.0979799999999997
11
106.4851029999999952
21
-61.0027419999999978
0
LINE
8
BLACK
6
CONTINUOUS
10
106.4851029999999952
20
-61.0027419999999978
11
106.675578999999999
21
-60.9075039999999959
0
LINE
8
BLACK
6
CONTINUOUS
10
106.675578999999999
20
-60.9075039999999959
11
107.05653199999999
21
-60.9075039999999959
0
LINE
8
BLACK
6
CONTINUOUS
10
107.05653199999999
20
-60.9075039999999959
11
107.2470079999999939
21
-61.0027419999999978
0
LINE
8
BLACK
6
CONTINUOUS
10
108.0089129999999926
20
-63.0027419999999978
11
108.1041510000000017
21
-62.9075039999999959
0
LINE
8
BLACK
6
CONTINUOUS
10
108.1041510000000017
20
-62.9075039999999959
11
108.2946269999999913
21
-62.6217899999999972
0
LINE
8
BLACK
6
CONTINUOUS
10
108.2946269999999913
20
-62.6217899999999972
11
108.3898650000000004
21
-62.4313140000000004
0
LINE
8
BLACK
6
CONTINUOUS
10
108.3898650000000004
20
-62.4313140000000004
11
108.4851029999999952
21
-62.1455999999999946
0
LINE
8
BLACK
6
CONTINUOUS
10
108.4851029999999952
20
-62.1455999999999946
11
108.58034099999999
21
-61.6694089999999946
0
LINE
8
BLACK
6
CONTINUOUS
10
108.58034099999999
20
-61.6694089999999946
11
108.58034099999999
21
-61.288456999999994
0
LINE
8
BLACK
6
CONTINUOUS
10
108.58034099999999
20
-61.288456999999994
11
108.4851029999999952
21
-60.8122659999999939
0
LINE
8
BLACK
6
CONTINUOUS
10
108.4851029999999952
20
-60.8122659999999939
11
108.3898650000000004
21
-60.5265519999999952
0
LINE
8
BLACK
6
CONTINUOUS
10
108.3898650000000004
20
-60.5265519999999952
11
108.2946269999999913
21
-60.3360759999999985
0
LINE
8
BLACK
6
CONTINUOUS
10
108.2946269999999913
20
-60.3360759999999985
11
108.1041510000000017
21
-60.0503609999999952
0
LINE
8
BLACK
6
CONTINUOUS
10
108.1041510000000017
20
-60.0503609999999952
11
108.0089129999999926
21
-59.9551230000000004
  0
ENDSEC
  0
EOF
