  0
SECTION
  2
HEADER
  9
$ANGBASE
  50
0.0
  9
$ANGDIR
  70
1
  9
$MEASUREMENT
  70
1
  0
ENDSEC
  0
SECTION
  2
TABLES
  0
TABLE
  2
LTYPE
  70
4
  0
LTYPE
  5
40F
  2
CONTINUOUS
  70
0
  3
Solid line
  72
65
  73
0
  40
0.0
  0
LTYPE
  5
410
  2
DASHDOT
 70
0
  3
Dash Dot ____ _ ____ _
 72
65
 73
4
 40
2.0
 49
1.25
 49
-0.25
 49
0.25
 49
-0.25
  0
LTYPE
  5
411
  2
DASHED
 70
0
  3
Dashed __ __ __ __ __
 72
65
 73
2
 40
0.75
 49
0.5
 49
-0.25
  0
LTYPE
  5
43B
  2
DOTTED
 70
0
  3
Dotted .  .  .  .
 72
65
 73
2
 40
0.2
 49
0.0
 49
-0.2
  0
ENDTAB
  0
TABLE
  2
STYLE
  70
4
  0
STYLE
  2
KICAD
  70
0
  40
0
  41
1
  42
1
  50
0
  71
0
  3
isocp.shx
  0
STYLE
  2
KICADB
  70
0
  40
0
  41
1
  42
1
  50
0
  71
0
  3
isocp.shx
  0
STYLE
  2
KICADI
  70
0
  40
0
  41
1
  42
1
  50
15
  71
0
  3
isocp.shx
  0
STYLE
  2
KICADBI
  70
0
  40
0
  41
1
  42
1
  50
15
  71
0
  3
isocp.shx
  0
ENDTAB
  0
TABLE
  2
LAYER
  70
1
  0
LAYER
  2
BLACK
  70
0
  62
7
  6
CONTINUOUS
  0
ENDTAB
  0
ENDSEC
  0
SECTION
  2
ENTITIES
0
LINE
8
BLACK
6
CONTINUOUS
10
63.5
20
-35.5
11
113.5
21
-35.5
0
LINE
8
BLACK
6
CONTINUOUS
10
113.5
20
-35.5
11
113.5
21
-161.5
0
LINE
8
BLACK
6
CONTINUOUS
10
113.5
20
-161.5
11
63.5
21
-161.5
0
LINE
8
BLACK
6
CONTINUOUS
10
63.5
20
-161.5
11
63.5
21
-35.5
0
LINE
8
BLACK
6
CONTINUOUS
10
68.2199999999999989
20
-63.3499999999999943
11
68.519999999999996
21
-63.6499999999999986
0
LINE
8
BLACK
6
CONTINUOUS
10
68.519999999999996
20
-63.3499999999999943
11
68.2199999999999989
21
-63.6499999999999986
0
LINE
8
BLACK
6
CONTINUOUS
10
68.2199999999999989
20
-77.8999999999999915
11
68.519999999999996
21
-78.2000000000000028
0
LINE
8
BLACK
6
CONTINUOUS
10
68.519999999999996
20
-77.8999999999999915
11
68.2199999999999989
21
-78.2000000000000028
0
LINE
8
BLACK
6
CONTINUOUS
10
68.230000000000004
20
-83.3599999999999994
11
68.5300000000000011
21
-83.6599999999999966
0
LINE
8
BLACK
6
CONTINUOUS
10
68.5300000000000011
20
-83.3599999999999994
11
68.230000000000004
21
-83.6599999999999966
0
LINE
8
BLACK
6
CONTINUOUS
10
68.2399999999999949
20
-68.3799999999999955
11
68.539999999999992
21
-68.6799999999999926
0
LINE
8
BLACK
6
CONTINUOUS
10
68.539999999999992
20
-68.3799999999999955
11
68.2399999999999949
21
-68.6799999999999926
0
LINE
8
BLACK
6
CONTINUOUS
10
68.2399999999999949
20
-73.3499999999999943
11
68.539999999999992
21
-73.6499999999999915
0
LINE
8
BLACK
6
CONTINUOUS
10
68.539999999999992
20
-73.3499999999999943
11
68.2399999999999949
21
-73.6499999999999915
0
LINE
8
BLACK
6
CONTINUOUS
10
68.3499999999999943
20
-38.3500000000000014
11
68.6499999999999915
21
-38.6499999999999986
0
LINE
8
BLACK
6
CONTINUOUS
10
68.6499999999999915
20
-38.3500000000000014
11
68.3499999999999943
21
-38.6499999999999986
0
LINE
8
BLACK
6
CONTINUOUS
10
68.3499999999999943
20
-43.3500000000000014
11
68.6499999999999915
21
-43.6499999999999986
0
LINE
8
BLACK
6
CONTINUOUS
10
68.6499999999999915
20
-43.3500000000000014
11
68.3499999999999943
21
-43.6499999999999986
0
LINE
8
BLACK
6
CONTINUOUS
10
68.3499999999999943
20
-48.3499999999999943
11
68.6499999999999915
21
-48.6499999999999986
0
LINE
8
BLACK
6
CONTINUOUS
10
68.6499999999999915
20
-48.3499999999999943
11
68.3499999999999943
21
-48.6499999999999986
0
LINE
8
BLACK
6
CONTINUOUS
10
68.3499999999999943
20
-88.3499999999999943
11
68.6499999999999915
21
-88.6499999999999915
0
LINE
8
BLACK
6
CONTINUOUS
10
68.6499999999999915
20
-88.3499999999999943
11
68.3499999999999943
21
-88.6499999999999915
0
LINE
8
BLACK
6
CONTINUOUS
10
68.3499999999999943
20
-93.3499999999999943
11
68.6499999999999915
21
-93.6499999999999915
0
LINE
8
BLACK
6
CONTINUOUS
10
68.6499999999999915
20
-93.3499999999999943
11
68.3499999999999943
21
-93.6499999999999915
0
LINE
8
BLACK
6
CONTINUOUS
10
68.3499999999999943
20
-98.3499999999999943
11
68.6499999999999915
21
-98.6499999999999915
0
LINE
8
BLACK
6
CONTINUOUS
10
68.6499999999999915
20
-98.3499999999999943
11
68.3499999999999943
21
-98.6499999999999915
0
LINE
8
BLACK
6
CONTINUOUS
10
68.3499999999999943
20
-103.3499999999999943
11
68.6499999999999915
21
-103.6499999999999915
0
LINE
8
BLACK
6
CONTINUOUS
10
68.6499999999999915
20
-103.3499999999999943
11
68.3499999999999943
21
-103.6499999999999915
0
LINE
8
BLACK
6
CONTINUOUS
10
68.3499999999999943
20
-108.3499999999999943
11
68.6499999999999915
21
-108.6499999999999915
0
LINE
8
BLACK
6
CONTINUOUS
10
68.6499999999999915
20
-108.3499999999999943
11
68.3499999999999943
21
-108.6499999999999915
0
LINE
8
BLACK
6
CONTINUOUS
10
68.3499999999999943
20
-113.3499999999999943
11
68.6499999999999915
21
-113.6499999999999915
0
LINE
8
BLACK
6
CONTINUOUS
10
68.6499999999999915
20
-113.3499999999999943
11
68.3499999999999943
21
-113.6499999999999915
0
LINE
8
BLACK
6
CONTINUOUS
10
68.3499999999999943
20
-118.3499999999999943
11
68.6499999999999915
21
-118.6499999999999915
0
LINE
8
BLACK
6
CONTINUOUS
10
68.6499999999999915
20
-118.3499999999999943
11
68.3499999999999943
21
-118.6499999999999915
0
LINE
8
BLACK
6
CONTINUOUS
10
68.3499999999999943
20
-123.3499999999999943
11
68.6499999999999915
21
-123.6499999999999915
0
LINE
8
BLACK
6
CONTINUOUS
10
68.6499999999999915
20
-123.3499999999999943
11
68.3499999999999943
21
-123.6499999999999915
0
LINE
8
BLACK
6
CONTINUOUS
10
68.3499999999999943
20
-128.3499999999999943
11
68.6499999999999915
21
-128.6500000000000057
0
LINE
8
BLACK
6
CONTINUOUS
10
68.6499999999999915
20
-128.3499999999999943
11
68.3499999999999943
21
-128.6500000000000057
0
LINE
8
BLACK
6
CONTINUOUS
10
68.3499999999999943
20
-133.3499999999999943
11
68.6499999999999915
21
-133.6500000000000057
0
LINE
8
BLACK
6
CONTINUOUS
10
68.6499999999999915
20
-133.3499999999999943
11
68.3499999999999943
21
-133.6500000000000057
0
LINE
8
BLACK
6
CONTINUOUS
10
68.3499999999999943
20
-138.3499999999999943
11
68.6499999999999915
21
-138.6500000000000057
0
LINE
8
BLACK
6
CONTINUOUS
10
68.6499999999999915
20
-138.3499999999999943
11
68.3499999999999943
21
-138.6500000000000057
0
LINE
8
BLACK
6
CONTINUOUS
10
68.3499999999999943
20
-143.3499999999999943
11
68.6499999999999915
21
-143.6500000000000057
0
LINE
8
BLACK
6
CONTINUOUS
10
68.6499999999999915
20
-143.3499999999999943
11
68.3499999999999943
21
-143.6500000000000057
0
LINE
8
BLACK
6
CONTINUOUS
10
68.3499999999999943
20
-148.3499999999999943
11
68.6499999999999915
21
-148.6500000000000057
0
LINE
8
BLACK
6
CONTINUOUS
10
68.6499999999999915
20
-148.3499999999999943
11
68.3499999999999943
21
-148.6500000000000057
0
LINE
8
BLACK
6
CONTINUOUS
10
71.0999999999999943
20
-44.259999999999998
11
71.3999999999999915
21
-44.5599999999999952
0
LINE
8
BLACK
6
CONTINUOUS
10
71.3999999999999915
20
-44.259999999999998
11
71.0999999999999943
21
-44.5599999999999952
0
LINE
8
BLACK
6
CONTINUOUS
10
71.5999999999999943
20
-40.0899999999999963
11
71.8999999999999915
21
-40.3900000000000006
0
LINE
8
BLACK
6
CONTINUOUS
10
71.8999999999999915
20
-40.0899999999999963
11
71.5999999999999943
21
-40.3900000000000006
0
LINE
8
BLACK
6
CONTINUOUS
10
72.0999999999999943
20
-39.1499999999999986
11
72.3999999999999915
21
-39.4499999999999957
0
LINE
8
BLACK
6
CONTINUOUS
10
72.3999999999999915
20
-39.1499999999999986
11
72.0999999999999943
21
-39.4499999999999957
0
LINE
8
BLACK
6
CONTINUOUS
10
72.5999999999999943
20
-40.0899999999999963
11
72.8999999999999915
21
-40.3900000000000006
0
LINE
8
BLACK
6
CONTINUOUS
10
72.8999999999999915
20
-40.0899999999999963
11
72.5999999999999943
21
-40.3900000000000006
0
LINE
8
BLACK
6
CONTINUOUS
10
73.0999999999999943
20
-39.1499999999999986
11
73.3999999999999915
21
-39.4499999999999957
0
LINE
8
BLACK
6
CONTINUOUS
10
73.3999999999999915
20
-39.1499999999999986
11
73.0999999999999943
21
-39.4499999999999957
0
LINE
8
BLACK
6
CONTINUOUS
10
73.3499999999999943
20
-73.3499999999999943
11
73.6499999999999915
21
-73.6499999999999915
0
LINE
8
BLACK
6
CONTINUOUS
10
73.6499999999999915
20
-73.3499999999999943
11
73.3499999999999943
21
-73.6499999999999915
0
LINE
8
BLACK
6
CONTINUOUS
10
73.3499999999999943
20
-78.3499999999999943
11
73.6499999999999915
21
-78.6499999999999915
0
LINE
8
BLACK
6
CONTINUOUS
10
73.6499999999999915
20
-78.3499999999999943
11
73.3499999999999943
21
-78.6499999999999915
0
LINE
8
BLACK
6
CONTINUOUS
10
73.3499999999999943
20
-88.3499999999999943
11
73.6499999999999915
21
-88.6499999999999915
0
LINE
8
BLACK
6
CONTINUOUS
10
73.6499999999999915
20
-88.3499999999999943
11
73.3499999999999943
21
-88.6499999999999915
0
LINE
8
BLACK
6
CONTINUOUS
10
73.3499999999999943
20
-93.3499999999999943
11
73.6499999999999915
21
-93.6499999999999915
0
LINE
8
BLACK
6
CONTINUOUS
10
73.6499999999999915
20
-93.3499999999999943
11
73.3499999999999943
21
-93.6499999999999915
0
LINE
8
BLACK
6
CONTINUOUS
10
73.3499999999999943
20
-98.3499999999999943
11
73.6499999999999915
21
-98.6499999999999915
0
LINE
8
BLACK
6
CONTINUOUS
10
73.6499999999999915
20
-98.3499999999999943
11
73.3499999999999943
21
-98.6499999999999915
0
LINE
8
BLACK
6
CONTINUOUS
10
73.3499999999999943
20
-103.3499999999999943
11
73.6499999999999915
21
-103.6499999999999915
0
LINE
8
BLACK
6
CONTINUOUS
10
73.6499999999999915
20
-103.3499999999999943
11
73.3499999999999943
21
-103.6499999999999915
0
LINE
8
BLACK
6
CONTINUOUS
10
73.3499999999999943
20
-108.3499999999999943
11
73.6499999999999915
21
-108.6499999999999915
0
LINE
8
BLACK
6
CONTINUOUS
10
73.6499999999999915
20
-108.3499999999999943
11
73.3499999999999943
21
-108.6499999999999915
0
LINE
8
BLACK
6
CONTINUOUS
10
73.3499999999999943
20
-113.3499999999999943
11
73.6499999999999915
21
-113.6499999999999915
0
LINE
8
BLACK
6
CONTINUOUS
10
73.6499999999999915
20
-113.3499999999999943
11
73.3499999999999943
21
-113.6499999999999915
0
LINE
8
BLACK
6
CONTINUOUS
10
73.3499999999999943
20
-118.3499999999999943
11
73.6499999999999915
21
-118.6499999999999915
0
LINE
8
BLACK
6
CONTINUOUS
10
73.6499999999999915
20
-118.3499999999999943
11
73.3499999999999943
21
-118.6499999999999915
0
LINE
8
BLACK
6
CONTINUOUS
10
73.3499999999999943
20
-123.3499999999999943
11
73.6499999999999915
21
-123.6499999999999915
0
LINE
8
BLACK
6
CONTINUOUS
10
73.6499999999999915
20
-123.3499999999999943
11
73.3499999999999943
21
-123.6499999999999915
0
LINE
8
BLACK
6
CONTINUOUS
10
73.3499999999999943
20
-128.3499999999999943
11
73.6499999999999915
21
-128.6500000000000057
0
LINE
8
BLACK
6
CONTINUOUS
10
73.6499999999999915
20
-128.3499999999999943
11
73.3499999999999943
21
-128.6500000000000057
0
LINE
8
BLACK
6
CONTINUOUS
10
73.3499999999999943
20
-133.3499999999999943
11
73.6499999999999915
21
-133.6500000000000057
0
LINE
8
BLACK
6
CONTINUOUS
10
73.6499999999999915
20
-133.3499999999999943
11
73.3499999999999943
21
-133.6500000000000057
0
LINE
8
BLACK
6
CONTINUOUS
10
73.3499999999999943
20
-138.3499999999999943
11
73.6499999999999915
21
-138.6500000000000057
0
LINE
8
BLACK
6
CONTINUOUS
10
73.6499999999999915
20
-138.3499999999999943
11
73.3499999999999943
21
-138.6500000000000057
0
LINE
8
BLACK
6
CONTINUOUS
10
73.3499999999999943
20
-153.3499999999999943
11
73.6499999999999915
21
-153.6500000000000057
0
LINE
8
BLACK
6
CONTINUOUS
10
73.6499999999999915
20
-153.3499999999999943
11
73.3499999999999943
21
-153.6500000000000057
0
LINE
8
BLACK
6
CONTINUOUS
10
73.3499999999999943
20
-158.3499999999999943
11
73.6499999999999915
21
-158.6500000000000057
0
LINE
8
BLACK
6
CONTINUOUS
10
73.6499999999999915
20
-158.3499999999999943
11
73.3499999999999943
21
-158.6500000000000057
0
LINE
8
BLACK
6
CONTINUOUS
10
73.6299999999999955
20
-40.0799999999999983
11
73.9299999999999926
21
-40.3799999999999955
0
LINE
8
BLACK
6
CONTINUOUS
10
73.9299999999999926
20
-40.0799999999999983
11
73.6299999999999955
21
-40.3799999999999955
0
LINE
8
BLACK
6
CONTINUOUS
10
74.0999999999999943
20
-39.1499999999999986
11
74.3999999999999915
21
-39.4499999999999957
0
LINE
8
BLACK
6
CONTINUOUS
10
74.3999999999999915
20
-39.1499999999999986
11
74.0999999999999943
21
-39.4499999999999957
0
LINE
8
BLACK
6
CONTINUOUS
10
74.5999999999999943
20
-40.0799999999999983
11
74.8999999999999915
21
-40.3799999999999955
0
LINE
8
BLACK
6
CONTINUOUS
10
74.8999999999999915
20
-40.0799999999999983
11
74.5999999999999943
21
-40.3799999999999955
0
LINE
8
BLACK
6
CONTINUOUS
10
75.0999999999999943
20
-39.1499999999999986
11
75.3999999999999915
21
-39.4499999999999957
0
LINE
8
BLACK
6
CONTINUOUS
10
75.3999999999999915
20
-39.1499999999999986
11
75.0999999999999943
21
-39.4499999999999957
0
LINE
8
BLACK
6
CONTINUOUS
10
75.5499999999999972
20
-73.8499999999999943
11
75.8499999999999943
21
-74.1499999999999915
0
LINE
8
BLACK
6
CONTINUOUS
10
75.8499999999999943
20
-73.8499999999999943
11
75.5499999999999972
21
-74.1499999999999915
0
LINE
8
BLACK
6
CONTINUOUS
10
75.5499999999999972
20
-126.3499999999999943
11
75.8499999999999943
21
-126.6499999999999915
0
LINE
8
BLACK
6
CONTINUOUS
10
75.8499999999999943
20
-126.3499999999999943
11
75.5499999999999972
21
-126.6499999999999915
0
LINE
8
BLACK
6
CONTINUOUS
10
75.5499999999999972
20
-129.8499999999999943
11
75.8499999999999943
21
-130.1500000000000057
0
LINE
8
BLACK
6
CONTINUOUS
10
75.8499999999999943
20
-129.8499999999999943
11
75.5499999999999972
21
-130.1500000000000057
0
LINE
8
BLACK
6
CONTINUOUS
10
75.5499999999999972
20
-137.3499999999999943
11
75.8499999999999943
21
-137.6500000000000057
0
LINE
8
BLACK
6
CONTINUOUS
10
75.8499999999999943
20
-137.3499999999999943
11
75.5499999999999972
21
-137.6500000000000057
0
LINE
8
BLACK
6
CONTINUOUS
10
75.5999999999999943
20
-40.0799999999999983
11
75.8999999999999915
21
-40.3799999999999955
0
LINE
8
BLACK
6
CONTINUOUS
10
75.8999999999999915
20
-40.0799999999999983
11
75.5999999999999943
21
-40.3799999999999955
0
LINE
8
BLACK
6
CONTINUOUS
10
76.0999999999999943
20
-39.1499999999999986
11
76.3999999999999915
21
-39.4499999999999957
0
LINE
8
BLACK
6
CONTINUOUS
10
76.3999999999999915
20
-39.1499999999999986
11
76.0999999999999943
21
-39.4499999999999957
0
LINE
8
BLACK
6
CONTINUOUS
10
76.3499999999999943
20
-74.6499999999999915
11
76.6499999999999915
21
-74.9500000000000028
0
LINE
8
BLACK
6
CONTINUOUS
10
76.6499999999999915
20
-74.6499999999999915
11
76.3499999999999943
21
-74.9500000000000028
0
LINE
8
BLACK
6
CONTINUOUS
10
76.3499999999999943
20
-138.1500000000000057
11
76.6499999999999915
21
-138.4499999999999886
0
LINE
8
BLACK
6
CONTINUOUS
10
76.6499999999999915
20
-138.1500000000000057
11
76.3499999999999943
21
-138.4499999999999886
0
LINE
8
BLACK
6
CONTINUOUS
10
76.5999999999999943
20
-40.0799999999999983
11
76.8999999999999915
21
-40.3799999999999955
0
LINE
8
BLACK
6
CONTINUOUS
10
76.8999999999999915
20
-40.0799999999999983
11
76.5999999999999943
21
-40.3799999999999955
0
LINE
8
BLACK
6
CONTINUOUS
10
77.0999999999999943
20
-39.1499999999999986
11
77.3999999999999915
21
-39.4499999999999957
0
LINE
8
BLACK
6
CONTINUOUS
10
77.3999999999999915
20
-39.1499999999999986
11
77.0999999999999943
21
-39.4499999999999957
0
LINE
8
BLACK
6
CONTINUOUS
10
77.1499999999999915
20
-73.8499999999999943
11
77.4500000000000028
21
-74.1499999999999915
0
LINE
8
BLACK
6
CONTINUOUS
10
77.4500000000000028
20
-73.8499999999999943
11
77.1499999999999915
21
-74.1499999999999915
0
LINE
8
BLACK
6
CONTINUOUS
10
77.1499999999999915
20
-126.3499999999999943
11
77.4500000000000028
21
-126.6499999999999915
0
LINE
8
BLACK
6
CONTINUOUS
10
77.4500000000000028
20
-126.3499999999999943
11
77.1499999999999915
21
-126.6499999999999915
0
LINE
8
BLACK
6
CONTINUOUS
10
77.1499999999999915
20
-129.8799999999999955
11
77.4500000000000028
21
-130.1800000000000068
0
LINE
8
BLACK
6
CONTINUOUS
10
77.4500000000000028
20
-129.8799999999999955
11
77.1499999999999915
21
-130.1800000000000068
0
LINE
8
BLACK
6
CONTINUOUS
10
77.1499999999999915
20
-137.3499999999999943
11
77.4500000000000028
21
-137.6500000000000057
0
LINE
8
BLACK
6
CONTINUOUS
10
77.4500000000000028
20
-137.3499999999999943
11
77.1499999999999915
21
-137.6500000000000057
0
LINE
8
BLACK
6
CONTINUOUS
10
77.5999999999999943
20
-40.0799999999999983
11
77.8999999999999915
21
-40.3799999999999955
0
LINE
8
BLACK
6
CONTINUOUS
10
77.8999999999999915
20
-40.0799999999999983
11
77.5999999999999943
21
-40.3799999999999955
0
LINE
8
BLACK
6
CONTINUOUS
10
77.9500000000000028
20
-74.6499999999999915
11
78.25
21
-74.9500000000000028
0
LINE
8
BLACK
6
CONTINUOUS
10
78.25
20
-74.6499999999999915
11
77.9500000000000028
21
-74.9500000000000028
0
LINE
8
BLACK
6
CONTINUOUS
10
77.9500000000000028
20
-138.1500000000000057
11
78.25
21
-138.4499999999999886
0
LINE
8
BLACK
6
CONTINUOUS
10
78.25
20
-138.1500000000000057
11
77.9500000000000028
21
-138.4499999999999886
0
LINE
8
BLACK
6
CONTINUOUS
10
78.0999999999999943
20
-39.1499999999999986
11
78.3999999999999915
21
-39.4499999999999957
0
LINE
8
BLACK
6
CONTINUOUS
10
78.3999999999999915
20
-39.1499999999999986
11
78.0999999999999943
21
-39.4499999999999957
0
LINE
8
BLACK
6
CONTINUOUS
10
78.3499999999999943
20
-143.3499999999999943
11
78.6499999999999915
21
-143.6500000000000057
0
LINE
8
BLACK
6
CONTINUOUS
10
78.6499999999999915
20
-143.3499999999999943
11
78.3499999999999943
21
-143.6500000000000057
0
LINE
8
BLACK
6
CONTINUOUS
10
78.3499999999999943
20
-148.3499999999999943
11
78.6499999999999915
21
-148.6500000000000057
0
LINE
8
BLACK
6
CONTINUOUS
10
78.6499999999999915
20
-148.3499999999999943
11
78.3499999999999943
21
-148.6500000000000057
0
LINE
8
BLACK
6
CONTINUOUS
10
78.3499999999999943
20
-158.3499999999999943
11
78.6499999999999915
21
-158.6500000000000057
0
LINE
8
BLACK
6
CONTINUOUS
10
78.6499999999999915
20
-158.3499999999999943
11
78.3499999999999943
21
-158.6500000000000057
0
LINE
8
BLACK
6
CONTINUOUS
10
78.5999999999999943
20
-40.0799999999999983
11
78.8999999999999915
21
-40.3799999999999955
0
LINE
8
BLACK
6
CONTINUOUS
10
78.8999999999999915
20
-40.0799999999999983
11
78.5999999999999943
21
-40.3799999999999955
0
LINE
8
BLACK
6
CONTINUOUS
10
78.75
20
-73.8499999999999943
11
79.0499999999999972
21
-74.1499999999999915
0
LINE
8
BLACK
6
CONTINUOUS
10
79.0499999999999972
20
-73.8499999999999943
11
78.75
21
-74.1499999999999915
0
LINE
8
BLACK
6
CONTINUOUS
10
78.75
20
-126.3499999999999943
11
79.0499999999999972
21
-126.6499999999999915
0
LINE
8
BLACK
6
CONTINUOUS
10
79.0499999999999972
20
-126.3499999999999943
11
78.75
21
-126.6499999999999915
0
LINE
8
BLACK
6
CONTINUOUS
10
78.75
20
-129.8899999999999864
11
79.0499999999999972
21
-130.1899999999999977
0
LINE
8
BLACK
6
CONTINUOUS
10
79.0499999999999972
20
-129.8899999999999864
11
78.75
21
-130.1899999999999977
0
LINE
8
BLACK
6
CONTINUOUS
10
78.75
20
-137.3499999999999943
11
79.0499999999999972
21
-137.6500000000000057
0
LINE
8
BLACK
6
CONTINUOUS
10
79.0499999999999972
20
-137.3499999999999943
11
78.75
21
-137.6500000000000057
0
LINE
8
BLACK
6
CONTINUOUS
10
79.0999999999999943
20
-39.1499999999999986
11
79.3999999999999915
21
-39.4499999999999957
0
LINE
8
BLACK
6
CONTINUOUS
10
79.3999999999999915
20
-39.1499999999999986
11
79.0999999999999943
21
-39.4499999999999957
0
LINE
8
BLACK
6
CONTINUOUS
10
79.5499999999999972
20
-74.6499999999999915
11
79.8499999999999943
21
-74.9500000000000028
0
LINE
8
BLACK
6
CONTINUOUS
10
79.8499999999999943
20
-74.6499999999999915
11
79.5499999999999972
21
-74.9500000000000028
0
LINE
8
BLACK
6
CONTINUOUS
10
79.5499999999999972
20
-138.1500000000000057
11
79.8499999999999943
21
-138.4499999999999886
0
LINE
8
BLACK
6
CONTINUOUS
10
79.8499999999999943
20
-138.1500000000000057
11
79.5499999999999972
21
-138.4499999999999886
0
LINE
8
BLACK
6
CONTINUOUS
10
79.5900000000000034
20
-38.4399999999999977
11
79.8900000000000006
21
-38.7399999999999949
0
LINE
8
BLACK
6
CONTINUOUS
10
79.8900000000000006
20
-38.4399999999999977
11
79.5900000000000034
21
-38.7399999999999949
0
LINE
8
BLACK
6
CONTINUOUS
10
79.5900000000000034
20
-44.259999999999998
11
79.8900000000000006
21
-44.5599999999999952
0
LINE
8
BLACK
6
CONTINUOUS
10
79.8900000000000006
20
-44.259999999999998
11
79.5900000000000034
21
-44.5599999999999952
0
LINE
8
BLACK
6
CONTINUOUS
10
79.5999999999999943
20
-46.8900000000000006
11
79.8999999999999915
21
-47.1899999999999977
0
LINE
8
BLACK
6
CONTINUOUS
10
79.8999999999999915
20
-46.8900000000000006
11
79.5999999999999943
21
-47.1899999999999977
0
LINE
8
BLACK
6
CONTINUOUS
10
80.0999999999999943
20
-39.1499999999999986
11
80.3999999999999915
21
-39.4499999999999957
0
LINE
8
BLACK
6
CONTINUOUS
10
80.3999999999999915
20
-39.1499999999999986
11
80.0999999999999943
21
-39.4499999999999957
0
LINE
8
BLACK
6
CONTINUOUS
10
80.3499999999999943
20
-73.8499999999999943
11
80.6499999999999915
21
-74.1499999999999915
0
LINE
8
BLACK
6
CONTINUOUS
10
80.6499999999999915
20
-73.8499999999999943
11
80.3499999999999943
21
-74.1499999999999915
0
LINE
8
BLACK
6
CONTINUOUS
10
80.3499999999999943
20
-126.3499999999999943
11
80.6499999999999915
21
-126.6499999999999915
0
LINE
8
BLACK
6
CONTINUOUS
10
80.6499999999999915
20
-126.3499999999999943
11
80.3499999999999943
21
-126.6499999999999915
0
LINE
8
BLACK
6
CONTINUOUS
10
80.3499999999999943
20
-129.9099999999999966
11
80.6499999999999915
21
-130.210000000000008
0
LINE
8
BLACK
6
CONTINUOUS
10
80.6499999999999915
20
-129.9099999999999966
11
80.3499999999999943
21
-130.210000000000008
0
LINE
8
BLACK
6
CONTINUOUS
10
80.3499999999999943
20
-137.3499999999999943
11
80.6499999999999915
21
-137.6500000000000057
0
LINE
8
BLACK
6
CONTINUOUS
10
80.6499999999999915
20
-137.3499999999999943
11
80.3499999999999943
21
-137.6500000000000057
0
LINE
8
BLACK
6
CONTINUOUS
10
80.5999999999999943
20
-40.0700000000000003
11
80.8999999999999915
21
-40.3699999999999974
0
LINE
8
BLACK
6
CONTINUOUS
10
80.8999999999999915
20
-40.0700000000000003
11
80.5999999999999943
21
-40.3699999999999974
0
LINE
8
BLACK
6
CONTINUOUS
10
81.0999999999999943
20
-39.1499999999999986
11
81.3999999999999915
21
-39.4499999999999957
0
LINE
8
BLACK
6
CONTINUOUS
10
81.3999999999999915
20
-39.1499999999999986
11
81.0999999999999943
21
-39.4499999999999957
0
LINE
8
BLACK
6
CONTINUOUS
10
81.1499999999999915
20
-74.6499999999999915
11
81.4500000000000028
21
-74.9500000000000028
0
LINE
8
BLACK
6
CONTINUOUS
10
81.4500000000000028
20
-74.6499999999999915
11
81.1499999999999915
21
-74.9500000000000028
0
LINE
8
BLACK
6
CONTINUOUS
10
81.1499999999999915
20
-138.1500000000000057
11
81.4500000000000028
21
-138.4499999999999886
0
LINE
8
BLACK
6
CONTINUOUS
10
81.4500000000000028
20
-138.1500000000000057
11
81.1499999999999915
21
-138.4499999999999886
0
LINE
8
BLACK
6
CONTINUOUS
10
81.5999999999999943
20
-40.0599999999999952
11
81.8999999999999915
21
-40.3599999999999994
0
LINE
8
BLACK
6
CONTINUOUS
10
81.8999999999999915
20
-40.0599999999999952
11
81.5999999999999943
21
-40.3599999999999994
0
LINE
8
BLACK
6
CONTINUOUS
10
81.9500000000000028
20
-73.8499999999999943
11
82.25
21
-74.1499999999999915
0
LINE
8
BLACK
6
CONTINUOUS
10
82.25
20
-73.8499999999999943
11
81.9500000000000028
21
-74.1499999999999915
0
LINE
8
BLACK
6
CONTINUOUS
10
81.9500000000000028
20
-126.3499999999999943
11
82.25
21
-126.6499999999999915
0
LINE
8
BLACK
6
CONTINUOUS
10
82.25
20
-126.3499999999999943
11
81.9500000000000028
21
-126.6499999999999915
0
LINE
8
BLACK
6
CONTINUOUS
10
81.9500000000000028
20
-129.9199999999999875
11
82.25
21
-130.2199999999999989
0
LINE
8
BLACK
6
CONTINUOUS
10
82.25
20
-129.9199999999999875
11
81.9500000000000028
21
-130.2199999999999989
0
LINE
8
BLACK
6
CONTINUOUS
10
81.9500000000000028
20
-137.3499999999999943
11
82.25
21
-137.6500000000000057
0
LINE
8
BLACK
6
CONTINUOUS
10
82.25
20
-137.3499999999999943
11
81.9500000000000028
21
-137.6500000000000057
0
LINE
8
BLACK
6
CONTINUOUS
10
82.0999999999999943
20
-39.1499999999999986
11
82.3999999999999915
21
-39.4499999999999957
0
LINE
8
BLACK
6
CONTINUOUS
10
82.3999999999999915
20
-39.1499999999999986
11
82.0999999999999943
21
-39.4499999999999957
0
LINE
8
BLACK
6
CONTINUOUS
10
82.5999999999999943
20
-40.0599999999999952
11
82.8999999999999915
21
-40.3599999999999994
0
LINE
8
BLACK
6
CONTINUOUS
10
82.8999999999999915
20
-40.0599999999999952
11
82.5999999999999943
21
-40.3599999999999994
0
LINE
8
BLACK
6
CONTINUOUS
10
82.75
20
-74.6499999999999915
11
83.0499999999999972
21
-74.9500000000000028
0
LINE
8
BLACK
6
CONTINUOUS
10
83.0499999999999972
20
-74.6499999999999915
11
82.75
21
-74.9500000000000028
0
LINE
8
BLACK
6
CONTINUOUS
10
82.75
20
-138.1500000000000057
11
83.0499999999999972
21
-138.4499999999999886
0
LINE
8
BLACK
6
CONTINUOUS
10
83.0499999999999972
20
-138.1500000000000057
11
82.75
21
-138.4499999999999886
0
LINE
8
BLACK
6
CONTINUOUS
10
83.0999999999999943
20
-39.1499999999999986
11
83.3999999999999915
21
-39.4499999999999957
0
LINE
8
BLACK
6
CONTINUOUS
10
83.3999999999999915
20
-39.1499999999999986
11
83.0999999999999943
21
-39.4499999999999957
0
LINE
8
BLACK
6
CONTINUOUS
10
83.3499999999999943
20
-148.3499999999999943
11
83.6499999999999915
21
-148.6500000000000057
0
LINE
8
BLACK
6
CONTINUOUS
10
83.6499999999999915
20
-148.3499999999999943
11
83.3499999999999943
21
-148.6500000000000057
0
LINE
8
BLACK
6
CONTINUOUS
10
83.3499999999999943
20
-153.3499999999999943
11
83.6499999999999915
21
-153.6500000000000057
0
LINE
8
BLACK
6
CONTINUOUS
10
83.6499999999999915
20
-153.3499999999999943
11
83.3499999999999943
21
-153.6500000000000057
0
LINE
8
BLACK
6
CONTINUOUS
10
83.3499999999999943
20
-158.3499999999999943
11
83.6499999999999915
21
-158.6500000000000057
0
LINE
8
BLACK
6
CONTINUOUS
10
83.6499999999999915
20
-158.3499999999999943
11
83.3499999999999943
21
-158.6500000000000057
0
LINE
8
BLACK
6
CONTINUOUS
10
83.5499999999999972
20
-73.8499999999999943
11
83.8499999999999943
21
-74.1499999999999915
0
LINE
8
BLACK
6
CONTINUOUS
10
83.8499999999999943
20
-73.8499999999999943
11
83.5499999999999972
21
-74.1499999999999915
0
LINE
8
BLACK
6
CONTINUOUS
10
83.5499999999999972
20
-126.3499999999999943
11
83.8499999999999943
21
-126.6499999999999915
0
LINE
8
BLACK
6
CONTINUOUS
10
83.8499999999999943
20
-126.3499999999999943
11
83.5499999999999972
21
-126.6499999999999915
0
LINE
8
BLACK
6
CONTINUOUS
10
83.5499999999999972
20
-129.9300000000000068
11
83.8499999999999943
21
-130.2299999999999898
0
LINE
8
BLACK
6
CONTINUOUS
10
83.8499999999999943
20
-129.9300000000000068
11
83.5499999999999972
21
-130.2299999999999898
0
LINE
8
BLACK
6
CONTINUOUS
10
83.5499999999999972
20
-137.3499999999999943
11
83.8499999999999943
21
-137.6500000000000057
0
LINE
8
BLACK
6
CONTINUOUS
10
83.8499999999999943
20
-137.3499999999999943
11
83.5499999999999972
21
-137.6500000000000057
0
LINE
8
BLACK
6
CONTINUOUS
10
83.5999999999999943
20
-40.0499999999999972
11
83.8999999999999915
21
-40.3500000000000014
0
LINE
8
BLACK
6
CONTINUOUS
10
83.8999999999999915
20
-40.0499999999999972
11
83.5999999999999943
21
-40.3500000000000014
0
LINE
8
BLACK
6
CONTINUOUS
10
84.0999999999999943
20
-39.1499999999999986
11
84.3999999999999915
21
-39.4499999999999957
0
LINE
8
BLACK
6
CONTINUOUS
10
84.3999999999999915
20
-39.1499999999999986
11
84.0999999999999943
21
-39.4499999999999957
0
LINE
8
BLACK
6
CONTINUOUS
10
84.3499999999999943
20
-74.6500010000000032
11
84.6499999999999915
21
-74.9500010000000003
0
LINE
8
BLACK
6
CONTINUOUS
10
84.6499999999999915
20
-74.6500010000000032
11
84.3499999999999943
21
-74.9500010000000003
0
LINE
8
BLACK
6
CONTINUOUS
10
84.3499999999999943
20
-138.1500010000000032
11
84.6499999999999915
21
-138.4500009999999861
0
LINE
8
BLACK
6
CONTINUOUS
10
84.6499999999999915
20
-138.1500010000000032
11
84.3499999999999943
21
-138.4500009999999861
0
LINE
8
BLACK
6
CONTINUOUS
10
84.5999999999999943
20
-40.0399999999999991
11
84.8999999999999915
21
-40.3399999999999963
0
LINE
8
BLACK
6
CONTINUOUS
10
84.8999999999999915
20
-40.0399999999999991
11
84.5999999999999943
21
-40.3399999999999963
0
LINE
8
BLACK
6
CONTINUOUS
10
85.0999999999999943
20
-39.1499999999999986
11
85.3999999999999915
21
-39.4499999999999957
0
LINE
8
BLACK
6
CONTINUOUS
10
85.3999999999999915
20
-39.1499999999999986
11
85.0999999999999943
21
-39.4499999999999957
0
LINE
8
BLACK
6
CONTINUOUS
10
85.1499999999999915
20
-73.8499999999999943
11
85.4500000000000028
21
-74.1499999999999915
0
LINE
8
BLACK
6
CONTINUOUS
10
85.4500000000000028
20
-73.8499999999999943
11
85.1499999999999915
21
-74.1499999999999915
0
LINE
8
BLACK
6
CONTINUOUS
10
85.1499999999999915
20
-126.3499999999999943
11
85.4500000000000028
21
-126.6499999999999915
0
LINE
8
BLACK
6
CONTINUOUS
10
85.4500000000000028
20
-126.3499999999999943
11
85.1499999999999915
21
-126.6499999999999915
0
LINE
8
BLACK
6
CONTINUOUS
10
85.1499999999999915
20
-129.9300000000000068
11
85.4500000000000028
21
-130.2299999999999898
0
LINE
8
BLACK
6
CONTINUOUS
10
85.4500000000000028
20
-129.9300000000000068
11
85.1499999999999915
21
-130.2299999999999898
0
LINE
8
BLACK
6
CONTINUOUS
10
85.1499999999999915
20
-137.3499999999999943
11
85.4500000000000028
21
-137.6500000000000057
0
LINE
8
BLACK
6
CONTINUOUS
10
85.4500000000000028
20
-137.3499999999999943
11
85.1499999999999915
21
-137.6500000000000057
0
LINE
8
BLACK
6
CONTINUOUS
10
85.5999999999999943
20
-40.0300000000000011
11
85.8999999999999915
21
-40.3299999999999983
0
LINE
8
BLACK
6
CONTINUOUS
10
85.8999999999999915
20
-40.0300000000000011
11
85.5999999999999943
21
-40.3299999999999983
0
LINE
8
BLACK
6
CONTINUOUS
10
85.9500000000000028
20
-74.6500010000000032
11
86.25
21
-74.9500010000000003
0
LINE
8
BLACK
6
CONTINUOUS
10
86.25
20
-74.6500010000000032
11
85.9500000000000028
21
-74.9500010000000003
0
LINE
8
BLACK
6
CONTINUOUS
10
85.9500000000000028
20
-138.1500010000000032
11
86.25
21
-138.4500009999999861
0
LINE
8
BLACK
6
CONTINUOUS
10
86.25
20
-138.1500010000000032
11
85.9500000000000028
21
-138.4500009999999861
0
LINE
8
BLACK
6
CONTINUOUS
10
86.0999999999999943
20
-39.1499999999999986
11
86.3999999999999915
21
-39.4499999999999957
0
LINE
8
BLACK
6
CONTINUOUS
10
86.3999999999999915
20
-39.1499999999999986
11
86.0999999999999943
21
-39.4499999999999957
0
LINE
8
BLACK
6
CONTINUOUS
10
86.5999999999999943
20
-40.019999999999996
11
86.8999999999999915
21
-40.3200000000000003
0
LINE
8
BLACK
6
CONTINUOUS
10
86.8999999999999915
20
-40.019999999999996
11
86.5999999999999943
21
-40.3200000000000003
0
LINE
8
BLACK
6
CONTINUOUS
10
86.75
20
-73.8499999999999943
11
87.0499999999999972
21
-74.1499999999999915
0
LINE
8
BLACK
6
CONTINUOUS
10
87.0499999999999972
20
-73.8499999999999943
11
86.75
21
-74.1499999999999915
0
LINE
8
BLACK
6
CONTINUOUS
10
86.75
20
-126.3499999999999943
11
87.0499999999999972
21
-126.6499999999999915
0
LINE
8
BLACK
6
CONTINUOUS
10
87.0499999999999972
20
-126.3499999999999943
11
86.75
21
-126.6499999999999915
0
LINE
8
BLACK
6
CONTINUOUS
10
86.75
20
-129.9300000000000068
11
87.0499999999999972
21
-130.2299999999999898
0
LINE
8
BLACK
6
CONTINUOUS
10
87.0499999999999972
20
-129.9300000000000068
11
86.75
21
-130.2299999999999898
0
LINE
8
BLACK
6
CONTINUOUS
10
86.75
20
-137.3499999999999943
11
87.0499999999999972
21
-137.6500000000000057
0
LINE
8
BLACK
6
CONTINUOUS
10
87.0499999999999972
20
-137.3499999999999943
11
86.75
21
-137.6500000000000057
0
LINE
8
BLACK
6
CONTINUOUS
10
87.0999999999999943
20
-39.1499999999999986
11
87.3999999999999915
21
-39.4499999999999957
0
LINE
8
BLACK
6
CONTINUOUS
10
87.3999999999999915
20
-39.1499999999999986
11
87.0999999999999943
21
-39.4499999999999957
0
LINE
8
BLACK
6
CONTINUOUS
10
87.5499999999999972
20
-74.6499999999999915
11
87.8499999999999943
21
-74.9500000000000028
0
LINE
8
BLACK
6
CONTINUOUS
10
87.8499999999999943
20
-74.6499999999999915
11
87.5499999999999972
21
-74.9500000000000028
0
LINE
8
BLACK
6
CONTINUOUS
10
87.5499999999999972
20
-138.1500000000000057
11
87.8499999999999943
21
-138.4499999999999886
0
LINE
8
BLACK
6
CONTINUOUS
10
87.8499999999999943
20
-138.1500000000000057
11
87.5499999999999972
21
-138.4499999999999886
0
LINE
8
BLACK
6
CONTINUOUS
10
87.5999999999999943
20
-40.009999999999998
11
87.8999999999999915
21
-40.3099999999999952
0
LINE
8
BLACK
6
CONTINUOUS
10
87.8999999999999915
20
-40.009999999999998
11
87.5999999999999943
21
-40.3099999999999952
0
LINE
8
BLACK
6
CONTINUOUS
10
88.3499999999999943
20
-38.4699999999999989
11
88.6499999999999915
21
-38.769999999999996
0
LINE
8
BLACK
6
CONTINUOUS
10
88.6499999999999915
20
-38.4699999999999989
11
88.3499999999999943
21
-38.769999999999996
0
LINE
8
BLACK
6
CONTINUOUS
10
88.3499999999999943
20
-46.769999999999996
11
88.6499999999999915
21
-47.0700000000000003
0
LINE
8
BLACK
6
CONTINUOUS
10
88.6499999999999915
20
-46.769999999999996
11
88.3499999999999943
21
-47.0700000000000003
0
LINE
8
BLACK
6
CONTINUOUS
10
88.3499999999999943
20
-68.3499999999999943
11
88.6499999999999915
21
-68.6499999999999915
0
LINE
8
BLACK
6
CONTINUOUS
10
88.6499999999999915
20
-68.3499999999999943
11
88.3499999999999943
21
-68.6499999999999915
0
LINE
8
BLACK
6
CONTINUOUS
10
88.3499999999999943
20
-73.8499999999999943
11
88.6499999999999915
21
-74.1499999999999915
0
LINE
8
BLACK
6
CONTINUOUS
10
88.6499999999999915
20
-73.8499999999999943
11
88.3499999999999943
21
-74.1499999999999915
0
LINE
8
BLACK
6
CONTINUOUS
10
88.3499999999999943
20
-126.3499999999999943
11
88.6499999999999915
21
-126.6499999999999915
0
LINE
8
BLACK
6
CONTINUOUS
10
88.6499999999999915
20
-126.3499999999999943
11
88.3499999999999943
21
-126.6499999999999915
0
LINE
8
BLACK
6
CONTINUOUS
10
88.3499999999999943
20
-129.9399999999999977
11
88.6499999999999915
21
-130.2399999999999807
0
LINE
8
BLACK
6
CONTINUOUS
10
88.6499999999999915
20
-129.9399999999999977
11
88.3499999999999943
21
-130.2399999999999807
0
LINE
8
BLACK
6
CONTINUOUS
10
88.3499999999999943
20
-137.3499999999999943
11
88.6499999999999915
21
-137.6500000000000057
0
LINE
8
BLACK
6
CONTINUOUS
10
88.6499999999999915
20
-137.3499999999999943
11
88.3499999999999943
21
-137.6500000000000057
0
LINE
8
BLACK
6
CONTINUOUS
10
88.3499999999999943
20
-148.3499999999999943
11
88.6499999999999915
21
-148.6500000000000057
0
LINE
8
BLACK
6
CONTINUOUS
10
88.6499999999999915
20
-148.3499999999999943
11
88.3499999999999943
21
-148.6500000000000057
0
LINE
8
BLACK
6
CONTINUOUS
10
88.3499999999999943
20
-158.3499999999999943
11
88.6499999999999915
21
-158.6500000000000057
0
LINE
8
BLACK
6
CONTINUOUS
10
88.6499999999999915
20
-158.3499999999999943
11
88.3499999999999943
21
-158.6500000000000057
0
LINE
8
BLACK
6
CONTINUOUS
10
88.3599999999999994
20
-62.9099999999999966
11
88.6599999999999966
21
-63.2099999999999937
0
LINE
8
BLACK
6
CONTINUOUS
10
88.6599999999999966
20
-62.9099999999999966
11
88.3599999999999994
21
-63.2099999999999937
0
LINE
8
BLACK
6
CONTINUOUS
10
88.3599999999999994
20
-65.8799999999999955
11
88.6599999999999966
21
-66.1799999999999926
0
LINE
8
BLACK
6
CONTINUOUS
10
88.6599999999999966
20
-65.8799999999999955
11
88.3599999999999994
21
-66.1799999999999926
0
LINE
8
BLACK
6
CONTINUOUS
10
88.3699999999999903
20
-44.3999999999999986
11
88.6700000000000017
21
-44.6999999999999957
0
LINE
8
BLACK
6
CONTINUOUS
10
88.6700000000000017
20
-44.3999999999999986
11
88.3699999999999903
21
-44.6999999999999957
0
LINE
8
BLACK
6
CONTINUOUS
10
89.0999999999999943
20
-39.1499999999999986
11
89.3999999999999915
21
-39.4499999999999957
0
LINE
8
BLACK
6
CONTINUOUS
10
89.3999999999999915
20
-39.1499999999999986
11
89.0999999999999943
21
-39.4499999999999957
0
LINE
8
BLACK
6
CONTINUOUS
10
89.0999999999999943
20
-48.2899999999999991
11
89.3999999999999915
21
-48.5899999999999963
0
LINE
8
BLACK
6
CONTINUOUS
10
89.3999999999999915
20
-48.2899999999999991
11
89.0999999999999943
21
-48.5899999999999963
0
LINE
8
BLACK
6
CONTINUOUS
10
89.1499999999999915
20
-74.6499999999999915
11
89.4500000000000028
21
-74.9500000000000028
0
LINE
8
BLACK
6
CONTINUOUS
10
89.4500000000000028
20
-74.6499999999999915
11
89.1499999999999915
21
-74.9500000000000028
0
LINE
8
BLACK
6
CONTINUOUS
10
89.1499999999999915
20
-138.1500000000000057
11
89.4500000000000028
21
-138.4499999999999886
0
LINE
8
BLACK
6
CONTINUOUS
10
89.4500000000000028
20
-138.1500000000000057
11
89.1499999999999915
21
-138.4499999999999886
0
LINE
8
BLACK
6
CONTINUOUS
10
89.5999999999999943
20
-40.0599999999999952
11
89.8999999999999915
21
-40.3599999999999994
0
LINE
8
BLACK
6
CONTINUOUS
10
89.8999999999999915
20
-40.0599999999999952
11
89.5999999999999943
21
-40.3599999999999994
0
LINE
8
BLACK
6
CONTINUOUS
10
89.5999999999999943
20
-44.1299999999999955
11
89.8999999999999915
21
-44.4299999999999997
0
LINE
8
BLACK
6
CONTINUOUS
10
89.8999999999999915
20
-44.1299999999999955
11
89.5999999999999943
21
-44.4299999999999997
0
LINE
8
BLACK
6
CONTINUOUS
10
89.9500000000000028
20
-73.8499999999999943
11
90.25
21
-74.1499999999999915
0
LINE
8
BLACK
6
CONTINUOUS
10
90.25
20
-73.8499999999999943
11
89.9500000000000028
21
-74.1499999999999915
0
LINE
8
BLACK
6
CONTINUOUS
10
89.9500000000000028
20
-126.3499999999999943
11
90.25
21
-126.6499999999999915
0
LINE
8
BLACK
6
CONTINUOUS
10
90.25
20
-126.3499999999999943
11
89.9500000000000028
21
-126.6499999999999915
0
LINE
8
BLACK
6
CONTINUOUS
10
89.9500000000000028
20
-129.9399999999999977
11
90.25
21
-130.2399999999999807
0
LINE
8
BLACK
6
CONTINUOUS
10
90.25
20
-129.9399999999999977
11
89.9500000000000028
21
-130.2399999999999807
0
LINE
8
BLACK
6
CONTINUOUS
10
89.9500000000000028
20
-137.3499999999999943
11
90.25
21
-137.6500000000000057
0
LINE
8
BLACK
6
CONTINUOUS
10
90.25
20
-137.3499999999999943
11
89.9500000000000028
21
-137.6500000000000057
0
LINE
8
BLACK
6
CONTINUOUS
10
90.0999999999999943
20
-39.1499999999999986
11
90.3999999999999915
21
-39.4499999999999957
0
LINE
8
BLACK
6
CONTINUOUS
10
90.3999999999999915
20
-39.1499999999999986
11
90.0999999999999943
21
-39.4499999999999957
0
LINE
8
BLACK
6
CONTINUOUS
10
90.0999999999999943
20
-47.4499999999999957
11
90.3999999999999915
21
-47.75
0
LINE
8
BLACK
6
CONTINUOUS
10
90.3999999999999915
20
-47.4499999999999957
11
90.0999999999999943
21
-47.75
0
LINE
8
BLACK
6
CONTINUOUS
10
90.5899999999999892
20
-40.0499999999999972
11
90.8900000000000006
21
-40.3500000000000014
0
LINE
8
BLACK
6
CONTINUOUS
10
90.8900000000000006
20
-40.0499999999999972
11
90.5899999999999892
21
-40.3500000000000014
0
LINE
8
BLACK
6
CONTINUOUS
10
90.5999999999999943
20
-48.2800000000000011
11
90.8999999999999915
21
-48.5799999999999983
0
LINE
8
BLACK
6
CONTINUOUS
10
90.8999999999999915
20
-48.2800000000000011
11
90.5999999999999943
21
-48.5799999999999983
0
LINE
8
BLACK
6
CONTINUOUS
10
90.75
20
-74.6499999999999915
11
91.0499999999999972
21
-74.9500000000000028
0
LINE
8
BLACK
6
CONTINUOUS
10
91.0499999999999972
20
-74.6499999999999915
11
90.75
21
-74.9500000000000028
0
LINE
8
BLACK
6
CONTINUOUS
10
90.75
20
-138.1500000000000057
11
91.0499999999999972
21
-138.4499999999999886
0
LINE
8
BLACK
6
CONTINUOUS
10
91.0499999999999972
20
-138.1500000000000057
11
90.75
21
-138.4499999999999886
0
LINE
8
BLACK
6
CONTINUOUS
10
91.0999999999999943
20
-39.1499999999999986
11
91.3999999999999915
21
-39.4499999999999957
0
LINE
8
BLACK
6
CONTINUOUS
10
91.3999999999999915
20
-39.1499999999999986
11
91.0999999999999943
21
-39.4499999999999957
0
LINE
8
BLACK
6
CONTINUOUS
10
91.0999999999999943
20
-43.8699999999999974
11
91.3999999999999915
21
-44.1699999999999946
0
LINE
8
BLACK
6
CONTINUOUS
10
91.3999999999999915
20
-43.8699999999999974
11
91.0999999999999943
21
-44.1699999999999946
0
LINE
8
BLACK
6
CONTINUOUS
10
91.5499999999999972
20
-73.8499999999999943
11
91.8499999999999943
21
-74.1499999999999915
0
LINE
8
BLACK
6
CONTINUOUS
10
91.8499999999999943
20
-73.8499999999999943
11
91.5499999999999972
21
-74.1499999999999915
0
LINE
8
BLACK
6
CONTINUOUS
10
91.5499999999999972
20
-126.3499999999999943
11
91.8499999999999943
21
-126.6499999999999915
0
LINE
8
BLACK
6
CONTINUOUS
10
91.8499999999999943
20
-126.3499999999999943
11
91.5499999999999972
21
-126.6499999999999915
0
LINE
8
BLACK
6
CONTINUOUS
10
91.5499999999999972
20
-129.960000000000008
11
91.8499999999999943
21
-130.2599999999999909
0
LINE
8
BLACK
6
CONTINUOUS
10
91.8499999999999943
20
-129.960000000000008
11
91.5499999999999972
21
-130.2599999999999909
0
LINE
8
BLACK
6
CONTINUOUS
10
91.5499999999999972
20
-137.3499999999999943
11
91.8499999999999943
21
-137.6500000000000057
0
LINE
8
BLACK
6
CONTINUOUS
10
91.8499999999999943
20
-137.3499999999999943
11
91.5499999999999972
21
-137.6500000000000057
0
LINE
8
BLACK
6
CONTINUOUS
10
91.5999999999999943
20
-40.0399999999999991
11
91.8999999999999915
21
-40.3399999999999963
0
LINE
8
BLACK
6
CONTINUOUS
10
91.8999999999999915
20
-40.0399999999999991
11
91.5999999999999943
21
-40.3399999999999963
0
LINE
8
BLACK
6
CONTINUOUS
10
91.5999999999999943
20
-47.4499999999999957
11
91.8999999999999915
21
-47.75
0
LINE
8
BLACK
6
CONTINUOUS
10
91.8999999999999915
20
-47.4499999999999957
11
91.5999999999999943
21
-47.75
0
LINE
8
BLACK
6
CONTINUOUS
10
92.0999999999999943
20
-39.1499999999999986
11
92.3999999999999915
21
-39.4499999999999957
0
LINE
8
BLACK
6
CONTINUOUS
10
92.3999999999999915
20
-39.1499999999999986
11
92.0999999999999943
21
-39.4499999999999957
0
LINE
8
BLACK
6
CONTINUOUS
10
92.3499999999999943
20
-74.6499999999999915
11
92.6499999999999915
21
-74.9500000000000028
0
LINE
8
BLACK
6
CONTINUOUS
10
92.6499999999999915
20
-74.6499999999999915
11
92.3499999999999943
21
-74.9500000000000028
0
LINE
8
BLACK
6
CONTINUOUS
10
92.3499999999999943
20
-138.1500000000000057
11
92.6499999999999915
21
-138.4499999999999886
0
LINE
8
BLACK
6
CONTINUOUS
10
92.6499999999999915
20
-138.1500000000000057
11
92.3499999999999943
21
-138.4499999999999886
0
LINE
8
BLACK
6
CONTINUOUS
10
92.5999999999999943
20
-40.0599999999999952
11
92.8999999999999915
21
-40.3599999999999994
0
LINE
8
BLACK
6
CONTINUOUS
10
92.8999999999999915
20
-40.0599999999999952
11
92.5999999999999943
21
-40.3599999999999994
0
LINE
8
BLACK
6
CONTINUOUS
10
92.5999999999999943
20
-42.509999999999998
11
92.8999999999999915
21
-42.8099999999999952
0
LINE
8
BLACK
6
CONTINUOUS
10
92.8999999999999915
20
-42.509999999999998
11
92.5999999999999943
21
-42.8099999999999952
0
LINE
8
BLACK
6
CONTINUOUS
10
92.5999999999999943
20
-43.3699999999999974
11
92.8999999999999915
21
-43.6699999999999946
0
LINE
8
BLACK
6
CONTINUOUS
10
92.8999999999999915
20
-43.3699999999999974
11
92.5999999999999943
21
-43.6699999999999946
0
LINE
8
BLACK
6
CONTINUOUS
10
92.5999999999999943
20
-44.2199999999999989
11
92.8999999999999915
21
-44.519999999999996
0
LINE
8
BLACK
6
CONTINUOUS
10
92.8999999999999915
20
-44.2199999999999989
11
92.5999999999999943
21
-44.519999999999996
0
LINE
8
BLACK
6
CONTINUOUS
10
93.0999999999999943
20
-39.1499999999999986
11
93.3999999999999915
21
-39.4499999999999957
0
LINE
8
BLACK
6
CONTINUOUS
10
93.3999999999999915
20
-39.1499999999999986
11
93.0999999999999943
21
-39.4499999999999957
0
LINE
8
BLACK
6
CONTINUOUS
10
93.1499999999999915
20
-73.8499999999999943
11
93.4500000000000028
21
-74.1499999999999915
0
LINE
8
BLACK
6
CONTINUOUS
10
93.4500000000000028
20
-73.8499999999999943
11
93.1499999999999915
21
-74.1499999999999915
0
LINE
8
BLACK
6
CONTINUOUS
10
93.1499999999999915
20
-126.3499999999999943
11
93.4500000000000028
21
-126.6499999999999915
0
LINE
8
BLACK
6
CONTINUOUS
10
93.4500000000000028
20
-126.3499999999999943
11
93.1499999999999915
21
-126.6499999999999915
0
LINE
8
BLACK
6
CONTINUOUS
10
93.1499999999999915
20
-129.9499999999999886
11
93.4500000000000028
21
-130.25
0
LINE
8
BLACK
6
CONTINUOUS
10
93.4500000000000028
20
-129.9499999999999886
11
93.1499999999999915
21
-130.25
0
LINE
8
BLACK
6
CONTINUOUS
10
93.1499999999999915
20
-137.3499999999999943
11
93.4500000000000028
21
-137.6500000000000057
0
LINE
8
BLACK
6
CONTINUOUS
10
93.4500000000000028
20
-137.3499999999999943
11
93.1499999999999915
21
-137.6500000000000057
0
LINE
8
BLACK
6
CONTINUOUS
10
93.3499999999999943
20
-148.3499999999999943
11
93.6499999999999915
21
-148.6500000000000057
0
LINE
8
BLACK
6
CONTINUOUS
10
93.6499999999999915
20
-148.3499999999999943
11
93.3499999999999943
21
-148.6500000000000057
0
LINE
8
BLACK
6
CONTINUOUS
10
93.3499999999999943
20
-158.3499999999999943
11
93.6499999999999915
21
-158.6500000000000057
0
LINE
8
BLACK
6
CONTINUOUS
10
93.6499999999999915
20
-158.3499999999999943
11
93.3499999999999943
21
-158.6500000000000057
0
LINE
8
BLACK
6
CONTINUOUS
10
93.5999999999999943
20
-47.4499999999999957
11
93.8999999999999915
21
-47.75
0
LINE
8
BLACK
6
CONTINUOUS
10
93.8999999999999915
20
-47.4499999999999957
11
93.5999999999999943
21
-47.75
0
LINE
8
BLACK
6
CONTINUOUS
10
93.6099999999999994
20
-40.0599999999999952
11
93.9099999999999966
21
-40.3599999999999994
0
LINE
8
BLACK
6
CONTINUOUS
10
93.9099999999999966
20
-40.0599999999999952
11
93.6099999999999994
21
-40.3599999999999994
0
LINE
8
BLACK
6
CONTINUOUS
10
93.9500000000000028
20
-74.6499999999999915
11
94.25
21
-74.9500000000000028
0
LINE
8
BLACK
6
CONTINUOUS
10
94.25
20
-74.6499999999999915
11
93.9500000000000028
21
-74.9500000000000028
0
LINE
8
BLACK
6
CONTINUOUS
10
93.9500000000000028
20
-138.1500000000000057
11
94.25
21
-138.4499999999999886
0
LINE
8
BLACK
6
CONTINUOUS
10
94.25
20
-138.1500000000000057
11
93.9500000000000028
21
-138.4499999999999886
0
LINE
8
BLACK
6
CONTINUOUS
10
94.0999999999999943
20
-39.1499999999999986
11
94.3999999999999915
21
-39.4499999999999957
0
LINE
8
BLACK
6
CONTINUOUS
10
94.3999999999999915
20
-39.1499999999999986
11
94.0999999999999943
21
-39.4499999999999957
0
LINE
8
BLACK
6
CONTINUOUS
10
94.5999999999999943
20
-40.0799999999999983
11
94.8999999999999915
21
-40.3799999999999955
0
LINE
8
BLACK
6
CONTINUOUS
10
94.8999999999999915
20
-40.0799999999999983
11
94.5999999999999943
21
-40.3799999999999955
0
LINE
8
BLACK
6
CONTINUOUS
10
94.5999999999999943
20
-44.2299999999999969
11
94.8999999999999915
21
-44.5300000000000011
0
LINE
8
BLACK
6
CONTINUOUS
10
94.8999999999999915
20
-44.2299999999999969
11
94.5999999999999943
21
-44.5300000000000011
0
LINE
8
BLACK
6
CONTINUOUS
10
94.6299999999999955
20
-43.3900000000000006
11
94.9299999999999926
21
-43.6899999999999977
0
LINE
8
BLACK
6
CONTINUOUS
10
94.9299999999999926
20
-43.3900000000000006
11
94.6299999999999955
21
-43.6899999999999977
0
LINE
8
BLACK
6
CONTINUOUS
10
94.75
20
-73.8499999999999943
11
95.0499999999999972
21
-74.1499999999999915
0
LINE
8
BLACK
6
CONTINUOUS
10
95.0499999999999972
20
-73.8499999999999943
11
94.75
21
-74.1499999999999915
0
LINE
8
BLACK
6
CONTINUOUS
10
94.75
20
-126.3499999999999943
11
95.0499999999999972
21
-126.6499999999999915
0
LINE
8
BLACK
6
CONTINUOUS
10
95.0499999999999972
20
-126.3499999999999943
11
94.75
21
-126.6499999999999915
0
LINE
8
BLACK
6
CONTINUOUS
10
94.75
20
-129.9499999999999886
11
95.0499999999999972
21
-130.25
0
LINE
8
BLACK
6
CONTINUOUS
10
95.0499999999999972
20
-129.9499999999999886
11
94.75
21
-130.25
0
LINE
8
BLACK
6
CONTINUOUS
10
94.75
20
-137.3499999999999943
11
95.0499999999999972
21
-137.6500000000000057
0
LINE
8
BLACK
6
CONTINUOUS
10
95.0499999999999972
20
-137.3499999999999943
11
94.75
21
-137.6500000000000057
0
LINE
8
BLACK
6
CONTINUOUS
10
95.0999999999999943
20
-39.1499999999999986
11
95.3999999999999915
21
-39.4499999999999957
0
LINE
8
BLACK
6
CONTINUOUS
10
95.3999999999999915
20
-39.1499999999999986
11
95.0999999999999943
21
-39.4499999999999957
0
LINE
8
BLACK
6
CONTINUOUS
10
95.0999999999999943
20
-47.4499999999999957
11
95.3999999999999915
21
-47.75
0
LINE
8
BLACK
6
CONTINUOUS
10
95.3999999999999915
20
-47.4499999999999957
11
95.0999999999999943
21
-47.75
0
LINE
8
BLACK
6
CONTINUOUS
10
95.5499999999999972
20
-74.6500010000000032
11
95.8499999999999943
21
-74.9500010000000003
0
LINE
8
BLACK
6
CONTINUOUS
10
95.8499999999999943
20
-74.6500010000000032
11
95.5499999999999972
21
-74.9500010000000003
0
LINE
8
BLACK
6
CONTINUOUS
10
95.5499999999999972
20
-138.1500010000000032
11
95.8499999999999943
21
-138.4500009999999861
0
LINE
8
BLACK
6
CONTINUOUS
10
95.8499999999999943
20
-138.1500010000000032
11
95.5499999999999972
21
-138.4500009999999861
0
LINE
8
BLACK
6
CONTINUOUS
10
95.5999999999999943
20
-40.0899999999999963
11
95.8999999999999915
21
-40.3900000000000006
0
LINE
8
BLACK
6
CONTINUOUS
10
95.8999999999999915
20
-40.0899999999999963
11
95.5999999999999943
21
-40.3900000000000006
0
LINE
8
BLACK
6
CONTINUOUS
10
96.0999999999999943
20
-39.1499999999999986
11
96.3999999999999915
21
-39.4499999999999957
0
LINE
8
BLACK
6
CONTINUOUS
10
96.3999999999999915
20
-39.1499999999999986
11
96.0999999999999943
21
-39.4499999999999957
0
LINE
8
BLACK
6
CONTINUOUS
10
96.3499989999999968
20
-129.9799999999999898
11
96.649998999999994
21
-130.2800000000000011
0
LINE
8
BLACK
6
CONTINUOUS
10
96.649998999999994
20
-129.9799999999999898
11
96.3499989999999968
21
-130.2800000000000011
0
LINE
8
BLACK
6
CONTINUOUS
10
96.3499999999999943
20
-73.8499999999999943
11
96.6499999999999915
21
-74.1499999999999915
0
LINE
8
BLACK
6
CONTINUOUS
10
96.6499999999999915
20
-73.8499999999999943
11
96.3499999999999943
21
-74.1499999999999915
0
LINE
8
BLACK
6
CONTINUOUS
10
96.3499999999999943
20
-126.3499999999999943
11
96.6499999999999915
21
-126.6499999999999915
0
LINE
8
BLACK
6
CONTINUOUS
10
96.6499999999999915
20
-126.3499999999999943
11
96.3499999999999943
21
-126.6499999999999915
0
LINE
8
BLACK
6
CONTINUOUS
10
96.3499999999999943
20
-137.3499999999999943
11
96.6499999999999915
21
-137.6500000000000057
0
LINE
8
BLACK
6
CONTINUOUS
10
96.6499999999999915
20
-137.3499999999999943
11
96.3499999999999943
21
-137.6500000000000057
0
LINE
8
BLACK
6
CONTINUOUS
10
96.5999999999999943
20
-40.1000000000000014
11
96.8999999999999915
21
-40.3999999999999986
0
LINE
8
BLACK
6
CONTINUOUS
10
96.8999999999999915
20
-40.1000000000000014
11
96.5999999999999943
21
-40.3999999999999986
0
LINE
8
BLACK
6
CONTINUOUS
10
96.5999999999999943
20
-47.8999999999999986
11
96.8999999999999915
21
-48.1999999999999957
0
LINE
8
BLACK
6
CONTINUOUS
10
96.8999999999999915
20
-47.8999999999999986
11
96.5999999999999943
21
-48.1999999999999957
0
LINE
8
BLACK
6
CONTINUOUS
10
96.8499999999999943
20
-40.9899999999999949
11
97.1499999999999915
21
-41.2899999999999991
0
LINE
8
BLACK
6
CONTINUOUS
10
97.1499999999999915
20
-40.9899999999999949
11
96.8499999999999943
21
-41.2899999999999991
0
LINE
8
BLACK
6
CONTINUOUS
10
96.8599999999999994
20
-41.8099999999999952
11
97.1599999999999966
21
-42.1099999999999994
0
LINE
8
BLACK
6
CONTINUOUS
10
97.1599999999999966
20
-41.8099999999999952
11
96.8599999999999994
21
-42.1099999999999994
0
LINE
8
BLACK
6
CONTINUOUS
10
96.8699999999999903
20
-42.6099999999999994
11
97.1700000000000017
21
-42.9099999999999966
0
LINE
8
BLACK
6
CONTINUOUS
10
97.1700000000000017
20
-42.6099999999999994
11
96.8699999999999903
21
-42.9099999999999966
0
LINE
8
BLACK
6
CONTINUOUS
10
96.8699999999999903
20
-43.4299999999999997
11
97.1700000000000017
21
-43.7299999999999969
0
LINE
8
BLACK
6
CONTINUOUS
10
97.1700000000000017
20
-43.4299999999999997
11
96.8699999999999903
21
-43.7299999999999969
0
LINE
8
BLACK
6
CONTINUOUS
10
97.0899999999999892
20
-44.2800000000000011
11
97.3900000000000006
21
-44.5799999999999983
0
LINE
8
BLACK
6
CONTINUOUS
10
97.3900000000000006
20
-44.2800000000000011
11
97.0899999999999892
21
-44.5799999999999983
0
LINE
8
BLACK
6
CONTINUOUS
10
97.0999999999999943
20
-39.1499999999999986
11
97.3999999999999915
21
-39.4499999999999957
0
LINE
8
BLACK
6
CONTINUOUS
10
97.3999999999999915
20
-39.1499999999999986
11
97.0999999999999943
21
-39.4499999999999957
0
LINE
8
BLACK
6
CONTINUOUS
10
97.1299999999999955
20
-46.8900000000000006
11
97.4299999999999926
21
-47.1899999999999977
0
LINE
8
BLACK
6
CONTINUOUS
10
97.4299999999999926
20
-46.8900000000000006
11
97.1299999999999955
21
-47.1899999999999977
0
LINE
8
BLACK
6
CONTINUOUS
10
97.149998999999994
20
-74.6499999999999915
11
97.4499989999999912
21
-74.9500000000000028
0
LINE
8
BLACK
6
CONTINUOUS
10
97.4499989999999912
20
-74.6499999999999915
11
97.149998999999994
21
-74.9500000000000028
0
LINE
8
BLACK
6
CONTINUOUS
10
97.149998999999994
20
-138.1500000000000057
11
97.4499989999999912
21
-138.4499999999999886
0
LINE
8
BLACK
6
CONTINUOUS
10
97.4499989999999912
20
-138.1500000000000057
11
97.149998999999994
21
-138.4499999999999886
0
LINE
8
BLACK
6
CONTINUOUS
10
97.5999999999999943
20
-40.1199999999999974
11
97.8999999999999915
21
-40.4200000000000017
0
LINE
8
BLACK
6
CONTINUOUS
10
97.8999999999999915
20
-40.1199999999999974
11
97.5999999999999943
21
-40.4200000000000017
0
LINE
8
BLACK
6
CONTINUOUS
10
97.9499999999999886
20
-73.8499999999999943
11
98.25
21
-74.1499999999999915
0
LINE
8
BLACK
6
CONTINUOUS
10
98.25
20
-73.8499999999999943
11
97.9499999999999886
21
-74.1499999999999915
0
LINE
8
BLACK
6
CONTINUOUS
10
97.9499999999999886
20
-126.3499999999999943
11
98.25
21
-126.6499999999999915
0
LINE
8
BLACK
6
CONTINUOUS
10
98.25
20
-126.3499999999999943
11
97.9499999999999886
21
-126.6499999999999915
0
LINE
8
BLACK
6
CONTINUOUS
10
97.9499999999999886
20
-129.9699999999999989
11
98.25
21
-130.2699999999999818
0
LINE
8
BLACK
6
CONTINUOUS
10
98.25
20
-129.9699999999999989
11
97.9499999999999886
21
-130.2699999999999818
0
LINE
8
BLACK
6
CONTINUOUS
10
97.9499999999999886
20
-137.3499999999999943
11
98.25
21
-137.6500000000000057
0
LINE
8
BLACK
6
CONTINUOUS
10
98.25
20
-137.3499999999999943
11
97.9499999999999886
21
-137.6500000000000057
0
LINE
8
BLACK
6
CONTINUOUS
10
98.0999999999999943
20
-39.1499999999999986
11
98.3999999999999915
21
-39.4499999999999957
0
LINE
8
BLACK
6
CONTINUOUS
10
98.3999999999999915
20
-39.1499999999999986
11
98.0999999999999943
21
-39.4499999999999957
0
LINE
8
BLACK
6
CONTINUOUS
10
98.3499999999999943
20
-143.3499999999999943
11
98.6499999999999915
21
-143.6500000000000057
0
LINE
8
BLACK
6
CONTINUOUS
10
98.6499999999999915
20
-143.3499999999999943
11
98.3499999999999943
21
-143.6500000000000057
0
LINE
8
BLACK
6
CONTINUOUS
10
98.3499999999999943
20
-148.3499999999999943
11
98.6499999999999915
21
-148.6500000000000057
0
LINE
8
BLACK
6
CONTINUOUS
10
98.6499999999999915
20
-148.3499999999999943
11
98.3499999999999943
21
-148.6500000000000057
0
LINE
8
BLACK
6
CONTINUOUS
10
98.3499999999999943
20
-158.3499999999999943
11
98.6499999999999915
21
-158.6500000000000057
0
LINE
8
BLACK
6
CONTINUOUS
10
98.6499999999999915
20
-158.3499999999999943
11
98.3499999999999943
21
-158.6500000000000057
0
LINE
8
BLACK
6
CONTINUOUS
10
98.5999999999999943
20
-47.4499999999999957
11
98.8999999999999915
21
-47.75
0
LINE
8
BLACK
6
CONTINUOUS
10
98.8999999999999915
20
-47.4499999999999957
11
98.5999999999999943
21
-47.75
0
LINE
8
BLACK
6
CONTINUOUS
10
98.6099999999999994
20
-40.1400000000000006
11
98.9099999999999966
21
-40.4399999999999977
0
LINE
8
BLACK
6
CONTINUOUS
10
98.9099999999999966
20
-40.1400000000000006
11
98.6099999999999994
21
-40.4399999999999977
0
LINE
8
BLACK
6
CONTINUOUS
10
98.75
20
-74.6499999999999915
11
99.0499999999999972
21
-74.9500000000000028
0
LINE
8
BLACK
6
CONTINUOUS
10
99.0499999999999972
20
-74.6499999999999915
11
98.75
21
-74.9500000000000028
0
LINE
8
BLACK
6
CONTINUOUS
10
98.75
20
-138.1500000000000057
11
99.0499999999999972
21
-138.4499999999999886
0
LINE
8
BLACK
6
CONTINUOUS
10
99.0499999999999972
20
-138.1500000000000057
11
98.75
21
-138.4499999999999886
0
LINE
8
BLACK
6
CONTINUOUS
10
99.0999999999999943
20
-39.1499999999999986
11
99.3999999999999915
21
-39.4499999999999957
0
LINE
8
BLACK
6
CONTINUOUS
10
99.3999999999999915
20
-39.1499999999999986
11
99.0999999999999943
21
-39.4499999999999957
0
LINE
8
BLACK
6
CONTINUOUS
10
99.5499999999999972
20
-73.8499999999999943
11
99.8499999999999943
21
-74.1499999999999915
0
LINE
8
BLACK
6
CONTINUOUS
10
99.8499999999999943
20
-73.8499999999999943
11
99.5499999999999972
21
-74.1499999999999915
0
LINE
8
BLACK
6
CONTINUOUS
10
99.5499999999999972
20
-126.3499999999999943
11
99.8499999999999943
21
-126.6499999999999915
0
LINE
8
BLACK
6
CONTINUOUS
10
99.8499999999999943
20
-126.3499999999999943
11
99.5499999999999972
21
-126.6499999999999915
0
LINE
8
BLACK
6
CONTINUOUS
10
99.5499999999999972
20
-129.9699999999999989
11
99.8499999999999943
21
-130.2699999999999818
0
LINE
8
BLACK
6
CONTINUOUS
10
99.8499999999999943
20
-129.9699999999999989
11
99.5499999999999972
21
-130.2699999999999818
0
LINE
8
BLACK
6
CONTINUOUS
10
99.5499999999999972
20
-137.3499999999999943
11
99.8499999999999943
21
-137.6500000000000057
0
LINE
8
BLACK
6
CONTINUOUS
10
99.8499999999999943
20
-137.3499999999999943
11
99.5499999999999972
21
-137.6500000000000057
0
LINE
8
BLACK
6
CONTINUOUS
10
99.5899999999999892
20
-43.3799999999999955
11
99.8900000000000006
21
-43.6799999999999997
0
LINE
8
BLACK
6
CONTINUOUS
10
99.8900000000000006
20
-43.3799999999999955
11
99.5899999999999892
21
-43.6799999999999997
0
LINE
8
BLACK
6
CONTINUOUS
10
99.5999999999999943
20
-40.1599999999999966
11
99.8999999999999915
21
-40.4600000000000009
0
LINE
8
BLACK
6
CONTINUOUS
10
99.8999999999999915
20
-40.1599999999999966
11
99.5999999999999943
21
-40.4600000000000009
0
LINE
8
BLACK
6
CONTINUOUS
10
99.5999999999999943
20
-44.25
11
99.8999999999999915
21
-44.5499999999999972
0
LINE
8
BLACK
6
CONTINUOUS
10
99.8999999999999915
20
-44.25
11
99.5999999999999943
21
-44.5499999999999972
0
LINE
8
BLACK
6
CONTINUOUS
10
100.0999999999999943
20
-39.1499999999999986
11
100.3999999999999915
21
-39.4499999999999957
0
LINE
8
BLACK
6
CONTINUOUS
10
100.3999999999999915
20
-39.1499999999999986
11
100.0999999999999943
21
-39.4499999999999957
0
LINE
8
BLACK
6
CONTINUOUS
10
100.0999999999999943
20
-47.4499999999999957
11
100.3999999999999915
21
-47.75
0
LINE
8
BLACK
6
CONTINUOUS
10
100.3999999999999915
20
-47.4499999999999957
11
100.0999999999999943
21
-47.75
0
LINE
8
BLACK
6
CONTINUOUS
10
100.3499999999999943
20
-74.6499999999999915
11
100.6499999999999915
21
-74.9500000000000028
0
LINE
8
BLACK
6
CONTINUOUS
10
100.6499999999999915
20
-74.6499999999999915
11
100.3499999999999943
21
-74.9500000000000028
0
LINE
8
BLACK
6
CONTINUOUS
10
100.3499999999999943
20
-138.1500000000000057
11
100.6499999999999915
21
-138.4499999999999886
0
LINE
8
BLACK
6
CONTINUOUS
10
100.6499999999999915
20
-138.1500000000000057
11
100.3499999999999943
21
-138.4499999999999886
0
LINE
8
BLACK
6
CONTINUOUS
10
100.5999999999999943
20
-40.1799999999999997
11
100.8999999999999915
21
-40.4799999999999969
0
LINE
8
BLACK
6
CONTINUOUS
10
100.8999999999999915
20
-40.1799999999999997
11
100.5999999999999943
21
-40.4799999999999969
0
LINE
8
BLACK
6
CONTINUOUS
10
100.5999999999999943
20
-44.2299999999999969
11
100.8999999999999915
21
-44.5300000000000011
0
LINE
8
BLACK
6
CONTINUOUS
10
100.8999999999999915
20
-44.2299999999999969
11
100.5999999999999943
21
-44.5300000000000011
0
LINE
8
BLACK
6
CONTINUOUS
10
101.0999999999999943
20
-39.1499999999999986
11
101.3999999999999915
21
-39.4499999999999957
0
LINE
8
BLACK
6
CONTINUOUS
10
101.3999999999999915
20
-39.1499999999999986
11
101.0999999999999943
21
-39.4499999999999957
0
LINE
8
BLACK
6
CONTINUOUS
10
101.1099999999999994
20
-43.3599999999999994
11
101.4099999999999966
21
-43.6599999999999966
0
LINE
8
BLACK
6
CONTINUOUS
10
101.4099999999999966
20
-43.3599999999999994
11
101.1099999999999994
21
-43.6599999999999966
0
LINE
8
BLACK
6
CONTINUOUS
10
101.1499999999999915
20
-73.8499999999999943
11
101.4499999999999886
21
-74.1499999999999915
0
LINE
8
BLACK
6
CONTINUOUS
10
101.4499999999999886
20
-73.8499999999999943
11
101.1499999999999915
21
-74.1499999999999915
0
LINE
8
BLACK
6
CONTINUOUS
10
101.1499999999999915
20
-126.3499999999999943
11
101.4499999999999886
21
-126.6499999999999915
0
LINE
8
BLACK
6
CONTINUOUS
10
101.4499999999999886
20
-126.3499999999999943
11
101.1499999999999915
21
-126.6499999999999915
0
LINE
8
BLACK
6
CONTINUOUS
10
101.1499999999999915
20
-137.3499999999999943
11
101.4499999999999886
21
-137.6500000000000057
0
LINE
8
BLACK
6
CONTINUOUS
10
101.4499999999999886
20
-137.3499999999999943
11
101.1499999999999915
21
-137.6500000000000057
0
LINE
8
BLACK
6
CONTINUOUS
10
101.5999999999999943
20
-40.1899999999999977
11
101.8999999999999915
21
-40.4899999999999949
0
LINE
8
BLACK
6
CONTINUOUS
10
101.8999999999999915
20
-40.1899999999999977
11
101.5999999999999943
21
-40.4899999999999949
0
LINE
8
BLACK
6
CONTINUOUS
10
101.5999999999999943
20
-47.4499999999999957
11
101.8999999999999915
21
-47.75
0
LINE
8
BLACK
6
CONTINUOUS
10
101.8999999999999915
20
-47.4499999999999957
11
101.5999999999999943
21
-47.75
0
LINE
8
BLACK
6
CONTINUOUS
10
101.769999999999996
20
-42.5300000000000011
11
102.0699999999999932
21
-42.8299999999999983
0
LINE
8
BLACK
6
CONTINUOUS
10
102.0699999999999932
20
-42.5300000000000011
11
101.769999999999996
21
-42.8299999999999983
0
LINE
8
BLACK
6
CONTINUOUS
10
102.0999999999999943
20
-39.1499999999999986
11
102.3999999999999915
21
-39.4499999999999957
0
LINE
8
BLACK
6
CONTINUOUS
10
102.3999999999999915
20
-39.1499999999999986
11
102.0999999999999943
21
-39.4499999999999957
0
LINE
8
BLACK
6
CONTINUOUS
10
102.5999999999999943
20
-40.1899999999999977
11
102.8999999999999915
21
-40.4899999999999949
0
LINE
8
BLACK
6
CONTINUOUS
10
102.8999999999999915
20
-40.1899999999999977
11
102.5999999999999943
21
-40.4899999999999949
0
LINE
8
BLACK
6
CONTINUOUS
10
102.5999999999999943
20
-44.2399999999999949
11
102.8999999999999915
21
-44.5399999999999991
0
LINE
8
BLACK
6
CONTINUOUS
10
102.8999999999999915
20
-44.2399999999999949
11
102.5999999999999943
21
-44.5399999999999991
0
LINE
8
BLACK
6
CONTINUOUS
10
103.0999999999999943
20
-39.1499999999999986
11
103.3999999999999915
21
-39.4499999999999957
0
LINE
8
BLACK
6
CONTINUOUS
10
103.3999999999999915
20
-39.1499999999999986
11
103.0999999999999943
21
-39.4499999999999957
0
LINE
8
BLACK
6
CONTINUOUS
10
103.0999999999999943
20
-43.1799999999999997
11
103.3999999999999915
21
-43.4799999999999969
0
LINE
8
BLACK
6
CONTINUOUS
10
103.3999999999999915
20
-43.1799999999999997
11
103.0999999999999943
21
-43.4799999999999969
0
LINE
8
BLACK
6
CONTINUOUS
10
103.3499999999999943
20
-63.3499999999999943
11
103.6499999999999915
21
-63.6499999999999986
0
LINE
8
BLACK
6
CONTINUOUS
10
103.6499999999999915
20
-63.3499999999999943
11
103.3499999999999943
21
-63.6499999999999986
0
LINE
8
BLACK
6
CONTINUOUS
10
103.3499999999999943
20
-73.3499999999999943
11
103.6499999999999915
21
-73.6499999999999915
0
LINE
8
BLACK
6
CONTINUOUS
10
103.6499999999999915
20
-73.3499999999999943
11
103.3499999999999943
21
-73.6499999999999915
0
LINE
8
BLACK
6
CONTINUOUS
10
103.3499999999999943
20
-78.3499999999999943
11
103.6499999999999915
21
-78.6499999999999915
0
LINE
8
BLACK
6
CONTINUOUS
10
103.6499999999999915
20
-78.3499999999999943
11
103.3499999999999943
21
-78.6499999999999915
0
LINE
8
BLACK
6
CONTINUOUS
10
103.3499999999999943
20
-83.3499999999999943
11
103.6499999999999915
21
-83.6499999999999915
0
LINE
8
BLACK
6
CONTINUOUS
10
103.6499999999999915
20
-83.3499999999999943
11
103.3499999999999943
21
-83.6499999999999915
0
LINE
8
BLACK
6
CONTINUOUS
10
103.3499999999999943
20
-88.3499999999999943
11
103.6499999999999915
21
-88.6499999999999915
0
LINE
8
BLACK
6
CONTINUOUS
10
103.6499999999999915
20
-88.3499999999999943
11
103.3499999999999943
21
-88.6499999999999915
0
LINE
8
BLACK
6
CONTINUOUS
10
103.3499999999999943
20
-93.3499999999999943
11
103.6499999999999915
21
-93.6499999999999915
0
LINE
8
BLACK
6
CONTINUOUS
10
103.6499999999999915
20
-93.3499999999999943
11
103.3499999999999943
21
-93.6499999999999915
0
LINE
8
BLACK
6
CONTINUOUS
10
103.3499999999999943
20
-98.3499999999999943
11
103.6499999999999915
21
-98.6499999999999915
0
LINE
8
BLACK
6
CONTINUOUS
10
103.6499999999999915
20
-98.3499999999999943
11
103.3499999999999943
21
-98.6499999999999915
0
LINE
8
BLACK
6
CONTINUOUS
10
103.3499999999999943
20
-103.3499999999999943
11
103.6499999999999915
21
-103.6499999999999915
0
LINE
8
BLACK
6
CONTINUOUS
10
103.6499999999999915
20
-103.3499999999999943
11
103.3499999999999943
21
-103.6499999999999915
0
LINE
8
BLACK
6
CONTINUOUS
10
103.3499999999999943
20
-108.3499999999999943
11
103.6499999999999915
21
-108.6499999999999915
0
LINE
8
BLACK
6
CONTINUOUS
10
103.6499999999999915
20
-108.3499999999999943
11
103.3499999999999943
21
-108.6499999999999915
0
LINE
8
BLACK
6
CONTINUOUS
10
103.3499999999999943
20
-113.3499999999999943
11
103.6499999999999915
21
-113.6499999999999915
0
LINE
8
BLACK
6
CONTINUOUS
10
103.6499999999999915
20
-113.3499999999999943
11
103.3499999999999943
21
-113.6499999999999915
0
LINE
8
BLACK
6
CONTINUOUS
10
103.3499999999999943
20
-118.3499999999999943
11
103.6499999999999915
21
-118.6499999999999915
0
LINE
8
BLACK
6
CONTINUOUS
10
103.6499999999999915
20
-118.3499999999999943
11
103.3499999999999943
21
-118.6499999999999915
0
LINE
8
BLACK
6
CONTINUOUS
10
103.3499999999999943
20
-123.3499999999999943
11
103.6499999999999915
21
-123.6499999999999915
0
LINE
8
BLACK
6
CONTINUOUS
10
103.6499999999999915
20
-123.3499999999999943
11
103.3499999999999943
21
-123.6499999999999915
0
LINE
8
BLACK
6
CONTINUOUS
10
103.3499999999999943
20
-128.3499999999999943
11
103.6499999999999915
21
-128.6500000000000057
0
LINE
8
BLACK
6
CONTINUOUS
10
103.6499999999999915
20
-128.3499999999999943
11
103.3499999999999943
21
-128.6500000000000057
0
LINE
8
BLACK
6
CONTINUOUS
10
103.3499999999999943
20
-133.3499999999999943
11
103.6499999999999915
21
-133.6500000000000057
0
LINE
8
BLACK
6
CONTINUOUS
10
103.6499999999999915
20
-133.3499999999999943
11
103.3499999999999943
21
-133.6500000000000057
0
LINE
8
BLACK
6
CONTINUOUS
10
103.3499999999999943
20
-138.3499999999999943
11
103.6499999999999915
21
-138.6500000000000057
0
LINE
8
BLACK
6
CONTINUOUS
10
103.6499999999999915
20
-138.3499999999999943
11
103.3499999999999943
21
-138.6500000000000057
0
LINE
8
BLACK
6
CONTINUOUS
10
103.3499999999999943
20
-143.3499999999999943
11
103.6499999999999915
21
-143.6500000000000057
0
LINE
8
BLACK
6
CONTINUOUS
10
103.6499999999999915
20
-143.3499999999999943
11
103.3499999999999943
21
-143.6500000000000057
0
LINE
8
BLACK
6
CONTINUOUS
10
103.3499999999999943
20
-148.3499999999999943
11
103.6499999999999915
21
-148.6500000000000057
0
LINE
8
BLACK
6
CONTINUOUS
10
103.6499999999999915
20
-148.3499999999999943
11
103.3499999999999943
21
-148.6500000000000057
0
LINE
8
BLACK
6
CONTINUOUS
10
103.3499999999999943
20
-158.3499999999999943
11
103.6499999999999915
21
-158.6500000000000057
0
LINE
8
BLACK
6
CONTINUOUS
10
103.6499999999999915
20
-158.3499999999999943
11
103.3499999999999943
21
-158.6500000000000057
0
LINE
8
BLACK
6
CONTINUOUS
10
103.5699999999999932
20
-40.1999999999999957
11
103.8699999999999903
21
-40.5
0
LINE
8
BLACK
6
CONTINUOUS
10
103.8699999999999903
20
-40.1999999999999957
11
103.5699999999999932
21
-40.5
0
LINE
8
BLACK
6
CONTINUOUS
10
103.5999999999999943
20
-47.6699999999999946
11
103.8999999999999915
21
-47.9699999999999989
0
LINE
8
BLACK
6
CONTINUOUS
10
103.8999999999999915
20
-47.6699999999999946
11
103.5999999999999943
21
-47.9699999999999989
0
LINE
8
BLACK
6
CONTINUOUS
10
104.0999999999999943
20
-39.1499999999999986
11
104.3999999999999915
21
-39.4499999999999957
0
LINE
8
BLACK
6
CONTINUOUS
10
104.3999999999999915
20
-39.1499999999999986
11
104.0999999999999943
21
-39.4499999999999957
0
LINE
8
BLACK
6
CONTINUOUS
10
104.0999999999999943
20
-43.8599999999999994
11
104.3999999999999915
21
-44.1599999999999966
0
LINE
8
BLACK
6
CONTINUOUS
10
104.3999999999999915
20
-43.8599999999999994
11
104.0999999999999943
21
-44.1599999999999966
0
LINE
8
BLACK
6
CONTINUOUS
10
104.5999999999999943
20
-46.9600000000000009
11
104.8999999999999915
21
-47.259999999999998
0
LINE
8
BLACK
6
CONTINUOUS
10
104.8999999999999915
20
-46.9600000000000009
11
104.5999999999999943
21
-47.259999999999998
0
LINE
8
BLACK
6
CONTINUOUS
10
104.6199999999999903
20
-40.2100000000000009
11
104.9200000000000017
21
-40.509999999999998
0
LINE
8
BLACK
6
CONTINUOUS
10
104.9200000000000017
20
-40.2100000000000009
11
104.6199999999999903
21
-40.509999999999998
0
LINE
8
BLACK
6
CONTINUOUS
10
105.0999999999999943
20
-39.1499999999999986
11
105.3999999999999915
21
-39.4499999999999957
0
LINE
8
BLACK
6
CONTINUOUS
10
105.3999999999999915
20
-39.1499999999999986
11
105.0999999999999943
21
-39.4499999999999957
0
LINE
8
BLACK
6
CONTINUOUS
10
105.0999999999999943
20
-47.6599999999999966
11
105.3999999999999915
21
-47.9600000000000009
0
LINE
8
BLACK
6
CONTINUOUS
10
105.3999999999999915
20
-47.6599999999999966
11
105.0999999999999943
21
-47.9600000000000009
0
LINE
8
BLACK
6
CONTINUOUS
10
105.5999999999999943
20
-44.2899999999999991
11
105.8999999999999915
21
-44.5899999999999963
0
LINE
8
BLACK
6
CONTINUOUS
10
105.8999999999999915
20
-44.2899999999999991
11
105.5999999999999943
21
-44.5899999999999963
0
LINE
8
BLACK
6
CONTINUOUS
10
108.3499999999999943
20
-38.3500000000000014
11
108.6499999999999915
21
-38.6499999999999986
0
LINE
8
BLACK
6
CONTINUOUS
10
108.6499999999999915
20
-38.3500000000000014
11
108.3499999999999943
21
-38.6499999999999986
0
LINE
8
BLACK
6
CONTINUOUS
10
108.3499999999999943
20
-58.3499999999999943
11
108.6499999999999915
21
-58.6499999999999986
0
LINE
8
BLACK
6
CONTINUOUS
10
108.6499999999999915
20
-58.3499999999999943
11
108.3499999999999943
21
-58.6499999999999986
0
LINE
8
BLACK
6
CONTINUOUS
10
108.3499999999999943
20
-63.3499999999999943
11
108.6499999999999915
21
-63.6499999999999986
0
LINE
8
BLACK
6
CONTINUOUS
10
108.6499999999999915
20
-63.3499999999999943
11
108.3499999999999943
21
-63.6499999999999986
0
LINE
8
BLACK
6
CONTINUOUS
10
108.3499999999999943
20
-68.3499999999999943
11
108.6499999999999915
21
-68.6499999999999915
0
LINE
8
BLACK
6
CONTINUOUS
10
108.6499999999999915
20
-68.3499999999999943
11
108.3499999999999943
21
-68.6499999999999915
0
LINE
8
BLACK
6
CONTINUOUS
10
108.3499999999999943
20
-73.3499999999999943
11
108.6499999999999915
21
-73.6499999999999915
0
LINE
8
BLACK
6
CONTINUOUS
10
108.6499999999999915
20
-73.3499999999999943
11
108.3499999999999943
21
-73.6499999999999915
0
LINE
8
BLACK
6
CONTINUOUS
10
108.3499999999999943
20
-78.3499999999999943
11
108.6499999999999915
21
-78.6499999999999915
0
LINE
8
BLACK
6
CONTINUOUS
10
108.6499999999999915
20
-78.3499999999999943
11
108.3499999999999943
21
-78.6499999999999915
0
LINE
8
BLACK
6
CONTINUOUS
10
108.3499999999999943
20
-88.3499999999999943
11
108.6499999999999915
21
-88.6499999999999915
0
LINE
8
BLACK
6
CONTINUOUS
10
108.6499999999999915
20
-88.3499999999999943
11
108.3499999999999943
21
-88.6499999999999915
0
LINE
8
BLACK
6
CONTINUOUS
10
108.3499999999999943
20
-93.3499999999999943
11
108.6499999999999915
21
-93.6499999999999915
0
LINE
8
BLACK
6
CONTINUOUS
10
108.6499999999999915
20
-93.3499999999999943
11
108.3499999999999943
21
-93.6499999999999915
0
LINE
8
BLACK
6
CONTINUOUS
10
108.3499999999999943
20
-98.3499999999999943
11
108.6499999999999915
21
-98.6499999999999915
0
LINE
8
BLACK
6
CONTINUOUS
10
108.6499999999999915
20
-98.3499999999999943
11
108.3499999999999943
21
-98.6499999999999915
0
LINE
8
BLACK
6
CONTINUOUS
10
108.3499999999999943
20
-108.3499999999999943
11
108.6499999999999915
21
-108.6499999999999915
0
LINE
8
BLACK
6
CONTINUOUS
10
108.6499999999999915
20
-108.3499999999999943
11
108.3499999999999943
21
-108.6499999999999915
0
LINE
8
BLACK
6
CONTINUOUS
10
108.3499999999999943
20
-113.3499999999999943
11
108.6499999999999915
21
-113.6499999999999915
0
LINE
8
BLACK
6
CONTINUOUS
10
108.6499999999999915
20
-113.3499999999999943
11
108.3499999999999943
21
-113.6499999999999915
0
LINE
8
BLACK
6
CONTINUOUS
10
108.3499999999999943
20
-118.3499999999999943
11
108.6499999999999915
21
-118.6499999999999915
0
LINE
8
BLACK
6
CONTINUOUS
10
108.6499999999999915
20
-118.3499999999999943
11
108.3499999999999943
21
-118.6499999999999915
0
LINE
8
BLACK
6
CONTINUOUS
10
108.3499999999999943
20
-123.3499999999999943
11
108.6499999999999915
21
-123.6499999999999915
0
LINE
8
BLACK
6
CONTINUOUS
10
108.6499999999999915
20
-123.3499999999999943
11
108.3499999999999943
21
-123.6499999999999915
0
LINE
8
BLACK
6
CONTINUOUS
10
108.3499999999999943
20
-128.3499999999999943
11
108.6499999999999915
21
-128.6500000000000057
0
LINE
8
BLACK
6
CONTINUOUS
10
108.6499999999999915
20
-128.3499999999999943
11
108.3499999999999943
21
-128.6500000000000057
0
LINE
8
BLACK
6
CONTINUOUS
10
108.3499999999999943
20
-133.3499999999999943
11
108.6499999999999915
21
-133.6500000000000057
0
LINE
8
BLACK
6
CONTINUOUS
10
108.6499999999999915
20
-133.3499999999999943
11
108.3499999999999943
21
-133.6500000000000057
0
LINE
8
BLACK
6
CONTINUOUS
10
108.3499999999999943
20
-138.3499999999999943
11
108.6499999999999915
21
-138.6500000000000057
0
LINE
8
BLACK
6
CONTINUOUS
10
108.6499999999999915
20
-138.3499999999999943
11
108.3499999999999943
21
-138.6500000000000057
0
CIRCLE
8
BLACK
10
108.5
20
-103.5
40
0.25
0
LINE
8
BLACK
6
CONTINUOUS
10
68.5
20
-51.8999999999999986
11
68.5
21
-55.0999999999999943
0
LINE
8
BLACK
6
CONTINUOUS
10
66.8999999999999915
20
-53.5
11
70.0999999999999943
21
-53.5
0
LINE
8
BLACK
6
CONTINUOUS
10
68.5
20
-154.9000000000000057
11
68.5
21
-158.0999999999999943
0
LINE
8
BLACK
6
CONTINUOUS
10
66.8999999999999915
20
-156.5
11
70.0999999999999943
21
-156.5
0
LINE
8
BLACK
6
CONTINUOUS
10
73.3999999999999915
20
-80.5999999999999943
11
73.3999999999999915
21
-83.7999999999999972
0
LINE
8
BLACK
6
CONTINUOUS
10
71.7999999999999972
20
-82.2000000000000028
11
75.
21
-82.2000000000000028
0
LINE
8
BLACK
6
CONTINUOUS
10
73.3999999999999915
20
-144.0999999999999943
11
73.3999999999999915
21
-147.2999999999999829
0
LINE
8
BLACK
6
CONTINUOUS
10
71.7999999999999972
20
-145.6999999999999886
11
75.
21
-145.6999999999999886
0
LINE
8
BLACK
6
CONTINUOUS
10
107.3999999999999915
20
-80.5999999999999943
11
107.3999999999999915
21
-83.7999999999999972
0
LINE
8
BLACK
6
CONTINUOUS
10
105.7999999999999972
20
-82.2000000000000028
11
109.
21
-82.2000000000000028
0
LINE
8
BLACK
6
CONTINUOUS
10
107.3999999999999915
20
-144.0999999999999943
11
107.3999999999999915
21
-147.2999999999999829
0
LINE
8
BLACK
6
CONTINUOUS
10
105.7999999999999972
20
-145.6999999999999886
11
109.
21
-145.6999999999999886
0
LINE
8
BLACK
6
CONTINUOUS
10
108.5
20
-51.8999999999999986
11
108.5
21
-55.0999999999999943
0
LINE
8
BLACK
6
CONTINUOUS
10
106.8999999999999915
20
-53.5
11
110.0999999999999943
21
-53.5
0
LINE
8
BLACK
6
CONTINUOUS
10
108.5
20
-154.9000000000000057
11
108.5
21
-158.0999999999999943
0
LINE
8
BLACK
6
CONTINUOUS
10
106.8999999999999915
20
-156.5
11
110.0999999999999943
21
-156.5
0
LINE
8
BLACK
6
CONTINUOUS
10
74.2833689999999933
20
-69.0833689999999905
11
74.2833689999999933
21
-67.9166309999999953
0
LINE
8
BLACK
6
CONTINUOUS
10
74.2833689999999933
20
-67.9166309999999953
11
73.1166309999999982
21
-67.9166309999999953
0
LINE
8
BLACK
6
CONTINUOUS
10
73.1166309999999982
20
-67.9166309999999953
11
73.1166309999999982
21
-69.0833689999999905
0
LINE
8
BLACK
6
CONTINUOUS
10
73.1166309999999982
20
-69.0833689999999905
11
74.2833689999999933
21
-69.0833689999999905
0
LINE
8
BLACK
6
CONTINUOUS
10
74.2833689999999933
20
-132.5833690000000047
11
74.2833689999999933
21
-131.4166309999999953
0
LINE
8
BLACK
6
CONTINUOUS
10
74.2833689999999933
20
-131.4166309999999953
11
73.1166309999999982
21
-131.4166309999999953
0
LINE
8
BLACK
6
CONTINUOUS
10
73.1166309999999982
20
-131.4166309999999953
11
73.1166309999999982
21
-132.5833690000000047
0
LINE
8
BLACK
6
CONTINUOUS
10
73.1166309999999982
20
-132.5833690000000047
11
74.2833689999999933
21
-132.5833690000000047
0
LINE
8
BLACK
6
CONTINUOUS
10
103.8833690000000018
20
-69.0833689999999905
11
103.8833690000000018
21
-67.9166309999999953
0
LINE
8
BLACK
6
CONTINUOUS
10
103.8833690000000018
20
-67.9166309999999953
11
102.7166309999999925
21
-67.9166309999999953
0
LINE
8
BLACK
6
CONTINUOUS
10
102.7166309999999925
20
-67.9166309999999953
11
102.7166309999999925
21
-69.0833689999999905
0
LINE
8
BLACK
6
CONTINUOUS
10
102.7166309999999925
20
-69.0833689999999905
11
103.8833690000000018
21
-69.0833689999999905
0
LINE
8
BLACK
6
CONTINUOUS
10
103.8833690000000018
20
-132.5833690000000047
11
103.8833690000000018
21
-131.4166309999999953
0
LINE
8
BLACK
6
CONTINUOUS
10
103.8833690000000018
20
-131.4166309999999953
11
102.7166309999999925
21
-131.4166309999999953
0
LINE
8
BLACK
6
CONTINUOUS
10
102.7166309999999925
20
-131.4166309999999953
11
102.7166309999999925
21
-132.5833690000000047
0
LINE
8
BLACK
6
CONTINUOUS
10
102.7166309999999925
20
-132.5833690000000047
11
103.8833690000000018
21
-132.5833690000000047
0
LINE
8
BLACK
6
CONTINUOUS
10
66.1027679999999975
20
-164.6198379999999872
11
66.1027679999999975
21
-162.6198379999999872
0
LINE
8
BLACK
6
CONTINUOUS
10
66.1027679999999975
20
-162.6198379999999872
11
66.5789580000000001
21
-162.6198379999999872
0
LINE
8
BLACK
6
CONTINUOUS
10
66.5789580000000001
20
-162.6198379999999872
11
66.8646729999999963
21
-162.7150759999999821
0
LINE
8
BLACK
6
CONTINUOUS
10
66.8646729999999963
20
-162.7150759999999821
11
67.0551490000000001
21
-162.9055520000000001
0
LINE
8
BLACK
6
CONTINUOUS
10
67.0551490000000001
20
-162.9055520000000001
11
67.1503869999999949
21
-163.0960279999999898
0
LINE
8
BLACK
6
CONTINUOUS
10
67.1503869999999949
20
-163.0960279999999898
11
67.245625000000004
21
-163.4769799999999975
0
LINE
8
BLACK
6
CONTINUOUS
10
67.245625000000004
20
-163.4769799999999975
11
67.245625000000004
21
-163.7626949999999795
0
LINE
8
BLACK
6
CONTINUOUS
10
67.245625000000004
20
-163.7626949999999795
11
67.1503869999999949
21
-164.1436469999999872
0
LINE
8
BLACK
6
CONTINUOUS
10
67.1503869999999949
20
-164.1436469999999872
11
67.0551490000000001
21
-164.3341230000000053
0
LINE
8
BLACK
6
CONTINUOUS
10
67.0551490000000001
20
-164.3341230000000053
11
66.8646729999999963
21
-164.5245999999999924
0
LINE
8
BLACK
6
CONTINUOUS
10
66.8646729999999963
20
-164.5245999999999924
11
66.5789580000000001
21
-164.6198379999999872
0
LINE
8
BLACK
6
CONTINUOUS
10
66.5789580000000001
20
-164.6198379999999872
11
66.1027679999999975
21
-164.6198379999999872
0
LINE
8
BLACK
6
CONTINUOUS
10
68.1027679999999975
20
-164.6198379999999872
11
68.1027679999999975
21
-163.2865039999999794
0
LINE
8
BLACK
6
CONTINUOUS
10
68.1027679999999975
20
-163.6674569999999846
11
68.1980059999999924
21
-163.4769799999999975
0
LINE
8
BLACK
6
CONTINUOUS
10
68.1980059999999924
20
-163.4769799999999975
11
68.2932440000000014
21
-163.3817420000000027
0
LINE
8
BLACK
6
CONTINUOUS
10
68.2932440000000014
20
-163.3817420000000027
11
68.483719999999991
21
-163.2865039999999794
0
LINE
8
BLACK
6
CONTINUOUS
10
68.483719999999991
20
-163.2865039999999794
11
68.6741969999999924
21
-163.2865039999999794
0
LINE
8
BLACK
6
CONTINUOUS
10
69.3408629999999988
20
-164.6198379999999872
11
69.3408629999999988
21
-163.2865039999999794
0
LINE
8
BLACK
6
CONTINUOUS
10
69.3408629999999988
20
-162.6198379999999872
11
69.2456249999999898
21
-162.7150759999999821
0
LINE
8
BLACK
6
CONTINUOUS
10
69.2456249999999898
20
-162.7150759999999821
11
69.3408629999999988
21
-162.8103140000000053
0
LINE
8
BLACK
6
CONTINUOUS
10
69.3408629999999988
20
-162.8103140000000053
11
69.4361009999999936
21
-162.7150759999999821
0
LINE
8
BLACK
6
CONTINUOUS
10
69.4361009999999936
20
-162.7150759999999821
11
69.3408629999999988
21
-162.6198379999999872
0
LINE
8
BLACK
6
CONTINUOUS
10
69.3408629999999988
20
-162.6198379999999872
11
69.3408629999999988
21
-162.8103140000000053
0
LINE
8
BLACK
6
CONTINUOUS
10
70.5789580000000001
20
-164.6198379999999872
11
70.3884819999999962
21
-164.5245999999999924
0
LINE
8
BLACK
6
CONTINUOUS
10
70.3884819999999962
20
-164.5245999999999924
11
70.2932440000000014
21
-164.3341230000000053
0
LINE
8
BLACK
6
CONTINUOUS
10
70.2932440000000014
20
-164.3341230000000053
11
70.2932440000000014
21
-162.6198379999999872
0
LINE
8
BLACK
6
CONTINUOUS
10
71.6265769999999975
20
-164.6198379999999872
11
71.4361009999999936
21
-164.5245999999999924
0
LINE
8
BLACK
6
CONTINUOUS
10
71.4361009999999936
20
-164.5245999999999924
11
71.3408629999999988
21
-164.3341230000000053
0
LINE
8
BLACK
6
CONTINUOUS
10
71.3408629999999988
20
-164.3341230000000053
11
71.3408629999999988
21
-162.6198379999999872
0
LINE
8
BLACK
6
CONTINUOUS
10
73.9122919999999937
20
-164.6198379999999872
11
73.9122919999999937
21
-162.6198379999999872
0
LINE
8
BLACK
6
CONTINUOUS
10
73.9122919999999937
20
-162.6198379999999872
11
74.5789589999999976
21
-164.0484089999999924
0
LINE
8
BLACK
6
CONTINUOUS
10
74.5789589999999976
20
-164.0484089999999924
11
75.2456249999999898
21
-162.6198379999999872
0
LINE
8
BLACK
6
CONTINUOUS
10
75.2456249999999898
20
-162.6198379999999872
11
75.2456249999999898
21
-164.6198379999999872
0
LINE
8
BLACK
6
CONTINUOUS
10
77.0551490000000001
20
-164.6198379999999872
11
77.0551490000000001
21
-163.5722189999999898
0
LINE
8
BLACK
6
CONTINUOUS
10
77.0551490000000001
20
-163.5722189999999898
11
76.9599109999999911
21
-163.3817420000000027
0
LINE
8
BLACK
6
CONTINUOUS
10
76.9599109999999911
20
-163.3817420000000027
11
76.7694350000000014
21
-163.2865039999999794
0
LINE
8
BLACK
6
CONTINUOUS
10
76.7694350000000014
20
-163.2865039999999794
11
76.3884819999999962
21
-163.2865039999999794
0
LINE
8
BLACK
6
CONTINUOUS
10
76.3884819999999962
20
-163.2865039999999794
11
76.1980059999999924
21
-163.3817420000000027
0
LINE
8
BLACK
6
CONTINUOUS
10
77.0551490000000001
20
-164.5245999999999924
11
76.8646729999999963
21
-164.6198379999999872
0
LINE
8
BLACK
6
CONTINUOUS
10
76.8646729999999963
20
-164.6198379999999872
11
76.3884819999999962
21
-164.6198379999999872
0
LINE
8
BLACK
6
CONTINUOUS
10
76.3884819999999962
20
-164.6198379999999872
11
76.1980059999999924
21
-164.5245999999999924
0
LINE
8
BLACK
6
CONTINUOUS
10
76.1980059999999924
20
-164.5245999999999924
11
76.1027679999999975
21
-164.3341230000000053
0
LINE
8
BLACK
6
CONTINUOUS
10
76.1027679999999975
20
-164.3341230000000053
11
76.1027679999999975
21
-164.1436469999999872
0
LINE
8
BLACK
6
CONTINUOUS
10
76.1027679999999975
20
-164.1436469999999872
11
76.1980059999999924
21
-163.9531709999999975
0
LINE
8
BLACK
6
CONTINUOUS
10
76.1980059999999924
20
-163.9531709999999975
11
76.3884819999999962
21
-163.8579330000000027
0
LINE
8
BLACK
6
CONTINUOUS
10
76.3884819999999962
20
-163.8579330000000027
11
76.8646729999999963
21
-163.8579330000000027
0
LINE
8
BLACK
6
CONTINUOUS
10
76.8646729999999963
20
-163.8579330000000027
11
77.0551490000000001
21
-163.7626949999999795
0
LINE
8
BLACK
6
CONTINUOUS
10
78.0075300000000027
20
-163.2865039999999794
11
78.0075300000000027
21
-165.2865039999999794
0
LINE
8
BLACK
6
CONTINUOUS
10
78.0075300000000027
20
-163.3817420000000027
11
78.1980059999999924
21
-163.2865039999999794
0
LINE
8
BLACK
6
CONTINUOUS
10
78.1980059999999924
20
-163.2865039999999794
11
78.5789589999999976
21
-163.2865039999999794
0
LINE
8
BLACK
6
CONTINUOUS
10
78.5789589999999976
20
-163.2865039999999794
11
78.7694350000000014
21
-163.3817420000000027
0
LINE
8
BLACK
6
CONTINUOUS
10
78.7694350000000014
20
-163.3817420000000027
11
78.8646729999999963
21
-163.4769799999999975
0
LINE
8
BLACK
6
CONTINUOUS
10
78.8646729999999963
20
-163.4769799999999975
11
78.9599109999999911
21
-163.6674569999999846
0
LINE
8
BLACK
6
CONTINUOUS
10
78.9599109999999911
20
-163.6674569999999846
11
78.9599109999999911
21
-164.238884999999982
0
LINE
8
BLACK
6
CONTINUOUS
10
78.9599109999999911
20
-164.238884999999982
11
78.8646729999999963
21
-164.4293610000000001
0
LINE
8
BLACK
6
CONTINUOUS
10
78.8646729999999963
20
-164.4293610000000001
11
78.7694350000000014
21
-164.5245999999999924
0
LINE
8
BLACK
6
CONTINUOUS
10
78.7694350000000014
20
-164.5245999999999924
11
78.5789589999999976
21
-164.6198379999999872
0
LINE
8
BLACK
6
CONTINUOUS
10
78.5789589999999976
20
-164.6198379999999872
11
78.1980059999999924
21
-164.6198379999999872
0
LINE
8
BLACK
6
CONTINUOUS
10
78.1980059999999924
20
-164.6198379999999872
11
78.0075300000000027
21
-164.5245999999999924
0
LINE
8
BLACK
6
CONTINUOUS
10
79.8170539999999988
20
-164.4293610000000001
11
79.9122919999999937
21
-164.5245999999999924
0
LINE
8
BLACK
6
CONTINUOUS
10
79.9122919999999937
20
-164.5245999999999924
11
79.8170539999999988
21
-164.6198379999999872
0
LINE
8
BLACK
6
CONTINUOUS
10
79.8170539999999988
20
-164.6198379999999872
11
79.7218159999999898
21
-164.5245999999999924
0
LINE
8
BLACK
6
CONTINUOUS
10
79.7218159999999898
20
-164.5245999999999924
11
79.8170539999999988
21
-164.4293610000000001
0
LINE
8
BLACK
6
CONTINUOUS
10
79.8170539999999988
20
-164.4293610000000001
11
79.8170539999999988
21
-164.6198379999999872
0
LINE
8
BLACK
6
CONTINUOUS
10
79.8170539999999988
20
-163.3817420000000027
11
79.9122919999999937
21
-163.4769799999999975
0
LINE
8
BLACK
6
CONTINUOUS
10
79.9122919999999937
20
-163.4769799999999975
11
79.8170539999999988
21
-163.5722189999999898
0
LINE
8
BLACK
6
CONTINUOUS
10
79.8170539999999988
20
-163.5722189999999898
11
79.7218159999999898
21
-163.4769799999999975
0
LINE
8
BLACK
6
CONTINUOUS
10
79.7218159999999898
20
-163.4769799999999975
11
79.8170539999999988
21
-163.3817420000000027
0
LINE
8
BLACK
6
CONTINUOUS
10
79.8170539999999988
20
-163.3817420000000027
11
79.8170539999999988
21
-163.5722189999999898
0
LINE
8
BLACK
6
CONTINUOUS
10
63.1950000000000003
20
-167.7549999999999955
11
63.4949999999999974
21
-168.0549999999999784
0
LINE
8
BLACK
6
CONTINUOUS
10
63.4949999999999974
20
-167.7549999999999955
11
63.1950000000000003
21
-168.0549999999999784
0
LINE
8
BLACK
6
CONTINUOUS
10
66.483719999999991
20
-166.8198380000000043
11
66.6741969999999924
21
-166.8198380000000043
0
LINE
8
BLACK
6
CONTINUOUS
10
66.6741969999999924
20
-166.8198380000000043
11
66.8646729999999963
21
-166.9150759999999991
0
LINE
8
BLACK
6
CONTINUOUS
10
66.8646729999999963
20
-166.9150759999999991
11
66.9599109999999911
21
-167.0103139999999939
0
LINE
8
BLACK
6
CONTINUOUS
10
66.9599109999999911
20
-167.0103139999999939
11
67.0551490000000001
21
-167.2007899999999836
0
LINE
8
BLACK
6
CONTINUOUS
10
67.0551490000000001
20
-167.2007899999999836
11
67.1503869999999949
21
-167.5817419999999913
0
LINE
8
BLACK
6
CONTINUOUS
10
67.1503869999999949
20
-167.5817419999999913
11
67.1503869999999949
21
-168.0579329999999914
0
LINE
8
BLACK
6
CONTINUOUS
10
67.1503869999999949
20
-168.0579329999999914
11
67.0551490000000001
21
-168.4388849999999991
0
LINE
8
BLACK
6
CONTINUOUS
10
67.0551490000000001
20
-168.4388849999999991
11
66.9599109999999911
21
-168.6293609999999887
0
LINE
8
BLACK
6
CONTINUOUS
10
66.9599109999999911
20
-168.6293609999999887
11
66.8646729999999963
21
-168.724599999999981
0
LINE
8
BLACK
6
CONTINUOUS
10
66.8646729999999963
20
-168.724599999999981
11
66.6741969999999924
21
-168.8198380000000043
0
LINE
8
BLACK
6
CONTINUOUS
10
66.6741969999999924
20
-168.8198380000000043
11
66.483719999999991
21
-168.8198380000000043
0
LINE
8
BLACK
6
CONTINUOUS
10
66.483719999999991
20
-168.8198380000000043
11
66.2932440000000014
21
-168.724599999999981
0
LINE
8
BLACK
6
CONTINUOUS
10
66.2932440000000014
20
-168.724599999999981
11
66.1980059999999924
21
-168.6293609999999887
0
LINE
8
BLACK
6
CONTINUOUS
10
66.1980059999999924
20
-168.6293609999999887
11
66.1027679999999975
21
-168.4388849999999991
0
LINE
8
BLACK
6
CONTINUOUS
10
66.1027679999999975
20
-168.4388849999999991
11
66.0075300000000027
21
-168.0579329999999914
0
LINE
8
BLACK
6
CONTINUOUS
10
66.0075300000000027
20
-168.0579329999999914
11
66.0075300000000027
21
-167.5817419999999913
0
LINE
8
BLACK
6
CONTINUOUS
10
66.0075300000000027
20
-167.5817419999999913
11
66.1027679999999975
21
-167.2007899999999836
0
LINE
8
BLACK
6
CONTINUOUS
10
66.1027679999999975
20
-167.2007899999999836
11
66.1980059999999924
21
-167.0103139999999939
0
LINE
8
BLACK
6
CONTINUOUS
10
66.1980059999999924
20
-167.0103139999999939
11
66.2932440000000014
21
-166.9150759999999991
0
LINE
8
BLACK
6
CONTINUOUS
10
66.2932440000000014
20
-166.9150759999999991
11
66.483719999999991
21
-166.8198380000000043
0
LINE
8
BLACK
6
CONTINUOUS
10
68.0075300000000027
20
-168.6293609999999887
11
68.1027679999999975
21
-168.724599999999981
0
LINE
8
BLACK
6
CONTINUOUS
10
68.1027679999999975
20
-168.724599999999981
11
68.0075300000000027
21
-168.8198380000000043
0
LINE
8
BLACK
6
CONTINUOUS
10
68.0075300000000027
20
-168.8198380000000043
11
67.9122919999999937
21
-168.724599999999981
0
LINE
8
BLACK
6
CONTINUOUS
10
67.9122919999999937
20
-168.724599999999981
11
68.0075300000000027
21
-168.6293609999999887
0
LINE
8
BLACK
6
CONTINUOUS
10
68.0075300000000027
20
-168.6293609999999887
11
68.0075300000000027
21
-168.8198380000000043
0
LINE
8
BLACK
6
CONTINUOUS
10
68.7694350000000014
20
-166.8198380000000043
11
70.0075300000000027
21
-166.8198380000000043
0
LINE
8
BLACK
6
CONTINUOUS
10
70.0075300000000027
20
-166.8198380000000043
11
69.3408629999999988
21
-167.5817419999999913
0
LINE
8
BLACK
6
CONTINUOUS
10
69.3408629999999988
20
-167.5817419999999913
11
69.626577999999995
21
-167.5817419999999913
0
LINE
8
BLACK
6
CONTINUOUS
10
69.626577999999995
20
-167.5817419999999913
11
69.8170539999999988
21
-167.6769799999999861
0
LINE
8
BLACK
6
CONTINUOUS
10
69.8170539999999988
20
-167.6769799999999861
11
69.9122919999999937
21
-167.7722189999999785
0
LINE
8
BLACK
6
CONTINUOUS
10
69.9122919999999937
20
-167.7722189999999785
11
70.0075300000000027
21
-167.9626949999999965
0
LINE
8
BLACK
6
CONTINUOUS
10
70.0075300000000027
20
-167.9626949999999965
11
70.0075300000000027
21
-168.4388849999999991
0
LINE
8
BLACK
6
CONTINUOUS
10
70.0075300000000027
20
-168.4388849999999991
11
69.9122919999999937
21
-168.6293609999999887
0
LINE
8
BLACK
6
CONTINUOUS
10
69.9122919999999937
20
-168.6293609999999887
11
69.8170539999999988
21
-168.724599999999981
0
LINE
8
BLACK
6
CONTINUOUS
10
69.8170539999999988
20
-168.724599999999981
11
69.626577999999995
21
-168.8198380000000043
0
LINE
8
BLACK
6
CONTINUOUS
10
69.626577999999995
20
-168.8198380000000043
11
69.0551490000000001
21
-168.8198380000000043
0
LINE
8
BLACK
6
CONTINUOUS
10
69.0551490000000001
20
-168.8198380000000043
11
68.8646729999999963
21
-168.724599999999981
0
LINE
8
BLACK
6
CONTINUOUS
10
68.8646729999999963
20
-168.724599999999981
11
68.7694350000000014
21
-168.6293609999999887
0
LINE
8
BLACK
6
CONTINUOUS
10
71.2456249999999898
20
-166.8198380000000043
11
71.4361019999999911
21
-166.8198380000000043
0
LINE
8
BLACK
6
CONTINUOUS
10
71.4361019999999911
20
-166.8198380000000043
11
71.626577999999995
21
-166.9150759999999991
0
LINE
8
BLACK
6
CONTINUOUS
10
71.626577999999995
20
-166.9150759999999991
11
71.7218159999999898
21
-167.0103139999999939
0
LINE
8
BLACK
6
CONTINUOUS
10
71.7218159999999898
20
-167.0103139999999939
11
71.8170539999999988
21
-167.2007899999999836
0
LINE
8
BLACK
6
CONTINUOUS
10
71.8170539999999988
20
-167.2007899999999836
11
71.9122919999999937
21
-167.5817419999999913
0
LINE
8
BLACK
6
CONTINUOUS
10
71.9122919999999937
20
-167.5817419999999913
11
71.9122919999999937
21
-168.0579329999999914
0
LINE
8
BLACK
6
CONTINUOUS
10
71.9122919999999937
20
-168.0579329999999914
11
71.8170539999999988
21
-168.4388849999999991
0
LINE
8
BLACK
6
CONTINUOUS
10
71.8170539999999988
20
-168.4388849999999991
11
71.7218159999999898
21
-168.6293609999999887
0
LINE
8
BLACK
6
CONTINUOUS
10
71.7218159999999898
20
-168.6293609999999887
11
71.626577999999995
21
-168.724599999999981
0
LINE
8
BLACK
6
CONTINUOUS
10
71.626577999999995
20
-168.724599999999981
11
71.4361019999999911
21
-168.8198380000000043
0
LINE
8
BLACK
6
CONTINUOUS
10
71.4361019999999911
20
-168.8198380000000043
11
71.2456249999999898
21
-168.8198380000000043
0
LINE
8
BLACK
6
CONTINUOUS
10
71.2456249999999898
20
-168.8198380000000043
11
71.0551490000000001
21
-168.724599999999981
0
LINE
8
BLACK
6
CONTINUOUS
10
71.0551490000000001
20
-168.724599999999981
11
70.9599109999999911
21
-168.6293609999999887
0
LINE
8
BLACK
6
CONTINUOUS
10
70.9599109999999911
20
-168.6293609999999887
11
70.8646729999999963
21
-168.4388849999999991
0
LINE
8
BLACK
6
CONTINUOUS
10
70.8646729999999963
20
-168.4388849999999991
11
70.7694350000000014
21
-168.0579329999999914
0
LINE
8
BLACK
6
CONTINUOUS
10
70.7694350000000014
20
-168.0579329999999914
11
70.7694350000000014
21
-167.5817419999999913
0
LINE
8
BLACK
6
CONTINUOUS
10
70.7694350000000014
20
-167.5817419999999913
11
70.8646729999999963
21
-167.2007899999999836
0
LINE
8
BLACK
6
CONTINUOUS
10
70.8646729999999963
20
-167.2007899999999836
11
70.9599109999999911
21
-167.0103139999999939
0
LINE
8
BLACK
6
CONTINUOUS
10
70.9599109999999911
20
-167.0103139999999939
11
71.0551490000000001
21
-166.9150759999999991
0
LINE
8
BLACK
6
CONTINUOUS
10
71.0551490000000001
20
-166.9150759999999991
11
71.2456249999999898
21
-166.8198380000000043
0
LINE
8
BLACK
6
CONTINUOUS
10
73.1503869999999949
20
-166.8198380000000043
11
73.3408639999999963
21
-166.8198380000000043
0
LINE
8
BLACK
6
CONTINUOUS
10
73.3408639999999963
20
-166.8198380000000043
11
73.5313400000000001
21
-166.9150759999999991
0
LINE
8
BLACK
6
CONTINUOUS
10
73.5313400000000001
20
-166.9150759999999991
11
73.626577999999995
21
-167.0103139999999939
0
LINE
8
BLACK
6
CONTINUOUS
10
73.626577999999995
20
-167.0103139999999939
11
73.7218159999999898
21
-167.2007899999999836
0
LINE
8
BLACK
6
CONTINUOUS
10
73.7218159999999898
20
-167.2007899999999836
11
73.8170539999999988
21
-167.5817419999999913
0
LINE
8
BLACK
6
CONTINUOUS
10
73.8170539999999988
20
-167.5817419999999913
11
73.8170539999999988
21
-168.0579329999999914
0
LINE
8
BLACK
6
CONTINUOUS
10
73.8170539999999988
20
-168.0579329999999914
11
73.7218159999999898
21
-168.4388849999999991
0
LINE
8
BLACK
6
CONTINUOUS
10
73.7218159999999898
20
-168.4388849999999991
11
73.626577999999995
21
-168.6293609999999887
0
LINE
8
BLACK
6
CONTINUOUS
10
73.626577999999995
20
-168.6293609999999887
11
73.5313400000000001
21
-168.724599999999981
0
LINE
8
BLACK
6
CONTINUOUS
10
73.5313400000000001
20
-168.724599999999981
11
73.3408639999999963
21
-168.8198380000000043
0
LINE
8
BLACK
6
CONTINUOUS
10
73.3408639999999963
20
-168.8198380000000043
11
73.1503869999999949
21
-168.8198380000000043
0
LINE
8
BLACK
6
CONTINUOUS
10
73.1503869999999949
20
-168.8198380000000043
11
72.9599109999999911
21
-168.724599999999981
0
LINE
8
BLACK
6
CONTINUOUS
10
72.9599109999999911
20
-168.724599999999981
11
72.8646729999999963
21
-168.6293609999999887
0
LINE
8
BLACK
6
CONTINUOUS
10
72.8646729999999963
20
-168.6293609999999887
11
72.7694350000000014
21
-168.4388849999999991
0
LINE
8
BLACK
6
CONTINUOUS
10
72.7694350000000014
20
-168.4388849999999991
11
72.6741969999999924
21
-168.0579329999999914
0
LINE
8
BLACK
6
CONTINUOUS
10
72.6741969999999924
20
-168.0579329999999914
11
72.6741969999999924
21
-167.5817419999999913
0
LINE
8
BLACK
6
CONTINUOUS
10
72.6741969999999924
20
-167.5817419999999913
11
72.7694350000000014
21
-167.2007899999999836
0
LINE
8
BLACK
6
CONTINUOUS
10
72.7694350000000014
20
-167.2007899999999836
11
72.8646729999999963
21
-167.0103139999999939
0
LINE
8
BLACK
6
CONTINUOUS
10
72.8646729999999963
20
-167.0103139999999939
11
72.9599109999999911
21
-166.9150759999999991
0
LINE
8
BLACK
6
CONTINUOUS
10
72.9599109999999911
20
-166.9150759999999991
11
73.1503869999999949
21
-166.8198380000000043
0
LINE
8
BLACK
6
CONTINUOUS
10
74.6741969999999924
20
-168.8198380000000043
11
74.6741969999999924
21
-167.4865039999999965
0
LINE
8
BLACK
6
CONTINUOUS
10
74.6741969999999924
20
-167.6769799999999861
11
74.7694350000000014
21
-167.5817419999999913
0
LINE
8
BLACK
6
CONTINUOUS
10
74.7694350000000014
20
-167.5817419999999913
11
74.9599109999999911
21
-167.4865039999999965
0
LINE
8
BLACK
6
CONTINUOUS
10
74.9599109999999911
20
-167.4865039999999965
11
75.2456260000000015
21
-167.4865039999999965
0
LINE
8
BLACK
6
CONTINUOUS
10
75.2456260000000015
20
-167.4865039999999965
11
75.4361019999999911
21
-167.5817419999999913
0
LINE
8
BLACK
6
CONTINUOUS
10
75.4361019999999911
20
-167.5817419999999913
11
75.5313400000000001
21
-167.7722189999999785
0
LINE
8
BLACK
6
CONTINUOUS
10
75.5313400000000001
20
-167.7722189999999785
11
75.5313400000000001
21
-168.8198380000000043
0
LINE
8
BLACK
6
CONTINUOUS
10
75.5313400000000001
20
-167.7722189999999785
11
75.626577999999995
21
-167.5817419999999913
0
LINE
8
BLACK
6
CONTINUOUS
10
75.626577999999995
20
-167.5817419999999913
11
75.8170539999999988
21
-167.4865039999999965
0
LINE
8
BLACK
6
CONTINUOUS
10
75.8170539999999988
20
-167.4865039999999965
11
76.1027679999999975
21
-167.4865039999999965
0
LINE
8
BLACK
6
CONTINUOUS
10
76.1027679999999975
20
-167.4865039999999965
11
76.2932449999999989
21
-167.5817419999999913
0
LINE
8
BLACK
6
CONTINUOUS
10
76.2932449999999989
20
-167.5817419999999913
11
76.3884829999999937
21
-167.7722189999999785
0
LINE
8
BLACK
6
CONTINUOUS
10
76.3884829999999937
20
-167.7722189999999785
11
76.3884829999999937
21
-168.8198380000000043
0
LINE
8
BLACK
6
CONTINUOUS
10
77.3408639999999963
20
-168.8198380000000043
11
77.3408639999999963
21
-167.4865039999999965
0
LINE
8
BLACK
6
CONTINUOUS
10
77.3408639999999963
20
-167.6769799999999861
11
77.4361019999999911
21
-167.5817419999999913
0
LINE
8
BLACK
6
CONTINUOUS
10
77.4361019999999911
20
-167.5817419999999913
11
77.626577999999995
21
-167.4865039999999965
0
LINE
8
BLACK
6
CONTINUOUS
10
77.626577999999995
20
-167.4865039999999965
11
77.9122929999999911
21
-167.4865039999999965
0
LINE
8
BLACK
6
CONTINUOUS
10
77.9122929999999911
20
-167.4865039999999965
11
78.102768999999995
21
-167.5817419999999913
0
LINE
8
BLACK
6
CONTINUOUS
10
78.102768999999995
20
-167.5817419999999913
11
78.1980069999999898
21
-167.7722189999999785
0
LINE
8
BLACK
6
CONTINUOUS
10
78.1980069999999898
20
-167.7722189999999785
11
78.1980069999999898
21
-168.8198380000000043
0
LINE
8
BLACK
6
CONTINUOUS
10
78.1980069999999898
20
-167.7722189999999785
11
78.2932449999999989
21
-167.5817419999999913
0
LINE
8
BLACK
6
CONTINUOUS
10
78.2932449999999989
20
-167.5817419999999913
11
78.4837210000000027
21
-167.4865039999999965
0
LINE
8
BLACK
6
CONTINUOUS
10
78.4837210000000027
20
-167.4865039999999965
11
78.7694350000000014
21
-167.4865039999999965
0
LINE
8
BLACK
6
CONTINUOUS
10
78.7694350000000014
20
-167.4865039999999965
11
78.9599120000000028
21
-167.5817419999999913
0
LINE
8
BLACK
6
CONTINUOUS
10
78.9599120000000028
20
-167.5817419999999913
11
79.0551499999999976
21
-167.7722189999999785
0
LINE
8
BLACK
6
CONTINUOUS
10
79.0551499999999976
20
-167.7722189999999785
11
79.0551499999999976
21
-168.8198380000000043
0
LINE
8
BLACK
6
CONTINUOUS
10
82.9599120000000028
20
-166.724599999999981
11
81.2456269999999989
21
-169.2960279999999784
0
LINE
8
BLACK
6
CONTINUOUS
10
85.5313409999999976
20
-166.8198380000000043
11
85.721817999999999
21
-166.8198380000000043
0
LINE
8
BLACK
6
CONTINUOUS
10
85.721817999999999
20
-166.8198380000000043
11
85.9122940000000028
21
-166.9150759999999991
0
LINE
8
BLACK
6
CONTINUOUS
10
85.9122940000000028
20
-166.9150759999999991
11
86.0075319999999977
21
-167.0103139999999939
0
LINE
8
BLACK
6
CONTINUOUS
10
86.0075319999999977
20
-167.0103139999999939
11
86.1027699999999925
21
-167.2007899999999836
0
LINE
8
BLACK
6
CONTINUOUS
10
86.1027699999999925
20
-167.2007899999999836
11
86.1980080000000015
21
-167.5817419999999913
0
LINE
8
BLACK
6
CONTINUOUS
10
86.1980080000000015
20
-167.5817419999999913
11
86.1980080000000015
21
-168.0579329999999914
0
LINE
8
BLACK
6
CONTINUOUS
10
86.1980080000000015
20
-168.0579329999999914
11
86.1027699999999925
21
-168.4388849999999991
0
LINE
8
BLACK
6
CONTINUOUS
10
86.1027699999999925
20
-168.4388849999999991
11
86.0075319999999977
21
-168.6293609999999887
0
LINE
8
BLACK
6
CONTINUOUS
10
86.0075319999999977
20
-168.6293609999999887
11
85.9122940000000028
21
-168.724599999999981
0
LINE
8
BLACK
6
CONTINUOUS
10
85.9122940000000028
20
-168.724599999999981
11
85.721817999999999
21
-168.8198380000000043
0
LINE
8
BLACK
6
CONTINUOUS
10
85.721817999999999
20
-168.8198380000000043
11
85.5313409999999976
21
-168.8198380000000043
0
LINE
8
BLACK
6
CONTINUOUS
10
85.5313409999999976
20
-168.8198380000000043
11
85.3408649999999938
21
-168.724599999999981
0
LINE
8
BLACK
6
CONTINUOUS
10
85.3408649999999938
20
-168.724599999999981
11
85.2456269999999989
21
-168.6293609999999887
0
LINE
8
BLACK
6
CONTINUOUS
10
85.2456269999999989
20
-168.6293609999999887
11
85.1503889999999899
21
-168.4388849999999991
0
LINE
8
BLACK
6
CONTINUOUS
10
85.1503889999999899
20
-168.4388849999999991
11
85.0551509999999951
21
-168.0579329999999914
0
LINE
8
BLACK
6
CONTINUOUS
10
85.0551509999999951
20
-168.0579329999999914
11
85.0551509999999951
21
-167.5817419999999913
0
LINE
8
BLACK
6
CONTINUOUS
10
85.0551509999999951
20
-167.5817419999999913
11
85.1503889999999899
21
-167.2007899999999836
0
LINE
8
BLACK
6
CONTINUOUS
10
85.1503889999999899
20
-167.2007899999999836
11
85.2456269999999989
21
-167.0103139999999939
0
LINE
8
BLACK
6
CONTINUOUS
10
85.2456269999999989
20
-167.0103139999999939
11
85.3408649999999938
21
-166.9150759999999991
0
LINE
8
BLACK
6
CONTINUOUS
10
85.3408649999999938
20
-166.9150759999999991
11
85.5313409999999976
21
-166.8198380000000043
0
LINE
8
BLACK
6
CONTINUOUS
10
87.0551509999999951
20
-168.6293609999999887
11
87.1503889999999899
21
-168.724599999999981
0
LINE
8
BLACK
6
CONTINUOUS
10
87.1503889999999899
20
-168.724599999999981
11
87.0551509999999951
21
-168.8198380000000043
0
LINE
8
BLACK
6
CONTINUOUS
10
87.0551509999999951
20
-168.8198380000000043
11
86.9599130000000002
21
-168.724599999999981
0
LINE
8
BLACK
6
CONTINUOUS
10
86.9599130000000002
20
-168.724599999999981
11
87.0551509999999951
21
-168.6293609999999887
0
LINE
8
BLACK
6
CONTINUOUS
10
87.0551509999999951
20
-168.6293609999999887
11
87.0551509999999951
21
-168.8198380000000043
0
LINE
8
BLACK
6
CONTINUOUS
10
88.3884839999999912
20
-166.8198380000000043
11
88.5789609999999925
21
-166.8198380000000043
0
LINE
8
BLACK
6
CONTINUOUS
10
88.5789609999999925
20
-166.8198380000000043
11
88.7694369999999964
21
-166.9150759999999991
0
LINE
8
BLACK
6
CONTINUOUS
10
88.7694369999999964
20
-166.9150759999999991
11
88.8646749999999912
21
-167.0103139999999939
0
LINE
8
BLACK
6
CONTINUOUS
10
88.8646749999999912
20
-167.0103139999999939
11
88.9599130000000002
21
-167.2007899999999836
0
LINE
8
BLACK
6
CONTINUOUS
10
88.9599130000000002
20
-167.2007899999999836
11
89.0551509999999951
21
-167.5817419999999913
0
LINE
8
BLACK
6
CONTINUOUS
10
89.0551509999999951
20
-167.5817419999999913
11
89.0551509999999951
21
-168.0579329999999914
0
LINE
8
BLACK
6
CONTINUOUS
10
89.0551509999999951
20
-168.0579329999999914
11
88.9599130000000002
21
-168.4388849999999991
0
LINE
8
BLACK
6
CONTINUOUS
10
88.9599130000000002
20
-168.4388849999999991
11
88.8646749999999912
21
-168.6293609999999887
0
LINE
8
BLACK
6
CONTINUOUS
10
88.8646749999999912
20
-168.6293609999999887
11
88.7694369999999964
21
-168.724599999999981
0
LINE
8
BLACK
6
CONTINUOUS
10
88.7694369999999964
20
-168.724599999999981
11
88.5789609999999925
21
-168.8198380000000043
0
LINE
8
BLACK
6
CONTINUOUS
10
88.5789609999999925
20
-168.8198380000000043
11
88.3884839999999912
21
-168.8198380000000043
0
LINE
8
BLACK
6
CONTINUOUS
10
88.3884839999999912
20
-168.8198380000000043
11
88.1980080000000015
21
-168.724599999999981
0
LINE
8
BLACK
6
CONTINUOUS
10
88.1980080000000015
20
-168.724599999999981
11
88.1027699999999925
21
-168.6293609999999887
0
LINE
8
BLACK
6
CONTINUOUS
10
88.1027699999999925
20
-168.6293609999999887
11
88.0075319999999977
21
-168.4388849999999991
0
LINE
8
BLACK
6
CONTINUOUS
10
88.0075319999999977
20
-168.4388849999999991
11
87.9122940000000028
21
-168.0579329999999914
0
LINE
8
BLACK
6
CONTINUOUS
10
87.9122940000000028
20
-168.0579329999999914
11
87.9122940000000028
21
-167.5817419999999913
0
LINE
8
BLACK
6
CONTINUOUS
10
87.9122940000000028
20
-167.5817419999999913
11
88.0075319999999977
21
-167.2007899999999836
0
LINE
8
BLACK
6
CONTINUOUS
10
88.0075319999999977
20
-167.2007899999999836
11
88.1027699999999925
21
-167.0103139999999939
0
LINE
8
BLACK
6
CONTINUOUS
10
88.1027699999999925
20
-167.0103139999999939
11
88.1980080000000015
21
-166.9150759999999991
0
LINE
8
BLACK
6
CONTINUOUS
10
88.1980080000000015
20
-166.9150759999999991
11
88.3884839999999912
21
-166.8198380000000043
0
LINE
8
BLACK
6
CONTINUOUS
10
90.9599130000000002
20
-168.8198380000000043
11
89.8170559999999938
21
-168.8198380000000043
0
LINE
8
BLACK
6
CONTINUOUS
10
90.3884839999999912
20
-168.8198380000000043
11
90.3884839999999912
21
-166.8198380000000043
0
LINE
8
BLACK
6
CONTINUOUS
10
90.3884839999999912
20
-166.8198380000000043
11
90.1980080000000015
21
-167.1055519999999888
0
LINE
8
BLACK
6
CONTINUOUS
10
90.1980080000000015
20
-167.1055519999999888
11
90.0075319999999977
21
-167.2960279999999784
0
LINE
8
BLACK
6
CONTINUOUS
10
90.0075319999999977
20
-167.2960279999999784
11
89.8170559999999938
21
-167.3912660000000017
0
LINE
8
BLACK
6
CONTINUOUS
10
92.8646749999999912
20
-168.8198380000000043
11
91.721817999999999
21
-168.8198380000000043
0
LINE
8
BLACK
6
CONTINUOUS
10
92.2932459999999963
20
-168.8198380000000043
11
92.2932459999999963
21
-166.8198380000000043
0
LINE
8
BLACK
6
CONTINUOUS
10
92.2932459999999963
20
-166.8198380000000043
11
92.1027699999999925
21
-167.1055519999999888
0
LINE
8
BLACK
6
CONTINUOUS
10
92.1027699999999925
20
-167.1055519999999888
11
91.9122940000000028
21
-167.2960279999999784
0
LINE
8
BLACK
6
CONTINUOUS
10
91.9122940000000028
20
-167.2960279999999784
11
91.721817999999999
21
-167.3912660000000017
0
LINE
8
BLACK
6
CONTINUOUS
10
94.0075319999999977
20
-167.6769799999999861
11
93.8170559999999938
21
-167.5817419999999913
0
LINE
8
BLACK
6
CONTINUOUS
10
93.8170559999999938
20
-167.5817419999999913
11
93.721817999999999
21
-167.4865039999999965
0
LINE
8
BLACK
6
CONTINUOUS
10
93.721817999999999
20
-167.4865039999999965
11
93.6265799999999899
21
-167.2960279999999784
0
LINE
8
BLACK
6
CONTINUOUS
10
93.6265799999999899
20
-167.2960279999999784
11
93.6265799999999899
21
-167.2007899999999836
0
LINE
8
BLACK
6
CONTINUOUS
10
93.6265799999999899
20
-167.2007899999999836
11
93.721817999999999
21
-167.0103139999999939
0
LINE
8
BLACK
6
CONTINUOUS
10
93.721817999999999
20
-167.0103139999999939
11
93.8170559999999938
21
-166.9150759999999991
0
LINE
8
BLACK
6
CONTINUOUS
10
93.8170559999999938
20
-166.9150759999999991
11
94.0075319999999977
21
-166.8198380000000043
0
LINE
8
BLACK
6
CONTINUOUS
10
94.0075319999999977
20
-166.8198380000000043
11
94.3884849999999886
21
-166.8198380000000043
0
LINE
8
BLACK
6
CONTINUOUS
10
94.3884849999999886
20
-166.8198380000000043
11
94.5789609999999925
21
-166.9150759999999991
0
LINE
8
BLACK
6
CONTINUOUS
10
94.5789609999999925
20
-166.9150759999999991
11
94.6741990000000015
21
-167.0103139999999939
0
LINE
8
BLACK
6
CONTINUOUS
10
94.6741990000000015
20
-167.0103139999999939
11
94.7694369999999964
21
-167.2007899999999836
0
LINE
8
BLACK
6
CONTINUOUS
10
94.7694369999999964
20
-167.2007899999999836
11
94.7694369999999964
21
-167.2960279999999784
0
LINE
8
BLACK
6
CONTINUOUS
10
94.7694369999999964
20
-167.2960279999999784
11
94.6741990000000015
21
-167.4865039999999965
0
LINE
8
BLACK
6
CONTINUOUS
10
94.6741990000000015
20
-167.4865039999999965
11
94.5789609999999925
21
-167.5817419999999913
0
LINE
8
BLACK
6
CONTINUOUS
10
94.5789609999999925
20
-167.5817419999999913
11
94.3884849999999886
21
-167.6769799999999861
0
LINE
8
BLACK
6
CONTINUOUS
10
94.3884849999999886
20
-167.6769799999999861
11
94.0075319999999977
21
-167.6769799999999861
0
LINE
8
BLACK
6
CONTINUOUS
10
94.0075319999999977
20
-167.6769799999999861
11
93.8170559999999938
21
-167.7722189999999785
0
LINE
8
BLACK
6
CONTINUOUS
10
93.8170559999999938
20
-167.7722189999999785
11
93.721817999999999
21
-167.8674570000000017
0
LINE
8
BLACK
6
CONTINUOUS
10
93.721817999999999
20
-167.8674570000000017
11
93.6265799999999899
21
-168.0579329999999914
0
LINE
8
BLACK
6
CONTINUOUS
10
93.6265799999999899
20
-168.0579329999999914
11
93.6265799999999899
21
-168.4388849999999991
0
LINE
8
BLACK
6
CONTINUOUS
10
93.6265799999999899
20
-168.4388849999999991
11
93.721817999999999
21
-168.6293609999999887
0
LINE
8
BLACK
6
CONTINUOUS
10
93.721817999999999
20
-168.6293609999999887
11
93.8170559999999938
21
-168.724599999999981
0
LINE
8
BLACK
6
CONTINUOUS
10
93.8170559999999938
20
-168.724599999999981
11
94.0075319999999977
21
-168.8198380000000043
0
LINE
8
BLACK
6
CONTINUOUS
10
94.0075319999999977
20
-168.8198380000000043
11
94.3884849999999886
21
-168.8198380000000043
0
LINE
8
BLACK
6
CONTINUOUS
10
94.3884849999999886
20
-168.8198380000000043
11
94.5789609999999925
21
-168.724599999999981
0
LINE
8
BLACK
6
CONTINUOUS
10
94.5789609999999925
20
-168.724599999999981
11
94.6741990000000015
21
-168.6293609999999887
0
LINE
8
BLACK
6
CONTINUOUS
10
94.6741990000000015
20
-168.6293609999999887
11
94.7694369999999964
21
-168.4388849999999991
0
LINE
8
BLACK
6
CONTINUOUS
10
94.7694369999999964
20
-168.4388849999999991
11
94.7694369999999964
21
-168.0579329999999914
0
LINE
8
BLACK
6
CONTINUOUS
10
94.7694369999999964
20
-168.0579329999999914
11
94.6741990000000015
21
-167.8674570000000017
0
LINE
8
BLACK
6
CONTINUOUS
10
94.6741990000000015
20
-167.8674570000000017
11
94.5789609999999925
21
-167.7722189999999785
0
LINE
8
BLACK
6
CONTINUOUS
10
94.5789609999999925
20
-167.7722189999999785
11
94.3884849999999886
21
-167.6769799999999861
0
LINE
8
BLACK
6
CONTINUOUS
10
95.5313419999999951
20
-166.8198380000000043
11
95.5313419999999951
21
-167.2007899999999836
0
LINE
8
BLACK
6
CONTINUOUS
10
96.2932469999999938
20
-166.8198380000000043
11
96.2932469999999938
21
-167.2007899999999836
0
LINE
8
BLACK
6
CONTINUOUS
10
99.2456289999999939
20
-169.5817419999999913
11
99.1503900000000016
21
-169.4865039999999965
0
LINE
8
BLACK
6
CONTINUOUS
10
99.1503900000000016
20
-169.4865039999999965
11
98.9599139999999977
21
-169.2007899999999836
0
LINE
8
BLACK
6
CONTINUOUS
10
98.9599139999999977
20
-169.2007899999999836
11
98.8646759999999887
21
-169.0103139999999939
0
LINE
8
BLACK
6
CONTINUOUS
10
98.8646759999999887
20
-169.0103139999999939
11
98.7694379999999938
21
-168.724599999999981
0
LINE
8
BLACK
6
CONTINUOUS
10
98.7694379999999938
20
-168.724599999999981
11
98.674199999999999
21
-168.248408999999981
0
LINE
8
BLACK
6
CONTINUOUS
10
98.674199999999999
20
-168.248408999999981
11
98.674199999999999
21
-167.8674570000000017
0
LINE
8
BLACK
6
CONTINUOUS
10
98.674199999999999
20
-167.8674570000000017
11
98.7694379999999938
21
-167.3912660000000017
0
LINE
8
BLACK
6
CONTINUOUS
10
98.7694379999999938
20
-167.3912660000000017
11
98.8646759999999887
21
-167.1055519999999888
0
LINE
8
BLACK
6
CONTINUOUS
10
98.8646759999999887
20
-167.1055519999999888
11
98.9599139999999977
21
-166.9150759999999991
0
LINE
8
BLACK
6
CONTINUOUS
10
98.9599139999999977
20
-166.9150759999999991
11
99.1503900000000016
21
-166.6293609999999887
0
LINE
8
BLACK
6
CONTINUOUS
10
99.1503900000000016
20
-166.6293609999999887
11
99.2456289999999939
21
-166.5341229999999939
0
LINE
8
BLACK
6
CONTINUOUS
10
99.9122950000000003
20
-167.0103139999999939
11
100.0075329999999951
21
-166.9150759999999991
0
LINE
8
BLACK
6
CONTINUOUS
10
100.0075329999999951
20
-166.9150759999999991
11
100.198008999999999
21
-166.8198380000000043
0
LINE
8
BLACK
6
CONTINUOUS
10
100.198008999999999
20
-166.8198380000000043
11
100.674199999999999
21
-166.8198380000000043
0
LINE
8
BLACK
6
CONTINUOUS
10
100.674199999999999
20
-166.8198380000000043
11
100.8646759999999887
21
-166.9150759999999991
0
LINE
8
BLACK
6
CONTINUOUS
10
100.8646759999999887
20
-166.9150759999999991
11
100.9599139999999977
21
-167.0103139999999939
0
LINE
8
BLACK
6
CONTINUOUS
10
100.9599139999999977
20
-167.0103139999999939
11
101.0551519999999925
21
-167.2007899999999836
0
LINE
8
BLACK
6
CONTINUOUS
10
101.0551519999999925
20
-167.2007899999999836
11
101.0551519999999925
21
-167.3912660000000017
0
LINE
8
BLACK
6
CONTINUOUS
10
101.0551519999999925
20
-167.3912660000000017
11
100.9599139999999977
21
-167.6769799999999861
0
LINE
8
BLACK
6
CONTINUOUS
10
100.9599139999999977
20
-167.6769799999999861
11
99.8170569999999913
21
-168.8198380000000043
0
LINE
8
BLACK
6
CONTINUOUS
10
99.8170569999999913
20
-168.8198380000000043
11
101.0551519999999925
21
-168.8198380000000043
0
LINE
8
BLACK
6
CONTINUOUS
10
102.0075329999999951
20
-168.8198380000000043
11
102.3884849999999886
21
-168.8198380000000043
0
LINE
8
BLACK
6
CONTINUOUS
10
102.3884849999999886
20
-168.8198380000000043
11
102.57896199999999
21
-168.724599999999981
0
LINE
8
BLACK
6
CONTINUOUS
10
102.57896199999999
20
-168.724599999999981
11
102.674199999999999
21
-168.6293609999999887
0
LINE
8
BLACK
6
CONTINUOUS
10
102.674199999999999
20
-168.6293609999999887
11
102.8646759999999887
21
-168.3436470000000043
0
LINE
8
BLACK
6
CONTINUOUS
10
102.8646759999999887
20
-168.3436470000000043
11
102.9599139999999977
21
-167.9626949999999965
0
LINE
8
BLACK
6
CONTINUOUS
10
102.9599139999999977
20
-167.9626949999999965
11
102.9599139999999977
21
-167.2007899999999836
0
LINE
8
BLACK
6
CONTINUOUS
10
102.9599139999999977
20
-167.2007899999999836
11
102.8646759999999887
21
-167.0103139999999939
0
LINE
8
BLACK
6
CONTINUOUS
10
102.8646759999999887
20
-167.0103139999999939
11
102.7694379999999938
21
-166.9150759999999991
0
LINE
8
BLACK
6
CONTINUOUS
10
102.7694379999999938
20
-166.9150759999999991
11
102.57896199999999
21
-166.8198380000000043
0
LINE
8
BLACK
6
CONTINUOUS
10
102.57896199999999
20
-166.8198380000000043
11
102.198008999999999
21
-166.8198380000000043
0
LINE
8
BLACK
6
CONTINUOUS
10
102.198008999999999
20
-166.8198380000000043
11
102.0075329999999951
21
-166.9150759999999991
0
LINE
8
BLACK
6
CONTINUOUS
10
102.0075329999999951
20
-166.9150759999999991
11
101.9122950000000003
21
-167.0103139999999939
0
LINE
8
BLACK
6
CONTINUOUS
10
101.9122950000000003
20
-167.0103139999999939
11
101.8170569999999913
21
-167.2007899999999836
0
LINE
8
BLACK
6
CONTINUOUS
10
101.8170569999999913
20
-167.2007899999999836
11
101.8170569999999913
21
-167.6769799999999861
0
LINE
8
BLACK
6
CONTINUOUS
10
101.8170569999999913
20
-167.6769799999999861
11
101.9122950000000003
21
-167.8674570000000017
0
LINE
8
BLACK
6
CONTINUOUS
10
101.9122950000000003
20
-167.8674570000000017
11
102.0075329999999951
21
-167.9626949999999965
0
LINE
8
BLACK
6
CONTINUOUS
10
102.0075329999999951
20
-167.9626949999999965
11
102.198008999999999
21
-168.0579329999999914
0
LINE
8
BLACK
6
CONTINUOUS
10
102.198008999999999
20
-168.0579329999999914
11
102.57896199999999
21
-168.0579329999999914
0
LINE
8
BLACK
6
CONTINUOUS
10
102.57896199999999
20
-168.0579329999999914
11
102.7694379999999938
21
-167.9626949999999965
0
LINE
8
BLACK
6
CONTINUOUS
10
102.7694379999999938
20
-167.9626949999999965
11
102.8646759999999887
21
-167.8674570000000017
0
LINE
8
BLACK
6
CONTINUOUS
10
102.8646759999999887
20
-167.8674570000000017
11
102.9599139999999977
21
-167.6769799999999861
0
LINE
8
BLACK
6
CONTINUOUS
10
103.7218189999999964
20
-167.0103139999999939
11
103.8170569999999913
21
-166.9150759999999991
0
LINE
8
BLACK
6
CONTINUOUS
10
103.8170569999999913
20
-166.9150759999999991
11
104.0075329999999951
21
-166.8198380000000043
0
LINE
8
BLACK
6
CONTINUOUS
10
104.0075329999999951
20
-166.8198380000000043
11
104.4837239999999952
21
-166.8198380000000043
0
LINE
8
BLACK
6
CONTINUOUS
10
104.4837239999999952
20
-166.8198380000000043
11
104.674199999999999
21
-166.9150759999999991
0
LINE
8
BLACK
6
CONTINUOUS
10
104.674199999999999
20
-166.9150759999999991
11
104.7694379999999938
21
-167.0103139999999939
0
LINE
8
BLACK
6
CONTINUOUS
10
104.7694379999999938
20
-167.0103139999999939
11
104.8646759999999887
21
-167.2007899999999836
0
LINE
8
BLACK
6
CONTINUOUS
10
104.8646759999999887
20
-167.2007899999999836
11
104.8646759999999887
21
-167.3912660000000017
0
LINE
8
BLACK
6
CONTINUOUS
10
104.8646759999999887
20
-167.3912660000000017
11
104.7694379999999938
21
-167.6769799999999861
0
LINE
8
BLACK
6
CONTINUOUS
10
104.7694379999999938
20
-167.6769799999999861
11
103.6265810000000016
21
-168.8198380000000043
0
LINE
8
BLACK
6
CONTINUOUS
10
103.6265810000000016
20
-168.8198380000000043
11
104.8646759999999887
21
-168.8198380000000043
0
LINE
8
BLACK
6
CONTINUOUS
10
107.2456289999999939
20
-168.8198380000000043
11
107.2456289999999939
21
-166.8198380000000043
0
LINE
8
BLACK
6
CONTINUOUS
10
108.1027720000000016
20
-168.8198380000000043
11
108.1027720000000016
21
-167.7722189999999785
0
LINE
8
BLACK
6
CONTINUOUS
10
108.1027720000000016
20
-167.7722189999999785
11
108.0075339999999926
21
-167.5817419999999913
0
LINE
8
BLACK
6
CONTINUOUS
10
108.0075339999999926
20
-167.5817419999999913
11
107.8170579999999887
21
-167.4865039999999965
0
LINE
8
BLACK
6
CONTINUOUS
10
107.8170579999999887
20
-167.4865039999999965
11
107.5313429999999926
21
-167.4865039999999965
0
LINE
8
BLACK
6
CONTINUOUS
10
107.5313429999999926
20
-167.4865039999999965
11
107.3408669999999887
21
-167.5817419999999913
0
LINE
8
BLACK
6
CONTINUOUS
10
107.3408669999999887
20
-167.5817419999999913
11
107.2456289999999939
21
-167.6769799999999861
0
LINE
8
BLACK
6
CONTINUOUS
10
109.3408669999999887
20
-168.8198380000000043
11
109.1503909999999991
21
-168.724599999999981
0
LINE
8
BLACK
6
CONTINUOUS
10
109.1503909999999991
20
-168.724599999999981
11
109.05515299999999
21
-168.6293609999999887
0
LINE
8
BLACK
6
CONTINUOUS
10
109.05515299999999
20
-168.6293609999999887
11
108.9599149999999952
21
-168.4388849999999991
0
LINE
8
BLACK
6
CONTINUOUS
10
108.9599149999999952
20
-168.4388849999999991
11
108.9599149999999952
21
-167.8674570000000017
0
LINE
8
BLACK
6
CONTINUOUS
10
108.9599149999999952
20
-167.8674570000000017
11
109.05515299999999
21
-167.6769799999999861
0
LINE
8
BLACK
6
CONTINUOUS
10
109.05515299999999
20
-167.6769799999999861
11
109.1503909999999991
21
-167.5817419999999913
0
LINE
8
BLACK
6
CONTINUOUS
10
109.1503909999999991
20
-167.5817419999999913
11
109.3408669999999887
21
-167.4865039999999965
0
LINE
8
BLACK
6
CONTINUOUS
10
109.3408669999999887
20
-167.4865039999999965
11
109.6265819999999991
21
-167.4865039999999965
0
LINE
8
BLACK
6
CONTINUOUS
10
109.6265819999999991
20
-167.4865039999999965
11
109.8170579999999887
21
-167.5817419999999913
0
LINE
8
BLACK
6
CONTINUOUS
10
109.8170579999999887
20
-167.5817419999999913
11
109.9122959999999978
21
-167.6769799999999861
0
LINE
8
BLACK
6
CONTINUOUS
10
109.9122959999999978
20
-167.6769799999999861
11
110.0075339999999926
21
-167.8674570000000017
0
LINE
8
BLACK
6
CONTINUOUS
10
110.0075339999999926
20
-167.8674570000000017
11
110.0075339999999926
21
-168.4388849999999991
0
LINE
8
BLACK
6
CONTINUOUS
10
110.0075339999999926
20
-168.4388849999999991
11
109.9122959999999978
21
-168.6293609999999887
0
LINE
8
BLACK
6
CONTINUOUS
10
109.9122959999999978
20
-168.6293609999999887
11
109.8170579999999887
21
-168.724599999999981
0
LINE
8
BLACK
6
CONTINUOUS
10
109.8170579999999887
20
-168.724599999999981
11
109.6265819999999991
21
-168.8198380000000043
0
LINE
8
BLACK
6
CONTINUOUS
10
109.6265819999999991
20
-168.8198380000000043
11
109.3408669999999887
21
-168.8198380000000043
0
LINE
8
BLACK
6
CONTINUOUS
10
111.1503909999999991
20
-168.8198380000000043
11
110.9599149999999952
21
-168.724599999999981
0
LINE
8
BLACK
6
CONTINUOUS
10
110.9599149999999952
20
-168.724599999999981
11
110.8646770000000004
21
-168.5341229999999939
0
LINE
8
BLACK
6
CONTINUOUS
10
110.8646770000000004
20
-168.5341229999999939
11
110.8646770000000004
21
-166.8198380000000043
0
LINE
8
BLACK
6
CONTINUOUS
10
112.6742009999999965
20
-168.724599999999981
11
112.4837249999999926
21
-168.8198380000000043
0
LINE
8
BLACK
6
CONTINUOUS
10
112.4837249999999926
20
-168.8198380000000043
11
112.1027720000000016
21
-168.8198380000000043
0
LINE
8
BLACK
6
CONTINUOUS
10
112.1027720000000016
20
-168.8198380000000043
11
111.9122959999999978
21
-168.724599999999981
0
LINE
8
BLACK
6
CONTINUOUS
10
111.9122959999999978
20
-168.724599999999981
11
111.8170579999999887
21
-168.5341229999999939
0
LINE
8
BLACK
6
CONTINUOUS
10
111.8170579999999887
20
-168.5341229999999939
11
111.8170579999999887
21
-167.7722189999999785
0
LINE
8
BLACK
6
CONTINUOUS
10
111.8170579999999887
20
-167.7722189999999785
11
111.9122959999999978
21
-167.5817419999999913
0
LINE
8
BLACK
6
CONTINUOUS
10
111.9122959999999978
20
-167.5817419999999913
11
112.1027720000000016
21
-167.4865039999999965
0
LINE
8
BLACK
6
CONTINUOUS
10
112.1027720000000016
20
-167.4865039999999965
11
112.4837249999999926
21
-167.4865039999999965
0
LINE
8
BLACK
6
CONTINUOUS
10
112.4837249999999926
20
-167.4865039999999965
11
112.6742009999999965
21
-167.5817419999999913
0
LINE
8
BLACK
6
CONTINUOUS
10
112.6742009999999965
20
-167.5817419999999913
11
112.7694389999999913
21
-167.7722189999999785
0
LINE
8
BLACK
6
CONTINUOUS
10
112.7694389999999913
20
-167.7722189999999785
11
112.7694389999999913
21
-167.9626949999999965
0
LINE
8
BLACK
6
CONTINUOUS
10
112.7694389999999913
20
-167.9626949999999965
11
111.8170579999999887
21
-168.1531709999999862
0
LINE
8
BLACK
6
CONTINUOUS
10
113.53134399999999
20
-168.724599999999981
11
113.7218199999999939
21
-168.8198380000000043
0
LINE
8
BLACK
6
CONTINUOUS
10
113.7218199999999939
20
-168.8198380000000043
11
114.1027720000000016
21
-168.8198380000000043
0
LINE
8
BLACK
6
CONTINUOUS
10
114.1027720000000016
20
-168.8198380000000043
11
114.2932489999999888
21
-168.724599999999981
0
LINE
8
BLACK
6
CONTINUOUS
10
114.2932489999999888
20
-168.724599999999981
11
114.3884869999999978
21
-168.5341229999999939
0
LINE
8
BLACK
6
CONTINUOUS
10
114.3884869999999978
20
-168.5341229999999939
11
114.3884869999999978
21
-168.4388849999999991
0
LINE
8
BLACK
6
CONTINUOUS
10
114.3884869999999978
20
-168.4388849999999991
11
114.2932489999999888
21
-168.248408999999981
0
LINE
8
BLACK
6
CONTINUOUS
10
114.2932489999999888
20
-168.248408999999981
11
114.1027720000000016
21
-168.1531709999999862
0
LINE
8
BLACK
6
CONTINUOUS
10
114.1027720000000016
20
-168.1531709999999862
11
113.8170579999999887
21
-168.1531709999999862
0
LINE
8
BLACK
6
CONTINUOUS
10
113.8170579999999887
20
-168.1531709999999862
11
113.6265819999999991
21
-168.0579329999999914
0
LINE
8
BLACK
6
CONTINUOUS
10
113.6265819999999991
20
-168.0579329999999914
11
113.53134399999999
21
-167.8674570000000017
0
LINE
8
BLACK
6
CONTINUOUS
10
113.53134399999999
20
-167.8674570000000017
11
113.53134399999999
21
-167.7722189999999785
0
LINE
8
BLACK
6
CONTINUOUS
10
113.53134399999999
20
-167.7722189999999785
11
113.6265819999999991
21
-167.5817419999999913
0
LINE
8
BLACK
6
CONTINUOUS
10
113.6265819999999991
20
-167.5817419999999913
11
113.8170579999999887
21
-167.4865039999999965
0
LINE
8
BLACK
6
CONTINUOUS
10
113.8170579999999887
20
-167.4865039999999965
11
114.1027720000000016
21
-167.4865039999999965
0
LINE
8
BLACK
6
CONTINUOUS
10
114.1027720000000016
20
-167.4865039999999965
11
114.2932489999999888
21
-167.5817419999999913
0
LINE
8
BLACK
6
CONTINUOUS
10
115.0551540000000017
20
-169.5817419999999913
11
115.1503919999999965
21
-169.4865039999999965
0
LINE
8
BLACK
6
CONTINUOUS
10
115.1503919999999965
20
-169.4865039999999965
11
115.3408680000000004
21
-169.2007899999999836
0
LINE
8
BLACK
6
CONTINUOUS
10
115.3408680000000004
20
-169.2007899999999836
11
115.4361059999999952
21
-169.0103139999999939
0
LINE
8
BLACK
6
CONTINUOUS
10
115.4361059999999952
20
-169.0103139999999939
11
115.53134399999999
21
-168.724599999999981
0
LINE
8
BLACK
6
CONTINUOUS
10
115.53134399999999
20
-168.724599999999981
11
115.6265819999999991
21
-168.248408999999981
0
LINE
8
BLACK
6
CONTINUOUS
10
115.6265819999999991
20
-168.248408999999981
11
115.6265819999999991
21
-167.8674570000000017
0
LINE
8
BLACK
6
CONTINUOUS
10
115.6265819999999991
20
-167.8674570000000017
11
115.53134399999999
21
-167.3912660000000017
0
LINE
8
BLACK
6
CONTINUOUS
10
115.53134399999999
20
-167.3912660000000017
11
115.4361059999999952
21
-167.1055519999999888
0
LINE
8
BLACK
6
CONTINUOUS
10
115.4361059999999952
20
-167.1055519999999888
11
115.3408680000000004
21
-166.9150759999999991
0
LINE
8
BLACK
6
CONTINUOUS
10
115.3408680000000004
20
-166.9150759999999991
11
115.1503919999999965
21
-166.6293609999999887
0
LINE
8
BLACK
6
CONTINUOUS
10
115.1503919999999965
20
-166.6293609999999887
11
115.0551540000000017
21
-166.5341229999999939
0
CIRCLE
8
BLACK
10
63.2449999999999974
20
-170.5449999999999875
40
0.25
0
LINE
8
BLACK
6
CONTINUOUS
10
66.483719999999991
20
-169.4598379999999906
11
66.6741969999999924
21
-169.4598379999999906
0
LINE
8
BLACK
6
CONTINUOUS
10
66.6741969999999924
20
-169.4598379999999906
11
66.8646729999999963
21
-169.5550759999999855
0
LINE
8
BLACK
6
CONTINUOUS
10
66.8646729999999963
20
-169.5550759999999855
11
66.9599109999999911
21
-169.6503139999999803
0
LINE
8
BLACK
6
CONTINUOUS
10
66.9599109999999911
20
-169.6503139999999803
11
67.0551490000000001
21
-169.8407899999999984
0
LINE
8
BLACK
6
CONTINUOUS
10
67.0551490000000001
20
-169.8407899999999984
11
67.1503869999999949
21
-170.2217420000000061
0
LINE
8
BLACK
6
CONTINUOUS
10
67.1503869999999949
20
-170.2217420000000061
11
67.1503869999999949
21
-170.6979330000000061
0
LINE
8
BLACK
6
CONTINUOUS
10
67.1503869999999949
20
-170.6979330000000061
11
67.0551490000000001
21
-171.0788849999999854
0
LINE
8
BLACK
6
CONTINUOUS
10
67.0551490000000001
20
-171.0788849999999854
11
66.9599109999999911
21
-171.2693610000000035
0
LINE
8
BLACK
6
CONTINUOUS
10
66.9599109999999911
20
-171.2693610000000035
11
66.8646729999999963
21
-171.3645999999999958
0
LINE
8
BLACK
6
CONTINUOUS
10
66.8646729999999963
20
-171.3645999999999958
11
66.6741969999999924
21
-171.4598379999999906
0
LINE
8
BLACK
6
CONTINUOUS
10
66.6741969999999924
20
-171.4598379999999906
11
66.483719999999991
21
-171.4598379999999906
0
LINE
8
BLACK
6
CONTINUOUS
10
66.483719999999991
20
-171.4598379999999906
11
66.2932440000000014
21
-171.3645999999999958
0
LINE
8
BLACK
6
CONTINUOUS
10
66.2932440000000014
20
-171.3645999999999958
11
66.1980059999999924
21
-171.2693610000000035
0
LINE
8
BLACK
6
CONTINUOUS
10
66.1980059999999924
20
-171.2693610000000035
11
66.1027679999999975
21
-171.0788849999999854
0
LINE
8
BLACK
6
CONTINUOUS
10
66.1027679999999975
20
-171.0788849999999854
11
66.0075300000000027
21
-170.6979330000000061
0
LINE
8
BLACK
6
CONTINUOUS
10
66.0075300000000027
20
-170.6979330000000061
11
66.0075300000000027
21
-170.2217420000000061
0
LINE
8
BLACK
6
CONTINUOUS
10
66.0075300000000027
20
-170.2217420000000061
11
66.1027679999999975
21
-169.8407899999999984
0
LINE
8
BLACK
6
CONTINUOUS
10
66.1027679999999975
20
-169.8407899999999984
11
66.1980059999999924
21
-169.6503139999999803
0
LINE
8
BLACK
6
CONTINUOUS
10
66.1980059999999924
20
-169.6503139999999803
11
66.2932440000000014
21
-169.5550759999999855
0
LINE
8
BLACK
6
CONTINUOUS
10
66.2932440000000014
20
-169.5550759999999855
11
66.483719999999991
21
-169.4598379999999906
0
LINE
8
BLACK
6
CONTINUOUS
10
68.0075300000000027
20
-171.2693610000000035
11
68.1027679999999975
21
-171.3645999999999958
0
LINE
8
BLACK
6
CONTINUOUS
10
68.1027679999999975
20
-171.3645999999999958
11
68.0075300000000027
21
-171.4598379999999906
0
LINE
8
BLACK
6
CONTINUOUS
10
68.0075300000000027
20
-171.4598379999999906
11
67.9122919999999937
21
-171.3645999999999958
0
LINE
8
BLACK
6
CONTINUOUS
10
67.9122919999999937
20
-171.3645999999999958
11
68.0075300000000027
21
-171.2693610000000035
0
LINE
8
BLACK
6
CONTINUOUS
10
68.0075300000000027
20
-171.2693610000000035
11
68.0075300000000027
21
-171.4598379999999906
0
LINE
8
BLACK
6
CONTINUOUS
10
69.9122919999999937
20
-169.4598379999999906
11
68.9599109999999911
21
-169.4598379999999906
0
LINE
8
BLACK
6
CONTINUOUS
10
68.9599109999999911
20
-169.4598379999999906
11
68.8646729999999963
21
-170.4122189999999932
0
LINE
8
BLACK
6
CONTINUOUS
10
68.8646729999999963
20
-170.4122189999999932
11
68.9599109999999911
21
-170.3169800000000009
0
LINE
8
BLACK
6
CONTINUOUS
10
68.9599109999999911
20
-170.3169800000000009
11
69.1503869999999949
21
-170.2217420000000061
0
LINE
8
BLACK
6
CONTINUOUS
10
69.1503869999999949
20
-170.2217420000000061
11
69.626577999999995
21
-170.2217420000000061
0
LINE
8
BLACK
6
CONTINUOUS
10
69.626577999999995
20
-170.2217420000000061
11
69.8170539999999988
21
-170.3169800000000009
0
LINE
8
BLACK
6
CONTINUOUS
10
69.8170539999999988
20
-170.3169800000000009
11
69.9122919999999937
21
-170.4122189999999932
0
LINE
8
BLACK
6
CONTINUOUS
10
69.9122919999999937
20
-170.4122189999999932
11
70.0075300000000027
21
-170.6026949999999829
0
LINE
8
BLACK
6
CONTINUOUS
10
70.0075300000000027
20
-170.6026949999999829
11
70.0075300000000027
21
-171.0788849999999854
0
LINE
8
BLACK
6
CONTINUOUS
10
70.0075300000000027
20
-171.0788849999999854
11
69.9122919999999937
21
-171.2693610000000035
0
LINE
8
BLACK
6
CONTINUOUS
10
69.9122919999999937
20
-171.2693610000000035
11
69.8170539999999988
21
-171.3645999999999958
0
LINE
8
BLACK
6
CONTINUOUS
10
69.8170539999999988
20
-171.3645999999999958
11
69.626577999999995
21
-171.4598379999999906
0
LINE
8
BLACK
6
CONTINUOUS
10
69.626577999999995
20
-171.4598379999999906
11
69.1503869999999949
21
-171.4598379999999906
0
LINE
8
BLACK
6
CONTINUOUS
10
69.1503869999999949
20
-171.4598379999999906
11
68.9599109999999911
21
-171.3645999999999958
0
LINE
8
BLACK
6
CONTINUOUS
10
68.9599109999999911
20
-171.3645999999999958
11
68.8646729999999963
21
-171.2693610000000035
0
LINE
8
BLACK
6
CONTINUOUS
10
71.2456249999999898
20
-169.4598379999999906
11
71.4361019999999911
21
-169.4598379999999906
0
LINE
8
BLACK
6
CONTINUOUS
10
71.4361019999999911
20
-169.4598379999999906
11
71.626577999999995
21
-169.5550759999999855
0
LINE
8
BLACK
6
CONTINUOUS
10
71.626577999999995
20
-169.5550759999999855
11
71.7218159999999898
21
-169.6503139999999803
0
LINE
8
BLACK
6
CONTINUOUS
10
71.7218159999999898
20
-169.6503139999999803
11
71.8170539999999988
21
-169.8407899999999984
0
LINE
8
BLACK
6
CONTINUOUS
10
71.8170539999999988
20
-169.8407899999999984
11
71.9122919999999937
21
-170.2217420000000061
0
LINE
8
BLACK
6
CONTINUOUS
10
71.9122919999999937
20
-170.2217420000000061
11
71.9122919999999937
21
-170.6979330000000061
0
LINE
8
BLACK
6
CONTINUOUS
10
71.9122919999999937
20
-170.6979330000000061
11
71.8170539999999988
21
-171.0788849999999854
0
LINE
8
BLACK
6
CONTINUOUS
10
71.8170539999999988
20
-171.0788849999999854
11
71.7218159999999898
21
-171.2693610000000035
0
LINE
8
BLACK
6
CONTINUOUS
10
71.7218159999999898
20
-171.2693610000000035
11
71.626577999999995
21
-171.3645999999999958
0
LINE
8
BLACK
6
CONTINUOUS
10
71.626577999999995
20
-171.3645999999999958
11
71.4361019999999911
21
-171.4598379999999906
0
LINE
8
BLACK
6
CONTINUOUS
10
71.4361019999999911
20
-171.4598379999999906
11
71.2456249999999898
21
-171.4598379999999906
0
LINE
8
BLACK
6
CONTINUOUS
10
71.2456249999999898
20
-171.4598379999999906
11
71.0551490000000001
21
-171.3645999999999958
0
LINE
8
BLACK
6
CONTINUOUS
10
71.0551490000000001
20
-171.3645999999999958
11
70.9599109999999911
21
-171.2693610000000035
0
LINE
8
BLACK
6
CONTINUOUS
10
70.9599109999999911
20
-171.2693610000000035
11
70.8646729999999963
21
-171.0788849999999854
0
LINE
8
BLACK
6
CONTINUOUS
10
70.8646729999999963
20
-171.0788849999999854
11
70.7694350000000014
21
-170.6979330000000061
0
LINE
8
BLACK
6
CONTINUOUS
10
70.7694350000000014
20
-170.6979330000000061
11
70.7694350000000014
21
-170.2217420000000061
0
LINE
8
BLACK
6
CONTINUOUS
10
70.7694350000000014
20
-170.2217420000000061
11
70.8646729999999963
21
-169.8407899999999984
0
LINE
8
BLACK
6
CONTINUOUS
10
70.8646729999999963
20
-169.8407899999999984
11
70.9599109999999911
21
-169.6503139999999803
0
LINE
8
BLACK
6
CONTINUOUS
10
70.9599109999999911
20
-169.6503139999999803
11
71.0551490000000001
21
-169.5550759999999855
0
LINE
8
BLACK
6
CONTINUOUS
10
71.0551490000000001
20
-169.5550759999999855
11
71.2456249999999898
21
-169.4598379999999906
0
LINE
8
BLACK
6
CONTINUOUS
10
73.1503869999999949
20
-169.4598379999999906
11
73.3408639999999963
21
-169.4598379999999906
0
LINE
8
BLACK
6
CONTINUOUS
10
73.3408639999999963
20
-169.4598379999999906
11
73.5313400000000001
21
-169.5550759999999855
0
LINE
8
BLACK
6
CONTINUOUS
10
73.5313400000000001
20
-169.5550759999999855
11
73.626577999999995
21
-169.6503139999999803
0
LINE
8
BLACK
6
CONTINUOUS
10
73.626577999999995
20
-169.6503139999999803
11
73.7218159999999898
21
-169.8407899999999984
0
LINE
8
BLACK
6
CONTINUOUS
10
73.7218159999999898
20
-169.8407899999999984
11
73.8170539999999988
21
-170.2217420000000061
0
LINE
8
BLACK
6
CONTINUOUS
10
73.8170539999999988
20
-170.2217420000000061
11
73.8170539999999988
21
-170.6979330000000061
0
LINE
8
BLACK
6
CONTINUOUS
10
73.8170539999999988
20
-170.6979330000000061
11
73.7218159999999898
21
-171.0788849999999854
0
LINE
8
BLACK
6
CONTINUOUS
10
73.7218159999999898
20
-171.0788849999999854
11
73.626577999999995
21
-171.2693610000000035
0
LINE
8
BLACK
6
CONTINUOUS
10
73.626577999999995
20
-171.2693610000000035
11
73.5313400000000001
21
-171.3645999999999958
0
LINE
8
BLACK
6
CONTINUOUS
10
73.5313400000000001
20
-171.3645999999999958
11
73.3408639999999963
21
-171.4598379999999906
0
LINE
8
BLACK
6
CONTINUOUS
10
73.3408639999999963
20
-171.4598379999999906
11
73.1503869999999949
21
-171.4598379999999906
0
LINE
8
BLACK
6
CONTINUOUS
10
73.1503869999999949
20
-171.4598379999999906
11
72.9599109999999911
21
-171.3645999999999958
0
LINE
8
BLACK
6
CONTINUOUS
10
72.9599109999999911
20
-171.3645999999999958
11
72.8646729999999963
21
-171.2693610000000035
0
LINE
8
BLACK
6
CONTINUOUS
10
72.8646729999999963
20
-171.2693610000000035
11
72.7694350000000014
21
-171.0788849999999854
0
LINE
8
BLACK
6
CONTINUOUS
10
72.7694350000000014
20
-171.0788849999999854
11
72.6741969999999924
21
-170.6979330000000061
0
LINE
8
BLACK
6
CONTINUOUS
10
72.6741969999999924
20
-170.6979330000000061
11
72.6741969999999924
21
-170.2217420000000061
0
LINE
8
BLACK
6
CONTINUOUS
10
72.6741969999999924
20
-170.2217420000000061
11
72.7694350000000014
21
-169.8407899999999984
0
LINE
8
BLACK
6
CONTINUOUS
10
72.7694350000000014
20
-169.8407899999999984
11
72.8646729999999963
21
-169.6503139999999803
0
LINE
8
BLACK
6
CONTINUOUS
10
72.8646729999999963
20
-169.6503139999999803
11
72.9599109999999911
21
-169.5550759999999855
0
LINE
8
BLACK
6
CONTINUOUS
10
72.9599109999999911
20
-169.5550759999999855
11
73.1503869999999949
21
-169.4598379999999906
0
LINE
8
BLACK
6
CONTINUOUS
10
74.6741969999999924
20
-171.4598379999999906
11
74.6741969999999924
21
-170.1265039999999829
0
LINE
8
BLACK
6
CONTINUOUS
10
74.6741969999999924
20
-170.3169800000000009
11
74.7694350000000014
21
-170.2217420000000061
0
LINE
8
BLACK
6
CONTINUOUS
10
74.7694350000000014
20
-170.2217420000000061
11
74.9599109999999911
21
-170.1265039999999829
0
LINE
8
BLACK
6
CONTINUOUS
10
74.9599109999999911
20
-170.1265039999999829
11
75.2456260000000015
21
-170.1265039999999829
0
LINE
8
BLACK
6
CONTINUOUS
10
75.2456260000000015
20
-170.1265039999999829
11
75.4361019999999911
21
-170.2217420000000061
0
LINE
8
BLACK
6
CONTINUOUS
10
75.4361019999999911
20
-170.2217420000000061
11
75.5313400000000001
21
-170.4122189999999932
0
LINE
8
BLACK
6
CONTINUOUS
10
75.5313400000000001
20
-170.4122189999999932
11
75.5313400000000001
21
-171.4598379999999906
0
LINE
8
BLACK
6
CONTINUOUS
10
75.5313400000000001
20
-170.4122189999999932
11
75.626577999999995
21
-170.2217420000000061
0
LINE
8
BLACK
6
CONTINUOUS
10
75.626577999999995
20
-170.2217420000000061
11
75.8170539999999988
21
-170.1265039999999829
0
LINE
8
BLACK
6
CONTINUOUS
10
75.8170539999999988
20
-170.1265039999999829
11
76.1027679999999975
21
-170.1265039999999829
0
LINE
8
BLACK
6
CONTINUOUS
10
76.1027679999999975
20
-170.1265039999999829
11
76.2932449999999989
21
-170.2217420000000061
0
LINE
8
BLACK
6
CONTINUOUS
10
76.2932449999999989
20
-170.2217420000000061
11
76.3884829999999937
21
-170.4122189999999932
0
LINE
8
BLACK
6
CONTINUOUS
10
76.3884829999999937
20
-170.4122189999999932
11
76.3884829999999937
21
-171.4598379999999906
0
LINE
8
BLACK
6
CONTINUOUS
10
77.3408639999999963
20
-171.4598379999999906
11
77.3408639999999963
21
-170.1265039999999829
0
LINE
8
BLACK
6
CONTINUOUS
10
77.3408639999999963
20
-170.3169800000000009
11
77.4361019999999911
21
-170.2217420000000061
0
LINE
8
BLACK
6
CONTINUOUS
10
77.4361019999999911
20
-170.2217420000000061
11
77.626577999999995
21
-170.1265039999999829
0
LINE
8
BLACK
6
CONTINUOUS
10
77.626577999999995
20
-170.1265039999999829
11
77.9122929999999911
21
-170.1265039999999829
0
LINE
8
BLACK
6
CONTINUOUS
10
77.9122929999999911
20
-170.1265039999999829
11
78.102768999999995
21
-170.2217420000000061
0
LINE
8
BLACK
6
CONTINUOUS
10
78.102768999999995
20
-170.2217420000000061
11
78.1980069999999898
21
-170.4122189999999932
0
LINE
8
BLACK
6
CONTINUOUS
10
78.1980069999999898
20
-170.4122189999999932
11
78.1980069999999898
21
-171.4598379999999906
0
LINE
8
BLACK
6
CONTINUOUS
10
78.1980069999999898
20
-170.4122189999999932
11
78.2932449999999989
21
-170.2217420000000061
0
LINE
8
BLACK
6
CONTINUOUS
10
78.2932449999999989
20
-170.2217420000000061
11
78.4837210000000027
21
-170.1265039999999829
0
LINE
8
BLACK
6
CONTINUOUS
10
78.4837210000000027
20
-170.1265039999999829
11
78.7694350000000014
21
-170.1265039999999829
0
LINE
8
BLACK
6
CONTINUOUS
10
78.7694350000000014
20
-170.1265039999999829
11
78.9599120000000028
21
-170.2217420000000061
0
LINE
8
BLACK
6
CONTINUOUS
10
78.9599120000000028
20
-170.2217420000000061
11
79.0551499999999976
21
-170.4122189999999932
0
LINE
8
BLACK
6
CONTINUOUS
10
79.0551499999999976
20
-170.4122189999999932
11
79.0551499999999976
21
-171.4598379999999906
0
LINE
8
BLACK
6
CONTINUOUS
10
82.9599120000000028
20
-169.3645999999999958
11
81.2456269999999989
21
-171.9360279999999932
0
LINE
8
BLACK
6
CONTINUOUS
10
85.5313409999999976
20
-169.4598379999999906
11
85.721817999999999
21
-169.4598379999999906
0
LINE
8
BLACK
6
CONTINUOUS
10
85.721817999999999
20
-169.4598379999999906
11
85.9122940000000028
21
-169.5550759999999855
0
LINE
8
BLACK
6
CONTINUOUS
10
85.9122940000000028
20
-169.5550759999999855
11
86.0075319999999977
21
-169.6503139999999803
0
LINE
8
BLACK
6
CONTINUOUS
10
86.0075319999999977
20
-169.6503139999999803
11
86.1027699999999925
21
-169.8407899999999984
0
LINE
8
BLACK
6
CONTINUOUS
10
86.1027699999999925
20
-169.8407899999999984
11
86.1980080000000015
21
-170.2217420000000061
0
LINE
8
BLACK
6
CONTINUOUS
10
86.1980080000000015
20
-170.2217420000000061
11
86.1980080000000015
21
-170.6979330000000061
0
LINE
8
BLACK
6
CONTINUOUS
10
86.1980080000000015
20
-170.6979330000000061
11
86.1027699999999925
21
-171.0788849999999854
0
LINE
8
BLACK
6
CONTINUOUS
10
86.1027699999999925
20
-171.0788849999999854
11
86.0075319999999977
21
-171.2693610000000035
0
LINE
8
BLACK
6
CONTINUOUS
10
86.0075319999999977
20
-171.2693610000000035
11
85.9122940000000028
21
-171.3645999999999958
0
LINE
8
BLACK
6
CONTINUOUS
10
85.9122940000000028
20
-171.3645999999999958
11
85.721817999999999
21
-171.4598379999999906
0
LINE
8
BLACK
6
CONTINUOUS
10
85.721817999999999
20
-171.4598379999999906
11
85.5313409999999976
21
-171.4598379999999906
0
LINE
8
BLACK
6
CONTINUOUS
10
85.5313409999999976
20
-171.4598379999999906
11
85.3408649999999938
21
-171.3645999999999958
0
LINE
8
BLACK
6
CONTINUOUS
10
85.3408649999999938
20
-171.3645999999999958
11
85.2456269999999989
21
-171.2693610000000035
0
LINE
8
BLACK
6
CONTINUOUS
10
85.2456269999999989
20
-171.2693610000000035
11
85.1503889999999899
21
-171.0788849999999854
0
LINE
8
BLACK
6
CONTINUOUS
10
85.1503889999999899
20
-171.0788849999999854
11
85.0551509999999951
21
-170.6979330000000061
0
LINE
8
BLACK
6
CONTINUOUS
10
85.0551509999999951
20
-170.6979330000000061
11
85.0551509999999951
21
-170.2217420000000061
0
LINE
8
BLACK
6
CONTINUOUS
10
85.0551509999999951
20
-170.2217420000000061
11
85.1503889999999899
21
-169.8407899999999984
0
LINE
8
BLACK
6
CONTINUOUS
10
85.1503889999999899
20
-169.8407899999999984
11
85.2456269999999989
21
-169.6503139999999803
0
LINE
8
BLACK
6
CONTINUOUS
10
85.2456269999999989
20
-169.6503139999999803
11
85.3408649999999938
21
-169.5550759999999855
0
LINE
8
BLACK
6
CONTINUOUS
10
85.3408649999999938
20
-169.5550759999999855
11
85.5313409999999976
21
-169.4598379999999906
0
LINE
8
BLACK
6
CONTINUOUS
10
87.0551509999999951
20
-171.2693610000000035
11
87.1503889999999899
21
-171.3645999999999958
0
LINE
8
BLACK
6
CONTINUOUS
10
87.1503889999999899
20
-171.3645999999999958
11
87.0551509999999951
21
-171.4598379999999906
0
LINE
8
BLACK
6
CONTINUOUS
10
87.0551509999999951
20
-171.4598379999999906
11
86.9599130000000002
21
-171.3645999999999958
0
LINE
8
BLACK
6
CONTINUOUS
10
86.9599130000000002
20
-171.3645999999999958
11
87.0551509999999951
21
-171.2693610000000035
0
LINE
8
BLACK
6
CONTINUOUS
10
87.0551509999999951
20
-171.2693610000000035
11
87.0551509999999951
21
-171.4598379999999906
0
LINE
8
BLACK
6
CONTINUOUS
10
88.3884839999999912
20
-169.4598379999999906
11
88.5789609999999925
21
-169.4598379999999906
0
LINE
8
BLACK
6
CONTINUOUS
10
88.5789609999999925
20
-169.4598379999999906
11
88.7694369999999964
21
-169.5550759999999855
0
LINE
8
BLACK
6
CONTINUOUS
10
88.7694369999999964
20
-169.5550759999999855
11
88.8646749999999912
21
-169.6503139999999803
0
LINE
8
BLACK
6
CONTINUOUS
10
88.8646749999999912
20
-169.6503139999999803
11
88.9599130000000002
21
-169.8407899999999984
0
LINE
8
BLACK
6
CONTINUOUS
10
88.9599130000000002
20
-169.8407899999999984
11
89.0551509999999951
21
-170.2217420000000061
0
LINE
8
BLACK
6
CONTINUOUS
10
89.0551509999999951
20
-170.2217420000000061
11
89.0551509999999951
21
-170.6979330000000061
0
LINE
8
BLACK
6
CONTINUOUS
10
89.0551509999999951
20
-170.6979330000000061
11
88.9599130000000002
21
-171.0788849999999854
0
LINE
8
BLACK
6
CONTINUOUS
10
88.9599130000000002
20
-171.0788849999999854
11
88.8646749999999912
21
-171.2693610000000035
0
LINE
8
BLACK
6
CONTINUOUS
10
88.8646749999999912
20
-171.2693610000000035
11
88.7694369999999964
21
-171.3645999999999958
0
LINE
8
BLACK
6
CONTINUOUS
10
88.7694369999999964
20
-171.3645999999999958
11
88.5789609999999925
21
-171.4598379999999906
0
LINE
8
BLACK
6
CONTINUOUS
10
88.5789609999999925
20
-171.4598379999999906
11
88.3884839999999912
21
-171.4598379999999906
0
LINE
8
BLACK
6
CONTINUOUS
10
88.3884839999999912
20
-171.4598379999999906
11
88.1980080000000015
21
-171.3645999999999958
0
LINE
8
BLACK
6
CONTINUOUS
10
88.1980080000000015
20
-171.3645999999999958
11
88.1027699999999925
21
-171.2693610000000035
0
LINE
8
BLACK
6
CONTINUOUS
10
88.1027699999999925
20
-171.2693610000000035
11
88.0075319999999977
21
-171.0788849999999854
0
LINE
8
BLACK
6
CONTINUOUS
10
88.0075319999999977
20
-171.0788849999999854
11
87.9122940000000028
21
-170.6979330000000061
0
LINE
8
BLACK
6
CONTINUOUS
10
87.9122940000000028
20
-170.6979330000000061
11
87.9122940000000028
21
-170.2217420000000061
0
LINE
8
BLACK
6
CONTINUOUS
10
87.9122940000000028
20
-170.2217420000000061
11
88.0075319999999977
21
-169.8407899999999984
0
LINE
8
BLACK
6
CONTINUOUS
10
88.0075319999999977
20
-169.8407899999999984
11
88.1027699999999925
21
-169.6503139999999803
0
LINE
8
BLACK
6
CONTINUOUS
10
88.1027699999999925
20
-169.6503139999999803
11
88.1980080000000015
21
-169.5550759999999855
0
LINE
8
BLACK
6
CONTINUOUS
10
88.1980080000000015
20
-169.5550759999999855
11
88.3884839999999912
21
-169.4598379999999906
0
LINE
8
BLACK
6
CONTINUOUS
10
90.9599130000000002
20
-171.4598379999999906
11
89.8170559999999938
21
-171.4598379999999906
0
LINE
8
BLACK
6
CONTINUOUS
10
90.3884839999999912
20
-171.4598379999999906
11
90.3884839999999912
21
-169.4598379999999906
0
LINE
8
BLACK
6
CONTINUOUS
10
90.3884839999999912
20
-169.4598379999999906
11
90.1980080000000015
21
-169.7455520000000035
0
LINE
8
BLACK
6
CONTINUOUS
10
90.1980080000000015
20
-169.7455520000000035
11
90.0075319999999977
21
-169.9360279999999932
0
LINE
8
BLACK
6
CONTINUOUS
10
90.0075319999999977
20
-169.9360279999999932
11
89.8170559999999938
21
-170.031265999999988
0
LINE
8
BLACK
6
CONTINUOUS
10
91.9122940000000028
20
-171.4598379999999906
11
92.2932459999999963
21
-171.4598379999999906
0
LINE
8
BLACK
6
CONTINUOUS
10
92.2932459999999963
20
-171.4598379999999906
11
92.4837229999999977
21
-171.3645999999999958
0
LINE
8
BLACK
6
CONTINUOUS
10
92.4837229999999977
20
-171.3645999999999958
11
92.5789609999999925
21
-171.2693610000000035
0
LINE
8
BLACK
6
CONTINUOUS
10
92.5789609999999925
20
-171.2693610000000035
11
92.7694369999999964
21
-170.9836469999999906
0
LINE
8
BLACK
6
CONTINUOUS
10
92.7694369999999964
20
-170.9836469999999906
11
92.8646749999999912
21
-170.6026949999999829
0
LINE
8
BLACK
6
CONTINUOUS
10
92.8646749999999912
20
-170.6026949999999829
11
92.8646749999999912
21
-169.8407899999999984
0
LINE
8
BLACK
6
CONTINUOUS
10
92.8646749999999912
20
-169.8407899999999984
11
92.7694369999999964
21
-169.6503139999999803
0
LINE
8
BLACK
6
CONTINUOUS
10
92.7694369999999964
20
-169.6503139999999803
11
92.6741990000000015
21
-169.5550759999999855
0
LINE
8
BLACK
6
CONTINUOUS
10
92.6741990000000015
20
-169.5550759999999855
11
92.4837229999999977
21
-169.4598379999999906
0
LINE
8
BLACK
6
CONTINUOUS
10
92.4837229999999977
20
-169.4598379999999906
11
92.1027699999999925
21
-169.4598379999999906
0
LINE
8
BLACK
6
CONTINUOUS
10
92.1027699999999925
20
-169.4598379999999906
11
91.9122940000000028
21
-169.5550759999999855
0
LINE
8
BLACK
6
CONTINUOUS
10
91.9122940000000028
20
-169.5550759999999855
11
91.8170559999999938
21
-169.6503139999999803
0
LINE
8
BLACK
6
CONTINUOUS
10
91.8170559999999938
20
-169.6503139999999803
11
91.721817999999999
21
-169.8407899999999984
0
LINE
8
BLACK
6
CONTINUOUS
10
91.721817999999999
20
-169.8407899999999984
11
91.721817999999999
21
-170.3169800000000009
0
LINE
8
BLACK
6
CONTINUOUS
10
91.721817999999999
20
-170.3169800000000009
11
91.8170559999999938
21
-170.5074569999999881
0
LINE
8
BLACK
6
CONTINUOUS
10
91.8170559999999938
20
-170.5074569999999881
11
91.9122940000000028
21
-170.6026949999999829
0
LINE
8
BLACK
6
CONTINUOUS
10
91.9122940000000028
20
-170.6026949999999829
11
92.1027699999999925
21
-170.6979330000000061
0
LINE
8
BLACK
6
CONTINUOUS
10
92.1027699999999925
20
-170.6979330000000061
11
92.4837229999999977
21
-170.6979330000000061
0
LINE
8
BLACK
6
CONTINUOUS
10
92.4837229999999977
20
-170.6979330000000061
11
92.6741990000000015
21
-170.6026949999999829
0
LINE
8
BLACK
6
CONTINUOUS
10
92.6741990000000015
20
-170.6026949999999829
11
92.7694369999999964
21
-170.5074569999999881
0
LINE
8
BLACK
6
CONTINUOUS
10
92.7694369999999964
20
-170.5074569999999881
11
92.8646749999999912
21
-170.3169800000000009
0
LINE
8
BLACK
6
CONTINUOUS
10
93.5313419999999951
20
-169.4598379999999906
11
94.8646749999999912
21
-169.4598379999999906
0
LINE
8
BLACK
6
CONTINUOUS
10
94.8646749999999912
20
-169.4598379999999906
11
94.0075319999999977
21
-171.4598379999999906
0
LINE
8
BLACK
6
CONTINUOUS
10
95.5313419999999951
20
-169.4598379999999906
11
95.5313419999999951
21
-169.8407899999999984
0
LINE
8
BLACK
6
CONTINUOUS
10
96.2932469999999938
20
-169.4598379999999906
11
96.2932469999999938
21
-169.8407899999999984
0
LINE
8
BLACK
6
CONTINUOUS
10
99.2456289999999939
20
-172.2217420000000061
11
99.1503900000000016
21
-172.1265039999999829
0
LINE
8
BLACK
6
CONTINUOUS
10
99.1503900000000016
20
-172.1265039999999829
11
98.9599139999999977
21
-171.8407899999999984
0
LINE
8
BLACK
6
CONTINUOUS
10
98.9599139999999977
20
-171.8407899999999984
11
98.8646759999999887
21
-171.6503139999999803
0
LINE
8
BLACK
6
CONTINUOUS
10
98.8646759999999887
20
-171.6503139999999803
11
98.7694379999999938
21
-171.3645999999999958
0
LINE
8
BLACK
6
CONTINUOUS
10
98.7694379999999938
20
-171.3645999999999958
11
98.674199999999999
21
-170.8884089999999958
0
LINE
8
BLACK
6
CONTINUOUS
10
98.674199999999999
20
-170.8884089999999958
11
98.674199999999999
21
-170.5074569999999881
0
LINE
8
BLACK
6
CONTINUOUS
10
98.674199999999999
20
-170.5074569999999881
11
98.7694379999999938
21
-170.031265999999988
0
LINE
8
BLACK
6
CONTINUOUS
10
98.7694379999999938
20
-170.031265999999988
11
98.8646759999999887
21
-169.7455520000000035
0
LINE
8
BLACK
6
CONTINUOUS
10
98.8646759999999887
20
-169.7455520000000035
11
98.9599139999999977
21
-169.5550759999999855
0
LINE
8
BLACK
6
CONTINUOUS
10
98.9599139999999977
20
-169.5550759999999855
11
99.1503900000000016
21
-169.2693610000000035
0
LINE
8
BLACK
6
CONTINUOUS
10
99.1503900000000016
20
-169.2693610000000035
11
99.2456289999999939
21
-169.1741229999999803
0
LINE
8
BLACK
6
CONTINUOUS
10
101.0551519999999925
20
-171.4598379999999906
11
99.9122950000000003
21
-171.4598379999999906
0
LINE
8
BLACK
6
CONTINUOUS
10
100.4837229999999977
20
-171.4598379999999906
11
100.4837229999999977
21
-169.4598379999999906
0
LINE
8
BLACK
6
CONTINUOUS
10
100.4837229999999977
20
-169.4598379999999906
11
100.2932469999999938
21
-169.7455520000000035
0
LINE
8
BLACK
6
CONTINUOUS
10
100.2932469999999938
20
-169.7455520000000035
11
100.10277099999999
21
-169.9360279999999932
0
LINE
8
BLACK
6
CONTINUOUS
10
100.10277099999999
20
-169.9360279999999932
11
99.9122950000000003
21
-170.031265999999988
0
LINE
8
BLACK
6
CONTINUOUS
10
103.4361049999999977
20
-171.4598379999999906
11
103.4361049999999977
21
-169.4598379999999906
0
LINE
8
BLACK
6
CONTINUOUS
10
104.2932479999999913
20
-171.4598379999999906
11
104.2932479999999913
21
-170.4122189999999932
0
LINE
8
BLACK
6
CONTINUOUS
10
104.2932479999999913
20
-170.4122189999999932
11
104.1980099999999965
21
-170.2217420000000061
0
LINE
8
BLACK
6
CONTINUOUS
10
104.1980099999999965
20
-170.2217420000000061
11
104.0075339999999926
21
-170.1265039999999829
0
LINE
8
BLACK
6
CONTINUOUS
10
104.0075339999999926
20
-170.1265039999999829
11
103.7218189999999964
21
-170.1265039999999829
0
LINE
8
BLACK
6
CONTINUOUS
10
103.7218189999999964
20
-170.1265039999999829
11
103.5313429999999926
21
-170.2217420000000061
0
LINE
8
BLACK
6
CONTINUOUS
10
103.5313429999999926
20
-170.2217420000000061
11
103.4361049999999977
21
-170.3169800000000009
0
LINE
8
BLACK
6
CONTINUOUS
10
105.5313429999999926
20
-171.4598379999999906
11
105.3408669999999887
21
-171.3645999999999958
0
LINE
8
BLACK
6
CONTINUOUS
10
105.3408669999999887
20
-171.3645999999999958
11
105.2456289999999939
21
-171.2693610000000035
0
LINE
8
BLACK
6
CONTINUOUS
10
105.2456289999999939
20
-171.2693610000000035
11
105.1503909999999991
21
-171.0788849999999854
0
LINE
8
BLACK
6
CONTINUOUS
10
105.1503909999999991
20
-171.0788849999999854
11
105.1503909999999991
21
-170.5074569999999881
0
LINE
8
BLACK
6
CONTINUOUS
10
105.1503909999999991
20
-170.5074569999999881
11
105.2456289999999939
21
-170.3169800000000009
0
LINE
8
BLACK
6
CONTINUOUS
10
105.2456289999999939
20
-170.3169800000000009
11
105.3408669999999887
21
-170.2217420000000061
0
LINE
8
BLACK
6
CONTINUOUS
10
105.3408669999999887
20
-170.2217420000000061
11
105.5313429999999926
21
-170.1265039999999829
0
LINE
8
BLACK
6
CONTINUOUS
10
105.5313429999999926
20
-170.1265039999999829
11
105.8170579999999887
21
-170.1265039999999829
0
LINE
8
BLACK
6
CONTINUOUS
10
105.8170579999999887
20
-170.1265039999999829
11
106.0075339999999926
21
-170.2217420000000061
0
LINE
8
BLACK
6
CONTINUOUS
10
106.0075339999999926
20
-170.2217420000000061
11
106.1027720000000016
21
-170.3169800000000009
0
LINE
8
BLACK
6
CONTINUOUS
10
106.1027720000000016
20
-170.3169800000000009
11
106.1980099999999965
21
-170.5074569999999881
0
LINE
8
BLACK
6
CONTINUOUS
10
106.1980099999999965
20
-170.5074569999999881
11
106.1980099999999965
21
-171.0788849999999854
0
LINE
8
BLACK
6
CONTINUOUS
10
106.1980099999999965
20
-171.0788849999999854
11
106.1027720000000016
21
-171.2693610000000035
0
LINE
8
BLACK
6
CONTINUOUS
10
106.1027720000000016
20
-171.2693610000000035
11
106.0075339999999926
21
-171.3645999999999958
0
LINE
8
BLACK
6
CONTINUOUS
10
106.0075339999999926
20
-171.3645999999999958
11
105.8170579999999887
21
-171.4598379999999906
0
LINE
8
BLACK
6
CONTINUOUS
10
105.8170579999999887
20
-171.4598379999999906
11
105.5313429999999926
21
-171.4598379999999906
0
LINE
8
BLACK
6
CONTINUOUS
10
107.3408669999999887
20
-171.4598379999999906
11
107.1503909999999991
21
-171.3645999999999958
0
LINE
8
BLACK
6
CONTINUOUS
10
107.1503909999999991
20
-171.3645999999999958
11
107.05515299999999
21
-171.1741229999999803
0
LINE
8
BLACK
6
CONTINUOUS
10
107.05515299999999
20
-171.1741229999999803
11
107.05515299999999
21
-169.4598379999999906
0
LINE
8
BLACK
6
CONTINUOUS
10
108.8646770000000004
20
-171.3645999999999958
11
108.6742009999999965
21
-171.4598379999999906
0
LINE
8
BLACK
6
CONTINUOUS
10
108.6742009999999965
20
-171.4598379999999906
11
108.2932479999999913
21
-171.4598379999999906
0
LINE
8
BLACK
6
CONTINUOUS
10
108.2932479999999913
20
-171.4598379999999906
11
108.1027720000000016
21
-171.3645999999999958
0
LINE
8
BLACK
6
CONTINUOUS
10
108.1027720000000016
20
-171.3645999999999958
11
108.0075339999999926
21
-171.1741229999999803
0
LINE
8
BLACK
6
CONTINUOUS
10
108.0075339999999926
20
-171.1741229999999803
11
108.0075339999999926
21
-170.4122189999999932
0
LINE
8
BLACK
6
CONTINUOUS
10
108.0075339999999926
20
-170.4122189999999932
11
108.1027720000000016
21
-170.2217420000000061
0
LINE
8
BLACK
6
CONTINUOUS
10
108.1027720000000016
20
-170.2217420000000061
11
108.2932479999999913
21
-170.1265039999999829
0
LINE
8
BLACK
6
CONTINUOUS
10
108.2932479999999913
20
-170.1265039999999829
11
108.6742009999999965
21
-170.1265039999999829
0
LINE
8
BLACK
6
CONTINUOUS
10
108.6742009999999965
20
-170.1265039999999829
11
108.8646770000000004
21
-170.2217420000000061
0
LINE
8
BLACK
6
CONTINUOUS
10
108.8646770000000004
20
-170.2217420000000061
11
108.9599149999999952
21
-170.4122189999999932
0
LINE
8
BLACK
6
CONTINUOUS
10
108.9599149999999952
20
-170.4122189999999932
11
108.9599149999999952
21
-170.6026949999999829
0
LINE
8
BLACK
6
CONTINUOUS
10
108.9599149999999952
20
-170.6026949999999829
11
108.0075339999999926
21
-170.793171000000001
0
LINE
8
BLACK
6
CONTINUOUS
10
109.6265819999999991
20
-172.2217420000000061
11
109.7218199999999939
21
-172.1265039999999829
0
LINE
8
BLACK
6
CONTINUOUS
10
109.7218199999999939
20
-172.1265039999999829
11
109.9122959999999978
21
-171.8407899999999984
0
LINE
8
BLACK
6
CONTINUOUS
10
109.9122959999999978
20
-171.8407899999999984
11
110.0075339999999926
21
-171.6503139999999803
0
LINE
8
BLACK
6
CONTINUOUS
10
110.0075339999999926
20
-171.6503139999999803
11
110.1027720000000016
21
-171.3645999999999958
0
LINE
8
BLACK
6
CONTINUOUS
10
110.1027720000000016
20
-171.3645999999999958
11
110.1980099999999965
21
-170.8884089999999958
0
LINE
8
BLACK
6
CONTINUOUS
10
110.1980099999999965
20
-170.8884089999999958
11
110.1980099999999965
21
-170.5074569999999881
0
LINE
8
BLACK
6
CONTINUOUS
10
110.1980099999999965
20
-170.5074569999999881
11
110.1027720000000016
21
-170.031265999999988
0
LINE
8
BLACK
6
CONTINUOUS
10
110.1027720000000016
20
-170.031265999999988
11
110.0075339999999926
21
-169.7455520000000035
0
LINE
8
BLACK
6
CONTINUOUS
10
110.0075339999999926
20
-169.7455520000000035
11
109.9122959999999978
21
-169.5550759999999855
0
LINE
8
BLACK
6
CONTINUOUS
10
109.9122959999999978
20
-169.5550759999999855
11
109.7218199999999939
21
-169.2693610000000035
0
LINE
8
BLACK
6
CONTINUOUS
10
109.7218199999999939
20
-169.2693610000000035
11
109.6265819999999991
21
-169.1741229999999803
0
LINE
8
BLACK
6
CONTINUOUS
10
62.4949999999999974
20
-172.1850000000000023
11
62.4949999999999974
21
-174.1850000000000023
0
LINE
8
BLACK
6
CONTINUOUS
10
61.4949999999999974
20
-173.1850000000000023
11
63.4949999999999974
21
-173.1850000000000023
0
LINE
8
BLACK
6
CONTINUOUS
10
65.9122919999999937
20
-172.0998380000000054
11
67.1503869999999949
21
-172.0998380000000054
0
LINE
8
BLACK
6
CONTINUOUS
10
67.1503869999999949
20
-172.0998380000000054
11
66.483719999999991
21
-172.8617419999999925
0
LINE
8
BLACK
6
CONTINUOUS
10
66.483719999999991
20
-172.8617419999999925
11
66.7694350000000014
21
-172.8617419999999925
0
LINE
8
BLACK
6
CONTINUOUS
10
66.7694350000000014
20
-172.8617419999999925
11
66.9599109999999911
21
-172.9569799999999873
0
LINE
8
BLACK
6
CONTINUOUS
10
66.9599109999999911
20
-172.9569799999999873
11
67.0551490000000001
21
-173.0522189999999796
0
LINE
8
BLACK
6
CONTINUOUS
10
67.0551490000000001
20
-173.0522189999999796
11
67.1503869999999949
21
-173.2426949999999977
0
LINE
8
BLACK
6
CONTINUOUS
10
67.1503869999999949
20
-173.2426949999999977
11
67.1503869999999949
21
-173.7188850000000002
0
LINE
8
BLACK
6
CONTINUOUS
10
67.1503869999999949
20
-173.7188850000000002
11
67.0551490000000001
21
-173.9093609999999899
0
LINE
8
BLACK
6
CONTINUOUS
10
67.0551490000000001
20
-173.9093609999999899
11
66.9599109999999911
21
-174.0045999999999822
0
LINE
8
BLACK
6
CONTINUOUS
10
66.9599109999999911
20
-174.0045999999999822
11
66.7694350000000014
21
-174.0998380000000054
0
LINE
8
BLACK
6
CONTINUOUS
10
66.7694350000000014
20
-174.0998380000000054
11
66.1980059999999924
21
-174.0998380000000054
0
LINE
8
BLACK
6
CONTINUOUS
10
66.1980059999999924
20
-174.0998380000000054
11
66.0075300000000027
21
-174.0045999999999822
0
LINE
8
BLACK
6
CONTINUOUS
10
66.0075300000000027
20
-174.0045999999999822
11
65.9122919999999937
21
-173.9093609999999899
0
LINE
8
BLACK
6
CONTINUOUS
10
68.0075300000000027
20
-173.9093609999999899
11
68.1027679999999975
21
-174.0045999999999822
0
LINE
8
BLACK
6
CONTINUOUS
10
68.1027679999999975
20
-174.0045999999999822
11
68.0075300000000027
21
-174.0998380000000054
0
LINE
8
BLACK
6
CONTINUOUS
10
68.0075300000000027
20
-174.0998380000000054
11
67.9122919999999937
21
-174.0045999999999822
0
LINE
8
BLACK
6
CONTINUOUS
10
67.9122919999999937
20
-174.0045999999999822
11
68.0075300000000027
21
-173.9093609999999899
0
LINE
8
BLACK
6
CONTINUOUS
10
68.0075300000000027
20
-173.9093609999999899
11
68.0075300000000027
21
-174.0998380000000054
0
LINE
8
BLACK
6
CONTINUOUS
10
68.8646729999999963
20
-172.2903139999999951
11
68.9599109999999911
21
-172.1950760000000002
0
LINE
8
BLACK
6
CONTINUOUS
10
68.9599109999999911
20
-172.1950760000000002
11
69.1503869999999949
21
-172.0998380000000054
0
LINE
8
BLACK
6
CONTINUOUS
10
69.1503869999999949
20
-172.0998380000000054
11
69.626577999999995
21
-172.0998380000000054
0
LINE
8
BLACK
6
CONTINUOUS
10
69.626577999999995
20
-172.0998380000000054
11
69.8170539999999988
21
-172.1950760000000002
0
LINE
8
BLACK
6
CONTINUOUS
10
69.8170539999999988
20
-172.1950760000000002
11
69.9122919999999937
21
-172.2903139999999951
0
LINE
8
BLACK
6
CONTINUOUS
10
69.9122919999999937
20
-172.2903139999999951
11
70.0075300000000027
21
-172.4807899999999847
0
LINE
8
BLACK
6
CONTINUOUS
10
70.0075300000000027
20
-172.4807899999999847
11
70.0075300000000027
21
-172.6712660000000028
0
LINE
8
BLACK
6
CONTINUOUS
10
70.0075300000000027
20
-172.6712660000000028
11
69.9122919999999937
21
-172.9569799999999873
0
LINE
8
BLACK
6
CONTINUOUS
10
69.9122919999999937
20
-172.9569799999999873
11
68.7694350000000014
21
-174.0998380000000054
0
LINE
8
BLACK
6
CONTINUOUS
10
68.7694350000000014
20
-174.0998380000000054
11
70.0075300000000027
21
-174.0998380000000054
0
LINE
8
BLACK
6
CONTINUOUS
10
71.2456249999999898
20
-172.0998380000000054
11
71.4361019999999911
21
-172.0998380000000054
0
LINE
8
BLACK
6
CONTINUOUS
10
71.4361019999999911
20
-172.0998380000000054
11
71.626577999999995
21
-172.1950760000000002
0
LINE
8
BLACK
6
CONTINUOUS
10
71.626577999999995
20
-172.1950760000000002
11
71.7218159999999898
21
-172.2903139999999951
0
LINE
8
BLACK
6
CONTINUOUS
10
71.7218159999999898
20
-172.2903139999999951
11
71.8170539999999988
21
-172.4807899999999847
0
LINE
8
BLACK
6
CONTINUOUS
10
71.8170539999999988
20
-172.4807899999999847
11
71.9122919999999937
21
-172.8617419999999925
0
LINE
8
BLACK
6
CONTINUOUS
10
71.9122919999999937
20
-172.8617419999999925
11
71.9122919999999937
21
-173.3379329999999925
0
LINE
8
BLACK
6
CONTINUOUS
10
71.9122919999999937
20
-173.3379329999999925
11
71.8170539999999988
21
-173.7188850000000002
0
LINE
8
BLACK
6
CONTINUOUS
10
71.8170539999999988
20
-173.7188850000000002
11
71.7218159999999898
21
-173.9093609999999899
0
LINE
8
BLACK
6
CONTINUOUS
10
71.7218159999999898
20
-173.9093609999999899
11
71.626577999999995
21
-174.0045999999999822
0
LINE
8
BLACK
6
CONTINUOUS
10
71.626577999999995
20
-174.0045999999999822
11
71.4361019999999911
21
-174.0998380000000054
0
LINE
8
BLACK
6
CONTINUOUS
10
71.4361019999999911
20
-174.0998380000000054
11
71.2456249999999898
21
-174.0998380000000054
0
LINE
8
BLACK
6
CONTINUOUS
10
71.2456249999999898
20
-174.0998380000000054
11
71.0551490000000001
21
-174.0045999999999822
0
LINE
8
BLACK
6
CONTINUOUS
10
71.0551490000000001
20
-174.0045999999999822
11
70.9599109999999911
21
-173.9093609999999899
0
LINE
8
BLACK
6
CONTINUOUS
10
70.9599109999999911
20
-173.9093609999999899
11
70.8646729999999963
21
-173.7188850000000002
0
LINE
8
BLACK
6
CONTINUOUS
10
70.8646729999999963
20
-173.7188850000000002
11
70.7694350000000014
21
-173.3379329999999925
0
LINE
8
BLACK
6
CONTINUOUS
10
70.7694350000000014
20
-173.3379329999999925
11
70.7694350000000014
21
-172.8617419999999925
0
LINE
8
BLACK
6
CONTINUOUS
10
70.7694350000000014
20
-172.8617419999999925
11
70.8646729999999963
21
-172.4807899999999847
0
LINE
8
BLACK
6
CONTINUOUS
10
70.8646729999999963
20
-172.4807899999999847
11
70.9599109999999911
21
-172.2903139999999951
0
LINE
8
BLACK
6
CONTINUOUS
10
70.9599109999999911
20
-172.2903139999999951
11
71.0551490000000001
21
-172.1950760000000002
0
LINE
8
BLACK
6
CONTINUOUS
10
71.0551490000000001
20
-172.1950760000000002
11
71.2456249999999898
21
-172.0998380000000054
0
LINE
8
BLACK
6
CONTINUOUS
10
73.1503869999999949
20
-172.0998380000000054
11
73.3408639999999963
21
-172.0998380000000054
0
LINE
8
BLACK
6
CONTINUOUS
10
73.3408639999999963
20
-172.0998380000000054
11
73.5313400000000001
21
-172.1950760000000002
0
LINE
8
BLACK
6
CONTINUOUS
10
73.5313400000000001
20
-172.1950760000000002
11
73.626577999999995
21
-172.2903139999999951
0
LINE
8
BLACK
6
CONTINUOUS
10
73.626577999999995
20
-172.2903139999999951
11
73.7218159999999898
21
-172.4807899999999847
0
LINE
8
BLACK
6
CONTINUOUS
10
73.7218159999999898
20
-172.4807899999999847
11
73.8170539999999988
21
-172.8617419999999925
0
LINE
8
BLACK
6
CONTINUOUS
10
73.8170539999999988
20
-172.8617419999999925
11
73.8170539999999988
21
-173.3379329999999925
0
LINE
8
BLACK
6
CONTINUOUS
10
73.8170539999999988
20
-173.3379329999999925
11
73.7218159999999898
21
-173.7188850000000002
0
LINE
8
BLACK
6
CONTINUOUS
10
73.7218159999999898
20
-173.7188850000000002
11
73.626577999999995
21
-173.9093609999999899
0
LINE
8
BLACK
6
CONTINUOUS
10
73.626577999999995
20
-173.9093609999999899
11
73.5313400000000001
21
-174.0045999999999822
0
LINE
8
BLACK
6
CONTINUOUS
10
73.5313400000000001
20
-174.0045999999999822
11
73.3408639999999963
21
-174.0998380000000054
0
LINE
8
BLACK
6
CONTINUOUS
10
73.3408639999999963
20
-174.0998380000000054
11
73.1503869999999949
21
-174.0998380000000054
0
LINE
8
BLACK
6
CONTINUOUS
10
73.1503869999999949
20
-174.0998380000000054
11
72.9599109999999911
21
-174.0045999999999822
0
LINE
8
BLACK
6
CONTINUOUS
10
72.9599109999999911
20
-174.0045999999999822
11
72.8646729999999963
21
-173.9093609999999899
0
LINE
8
BLACK
6
CONTINUOUS
10
72.8646729999999963
20
-173.9093609999999899
11
72.7694350000000014
21
-173.7188850000000002
0
LINE
8
BLACK
6
CONTINUOUS
10
72.7694350000000014
20
-173.7188850000000002
11
72.6741969999999924
21
-173.3379329999999925
0
LINE
8
BLACK
6
CONTINUOUS
10
72.6741969999999924
20
-173.3379329999999925
11
72.6741969999999924
21
-172.8617419999999925
0
LINE
8
BLACK
6
CONTINUOUS
10
72.6741969999999924
20
-172.8617419999999925
11
72.7694350000000014
21
-172.4807899999999847
0
LINE
8
BLACK
6
CONTINUOUS
10
72.7694350000000014
20
-172.4807899999999847
11
72.8646729999999963
21
-172.2903139999999951
0
LINE
8
BLACK
6
CONTINUOUS
10
72.8646729999999963
20
-172.2903139999999951
11
72.9599109999999911
21
-172.1950760000000002
0
LINE
8
BLACK
6
CONTINUOUS
10
72.9599109999999911
20
-172.1950760000000002
11
73.1503869999999949
21
-172.0998380000000054
0
LINE
8
BLACK
6
CONTINUOUS
10
74.6741969999999924
20
-174.0998380000000054
11
74.6741969999999924
21
-172.7665039999999976
0
LINE
8
BLACK
6
CONTINUOUS
10
74.6741969999999924
20
-172.9569799999999873
11
74.7694350000000014
21
-172.8617419999999925
0
LINE
8
BLACK
6
CONTINUOUS
10
74.7694350000000014
20
-172.8617419999999925
11
74.9599109999999911
21
-172.7665039999999976
0
LINE
8
BLACK
6
CONTINUOUS
10
74.9599109999999911
20
-172.7665039999999976
11
75.2456260000000015
21
-172.7665039999999976
0
LINE
8
BLACK
6
CONTINUOUS
10
75.2456260000000015
20
-172.7665039999999976
11
75.4361019999999911
21
-172.8617419999999925
0
LINE
8
BLACK
6
CONTINUOUS
10
75.4361019999999911
20
-172.8617419999999925
11
75.5313400000000001
21
-173.0522189999999796
0
LINE
8
BLACK
6
CONTINUOUS
10
75.5313400000000001
20
-173.0522189999999796
11
75.5313400000000001
21
-174.0998380000000054
0
LINE
8
BLACK
6
CONTINUOUS
10
75.5313400000000001
20
-173.0522189999999796
11
75.626577999999995
21
-172.8617419999999925
0
LINE
8
BLACK
6
CONTINUOUS
10
75.626577999999995
20
-172.8617419999999925
11
75.8170539999999988
21
-172.7665039999999976
0
LINE
8
BLACK
6
CONTINUOUS
10
75.8170539999999988
20
-172.7665039999999976
11
76.1027679999999975
21
-172.7665039999999976
0
LINE
8
BLACK
6
CONTINUOUS
10
76.1027679999999975
20
-172.7665039999999976
11
76.2932449999999989
21
-172.8617419999999925
0
LINE
8
BLACK
6
CONTINUOUS
10
76.2932449999999989
20
-172.8617419999999925
11
76.3884829999999937
21
-173.0522189999999796
0
LINE
8
BLACK
6
CONTINUOUS
10
76.3884829999999937
20
-173.0522189999999796
11
76.3884829999999937
21
-174.0998380000000054
0
LINE
8
BLACK
6
CONTINUOUS
10
77.3408639999999963
20
-174.0998380000000054
11
77.3408639999999963
21
-172.7665039999999976
0
LINE
8
BLACK
6
CONTINUOUS
10
77.3408639999999963
20
-172.9569799999999873
11
77.4361019999999911
21
-172.8617419999999925
0
LINE
8
BLACK
6
CONTINUOUS
10
77.4361019999999911
20
-172.8617419999999925
11
77.626577999999995
21
-172.7665039999999976
0
LINE
8
BLACK
6
CONTINUOUS
10
77.626577999999995
20
-172.7665039999999976
11
77.9122929999999911
21
-172.7665039999999976
0
LINE
8
BLACK
6
CONTINUOUS
10
77.9122929999999911
20
-172.7665039999999976
11
78.102768999999995
21
-172.8617419999999925
0
LINE
8
BLACK
6
CONTINUOUS
10
78.102768999999995
20
-172.8617419999999925
11
78.1980069999999898
21
-173.0522189999999796
0
LINE
8
BLACK
6
CONTINUOUS
10
78.1980069999999898
20
-173.0522189999999796
11
78.1980069999999898
21
-174.0998380000000054
0
LINE
8
BLACK
6
CONTINUOUS
10
78.1980069999999898
20
-173.0522189999999796
11
78.2932449999999989
21
-172.8617419999999925
0
LINE
8
BLACK
6
CONTINUOUS
10
78.2932449999999989
20
-172.8617419999999925
11
78.4837210000000027
21
-172.7665039999999976
0
LINE
8
BLACK
6
CONTINUOUS
10
78.4837210000000027
20
-172.7665039999999976
11
78.7694350000000014
21
-172.7665039999999976
0
LINE
8
BLACK
6
CONTINUOUS
10
78.7694350000000014
20
-172.7665039999999976
11
78.9599120000000028
21
-172.8617419999999925
0
LINE
8
BLACK
6
CONTINUOUS
10
78.9599120000000028
20
-172.8617419999999925
11
79.0551499999999976
21
-173.0522189999999796
0
LINE
8
BLACK
6
CONTINUOUS
10
79.0551499999999976
20
-173.0522189999999796
11
79.0551499999999976
21
-174.0998380000000054
0
LINE
8
BLACK
6
CONTINUOUS
10
82.9599120000000028
20
-172.0045999999999822
11
81.2456269999999989
21
-174.5760279999999796
0
LINE
8
BLACK
6
CONTINUOUS
10
85.5313409999999976
20
-172.0998380000000054
11
85.721817999999999
21
-172.0998380000000054
0
LINE
8
BLACK
6
CONTINUOUS
10
85.721817999999999
20
-172.0998380000000054
11
85.9122940000000028
21
-172.1950760000000002
0
LINE
8
BLACK
6
CONTINUOUS
10
85.9122940000000028
20
-172.1950760000000002
11
86.0075319999999977
21
-172.2903139999999951
0
LINE
8
BLACK
6
CONTINUOUS
10
86.0075319999999977
20
-172.2903139999999951
11
86.1027699999999925
21
-172.4807899999999847
0
LINE
8
BLACK
6
CONTINUOUS
10
86.1027699999999925
20
-172.4807899999999847
11
86.1980080000000015
21
-172.8617419999999925
0
LINE
8
BLACK
6
CONTINUOUS
10
86.1980080000000015
20
-172.8617419999999925
11
86.1980080000000015
21
-173.3379329999999925
0
LINE
8
BLACK
6
CONTINUOUS
10
86.1980080000000015
20
-173.3379329999999925
11
86.1027699999999925
21
-173.7188850000000002
0
LINE
8
BLACK
6
CONTINUOUS
10
86.1027699999999925
20
-173.7188850000000002
11
86.0075319999999977
21
-173.9093609999999899
0
LINE
8
BLACK
6
CONTINUOUS
10
86.0075319999999977
20
-173.9093609999999899
11
85.9122940000000028
21
-174.0045999999999822
0
LINE
8
BLACK
6
CONTINUOUS
10
85.9122940000000028
20
-174.0045999999999822
11
85.721817999999999
21
-174.0998380000000054
0
LINE
8
BLACK
6
CONTINUOUS
10
85.721817999999999
20
-174.0998380000000054
11
85.5313409999999976
21
-174.0998380000000054
0
LINE
8
BLACK
6
CONTINUOUS
10
85.5313409999999976
20
-174.0998380000000054
11
85.3408649999999938
21
-174.0045999999999822
0
LINE
8
BLACK
6
CONTINUOUS
10
85.3408649999999938
20
-174.0045999999999822
11
85.2456269999999989
21
-173.9093609999999899
0
LINE
8
BLACK
6
CONTINUOUS
10
85.2456269999999989
20
-173.9093609999999899
11
85.1503889999999899
21
-173.7188850000000002
0
LINE
8
BLACK
6
CONTINUOUS
10
85.1503889999999899
20
-173.7188850000000002
11
85.0551509999999951
21
-173.3379329999999925
0
LINE
8
BLACK
6
CONTINUOUS
10
85.0551509999999951
20
-173.3379329999999925
11
85.0551509999999951
21
-172.8617419999999925
0
LINE
8
BLACK
6
CONTINUOUS
10
85.0551509999999951
20
-172.8617419999999925
11
85.1503889999999899
21
-172.4807899999999847
0
LINE
8
BLACK
6
CONTINUOUS
10
85.1503889999999899
20
-172.4807899999999847
11
85.2456269999999989
21
-172.2903139999999951
0
LINE
8
BLACK
6
CONTINUOUS
10
85.2456269999999989
20
-172.2903139999999951
11
85.3408649999999938
21
-172.1950760000000002
0
LINE
8
BLACK
6
CONTINUOUS
10
85.3408649999999938
20
-172.1950760000000002
11
85.5313409999999976
21
-172.0998380000000054
0
LINE
8
BLACK
6
CONTINUOUS
10
87.0551509999999951
20
-173.9093609999999899
11
87.1503889999999899
21
-174.0045999999999822
0
LINE
8
BLACK
6
CONTINUOUS
10
87.1503889999999899
20
-174.0045999999999822
11
87.0551509999999951
21
-174.0998380000000054
0
LINE
8
BLACK
6
CONTINUOUS
10
87.0551509999999951
20
-174.0998380000000054
11
86.9599130000000002
21
-174.0045999999999822
0
LINE
8
BLACK
6
CONTINUOUS
10
86.9599130000000002
20
-174.0045999999999822
11
87.0551509999999951
21
-173.9093609999999899
0
LINE
8
BLACK
6
CONTINUOUS
10
87.0551509999999951
20
-173.9093609999999899
11
87.0551509999999951
21
-174.0998380000000054
0
LINE
8
BLACK
6
CONTINUOUS
10
89.0551509999999951
20
-174.0998380000000054
11
87.9122940000000028
21
-174.0998380000000054
0
LINE
8
BLACK
6
CONTINUOUS
10
88.4837220000000002
20
-174.0998380000000054
11
88.4837220000000002
21
-172.0998380000000054
0
LINE
8
BLACK
6
CONTINUOUS
10
88.4837220000000002
20
-172.0998380000000054
11
88.2932459999999963
21
-172.3855519999999899
0
LINE
8
BLACK
6
CONTINUOUS
10
88.2932459999999963
20
-172.3855519999999899
11
88.1027699999999925
21
-172.5760279999999796
0
LINE
8
BLACK
6
CONTINUOUS
10
88.1027699999999925
20
-172.5760279999999796
11
87.9122940000000028
21
-172.6712660000000028
0
LINE
8
BLACK
6
CONTINUOUS
10
89.8170559999999938
20
-172.2903139999999951
11
89.9122940000000028
21
-172.1950760000000002
0
LINE
8
BLACK
6
CONTINUOUS
10
89.9122940000000028
20
-172.1950760000000002
11
90.1027699999999925
21
-172.0998380000000054
0
LINE
8
BLACK
6
CONTINUOUS
10
90.1027699999999925
20
-172.0998380000000054
11
90.5789609999999925
21
-172.0998380000000054
0
LINE
8
BLACK
6
CONTINUOUS
10
90.5789609999999925
20
-172.0998380000000054
11
90.7694369999999964
21
-172.1950760000000002
0
LINE
8
BLACK
6
CONTINUOUS
10
90.7694369999999964
20
-172.1950760000000002
11
90.8646749999999912
21
-172.2903139999999951
0
LINE
8
BLACK
6
CONTINUOUS
10
90.8646749999999912
20
-172.2903139999999951
11
90.9599130000000002
21
-172.4807899999999847
0
LINE
8
BLACK
6
CONTINUOUS
10
90.9599130000000002
20
-172.4807899999999847
11
90.9599130000000002
21
-172.6712660000000028
0
LINE
8
BLACK
6
CONTINUOUS
10
90.9599130000000002
20
-172.6712660000000028
11
90.8646749999999912
21
-172.9569799999999873
0
LINE
8
BLACK
6
CONTINUOUS
10
90.8646749999999912
20
-172.9569799999999873
11
89.721817999999999
21
-174.0998380000000054
0
LINE
8
BLACK
6
CONTINUOUS
10
89.721817999999999
20
-174.0998380000000054
11
90.9599130000000002
21
-174.0998380000000054
0
LINE
8
BLACK
6
CONTINUOUS
10
92.6741990000000015
20
-172.0998380000000054
11
92.2932459999999963
21
-172.0998380000000054
0
LINE
8
BLACK
6
CONTINUOUS
10
92.2932459999999963
20
-172.0998380000000054
11
92.1027699999999925
21
-172.1950760000000002
0
LINE
8
BLACK
6
CONTINUOUS
10
92.1027699999999925
20
-172.1950760000000002
11
92.0075319999999977
21
-172.2903139999999951
0
LINE
8
BLACK
6
CONTINUOUS
10
92.0075319999999977
20
-172.2903139999999951
11
91.8170559999999938
21
-172.5760279999999796
0
LINE
8
BLACK
6
CONTINUOUS
10
91.8170559999999938
20
-172.5760279999999796
11
91.721817999999999
21
-172.9569799999999873
0
LINE
8
BLACK
6
CONTINUOUS
10
91.721817999999999
20
-172.9569799999999873
11
91.721817999999999
21
-173.7188850000000002
0
LINE
8
BLACK
6
CONTINUOUS
10
91.721817999999999
20
-173.7188850000000002
11
91.8170559999999938
21
-173.9093609999999899
0
LINE
8
BLACK
6
CONTINUOUS
10
91.8170559999999938
20
-173.9093609999999899
11
91.9122940000000028
21
-174.0045999999999822
0
LINE
8
BLACK
6
CONTINUOUS
10
91.9122940000000028
20
-174.0045999999999822
11
92.1027699999999925
21
-174.0998380000000054
0
LINE
8
BLACK
6
CONTINUOUS
10
92.1027699999999925
20
-174.0998380000000054
11
92.4837229999999977
21
-174.0998380000000054
0
LINE
8
BLACK
6
CONTINUOUS
10
92.4837229999999977
20
-174.0998380000000054
11
92.6741990000000015
21
-174.0045999999999822
0
LINE
8
BLACK
6
CONTINUOUS
10
92.6741990000000015
20
-174.0045999999999822
11
92.7694369999999964
21
-173.9093609999999899
0
LINE
8
BLACK
6
CONTINUOUS
10
92.7694369999999964
20
-173.9093609999999899
11
92.8646749999999912
21
-173.7188850000000002
0
LINE
8
BLACK
6
CONTINUOUS
10
92.8646749999999912
20
-173.7188850000000002
11
92.8646749999999912
21
-173.2426949999999977
0
LINE
8
BLACK
6
CONTINUOUS
10
92.8646749999999912
20
-173.2426949999999977
11
92.7694369999999964
21
-173.0522189999999796
0
LINE
8
BLACK
6
CONTINUOUS
10
92.7694369999999964
20
-173.0522189999999796
11
92.6741990000000015
21
-172.9569799999999873
0
LINE
8
BLACK
6
CONTINUOUS
10
92.6741990000000015
20
-172.9569799999999873
11
92.4837229999999977
21
-172.8617419999999925
0
LINE
8
BLACK
6
CONTINUOUS
10
92.4837229999999977
20
-172.8617419999999925
11
92.1027699999999925
21
-172.8617419999999925
0
LINE
8
BLACK
6
CONTINUOUS
10
92.1027699999999925
20
-172.8617419999999925
11
91.9122940000000028
21
-172.9569799999999873
0
LINE
8
BLACK
6
CONTINUOUS
10
91.9122940000000028
20
-172.9569799999999873
11
91.8170559999999938
21
-173.0522189999999796
0
LINE
8
BLACK
6
CONTINUOUS
10
91.8170559999999938
20
-173.0522189999999796
11
91.721817999999999
21
-173.2426949999999977
0
LINE
8
BLACK
6
CONTINUOUS
10
94.1027699999999925
20
-172.0998380000000054
11
94.2932469999999938
21
-172.0998380000000054
0
LINE
8
BLACK
6
CONTINUOUS
10
94.2932469999999938
20
-172.0998380000000054
11
94.4837229999999977
21
-172.1950760000000002
0
LINE
8
BLACK
6
CONTINUOUS
10
94.4837229999999977
20
-172.1950760000000002
11
94.5789609999999925
21
-172.2903139999999951
0
LINE
8
BLACK
6
CONTINUOUS
10
94.5789609999999925
20
-172.2903139999999951
11
94.6741990000000015
21
-172.4807899999999847
0
LINE
8
BLACK
6
CONTINUOUS
10
94.6741990000000015
20
-172.4807899999999847
11
94.7694369999999964
21
-172.8617419999999925
0
LINE
8
BLACK
6
CONTINUOUS
10
94.7694369999999964
20
-172.8617419999999925
11
94.7694369999999964
21
-173.3379329999999925
0
LINE
8
BLACK
6
CONTINUOUS
10
94.7694369999999964
20
-173.3379329999999925
11
94.6741990000000015
21
-173.7188850000000002
0
LINE
8
BLACK
6
CONTINUOUS
10
94.6741990000000015
20
-173.7188850000000002
11
94.5789609999999925
21
-173.9093609999999899
0
LINE
8
BLACK
6
CONTINUOUS
10
94.5789609999999925
20
-173.9093609999999899
11
94.4837229999999977
21
-174.0045999999999822
0
LINE
8
BLACK
6
CONTINUOUS
10
94.4837229999999977
20
-174.0045999999999822
11
94.2932469999999938
21
-174.0998380000000054
0
LINE
8
BLACK
6
CONTINUOUS
10
94.2932469999999938
20
-174.0998380000000054
11
94.1027699999999925
21
-174.0998380000000054
0
LINE
8
BLACK
6
CONTINUOUS
10
94.1027699999999925
20
-174.0998380000000054
11
93.9122940000000028
21
-174.0045999999999822
0
LINE
8
BLACK
6
CONTINUOUS
10
93.9122940000000028
20
-174.0045999999999822
11
93.8170559999999938
21
-173.9093609999999899
0
LINE
8
BLACK
6
CONTINUOUS
10
93.8170559999999938
20
-173.9093609999999899
11
93.721817999999999
21
-173.7188850000000002
0
LINE
8
BLACK
6
CONTINUOUS
10
93.721817999999999
20
-173.7188850000000002
11
93.6265799999999899
21
-173.3379329999999925
0
LINE
8
BLACK
6
CONTINUOUS
10
93.6265799999999899
20
-173.3379329999999925
11
93.6265799999999899
21
-172.8617419999999925
0
LINE
8
BLACK
6
CONTINUOUS
10
93.6265799999999899
20
-172.8617419999999925
11
93.721817999999999
21
-172.4807899999999847
0
LINE
8
BLACK
6
CONTINUOUS
10
93.721817999999999
20
-172.4807899999999847
11
93.8170559999999938
21
-172.2903139999999951
0
LINE
8
BLACK
6
CONTINUOUS
10
93.8170559999999938
20
-172.2903139999999951
11
93.9122940000000028
21
-172.1950760000000002
0
LINE
8
BLACK
6
CONTINUOUS
10
93.9122940000000028
20
-172.1950760000000002
11
94.1027699999999925
21
-172.0998380000000054
0
LINE
8
BLACK
6
CONTINUOUS
10
95.5313419999999951
20
-172.0998380000000054
11
95.5313419999999951
21
-172.4807899999999847
0
LINE
8
BLACK
6
CONTINUOUS
10
96.2932469999999938
20
-172.0998380000000054
11
96.2932469999999938
21
-172.4807899999999847
0
LINE
8
BLACK
6
CONTINUOUS
10
99.2456289999999939
20
-174.8617419999999925
11
99.1503900000000016
21
-174.7665039999999976
0
LINE
8
BLACK
6
CONTINUOUS
10
99.1503900000000016
20
-174.7665039999999976
11
98.9599139999999977
21
-174.4807899999999847
0
LINE
8
BLACK
6
CONTINUOUS
10
98.9599139999999977
20
-174.4807899999999847
11
98.8646759999999887
21
-174.2903139999999951
0
LINE
8
BLACK
6
CONTINUOUS
10
98.8646759999999887
20
-174.2903139999999951
11
98.7694379999999938
21
-174.0045999999999822
0
LINE
8
BLACK
6
CONTINUOUS
10
98.7694379999999938
20
-174.0045999999999822
11
98.674199999999999
21
-173.5284089999999821
0
LINE
8
BLACK
6
CONTINUOUS
10
98.674199999999999
20
-173.5284089999999821
11
98.674199999999999
21
-173.1474570000000028
0
LINE
8
BLACK
6
CONTINUOUS
10
98.674199999999999
20
-173.1474570000000028
11
98.7694379999999938
21
-172.6712660000000028
0
LINE
8
BLACK
6
CONTINUOUS
10
98.7694379999999938
20
-172.6712660000000028
11
98.8646759999999887
21
-172.3855519999999899
0
LINE
8
BLACK
6
CONTINUOUS
10
98.8646759999999887
20
-172.3855519999999899
11
98.9599139999999977
21
-172.1950760000000002
0
LINE
8
BLACK
6
CONTINUOUS
10
98.9599139999999977
20
-172.1950760000000002
11
99.1503900000000016
21
-171.9093609999999899
0
LINE
8
BLACK
6
CONTINUOUS
10
99.1503900000000016
20
-171.9093609999999899
11
99.2456289999999939
21
-171.814122999999995
0
LINE
8
BLACK
6
CONTINUOUS
10
100.2932469999999938
20
-172.9569799999999873
11
100.10277099999999
21
-172.8617419999999925
0
LINE
8
BLACK
6
CONTINUOUS
10
100.10277099999999
20
-172.8617419999999925
11
100.0075329999999951
21
-172.7665039999999976
0
LINE
8
BLACK
6
CONTINUOUS
10
100.0075329999999951
20
-172.7665039999999976
11
99.9122950000000003
21
-172.5760279999999796
0
LINE
8
BLACK
6
CONTINUOUS
10
99.9122950000000003
20
-172.5760279999999796
11
99.9122950000000003
21
-172.4807899999999847
0
LINE
8
BLACK
6
CONTINUOUS
10
99.9122950000000003
20
-172.4807899999999847
11
100.0075329999999951
21
-172.2903139999999951
0
LINE
8
BLACK
6
CONTINUOUS
10
100.0075329999999951
20
-172.2903139999999951
11
100.10277099999999
21
-172.1950760000000002
0
LINE
8
BLACK
6
CONTINUOUS
10
100.10277099999999
20
-172.1950760000000002
11
100.2932469999999938
21
-172.0998380000000054
0
LINE
8
BLACK
6
CONTINUOUS
10
100.2932469999999938
20
-172.0998380000000054
11
100.674199999999999
21
-172.0998380000000054
0
LINE
8
BLACK
6
CONTINUOUS
10
100.674199999999999
20
-172.0998380000000054
11
100.8646759999999887
21
-172.1950760000000002
0
LINE
8
BLACK
6
CONTINUOUS
10
100.8646759999999887
20
-172.1950760000000002
11
100.9599139999999977
21
-172.2903139999999951
0
LINE
8
BLACK
6
CONTINUOUS
10
100.9599139999999977
20
-172.2903139999999951
11
101.0551519999999925
21
-172.4807899999999847
0
LINE
8
BLACK
6
CONTINUOUS
10
101.0551519999999925
20
-172.4807899999999847
11
101.0551519999999925
21
-172.5760279999999796
0
LINE
8
BLACK
6
CONTINUOUS
10
101.0551519999999925
20
-172.5760279999999796
11
100.9599139999999977
21
-172.7665039999999976
0
LINE
8
BLACK
6
CONTINUOUS
10
100.9599139999999977
20
-172.7665039999999976
11
100.8646759999999887
21
-172.8617419999999925
0
LINE
8
BLACK
6
CONTINUOUS
10
100.8646759999999887
20
-172.8617419999999925
11
100.674199999999999
21
-172.9569799999999873
0
LINE
8
BLACK
6
CONTINUOUS
10
100.674199999999999
20
-172.9569799999999873
11
100.2932469999999938
21
-172.9569799999999873
0
LINE
8
BLACK
6
CONTINUOUS
10
100.2932469999999938
20
-172.9569799999999873
11
100.10277099999999
21
-173.0522189999999796
0
LINE
8
BLACK
6
CONTINUOUS
10
100.10277099999999
20
-173.0522189999999796
11
100.0075329999999951
21
-173.1474570000000028
0
LINE
8
BLACK
6
CONTINUOUS
10
100.0075329999999951
20
-173.1474570000000028
11
99.9122950000000003
21
-173.3379329999999925
0
LINE
8
BLACK
6
CONTINUOUS
10
99.9122950000000003
20
-173.3379329999999925
11
99.9122950000000003
21
-173.7188850000000002
0
LINE
8
BLACK
6
CONTINUOUS
10
99.9122950000000003
20
-173.7188850000000002
11
100.0075329999999951
21
-173.9093609999999899
0
LINE
8
BLACK
6
CONTINUOUS
10
100.0075329999999951
20
-173.9093609999999899
11
100.10277099999999
21
-174.0045999999999822
0
LINE
8
BLACK
6
CONTINUOUS
10
100.10277099999999
20
-174.0045999999999822
11
100.2932469999999938
21
-174.0998380000000054
0
LINE
8
BLACK
6
CONTINUOUS
10
100.2932469999999938
20
-174.0998380000000054
11
100.674199999999999
21
-174.0998380000000054
0
LINE
8
BLACK
6
CONTINUOUS
10
100.674199999999999
20
-174.0998380000000054
11
100.8646759999999887
21
-174.0045999999999822
0
LINE
8
BLACK
6
CONTINUOUS
10
100.8646759999999887
20
-174.0045999999999822
11
100.9599139999999977
21
-173.9093609999999899
0
LINE
8
BLACK
6
CONTINUOUS
10
100.9599139999999977
20
-173.9093609999999899
11
101.0551519999999925
21
-173.7188850000000002
0
LINE
8
BLACK
6
CONTINUOUS
10
101.0551519999999925
20
-173.7188850000000002
11
101.0551519999999925
21
-173.3379329999999925
0
LINE
8
BLACK
6
CONTINUOUS
10
101.0551519999999925
20
-173.3379329999999925
11
100.9599139999999977
21
-173.1474570000000028
0
LINE
8
BLACK
6
CONTINUOUS
10
100.9599139999999977
20
-173.1474570000000028
11
100.8646759999999887
21
-173.0522189999999796
0
LINE
8
BLACK
6
CONTINUOUS
10
100.8646759999999887
20
-173.0522189999999796
11
100.674199999999999
21
-172.9569799999999873
0
LINE
8
BLACK
6
CONTINUOUS
10
103.4361049999999977
20
-174.0998380000000054
11
103.4361049999999977
21
-172.0998380000000054
0
LINE
8
BLACK
6
CONTINUOUS
10
104.2932479999999913
20
-174.0998380000000054
11
104.2932479999999913
21
-173.0522189999999796
0
LINE
8
BLACK
6
CONTINUOUS
10
104.2932479999999913
20
-173.0522189999999796
11
104.1980099999999965
21
-172.8617419999999925
0
LINE
8
BLACK
6
CONTINUOUS
10
104.1980099999999965
20
-172.8617419999999925
11
104.0075339999999926
21
-172.7665039999999976
0
LINE
8
BLACK
6
CONTINUOUS
10
104.0075339999999926
20
-172.7665039999999976
11
103.7218189999999964
21
-172.7665039999999976
0
LINE
8
BLACK
6
CONTINUOUS
10
103.7218189999999964
20
-172.7665039999999976
11
103.5313429999999926
21
-172.8617419999999925
0
LINE
8
BLACK
6
CONTINUOUS
10
103.5313429999999926
20
-172.8617419999999925
11
103.4361049999999977
21
-172.9569799999999873
0
LINE
8
BLACK
6
CONTINUOUS
10
105.5313429999999926
20
-174.0998380000000054
11
105.3408669999999887
21
-174.0045999999999822
0
LINE
8
BLACK
6
CONTINUOUS
10
105.3408669999999887
20
-174.0045999999999822
11
105.2456289999999939
21
-173.9093609999999899
0
LINE
8
BLACK
6
CONTINUOUS
10
105.2456289999999939
20
-173.9093609999999899
11
105.1503909999999991
21
-173.7188850000000002
0
LINE
8
BLACK
6
CONTINUOUS
10
105.1503909999999991
20
-173.7188850000000002
11
105.1503909999999991
21
-173.1474570000000028
0
LINE
8
BLACK
6
CONTINUOUS
10
105.1503909999999991
20
-173.1474570000000028
11
105.2456289999999939
21
-172.9569799999999873
0
LINE
8
BLACK
6
CONTINUOUS
10
105.2456289999999939
20
-172.9569799999999873
11
105.3408669999999887
21
-172.8617419999999925
0
LINE
8
BLACK
6
CONTINUOUS
10
105.3408669999999887
20
-172.8617419999999925
11
105.5313429999999926
21
-172.7665039999999976
0
LINE
8
BLACK
6
CONTINUOUS
10
105.5313429999999926
20
-172.7665039999999976
11
105.8170579999999887
21
-172.7665039999999976
0
LINE
8
BLACK
6
CONTINUOUS
10
105.8170579999999887
20
-172.7665039999999976
11
106.0075339999999926
21
-172.8617419999999925
0
LINE
8
BLACK
6
CONTINUOUS
10
106.0075339999999926
20
-172.8617419999999925
11
106.1027720000000016
21
-172.9569799999999873
0
LINE
8
BLACK
6
CONTINUOUS
10
106.1027720000000016
20
-172.9569799999999873
11
106.1980099999999965
21
-173.1474570000000028
0
LINE
8
BLACK
6
CONTINUOUS
10
106.1980099999999965
20
-173.1474570000000028
11
106.1980099999999965
21
-173.7188850000000002
0
LINE
8
BLACK
6
CONTINUOUS
10
106.1980099999999965
20
-173.7188850000000002
11
106.1027720000000016
21
-173.9093609999999899
0
LINE
8
BLACK
6
CONTINUOUS
10
106.1027720000000016
20
-173.9093609999999899
11
106.0075339999999926
21
-174.0045999999999822
0
LINE
8
BLACK
6
CONTINUOUS
10
106.0075339999999926
20
-174.0045999999999822
11
105.8170579999999887
21
-174.0998380000000054
0
LINE
8
BLACK
6
CONTINUOUS
10
105.8170579999999887
20
-174.0998380000000054
11
105.5313429999999926
21
-174.0998380000000054
0
LINE
8
BLACK
6
CONTINUOUS
10
107.3408669999999887
20
-174.0998380000000054
11
107.1503909999999991
21
-174.0045999999999822
0
LINE
8
BLACK
6
CONTINUOUS
10
107.1503909999999991
20
-174.0045999999999822
11
107.05515299999999
21
-173.814122999999995
0
LINE
8
BLACK
6
CONTINUOUS
10
107.05515299999999
20
-173.814122999999995
11
107.05515299999999
21
-172.0998380000000054
0
LINE
8
BLACK
6
CONTINUOUS
10
108.8646770000000004
20
-174.0045999999999822
11
108.6742009999999965
21
-174.0998380000000054
0
LINE
8
BLACK
6
CONTINUOUS
10
108.6742009999999965
20
-174.0998380000000054
11
108.2932479999999913
21
-174.0998380000000054
0
LINE
8
BLACK
6
CONTINUOUS
10
108.2932479999999913
20
-174.0998380000000054
11
108.1027720000000016
21
-174.0045999999999822
0
LINE
8
BLACK
6
CONTINUOUS
10
108.1027720000000016
20
-174.0045999999999822
11
108.0075339999999926
21
-173.814122999999995
0
LINE
8
BLACK
6
CONTINUOUS
10
108.0075339999999926
20
-173.814122999999995
11
108.0075339999999926
21
-173.0522189999999796
0
LINE
8
BLACK
6
CONTINUOUS
10
108.0075339999999926
20
-173.0522189999999796
11
108.1027720000000016
21
-172.8617419999999925
0
LINE
8
BLACK
6
CONTINUOUS
10
108.1027720000000016
20
-172.8617419999999925
11
108.2932479999999913
21
-172.7665039999999976
0
LINE
8
BLACK
6
CONTINUOUS
10
108.2932479999999913
20
-172.7665039999999976
11
108.6742009999999965
21
-172.7665039999999976
0
LINE
8
BLACK
6
CONTINUOUS
10
108.6742009999999965
20
-172.7665039999999976
11
108.8646770000000004
21
-172.8617419999999925
0
LINE
8
BLACK
6
CONTINUOUS
10
108.8646770000000004
20
-172.8617419999999925
11
108.9599149999999952
21
-173.0522189999999796
0
LINE
8
BLACK
6
CONTINUOUS
10
108.9599149999999952
20
-173.0522189999999796
11
108.9599149999999952
21
-173.2426949999999977
0
LINE
8
BLACK
6
CONTINUOUS
10
108.9599149999999952
20
-173.2426949999999977
11
108.0075339999999926
21
-173.4331709999999873
0
LINE
8
BLACK
6
CONTINUOUS
10
109.7218199999999939
20
-174.0045999999999822
11
109.9122959999999978
21
-174.0998380000000054
0
LINE
8
BLACK
6
CONTINUOUS
10
109.9122959999999978
20
-174.0998380000000054
11
110.2932479999999913
21
-174.0998380000000054
0
LINE
8
BLACK
6
CONTINUOUS
10
110.2932479999999913
20
-174.0998380000000054
11
110.4837249999999926
21
-174.0045999999999822
0
LINE
8
BLACK
6
CONTINUOUS
10
110.4837249999999926
20
-174.0045999999999822
11
110.5789630000000017
21
-173.814122999999995
0
LINE
8
BLACK
6
CONTINUOUS
10
110.5789630000000017
20
-173.814122999999995
11
110.5789630000000017
21
-173.7188850000000002
0
LINE
8
BLACK
6
CONTINUOUS
10
110.5789630000000017
20
-173.7188850000000002
11
110.4837249999999926
21
-173.5284089999999821
0
LINE
8
BLACK
6
CONTINUOUS
10
110.4837249999999926
20
-173.5284089999999821
11
110.2932479999999913
21
-173.4331709999999873
0
LINE
8
BLACK
6
CONTINUOUS
10
110.2932479999999913
20
-173.4331709999999873
11
110.0075339999999926
21
-173.4331709999999873
0
LINE
8
BLACK
6
CONTINUOUS
10
110.0075339999999926
20
-173.4331709999999873
11
109.8170579999999887
21
-173.3379329999999925
0
LINE
8
BLACK
6
CONTINUOUS
10
109.8170579999999887
20
-173.3379329999999925
11
109.7218199999999939
21
-173.1474570000000028
0
LINE
8
BLACK
6
CONTINUOUS
10
109.7218199999999939
20
-173.1474570000000028
11
109.7218199999999939
21
-173.0522189999999796
0
LINE
8
BLACK
6
CONTINUOUS
10
109.7218199999999939
20
-173.0522189999999796
11
109.8170579999999887
21
-172.8617419999999925
0
LINE
8
BLACK
6
CONTINUOUS
10
109.8170579999999887
20
-172.8617419999999925
11
110.0075339999999926
21
-172.7665039999999976
0
LINE
8
BLACK
6
CONTINUOUS
10
110.0075339999999926
20
-172.7665039999999976
11
110.2932479999999913
21
-172.7665039999999976
0
LINE
8
BLACK
6
CONTINUOUS
10
110.2932479999999913
20
-172.7665039999999976
11
110.4837249999999926
21
-172.8617419999999925
0
LINE
8
BLACK
6
CONTINUOUS
10
111.2456299999999914
20
-174.8617419999999925
11
111.3408680000000004
21
-174.7665039999999976
0
LINE
8
BLACK
6
CONTINUOUS
10
111.3408680000000004
20
-174.7665039999999976
11
111.53134399999999
21
-174.4807899999999847
0
LINE
8
BLACK
6
CONTINUOUS
10
111.53134399999999
20
-174.4807899999999847
11
111.6265819999999991
21
-174.2903139999999951
0
LINE
8
BLACK
6
CONTINUOUS
10
111.6265819999999991
20
-174.2903139999999951
11
111.7218199999999939
21
-174.0045999999999822
0
LINE
8
BLACK
6
CONTINUOUS
10
111.7218199999999939
20
-174.0045999999999822
11
111.8170579999999887
21
-173.5284089999999821
0
LINE
8
BLACK
6
CONTINUOUS
10
111.8170579999999887
20
-173.5284089999999821
11
111.8170579999999887
21
-173.1474570000000028
0
LINE
8
BLACK
6
CONTINUOUS
10
111.8170579999999887
20
-173.1474570000000028
11
111.7218199999999939
21
-172.6712660000000028
0
LINE
8
BLACK
6
CONTINUOUS
10
111.7218199999999939
20
-172.6712660000000028
11
111.6265819999999991
21
-172.3855519999999899
0
LINE
8
BLACK
6
CONTINUOUS
10
111.6265819999999991
20
-172.3855519999999899
11
111.53134399999999
21
-172.1950760000000002
0
LINE
8
BLACK
6
CONTINUOUS
10
111.53134399999999
20
-172.1950760000000002
11
111.3408680000000004
21
-171.9093609999999899
0
LINE
8
BLACK
6
CONTINUOUS
10
111.3408680000000004
20
-171.9093609999999899
11
111.2456299999999914
21
-171.814122999999995
0
LINE
8
BLACK
6
CONTINUOUS
10
63.2533689999999993
20
-176.9683689999999956
11
63.2533689999999993
21
-175.8016309999999862
0
LINE
8
BLACK
6
CONTINUOUS
10
63.2533689999999993
20
-175.8016309999999862
11
62.086630999999997
21
-175.8016309999999862
0
LINE
8
BLACK
6
CONTINUOUS
10
62.086630999999997
20
-175.8016309999999862
11
62.086630999999997
21
-176.9683689999999956
0
LINE
8
BLACK
6
CONTINUOUS
10
62.086630999999997
20
-176.9683689999999956
11
63.2533689999999993
21
-176.9683689999999956
0
LINE
8
BLACK
6
CONTINUOUS
10
67.1503869999999949
20
-177.2998379999999941
11
66.0075300000000027
21
-177.2998379999999941
0
LINE
8
BLACK
6
CONTINUOUS
10
66.5789580000000001
20
-177.2998379999999941
11
66.5789580000000001
21
-175.2998379999999941
0
LINE
8
BLACK
6
CONTINUOUS
10
66.5789580000000001
20
-175.2998379999999941
11
66.3884819999999962
21
-175.5855519999999785
0
LINE
8
BLACK
6
CONTINUOUS
10
66.3884819999999962
20
-175.5855519999999785
11
66.1980059999999924
21
-175.7760279999999966
0
LINE
8
BLACK
6
CONTINUOUS
10
66.1980059999999924
20
-175.7760279999999966
11
66.0075300000000027
21
-175.8712659999999914
0
LINE
8
BLACK
6
CONTINUOUS
10
68.0075300000000027
20
-177.1093609999999785
11
68.1027679999999975
21
-177.2045999999999992
0
LINE
8
BLACK
6
CONTINUOUS
10
68.1027679999999975
20
-177.2045999999999992
11
68.0075300000000027
21
-177.2998379999999941
0
LINE
8
BLACK
6
CONTINUOUS
10
68.0075300000000027
20
-177.2998379999999941
11
67.9122919999999937
21
-177.2045999999999992
0
LINE
8
BLACK
6
CONTINUOUS
10
67.9122919999999937
20
-177.2045999999999992
11
68.0075300000000027
21
-177.1093609999999785
0
LINE
8
BLACK
6
CONTINUOUS
10
68.0075300000000027
20
-177.1093609999999785
11
68.0075300000000027
21
-177.2998379999999941
0
LINE
8
BLACK
6
CONTINUOUS
10
69.8170539999999988
20
-175.2998379999999941
11
69.4361009999999936
21
-175.2998379999999941
0
LINE
8
BLACK
6
CONTINUOUS
10
69.4361009999999936
20
-175.2998379999999941
11
69.2456249999999898
21
-175.3950759999999889
0
LINE
8
BLACK
6
CONTINUOUS
10
69.2456249999999898
20
-175.3950759999999889
11
69.1503869999999949
21
-175.4903139999999837
0
LINE
8
BLACK
6
CONTINUOUS
10
69.1503869999999949
20
-175.4903139999999837
11
68.9599109999999911
21
-175.7760279999999966
0
LINE
8
BLACK
6
CONTINUOUS
10
68.9599109999999911
20
-175.7760279999999966
11
68.8646729999999963
21
-176.1569800000000043
0
LINE
8
BLACK
6
CONTINUOUS
10
68.8646729999999963
20
-176.1569800000000043
11
68.8646729999999963
21
-176.9188849999999888
0
LINE
8
BLACK
6
CONTINUOUS
10
68.8646729999999963
20
-176.9188849999999888
11
68.9599109999999911
21
-177.1093609999999785
0
LINE
8
BLACK
6
CONTINUOUS
10
68.9599109999999911
20
-177.1093609999999785
11
69.0551490000000001
21
-177.2045999999999992
0
LINE
8
BLACK
6
CONTINUOUS
10
69.0551490000000001
20
-177.2045999999999992
11
69.2456249999999898
21
-177.2998379999999941
0
LINE
8
BLACK
6
CONTINUOUS
10
69.2456249999999898
20
-177.2998379999999941
11
69.626577999999995
21
-177.2998379999999941
0
LINE
8
BLACK
6
CONTINUOUS
10
69.626577999999995
20
-177.2998379999999941
11
69.8170539999999988
21
-177.2045999999999992
0
LINE
8
BLACK
6
CONTINUOUS
10
69.8170539999999988
20
-177.2045999999999992
11
69.9122919999999937
21
-177.1093609999999785
0
LINE
8
BLACK
6
CONTINUOUS
10
69.9122919999999937
20
-177.1093609999999785
11
70.0075300000000027
21
-176.9188849999999888
0
LINE
8
BLACK
6
CONTINUOUS
10
70.0075300000000027
20
-176.9188849999999888
11
70.0075300000000027
21
-176.4426949999999863
0
LINE
8
BLACK
6
CONTINUOUS
10
70.0075300000000027
20
-176.4426949999999863
11
69.9122919999999937
21
-176.2522189999999966
0
LINE
8
BLACK
6
CONTINUOUS
10
69.9122919999999937
20
-176.2522189999999966
11
69.8170539999999988
21
-176.1569800000000043
0
LINE
8
BLACK
6
CONTINUOUS
10
69.8170539999999988
20
-176.1569800000000043
11
69.626577999999995
21
-176.0617419999999811
0
LINE
8
BLACK
6
CONTINUOUS
10
69.626577999999995
20
-176.0617419999999811
11
69.2456249999999898
21
-176.0617419999999811
0
LINE
8
BLACK
6
CONTINUOUS
10
69.2456249999999898
20
-176.0617419999999811
11
69.0551490000000001
21
-176.1569800000000043
0
LINE
8
BLACK
6
CONTINUOUS
10
69.0551490000000001
20
-176.1569800000000043
11
68.9599109999999911
21
-176.2522189999999966
0
LINE
8
BLACK
6
CONTINUOUS
10
68.9599109999999911
20
-176.2522189999999966
11
68.8646729999999963
21
-176.4426949999999863
0
LINE
8
BLACK
6
CONTINUOUS
10
71.8170539999999988
20
-175.2998379999999941
11
70.8646729999999963
21
-175.2998379999999941
0
LINE
8
BLACK
6
CONTINUOUS
10
70.8646729999999963
20
-175.2998379999999941
11
70.7694350000000014
21
-176.2522189999999966
0
LINE
8
BLACK
6
CONTINUOUS
10
70.7694350000000014
20
-176.2522189999999966
11
70.8646729999999963
21
-176.1569800000000043
0
LINE
8
BLACK
6
CONTINUOUS
10
70.8646729999999963
20
-176.1569800000000043
11
71.0551490000000001
21
-176.0617419999999811
0
LINE
8
BLACK
6
CONTINUOUS
10
71.0551490000000001
20
-176.0617419999999811
11
71.5313400000000001
21
-176.0617419999999811
0
LINE
8
BLACK
6
CONTINUOUS
10
71.5313400000000001
20
-176.0617419999999811
11
71.7218159999999898
21
-176.1569800000000043
0
LINE
8
BLACK
6
CONTINUOUS
10
71.7218159999999898
20
-176.1569800000000043
11
71.8170539999999988
21
-176.2522189999999966
0
LINE
8
BLACK
6
CONTINUOUS
10
71.8170539999999988
20
-176.2522189999999966
11
71.9122919999999937
21
-176.4426949999999863
0
LINE
8
BLACK
6
CONTINUOUS
10
71.9122919999999937
20
-176.4426949999999863
11
71.9122919999999937
21
-176.9188849999999888
0
LINE
8
BLACK
6
CONTINUOUS
10
71.9122919999999937
20
-176.9188849999999888
11
71.8170539999999988
21
-177.1093609999999785
0
LINE
8
BLACK
6
CONTINUOUS
10
71.8170539999999988
20
-177.1093609999999785
11
71.7218159999999898
21
-177.2045999999999992
0
LINE
8
BLACK
6
CONTINUOUS
10
71.7218159999999898
20
-177.2045999999999992
11
71.5313400000000001
21
-177.2998379999999941
0
LINE
8
BLACK
6
CONTINUOUS
10
71.5313400000000001
20
-177.2998379999999941
11
71.0551490000000001
21
-177.2998379999999941
0
LINE
8
BLACK
6
CONTINUOUS
10
71.0551490000000001
20
-177.2998379999999941
11
70.8646729999999963
21
-177.2045999999999992
0
LINE
8
BLACK
6
CONTINUOUS
10
70.8646729999999963
20
-177.2045999999999992
11
70.7694350000000014
21
-177.1093609999999785
0
LINE
8
BLACK
6
CONTINUOUS
10
73.1503869999999949
20
-175.2998379999999941
11
73.3408639999999963
21
-175.2998379999999941
0
LINE
8
BLACK
6
CONTINUOUS
10
73.3408639999999963
20
-175.2998379999999941
11
73.5313400000000001
21
-175.3950759999999889
0
LINE
8
BLACK
6
CONTINUOUS
10
73.5313400000000001
20
-175.3950759999999889
11
73.626577999999995
21
-175.4903139999999837
0
LINE
8
BLACK
6
CONTINUOUS
10
73.626577999999995
20
-175.4903139999999837
11
73.7218159999999898
21
-175.6807900000000018
0
LINE
8
BLACK
6
CONTINUOUS
10
73.7218159999999898
20
-175.6807900000000018
11
73.8170539999999988
21
-176.0617419999999811
0
LINE
8
BLACK
6
CONTINUOUS
10
73.8170539999999988
20
-176.0617419999999811
11
73.8170539999999988
21
-176.5379329999999811
0
LINE
8
BLACK
6
CONTINUOUS
10
73.8170539999999988
20
-176.5379329999999811
11
73.7218159999999898
21
-176.9188849999999888
0
LINE
8
BLACK
6
CONTINUOUS
10
73.7218159999999898
20
-176.9188849999999888
11
73.626577999999995
21
-177.1093609999999785
0
LINE
8
BLACK
6
CONTINUOUS
10
73.626577999999995
20
-177.1093609999999785
11
73.5313400000000001
21
-177.2045999999999992
0
LINE
8
BLACK
6
CONTINUOUS
10
73.5313400000000001
20
-177.2045999999999992
11
73.3408639999999963
21
-177.2998379999999941
0
LINE
8
BLACK
6
CONTINUOUS
10
73.3408639999999963
20
-177.2998379999999941
11
73.1503869999999949
21
-177.2998379999999941
0
LINE
8
BLACK
6
CONTINUOUS
10
73.1503869999999949
20
-177.2998379999999941
11
72.9599109999999911
21
-177.2045999999999992
0
LINE
8
BLACK
6
CONTINUOUS
10
72.9599109999999911
20
-177.2045999999999992
11
72.8646729999999963
21
-177.1093609999999785
0
LINE
8
BLACK
6
CONTINUOUS
10
72.8646729999999963
20
-177.1093609999999785
11
72.7694350000000014
21
-176.9188849999999888
0
LINE
8
BLACK
6
CONTINUOUS
10
72.7694350000000014
20
-176.9188849999999888
11
72.6741969999999924
21
-176.5379329999999811
0
LINE
8
BLACK
6
CONTINUOUS
10
72.6741969999999924
20
-176.5379329999999811
11
72.6741969999999924
21
-176.0617419999999811
0
LINE
8
BLACK
6
CONTINUOUS
10
72.6741969999999924
20
-176.0617419999999811
11
72.7694350000000014
21
-175.6807900000000018
0
LINE
8
BLACK
6
CONTINUOUS
10
72.7694350000000014
20
-175.6807900000000018
11
72.8646729999999963
21
-175.4903139999999837
0
LINE
8
BLACK
6
CONTINUOUS
10
72.8646729999999963
20
-175.4903139999999837
11
72.9599109999999911
21
-175.3950759999999889
0
LINE
8
BLACK
6
CONTINUOUS
10
72.9599109999999911
20
-175.3950759999999889
11
73.1503869999999949
21
-175.2998379999999941
0
LINE
8
BLACK
6
CONTINUOUS
10
74.6741969999999924
20
-177.2998379999999941
11
74.6741969999999924
21
-175.9665039999999863
0
LINE
8
BLACK
6
CONTINUOUS
10
74.6741969999999924
20
-176.1569800000000043
11
74.7694350000000014
21
-176.0617419999999811
0
LINE
8
BLACK
6
CONTINUOUS
10
74.7694350000000014
20
-176.0617419999999811
11
74.9599109999999911
21
-175.9665039999999863
0
LINE
8
BLACK
6
CONTINUOUS
10
74.9599109999999911
20
-175.9665039999999863
11
75.2456260000000015
21
-175.9665039999999863
0
LINE
8
BLACK
6
CONTINUOUS
10
75.2456260000000015
20
-175.9665039999999863
11
75.4361019999999911
21
-176.0617419999999811
0
LINE
8
BLACK
6
CONTINUOUS
10
75.4361019999999911
20
-176.0617419999999811
11
75.5313400000000001
21
-176.2522189999999966
0
LINE
8
BLACK
6
CONTINUOUS
10
75.5313400000000001
20
-176.2522189999999966
11
75.5313400000000001
21
-177.2998379999999941
0
LINE
8
BLACK
6
CONTINUOUS
10
75.5313400000000001
20
-176.2522189999999966
11
75.626577999999995
21
-176.0617419999999811
0
LINE
8
BLACK
6
CONTINUOUS
10
75.626577999999995
20
-176.0617419999999811
11
75.8170539999999988
21
-175.9665039999999863
0
LINE
8
BLACK
6
CONTINUOUS
10
75.8170539999999988
20
-175.9665039999999863
11
76.1027679999999975
21
-175.9665039999999863
0
LINE
8
BLACK
6
CONTINUOUS
10
76.1027679999999975
20
-175.9665039999999863
11
76.2932449999999989
21
-176.0617419999999811
0
LINE
8
BLACK
6
CONTINUOUS
10
76.2932449999999989
20
-176.0617419999999811
11
76.3884829999999937
21
-176.2522189999999966
0
LINE
8
BLACK
6
CONTINUOUS
10
76.3884829999999937
20
-176.2522189999999966
11
76.3884829999999937
21
-177.2998379999999941
0
LINE
8
BLACK
6
CONTINUOUS
10
77.3408639999999963
20
-177.2998379999999941
11
77.3408639999999963
21
-175.9665039999999863
0
LINE
8
BLACK
6
CONTINUOUS
10
77.3408639999999963
20
-176.1569800000000043
11
77.4361019999999911
21
-176.0617419999999811
0
LINE
8
BLACK
6
CONTINUOUS
10
77.4361019999999911
20
-176.0617419999999811
11
77.626577999999995
21
-175.9665039999999863
0
LINE
8
BLACK
6
CONTINUOUS
10
77.626577999999995
20
-175.9665039999999863
11
77.9122929999999911
21
-175.9665039999999863
0
LINE
8
BLACK
6
CONTINUOUS
10
77.9122929999999911
20
-175.9665039999999863
11
78.102768999999995
21
-176.0617419999999811
0
LINE
8
BLACK
6
CONTINUOUS
10
78.102768999999995
20
-176.0617419999999811
11
78.1980069999999898
21
-176.2522189999999966
0
LINE
8
BLACK
6
CONTINUOUS
10
78.1980069999999898
20
-176.2522189999999966
11
78.1980069999999898
21
-177.2998379999999941
0
LINE
8
BLACK
6
CONTINUOUS
10
78.1980069999999898
20
-176.2522189999999966
11
78.2932449999999989
21
-176.0617419999999811
0
LINE
8
BLACK
6
CONTINUOUS
10
78.2932449999999989
20
-176.0617419999999811
11
78.4837210000000027
21
-175.9665039999999863
0
LINE
8
BLACK
6
CONTINUOUS
10
78.4837210000000027
20
-175.9665039999999863
11
78.7694350000000014
21
-175.9665039999999863
0
LINE
8
BLACK
6
CONTINUOUS
10
78.7694350000000014
20
-175.9665039999999863
11
78.9599120000000028
21
-176.0617419999999811
0
LINE
8
BLACK
6
CONTINUOUS
10
78.9599120000000028
20
-176.0617419999999811
11
79.0551499999999976
21
-176.2522189999999966
0
LINE
8
BLACK
6
CONTINUOUS
10
79.0551499999999976
20
-176.2522189999999966
11
79.0551499999999976
21
-177.2998379999999941
0
LINE
8
BLACK
6
CONTINUOUS
10
82.9599120000000028
20
-175.2045999999999992
11
81.2456269999999989
21
-177.7760279999999966
0
LINE
8
BLACK
6
CONTINUOUS
10
85.5313409999999976
20
-175.2998379999999941
11
85.721817999999999
21
-175.2998379999999941
0
LINE
8
BLACK
6
CONTINUOUS
10
85.721817999999999
20
-175.2998379999999941
11
85.9122940000000028
21
-175.3950759999999889
0
LINE
8
BLACK
6
CONTINUOUS
10
85.9122940000000028
20
-175.3950759999999889
11
86.0075319999999977
21
-175.4903139999999837
0
LINE
8
BLACK
6
CONTINUOUS
10
86.0075319999999977
20
-175.4903139999999837
11
86.1027699999999925
21
-175.6807900000000018
0
LINE
8
BLACK
6
CONTINUOUS
10
86.1027699999999925
20
-175.6807900000000018
11
86.1980080000000015
21
-176.0617419999999811
0
LINE
8
BLACK
6
CONTINUOUS
10
86.1980080000000015
20
-176.0617419999999811
11
86.1980080000000015
21
-176.5379329999999811
0
LINE
8
BLACK
6
CONTINUOUS
10
86.1980080000000015
20
-176.5379329999999811
11
86.1027699999999925
21
-176.9188849999999888
0
LINE
8
BLACK
6
CONTINUOUS
10
86.1027699999999925
20
-176.9188849999999888
11
86.0075319999999977
21
-177.1093609999999785
0
LINE
8
BLACK
6
CONTINUOUS
10
86.0075319999999977
20
-177.1093609999999785
11
85.9122940000000028
21
-177.2045999999999992
0
LINE
8
BLACK
6
CONTINUOUS
10
85.9122940000000028
20
-177.2045999999999992
11
85.721817999999999
21
-177.2998379999999941
0
LINE
8
BLACK
6
CONTINUOUS
10
85.721817999999999
20
-177.2998379999999941
11
85.5313409999999976
21
-177.2998379999999941
0
LINE
8
BLACK
6
CONTINUOUS
10
85.5313409999999976
20
-177.2998379999999941
11
85.3408649999999938
21
-177.2045999999999992
0
LINE
8
BLACK
6
CONTINUOUS
10
85.3408649999999938
20
-177.2045999999999992
11
85.2456269999999989
21
-177.1093609999999785
0
LINE
8
BLACK
6
CONTINUOUS
10
85.2456269999999989
20
-177.1093609999999785
11
85.1503889999999899
21
-176.9188849999999888
0
LINE
8
BLACK
6
CONTINUOUS
10
85.1503889999999899
20
-176.9188849999999888
11
85.0551509999999951
21
-176.5379329999999811
0
LINE
8
BLACK
6
CONTINUOUS
10
85.0551509999999951
20
-176.5379329999999811
11
85.0551509999999951
21
-176.0617419999999811
0
LINE
8
BLACK
6
CONTINUOUS
10
85.0551509999999951
20
-176.0617419999999811
11
85.1503889999999899
21
-175.6807900000000018
0
LINE
8
BLACK
6
CONTINUOUS
10
85.1503889999999899
20
-175.6807900000000018
11
85.2456269999999989
21
-175.4903139999999837
0
LINE
8
BLACK
6
CONTINUOUS
10
85.2456269999999989
20
-175.4903139999999837
11
85.3408649999999938
21
-175.3950759999999889
0
LINE
8
BLACK
6
CONTINUOUS
10
85.3408649999999938
20
-175.3950759999999889
11
85.5313409999999976
21
-175.2998379999999941
0
LINE
8
BLACK
6
CONTINUOUS
10
87.0551509999999951
20
-177.1093609999999785
11
87.1503889999999899
21
-177.2045999999999992
0
LINE
8
BLACK
6
CONTINUOUS
10
87.1503889999999899
20
-177.2045999999999992
11
87.0551509999999951
21
-177.2998379999999941
0
LINE
8
BLACK
6
CONTINUOUS
10
87.0551509999999951
20
-177.2998379999999941
11
86.9599130000000002
21
-177.2045999999999992
0
LINE
8
BLACK
6
CONTINUOUS
10
86.9599130000000002
20
-177.2045999999999992
11
87.0551509999999951
21
-177.1093609999999785
0
LINE
8
BLACK
6
CONTINUOUS
10
87.0551509999999951
20
-177.1093609999999785
11
87.0551509999999951
21
-177.2998379999999941
0
LINE
8
BLACK
6
CONTINUOUS
10
88.3884839999999912
20
-175.2998379999999941
11
88.5789609999999925
21
-175.2998379999999941
0
LINE
8
BLACK
6
CONTINUOUS
10
88.5789609999999925
20
-175.2998379999999941
11
88.7694369999999964
21
-175.3950759999999889
0
LINE
8
BLACK
6
CONTINUOUS
10
88.7694369999999964
20
-175.3950759999999889
11
88.8646749999999912
21
-175.4903139999999837
0
LINE
8
BLACK
6
CONTINUOUS
10
88.8646749999999912
20
-175.4903139999999837
11
88.9599130000000002
21
-175.6807900000000018
0
LINE
8
BLACK
6
CONTINUOUS
10
88.9599130000000002
20
-175.6807900000000018
11
89.0551509999999951
21
-176.0617419999999811
0
LINE
8
BLACK
6
CONTINUOUS
10
89.0551509999999951
20
-176.0617419999999811
11
89.0551509999999951
21
-176.5379329999999811
0
LINE
8
BLACK
6
CONTINUOUS
10
89.0551509999999951
20
-176.5379329999999811
11
88.9599130000000002
21
-176.9188849999999888
0
LINE
8
BLACK
6
CONTINUOUS
10
88.9599130000000002
20
-176.9188849999999888
11
88.8646749999999912
21
-177.1093609999999785
0
LINE
8
BLACK
6
CONTINUOUS
10
88.8646749999999912
20
-177.1093609999999785
11
88.7694369999999964
21
-177.2045999999999992
0
LINE
8
BLACK
6
CONTINUOUS
10
88.7694369999999964
20
-177.2045999999999992
11
88.5789609999999925
21
-177.2998379999999941
0
LINE
8
BLACK
6
CONTINUOUS
10
88.5789609999999925
20
-177.2998379999999941
11
88.3884839999999912
21
-177.2998379999999941
0
LINE
8
BLACK
6
CONTINUOUS
10
88.3884839999999912
20
-177.2998379999999941
11
88.1980080000000015
21
-177.2045999999999992
0
LINE
8
BLACK
6
CONTINUOUS
10
88.1980080000000015
20
-177.2045999999999992
11
88.1027699999999925
21
-177.1093609999999785
0
LINE
8
BLACK
6
CONTINUOUS
10
88.1027699999999925
20
-177.1093609999999785
11
88.0075319999999977
21
-176.9188849999999888
0
LINE
8
BLACK
6
CONTINUOUS
10
88.0075319999999977
20
-176.9188849999999888
11
87.9122940000000028
21
-176.5379329999999811
0
LINE
8
BLACK
6
CONTINUOUS
10
87.9122940000000028
20
-176.5379329999999811
11
87.9122940000000028
21
-176.0617419999999811
0
LINE
8
BLACK
6
CONTINUOUS
10
87.9122940000000028
20
-176.0617419999999811
11
88.0075319999999977
21
-175.6807900000000018
0
LINE
8
BLACK
6
CONTINUOUS
10
88.0075319999999977
20
-175.6807900000000018
11
88.1027699999999925
21
-175.4903139999999837
0
LINE
8
BLACK
6
CONTINUOUS
10
88.1027699999999925
20
-175.4903139999999837
11
88.1980080000000015
21
-175.3950759999999889
0
LINE
8
BLACK
6
CONTINUOUS
10
88.1980080000000015
20
-175.3950759999999889
11
88.3884839999999912
21
-175.2998379999999941
0
LINE
8
BLACK
6
CONTINUOUS
10
90.7694369999999964
20
-175.2998379999999941
11
90.3884839999999912
21
-175.2998379999999941
0
LINE
8
BLACK
6
CONTINUOUS
10
90.3884839999999912
20
-175.2998379999999941
11
90.1980080000000015
21
-175.3950759999999889
0
LINE
8
BLACK
6
CONTINUOUS
10
90.1980080000000015
20
-175.3950759999999889
11
90.1027699999999925
21
-175.4903139999999837
0
LINE
8
BLACK
6
CONTINUOUS
10
90.1027699999999925
20
-175.4903139999999837
11
89.9122940000000028
21
-175.7760279999999966
0
LINE
8
BLACK
6
CONTINUOUS
10
89.9122940000000028
20
-175.7760279999999966
11
89.8170559999999938
21
-176.1569800000000043
0
LINE
8
BLACK
6
CONTINUOUS
10
89.8170559999999938
20
-176.1569800000000043
11
89.8170559999999938
21
-176.9188849999999888
0
LINE
8
BLACK
6
CONTINUOUS
10
89.8170559999999938
20
-176.9188849999999888
11
89.9122940000000028
21
-177.1093609999999785
0
LINE
8
BLACK
6
CONTINUOUS
10
89.9122940000000028
20
-177.1093609999999785
11
90.0075319999999977
21
-177.2045999999999992
0
LINE
8
BLACK
6
CONTINUOUS
10
90.0075319999999977
20
-177.2045999999999992
11
90.1980080000000015
21
-177.2998379999999941
0
LINE
8
BLACK
6
CONTINUOUS
10
90.1980080000000015
20
-177.2998379999999941
11
90.5789609999999925
21
-177.2998379999999941
0
LINE
8
BLACK
6
CONTINUOUS
10
90.5789609999999925
20
-177.2998379999999941
11
90.7694369999999964
21
-177.2045999999999992
0
LINE
8
BLACK
6
CONTINUOUS
10
90.7694369999999964
20
-177.2045999999999992
11
90.8646749999999912
21
-177.1093609999999785
0
LINE
8
BLACK
6
CONTINUOUS
10
90.8646749999999912
20
-177.1093609999999785
11
90.9599130000000002
21
-176.9188849999999888
0
LINE
8
BLACK
6
CONTINUOUS
10
90.9599130000000002
20
-176.9188849999999888
11
90.9599130000000002
21
-176.4426949999999863
0
LINE
8
BLACK
6
CONTINUOUS
10
90.9599130000000002
20
-176.4426949999999863
11
90.8646749999999912
21
-176.2522189999999966
0
LINE
8
BLACK
6
CONTINUOUS
10
90.8646749999999912
20
-176.2522189999999966
11
90.7694369999999964
21
-176.1569800000000043
0
LINE
8
BLACK
6
CONTINUOUS
10
90.7694369999999964
20
-176.1569800000000043
11
90.5789609999999925
21
-176.0617419999999811
0
LINE
8
BLACK
6
CONTINUOUS
10
90.5789609999999925
20
-176.0617419999999811
11
90.1980080000000015
21
-176.0617419999999811
0
LINE
8
BLACK
6
CONTINUOUS
10
90.1980080000000015
20
-176.0617419999999811
11
90.0075319999999977
21
-176.1569800000000043
0
LINE
8
BLACK
6
CONTINUOUS
10
90.0075319999999977
20
-176.1569800000000043
11
89.9122940000000028
21
-176.2522189999999966
0
LINE
8
BLACK
6
CONTINUOUS
10
89.9122940000000028
20
-176.2522189999999966
11
89.8170559999999938
21
-176.4426949999999863
0
LINE
8
BLACK
6
CONTINUOUS
10
92.7694369999999964
20
-175.2998379999999941
11
91.8170559999999938
21
-175.2998379999999941
0
LINE
8
BLACK
6
CONTINUOUS
10
91.8170559999999938
20
-175.2998379999999941
11
91.721817999999999
21
-176.2522189999999966
0
LINE
8
BLACK
6
CONTINUOUS
10
91.721817999999999
20
-176.2522189999999966
11
91.8170559999999938
21
-176.1569800000000043
0
LINE
8
BLACK
6
CONTINUOUS
10
91.8170559999999938
20
-176.1569800000000043
11
92.0075319999999977
21
-176.0617419999999811
0
LINE
8
BLACK
6
CONTINUOUS
10
92.0075319999999977
20
-176.0617419999999811
11
92.4837229999999977
21
-176.0617419999999811
0
LINE
8
BLACK
6
CONTINUOUS
10
92.4837229999999977
20
-176.0617419999999811
11
92.6741990000000015
21
-176.1569800000000043
0
LINE
8
BLACK
6
CONTINUOUS
10
92.6741990000000015
20
-176.1569800000000043
11
92.7694369999999964
21
-176.2522189999999966
0
LINE
8
BLACK
6
CONTINUOUS
10
92.7694369999999964
20
-176.2522189999999966
11
92.8646749999999912
21
-176.4426949999999863
0
LINE
8
BLACK
6
CONTINUOUS
10
92.8646749999999912
20
-176.4426949999999863
11
92.8646749999999912
21
-176.9188849999999888
0
LINE
8
BLACK
6
CONTINUOUS
10
92.8646749999999912
20
-176.9188849999999888
11
92.7694369999999964
21
-177.1093609999999785
0
LINE
8
BLACK
6
CONTINUOUS
10
92.7694369999999964
20
-177.1093609999999785
11
92.6741990000000015
21
-177.2045999999999992
0
LINE
8
BLACK
6
CONTINUOUS
10
92.6741990000000015
20
-177.2045999999999992
11
92.4837229999999977
21
-177.2998379999999941
0
LINE
8
BLACK
6
CONTINUOUS
10
92.4837229999999977
20
-177.2998379999999941
11
92.0075319999999977
21
-177.2998379999999941
0
LINE
8
BLACK
6
CONTINUOUS
10
92.0075319999999977
20
-177.2998379999999941
11
91.8170559999999938
21
-177.2045999999999992
0
LINE
8
BLACK
6
CONTINUOUS
10
91.8170559999999938
20
-177.2045999999999992
11
91.721817999999999
21
-177.1093609999999785
0
LINE
8
BLACK
6
CONTINUOUS
10
94.1027699999999925
20
-175.2998379999999941
11
94.2932469999999938
21
-175.2998379999999941
0
LINE
8
BLACK
6
CONTINUOUS
10
94.2932469999999938
20
-175.2998379999999941
11
94.4837229999999977
21
-175.3950759999999889
0
LINE
8
BLACK
6
CONTINUOUS
10
94.4837229999999977
20
-175.3950759999999889
11
94.5789609999999925
21
-175.4903139999999837
0
LINE
8
BLACK
6
CONTINUOUS
10
94.5789609999999925
20
-175.4903139999999837
11
94.6741990000000015
21
-175.6807900000000018
0
LINE
8
BLACK
6
CONTINUOUS
10
94.6741990000000015
20
-175.6807900000000018
11
94.7694369999999964
21
-176.0617419999999811
0
LINE
8
BLACK
6
CONTINUOUS
10
94.7694369999999964
20
-176.0617419999999811
11
94.7694369999999964
21
-176.5379329999999811
0
LINE
8
BLACK
6
CONTINUOUS
10
94.7694369999999964
20
-176.5379329999999811
11
94.6741990000000015
21
-176.9188849999999888
0
LINE
8
BLACK
6
CONTINUOUS
10
94.6741990000000015
20
-176.9188849999999888
11
94.5789609999999925
21
-177.1093609999999785
0
LINE
8
BLACK
6
CONTINUOUS
10
94.5789609999999925
20
-177.1093609999999785
11
94.4837229999999977
21
-177.2045999999999992
0
LINE
8
BLACK
6
CONTINUOUS
10
94.4837229999999977
20
-177.2045999999999992
11
94.2932469999999938
21
-177.2998379999999941
0
LINE
8
BLACK
6
CONTINUOUS
10
94.2932469999999938
20
-177.2998379999999941
11
94.1027699999999925
21
-177.2998379999999941
0
LINE
8
BLACK
6
CONTINUOUS
10
94.1027699999999925
20
-177.2998379999999941
11
93.9122940000000028
21
-177.2045999999999992
0
LINE
8
BLACK
6
CONTINUOUS
10
93.9122940000000028
20
-177.2045999999999992
11
93.8170559999999938
21
-177.1093609999999785
0
LINE
8
BLACK
6
CONTINUOUS
10
93.8170559999999938
20
-177.1093609999999785
11
93.721817999999999
21
-176.9188849999999888
0
LINE
8
BLACK
6
CONTINUOUS
10
93.721817999999999
20
-176.9188849999999888
11
93.6265799999999899
21
-176.5379329999999811
0
LINE
8
BLACK
6
CONTINUOUS
10
93.6265799999999899
20
-176.5379329999999811
11
93.6265799999999899
21
-176.0617419999999811
0
LINE
8
BLACK
6
CONTINUOUS
10
93.6265799999999899
20
-176.0617419999999811
11
93.721817999999999
21
-175.6807900000000018
0
LINE
8
BLACK
6
CONTINUOUS
10
93.721817999999999
20
-175.6807900000000018
11
93.8170559999999938
21
-175.4903139999999837
0
LINE
8
BLACK
6
CONTINUOUS
10
93.8170559999999938
20
-175.4903139999999837
11
93.9122940000000028
21
-175.3950759999999889
0
LINE
8
BLACK
6
CONTINUOUS
10
93.9122940000000028
20
-175.3950759999999889
11
94.1027699999999925
21
-175.2998379999999941
0
LINE
8
BLACK
6
CONTINUOUS
10
95.5313419999999951
20
-175.2998379999999941
11
95.5313419999999951
21
-175.6807900000000018
0
LINE
8
BLACK
6
CONTINUOUS
10
96.2932469999999938
20
-175.2998379999999941
11
96.2932469999999938
21
-175.6807900000000018
0
LINE
8
BLACK
6
CONTINUOUS
10
99.2456289999999939
20
-178.0617419999999811
11
99.1503900000000016
21
-177.9665039999999863
0
LINE
8
BLACK
6
CONTINUOUS
10
99.1503900000000016
20
-177.9665039999999863
11
98.9599139999999977
21
-177.6807900000000018
0
LINE
8
BLACK
6
CONTINUOUS
10
98.9599139999999977
20
-177.6807900000000018
11
98.8646759999999887
21
-177.4903139999999837
0
LINE
8
BLACK
6
CONTINUOUS
10
98.8646759999999887
20
-177.4903139999999837
11
98.7694379999999938
21
-177.2045999999999992
0
LINE
8
BLACK
6
CONTINUOUS
10
98.7694379999999938
20
-177.2045999999999992
11
98.674199999999999
21
-176.7284089999999992
0
LINE
8
BLACK
6
CONTINUOUS
10
98.674199999999999
20
-176.7284089999999992
11
98.674199999999999
21
-176.3474569999999915
0
LINE
8
BLACK
6
CONTINUOUS
10
98.674199999999999
20
-176.3474569999999915
11
98.7694379999999938
21
-175.8712659999999914
0
LINE
8
BLACK
6
CONTINUOUS
10
98.7694379999999938
20
-175.8712659999999914
11
98.8646759999999887
21
-175.5855519999999785
0
LINE
8
BLACK
6
CONTINUOUS
10
98.8646759999999887
20
-175.5855519999999785
11
98.9599139999999977
21
-175.3950759999999889
0
LINE
8
BLACK
6
CONTINUOUS
10
98.9599139999999977
20
-175.3950759999999889
11
99.1503900000000016
21
-175.1093609999999785
0
LINE
8
BLACK
6
CONTINUOUS
10
99.1503900000000016
20
-175.1093609999999785
11
99.2456289999999939
21
-175.0141229999999837
0
LINE
8
BLACK
6
CONTINUOUS
10
100.8646759999999887
20
-175.9665039999999863
11
100.8646759999999887
21
-177.2998379999999941
0
LINE
8
BLACK
6
CONTINUOUS
10
100.3884849999999886
20
-175.2045999999999992
11
99.9122950000000003
21
-176.6331710000000044
0
LINE
8
BLACK
6
CONTINUOUS
10
99.9122950000000003
20
-176.6331710000000044
11
101.1503900000000016
21
-176.6331710000000044
0
LINE
8
BLACK
6
CONTINUOUS
10
103.4361049999999977
20
-177.2998379999999941
11
103.4361049999999977
21
-175.2998379999999941
0
LINE
8
BLACK
6
CONTINUOUS
10
104.2932479999999913
20
-177.2998379999999941
11
104.2932479999999913
21
-176.2522189999999966
0
LINE
8
BLACK
6
CONTINUOUS
10
104.2932479999999913
20
-176.2522189999999966
11
104.1980099999999965
21
-176.0617419999999811
0
LINE
8
BLACK
6
CONTINUOUS
10
104.1980099999999965
20
-176.0617419999999811
11
104.0075339999999926
21
-175.9665039999999863
0
LINE
8
BLACK
6
CONTINUOUS
10
104.0075339999999926
20
-175.9665039999999863
11
103.7218189999999964
21
-175.9665039999999863
0
LINE
8
BLACK
6
CONTINUOUS
10
103.7218189999999964
20
-175.9665039999999863
11
103.5313429999999926
21
-176.0617419999999811
0
LINE
8
BLACK
6
CONTINUOUS
10
103.5313429999999926
20
-176.0617419999999811
11
103.4361049999999977
21
-176.1569800000000043
0
LINE
8
BLACK
6
CONTINUOUS
10
105.5313429999999926
20
-177.2998379999999941
11
105.3408669999999887
21
-177.2045999999999992
0
LINE
8
BLACK
6
CONTINUOUS
10
105.3408669999999887
20
-177.2045999999999992
11
105.2456289999999939
21
-177.1093609999999785
0
LINE
8
BLACK
6
CONTINUOUS
10
105.2456289999999939
20
-177.1093609999999785
11
105.1503909999999991
21
-176.9188849999999888
0
LINE
8
BLACK
6
CONTINUOUS
10
105.1503909999999991
20
-176.9188849999999888
11
105.1503909999999991
21
-176.3474569999999915
0
LINE
8
BLACK
6
CONTINUOUS
10
105.1503909999999991
20
-176.3474569999999915
11
105.2456289999999939
21
-176.1569800000000043
0
LINE
8
BLACK
6
CONTINUOUS
10
105.2456289999999939
20
-176.1569800000000043
11
105.3408669999999887
21
-176.0617419999999811
0
LINE
8
BLACK
6
CONTINUOUS
10
105.3408669999999887
20
-176.0617419999999811
11
105.5313429999999926
21
-175.9665039999999863
0
LINE
8
BLACK
6
CONTINUOUS
10
105.5313429999999926
20
-175.9665039999999863
11
105.8170579999999887
21
-175.9665039999999863
0
LINE
8
BLACK
6
CONTINUOUS
10
105.8170579999999887
20
-175.9665039999999863
11
106.0075339999999926
21
-176.0617419999999811
0
LINE
8
BLACK
6
CONTINUOUS
10
106.0075339999999926
20
-176.0617419999999811
11
106.1027720000000016
21
-176.1569800000000043
0
LINE
8
BLACK
6
CONTINUOUS
10
106.1027720000000016
20
-176.1569800000000043
11
106.1980099999999965
21
-176.3474569999999915
0
LINE
8
BLACK
6
CONTINUOUS
10
106.1980099999999965
20
-176.3474569999999915
11
106.1980099999999965
21
-176.9188849999999888
0
LINE
8
BLACK
6
CONTINUOUS
10
106.1980099999999965
20
-176.9188849999999888
11
106.1027720000000016
21
-177.1093609999999785
0
LINE
8
BLACK
6
CONTINUOUS
10
106.1027720000000016
20
-177.1093609999999785
11
106.0075339999999926
21
-177.2045999999999992
0
LINE
8
BLACK
6
CONTINUOUS
10
106.0075339999999926
20
-177.2045999999999992
11
105.8170579999999887
21
-177.2998379999999941
0
LINE
8
BLACK
6
CONTINUOUS
10
105.8170579999999887
20
-177.2998379999999941
11
105.5313429999999926
21
-177.2998379999999941
0
LINE
8
BLACK
6
CONTINUOUS
10
107.3408669999999887
20
-177.2998379999999941
11
107.1503909999999991
21
-177.2045999999999992
0
LINE
8
BLACK
6
CONTINUOUS
10
107.1503909999999991
20
-177.2045999999999992
11
107.05515299999999
21
-177.0141229999999837
0
LINE
8
BLACK
6
CONTINUOUS
10
107.05515299999999
20
-177.0141229999999837
11
107.05515299999999
21
-175.2998379999999941
0
LINE
8
BLACK
6
CONTINUOUS
10
108.8646770000000004
20
-177.2045999999999992
11
108.6742009999999965
21
-177.2998379999999941
0
LINE
8
BLACK
6
CONTINUOUS
10
108.6742009999999965
20
-177.2998379999999941
11
108.2932479999999913
21
-177.2998379999999941
0
LINE
8
BLACK
6
CONTINUOUS
10
108.2932479999999913
20
-177.2998379999999941
11
108.1027720000000016
21
-177.2045999999999992
0
LINE
8
BLACK
6
CONTINUOUS
10
108.1027720000000016
20
-177.2045999999999992
11
108.0075339999999926
21
-177.0141229999999837
0
LINE
8
BLACK
6
CONTINUOUS
10
108.0075339999999926
20
-177.0141229999999837
11
108.0075339999999926
21
-176.2522189999999966
0
LINE
8
BLACK
6
CONTINUOUS
10
108.0075339999999926
20
-176.2522189999999966
11
108.1027720000000016
21
-176.0617419999999811
0
LINE
8
BLACK
6
CONTINUOUS
10
108.1027720000000016
20
-176.0617419999999811
11
108.2932479999999913
21
-175.9665039999999863
0
LINE
8
BLACK
6
CONTINUOUS
10
108.2932479999999913
20
-175.9665039999999863
11
108.6742009999999965
21
-175.9665039999999863
0
LINE
8
BLACK
6
CONTINUOUS
10
108.6742009999999965
20
-175.9665039999999863
11
108.8646770000000004
21
-176.0617419999999811
0
LINE
8
BLACK
6
CONTINUOUS
10
108.8646770000000004
20
-176.0617419999999811
11
108.9599149999999952
21
-176.2522189999999966
0
LINE
8
BLACK
6
CONTINUOUS
10
108.9599149999999952
20
-176.2522189999999966
11
108.9599149999999952
21
-176.4426949999999863
0
LINE
8
BLACK
6
CONTINUOUS
10
108.9599149999999952
20
-176.4426949999999863
11
108.0075339999999926
21
-176.6331710000000044
0
LINE
8
BLACK
6
CONTINUOUS
10
109.7218199999999939
20
-177.2045999999999992
11
109.9122959999999978
21
-177.2998379999999941
0
LINE
8
BLACK
6
CONTINUOUS
10
109.9122959999999978
20
-177.2998379999999941
11
110.2932479999999913
21
-177.2998379999999941
0
LINE
8
BLACK
6
CONTINUOUS
10
110.2932479999999913
20
-177.2998379999999941
11
110.4837249999999926
21
-177.2045999999999992
0
LINE
8
BLACK
6
CONTINUOUS
10
110.4837249999999926
20
-177.2045999999999992
11
110.5789630000000017
21
-177.0141229999999837
0
LINE
8
BLACK
6
CONTINUOUS
10
110.5789630000000017
20
-177.0141229999999837
11
110.5789630000000017
21
-176.9188849999999888
0
LINE
8
BLACK
6
CONTINUOUS
10
110.5789630000000017
20
-176.9188849999999888
11
110.4837249999999926
21
-176.7284089999999992
0
LINE
8
BLACK
6
CONTINUOUS
10
110.4837249999999926
20
-176.7284089999999992
11
110.2932479999999913
21
-176.6331710000000044
0
LINE
8
BLACK
6
CONTINUOUS
10
110.2932479999999913
20
-176.6331710000000044
11
110.0075339999999926
21
-176.6331710000000044
0
LINE
8
BLACK
6
CONTINUOUS
10
110.0075339999999926
20
-176.6331710000000044
11
109.8170579999999887
21
-176.5379329999999811
0
LINE
8
BLACK
6
CONTINUOUS
10
109.8170579999999887
20
-176.5379329999999811
11
109.7218199999999939
21
-176.3474569999999915
0
LINE
8
BLACK
6
CONTINUOUS
10
109.7218199999999939
20
-176.3474569999999915
11
109.7218199999999939
21
-176.2522189999999966
0
LINE
8
BLACK
6
CONTINUOUS
10
109.7218199999999939
20
-176.2522189999999966
11
109.8170579999999887
21
-176.0617419999999811
0
LINE
8
BLACK
6
CONTINUOUS
10
109.8170579999999887
20
-176.0617419999999811
11
110.0075339999999926
21
-175.9665039999999863
0
LINE
8
BLACK
6
CONTINUOUS
10
110.0075339999999926
20
-175.9665039999999863
11
110.2932479999999913
21
-175.9665039999999863
0
LINE
8
BLACK
6
CONTINUOUS
10
110.2932479999999913
20
-175.9665039999999863
11
110.4837249999999926
21
-176.0617419999999811
0
LINE
8
BLACK
6
CONTINUOUS
10
111.2456299999999914
20
-178.0617419999999811
11
111.3408680000000004
21
-177.9665039999999863
0
LINE
8
BLACK
6
CONTINUOUS
10
111.3408680000000004
20
-177.9665039999999863
11
111.53134399999999
21
-177.6807900000000018
0
LINE
8
BLACK
6
CONTINUOUS
10
111.53134399999999
20
-177.6807900000000018
11
111.6265819999999991
21
-177.4903139999999837
0
LINE
8
BLACK
6
CONTINUOUS
10
111.6265819999999991
20
-177.4903139999999837
11
111.7218199999999939
21
-177.2045999999999992
0
LINE
8
BLACK
6
CONTINUOUS
10
111.7218199999999939
20
-177.2045999999999992
11
111.8170579999999887
21
-176.7284089999999992
0
LINE
8
BLACK
6
CONTINUOUS
10
111.8170579999999887
20
-176.7284089999999992
11
111.8170579999999887
21
-176.3474569999999915
0
LINE
8
BLACK
6
CONTINUOUS
10
111.8170579999999887
20
-176.3474569999999915
11
111.7218199999999939
21
-175.8712659999999914
0
LINE
8
BLACK
6
CONTINUOUS
10
111.7218199999999939
20
-175.8712659999999914
11
111.6265819999999991
21
-175.5855519999999785
0
LINE
8
BLACK
6
CONTINUOUS
10
111.6265819999999991
20
-175.5855519999999785
11
111.53134399999999
21
-175.3950759999999889
0
LINE
8
BLACK
6
CONTINUOUS
10
111.53134399999999
20
-175.3950759999999889
11
111.3408680000000004
21
-175.1093609999999785
0
LINE
8
BLACK
6
CONTINUOUS
10
111.3408680000000004
20
-175.1093609999999785
11
111.2456299999999914
21
-175.0141229999999837
0
LINE
8
BLACK
6
CONTINUOUS
10
114.8646779999999978
20
-178.0617419999999811
11
114.7694389999999913
21
-177.9665039999999863
0
LINE
8
BLACK
6
CONTINUOUS
10
114.7694389999999913
20
-177.9665039999999863
11
114.5789630000000017
21
-177.6807900000000018
0
LINE
8
BLACK
6
CONTINUOUS
10
114.5789630000000017
20
-177.6807900000000018
11
114.4837249999999926
21
-177.4903139999999837
0
LINE
8
BLACK
6
CONTINUOUS
10
114.4837249999999926
20
-177.4903139999999837
11
114.3884869999999978
21
-177.2045999999999992
0
LINE
8
BLACK
6
CONTINUOUS
10
114.3884869999999978
20
-177.2045999999999992
11
114.2932489999999888
21
-176.7284089999999992
0
LINE
8
BLACK
6
CONTINUOUS
10
114.2932489999999888
20
-176.7284089999999992
11
114.2932489999999888
21
-176.3474569999999915
0
LINE
8
BLACK
6
CONTINUOUS
10
114.2932489999999888
20
-176.3474569999999915
11
114.3884869999999978
21
-175.8712659999999914
0
LINE
8
BLACK
6
CONTINUOUS
10
114.3884869999999978
20
-175.8712659999999914
11
114.4837249999999926
21
-175.5855519999999785
0
LINE
8
BLACK
6
CONTINUOUS
10
114.4837249999999926
20
-175.5855519999999785
11
114.5789630000000017
21
-175.3950759999999889
0
LINE
8
BLACK
6
CONTINUOUS
10
114.5789630000000017
20
-175.3950759999999889
11
114.7694389999999913
21
-175.1093609999999785
0
LINE
8
BLACK
6
CONTINUOUS
10
114.7694389999999913
20
-175.1093609999999785
11
114.8646779999999978
21
-175.0141229999999837
0
LINE
8
BLACK
6
CONTINUOUS
10
115.6265819999999991
20
-175.9665039999999863
11
115.6265819999999991
21
-177.2998379999999941
0
LINE
8
BLACK
6
CONTINUOUS
10
115.6265819999999991
20
-176.1569800000000043
11
115.7218199999999939
21
-176.0617419999999811
0
LINE
8
BLACK
6
CONTINUOUS
10
115.7218199999999939
20
-176.0617419999999811
11
115.9122959999999978
21
-175.9665039999999863
0
LINE
8
BLACK
6
CONTINUOUS
10
115.9122959999999978
20
-175.9665039999999863
11
116.1980109999999939
21
-175.9665039999999863
0
LINE
8
BLACK
6
CONTINUOUS
10
116.1980109999999939
20
-175.9665039999999863
11
116.3884869999999978
21
-176.0617419999999811
0
LINE
8
BLACK
6
CONTINUOUS
10
116.3884869999999978
20
-176.0617419999999811
11
116.4837249999999926
21
-176.2522189999999966
0
LINE
8
BLACK
6
CONTINUOUS
10
116.4837249999999926
20
-176.2522189999999966
11
116.4837249999999926
21
-177.2998379999999941
0
LINE
8
BLACK
6
CONTINUOUS
10
117.7218199999999939
20
-177.2998379999999941
11
117.53134399999999
21
-177.2045999999999992
0
LINE
8
BLACK
6
CONTINUOUS
10
117.53134399999999
20
-177.2045999999999992
11
117.4361059999999952
21
-177.1093609999999785
0
LINE
8
BLACK
6
CONTINUOUS
10
117.4361059999999952
20
-177.1093609999999785
11
117.3408680000000004
21
-176.9188849999999888
0
LINE
8
BLACK
6
CONTINUOUS
10
117.3408680000000004
20
-176.9188849999999888
11
117.3408680000000004
21
-176.3474569999999915
0
LINE
8
BLACK
6
CONTINUOUS
10
117.3408680000000004
20
-176.3474569999999915
11
117.4361059999999952
21
-176.1569800000000043
0
LINE
8
BLACK
6
CONTINUOUS
10
117.4361059999999952
20
-176.1569800000000043
11
117.53134399999999
21
-176.0617419999999811
0
LINE
8
BLACK
6
CONTINUOUS
10
117.53134399999999
20
-176.0617419999999811
11
117.7218199999999939
21
-175.9665039999999863
0
LINE
8
BLACK
6
CONTINUOUS
10
117.7218199999999939
20
-175.9665039999999863
11
118.0075349999999901
21
-175.9665039999999863
0
LINE
8
BLACK
6
CONTINUOUS
10
118.0075349999999901
20
-175.9665039999999863
11
118.1980109999999939
21
-176.0617419999999811
0
LINE
8
BLACK
6
CONTINUOUS
10
118.1980109999999939
20
-176.0617419999999811
11
118.2932489999999888
21
-176.1569800000000043
0
LINE
8
BLACK
6
CONTINUOUS
10
118.2932489999999888
20
-176.1569800000000043
11
118.3884869999999978
21
-176.3474569999999915
0
LINE
8
BLACK
6
CONTINUOUS
10
118.3884869999999978
20
-176.3474569999999915
11
118.3884869999999978
21
-176.9188849999999888
0
LINE
8
BLACK
6
CONTINUOUS
10
118.3884869999999978
20
-176.9188849999999888
11
118.2932489999999888
21
-177.1093609999999785
0
LINE
8
BLACK
6
CONTINUOUS
10
118.2932489999999888
20
-177.1093609999999785
11
118.1980109999999939
21
-177.2045999999999992
0
LINE
8
BLACK
6
CONTINUOUS
10
118.1980109999999939
20
-177.2045999999999992
11
118.0075349999999901
21
-177.2998379999999941
0
LINE
8
BLACK
6
CONTINUOUS
10
118.0075349999999901
20
-177.2998379999999941
11
117.7218199999999939
21
-177.2998379999999941
0
LINE
8
BLACK
6
CONTINUOUS
10
118.9599159999999927
20
-175.9665039999999863
11
119.7218199999999939
21
-175.9665039999999863
0
LINE
8
BLACK
6
CONTINUOUS
10
119.2456299999999914
20
-175.2998379999999941
11
119.2456299999999914
21
-177.0141229999999837
0
LINE
8
BLACK
6
CONTINUOUS
10
119.2456299999999914
20
-177.0141229999999837
11
119.3408680000000004
21
-177.2045999999999992
0
LINE
8
BLACK
6
CONTINUOUS
10
119.3408680000000004
20
-177.2045999999999992
11
119.53134399999999
21
-177.2998379999999941
0
LINE
8
BLACK
6
CONTINUOUS
10
119.53134399999999
20
-177.2998379999999941
11
119.7218199999999939
21
-177.2998379999999941
0
LINE
8
BLACK
6
CONTINUOUS
10
121.9122969999999953
20
-175.9665039999999863
11
121.9122969999999953
21
-177.9665039999999863
0
LINE
8
BLACK
6
CONTINUOUS
10
121.9122969999999953
20
-176.0617419999999811
11
122.1027729999999991
21
-175.9665039999999863
0
LINE
8
BLACK
6
CONTINUOUS
10
122.1027729999999991
20
-175.9665039999999863
11
122.4837259999999901
21
-175.9665039999999863
0
LINE
8
BLACK
6
CONTINUOUS
10
122.4837259999999901
20
-175.9665039999999863
11
122.674201999999994
21
-176.0617419999999811
0
LINE
8
BLACK
6
CONTINUOUS
10
122.674201999999994
20
-176.0617419999999811
11
122.7694399999999888
21
-176.1569800000000043
0
LINE
8
BLACK
6
CONTINUOUS
10
122.7694399999999888
20
-176.1569800000000043
11
122.8646779999999978
21
-176.3474569999999915
0
LINE
8
BLACK
6
CONTINUOUS
10
122.8646779999999978
20
-176.3474569999999915
11
122.8646779999999978
21
-176.9188849999999888
0
LINE
8
BLACK
6
CONTINUOUS
10
122.8646779999999978
20
-176.9188849999999888
11
122.7694399999999888
21
-177.1093609999999785
0
LINE
8
BLACK
6
CONTINUOUS
10
122.7694399999999888
20
-177.1093609999999785
11
122.674201999999994
21
-177.2045999999999992
0
LINE
8
BLACK
6
CONTINUOUS
10
122.674201999999994
20
-177.2045999999999992
11
122.4837259999999901
21
-177.2998379999999941
0
LINE
8
BLACK
6
CONTINUOUS
10
122.4837259999999901
20
-177.2998379999999941
11
122.1027729999999991
21
-177.2998379999999941
0
LINE
8
BLACK
6
CONTINUOUS
10
122.1027729999999991
20
-177.2998379999999941
11
121.9122969999999953
21
-177.2045999999999992
0
LINE
8
BLACK
6
CONTINUOUS
10
124.0075349999999901
20
-177.2998379999999941
11
123.8170590000000004
21
-177.2045999999999992
0
LINE
8
BLACK
6
CONTINUOUS
10
123.8170590000000004
20
-177.2045999999999992
11
123.7218209999999914
21
-177.0141229999999837
0
LINE
8
BLACK
6
CONTINUOUS
10
123.7218209999999914
20
-177.0141229999999837
11
123.7218209999999914
21
-175.2998379999999941
0
LINE
8
BLACK
6
CONTINUOUS
10
125.6265829999999966
20
-177.2998379999999941
11
125.6265829999999966
21
-176.2522189999999966
0
LINE
8
BLACK
6
CONTINUOUS
10
125.6265829999999966
20
-176.2522189999999966
11
125.5313449999999875
21
-176.0617419999999811
0
LINE
8
BLACK
6
CONTINUOUS
10
125.5313449999999875
20
-176.0617419999999811
11
125.3408689999999979
21
-175.9665039999999863
0
LINE
8
BLACK
6
CONTINUOUS
10
125.3408689999999979
20
-175.9665039999999863
11
124.9599159999999927
21
-175.9665039999999863
0
LINE
8
BLACK
6
CONTINUOUS
10
124.9599159999999927
20
-175.9665039999999863
11
124.7694399999999888
21
-176.0617419999999811
0
LINE
8
BLACK
6
CONTINUOUS
10
125.6265829999999966
20
-177.2045999999999992
11
125.4361069999999927
21
-177.2998379999999941
0
LINE
8
BLACK
6
CONTINUOUS
10
125.4361069999999927
20
-177.2998379999999941
11
124.9599159999999927
21
-177.2998379999999941
0
LINE
8
BLACK
6
CONTINUOUS
10
124.9599159999999927
20
-177.2998379999999941
11
124.7694399999999888
21
-177.2045999999999992
0
LINE
8
BLACK
6
CONTINUOUS
10
124.7694399999999888
20
-177.2045999999999992
11
124.674201999999994
21
-177.0141229999999837
0
LINE
8
BLACK
6
CONTINUOUS
10
124.674201999999994
20
-177.0141229999999837
11
124.674201999999994
21
-176.823646999999994
0
LINE
8
BLACK
6
CONTINUOUS
10
124.674201999999994
20
-176.823646999999994
11
124.7694399999999888
21
-176.6331710000000044
0
LINE
8
BLACK
6
CONTINUOUS
10
124.7694399999999888
20
-176.6331710000000044
11
124.9599159999999927
21
-176.5379329999999811
0
LINE
8
BLACK
6
CONTINUOUS
10
124.9599159999999927
20
-176.5379329999999811
11
125.4361069999999927
21
-176.5379329999999811
0
LINE
8
BLACK
6
CONTINUOUS
10
125.4361069999999927
20
-176.5379329999999811
11
125.6265829999999966
21
-176.4426949999999863
0
LINE
8
BLACK
6
CONTINUOUS
10
126.2932500000000005
20
-175.9665039999999863
11
127.0551539999999875
21
-175.9665039999999863
0
LINE
8
BLACK
6
CONTINUOUS
10
126.5789639999999991
20
-175.2998379999999941
11
126.5789639999999991
21
-177.0141229999999837
0
LINE
8
BLACK
6
CONTINUOUS
10
126.5789639999999991
20
-177.0141229999999837
11
126.674201999999994
21
-177.2045999999999992
0
LINE
8
BLACK
6
CONTINUOUS
10
126.674201999999994
20
-177.2045999999999992
11
126.8646779999999978
21
-177.2998379999999941
0
LINE
8
BLACK
6
CONTINUOUS
10
126.8646779999999978
20
-177.2998379999999941
11
127.0551539999999875
21
-177.2998379999999941
0
LINE
8
BLACK
6
CONTINUOUS
10
128.4837259999999901
20
-177.2045999999999992
11
128.2932500000000005
21
-177.2998379999999941
0
LINE
8
BLACK
6
CONTINUOUS
10
128.2932500000000005
20
-177.2998379999999941
11
127.9122969999999953
21
-177.2998379999999941
0
LINE
8
BLACK
6
CONTINUOUS
10
127.9122969999999953
20
-177.2998379999999941
11
127.7218209999999914
21
-177.2045999999999992
0
LINE
8
BLACK
6
CONTINUOUS
10
127.7218209999999914
20
-177.2045999999999992
11
127.6265829999999966
21
-177.0141229999999837
0
LINE
8
BLACK
6
CONTINUOUS
10
127.6265829999999966
20
-177.0141229999999837
11
127.6265829999999966
21
-176.2522189999999966
0
LINE
8
BLACK
6
CONTINUOUS
10
127.6265829999999966
20
-176.2522189999999966
11
127.7218209999999914
21
-176.0617419999999811
0
LINE
8
BLACK
6
CONTINUOUS
10
127.7218209999999914
20
-176.0617419999999811
11
127.9122969999999953
21
-175.9665039999999863
0
LINE
8
BLACK
6
CONTINUOUS
10
127.9122969999999953
20
-175.9665039999999863
11
128.2932500000000005
21
-175.9665039999999863
0
LINE
8
BLACK
6
CONTINUOUS
10
128.2932500000000005
20
-175.9665039999999863
11
128.4837259999999901
21
-176.0617419999999811
0
LINE
8
BLACK
6
CONTINUOUS
10
128.4837259999999901
20
-176.0617419999999811
11
128.5789639999999849
21
-176.2522189999999966
0
LINE
8
BLACK
6
CONTINUOUS
10
128.5789639999999849
20
-176.2522189999999966
11
128.5789639999999849
21
-176.4426949999999863
0
LINE
8
BLACK
6
CONTINUOUS
10
128.5789639999999849
20
-176.4426949999999863
11
127.6265829999999966
21
-176.6331710000000044
0
LINE
8
BLACK
6
CONTINUOUS
10
130.2932500000000005
20
-177.2998379999999941
11
130.2932500000000005
21
-175.2998379999999941
0
LINE
8
BLACK
6
CONTINUOUS
10
130.2932500000000005
20
-177.2045999999999992
11
130.1027739999999824
21
-177.2998379999999941
0
LINE
8
BLACK
6
CONTINUOUS
10
130.1027739999999824
20
-177.2998379999999941
11
129.7218210000000056
21
-177.2998379999999941
0
LINE
8
BLACK
6
CONTINUOUS
10
129.7218210000000056
20
-177.2998379999999941
11
129.5313449999999875
21
-177.2045999999999992
0
LINE
8
BLACK
6
CONTINUOUS
10
129.5313449999999875
20
-177.2045999999999992
11
129.4361069999999927
21
-177.1093609999999785
0
LINE
8
BLACK
6
CONTINUOUS
10
129.4361069999999927
20
-177.1093609999999785
11
129.3408689999999979
21
-176.9188849999999888
0
LINE
8
BLACK
6
CONTINUOUS
10
129.3408689999999979
20
-176.9188849999999888
11
129.3408689999999979
21
-176.3474569999999915
0
LINE
8
BLACK
6
CONTINUOUS
10
129.3408689999999979
20
-176.3474569999999915
11
129.4361069999999927
21
-176.1569800000000043
0
LINE
8
BLACK
6
CONTINUOUS
10
129.4361069999999927
20
-176.1569800000000043
11
129.5313449999999875
21
-176.0617419999999811
0
LINE
8
BLACK
6
CONTINUOUS
10
129.5313449999999875
20
-176.0617419999999811
11
129.7218210000000056
21
-175.9665039999999863
0
LINE
8
BLACK
6
CONTINUOUS
10
129.7218210000000056
20
-175.9665039999999863
11
130.1027739999999824
21
-175.9665039999999863
0
LINE
8
BLACK
6
CONTINUOUS
10
130.1027739999999824
20
-175.9665039999999863
11
130.2932500000000005
21
-176.0617419999999811
0
LINE
8
BLACK
6
CONTINUOUS
10
131.055154999999985
20
-178.0617419999999811
11
131.1503930000000082
21
-177.9665039999999863
0
LINE
8
BLACK
6
CONTINUOUS
10
131.1503930000000082
20
-177.9665039999999863
11
131.3408689999999979
21
-177.6807900000000018
0
LINE
8
BLACK
6
CONTINUOUS
10
131.3408689999999979
20
-177.6807900000000018
11
131.4361069999999927
21
-177.4903139999999837
0
LINE
8
BLACK
6
CONTINUOUS
10
131.4361069999999927
20
-177.4903139999999837
11
131.5313449999999875
21
-177.2045999999999992
0
LINE
8
BLACK
6
CONTINUOUS
10
131.5313449999999875
20
-177.2045999999999992
11
131.6265829999999823
21
-176.7284089999999992
0
LINE
8
BLACK
6
CONTINUOUS
10
131.6265829999999823
20
-176.7284089999999992
11
131.6265829999999823
21
-176.3474569999999915
0
LINE
8
BLACK
6
CONTINUOUS
10
131.6265829999999823
20
-176.3474569999999915
11
131.5313449999999875
21
-175.8712659999999914
0
LINE
8
BLACK
6
CONTINUOUS
10
131.5313449999999875
20
-175.8712659999999914
11
131.4361069999999927
21
-175.5855519999999785
0
LINE
8
BLACK
6
CONTINUOUS
10
131.4361069999999927
20
-175.5855519999999785
11
131.3408689999999979
21
-175.3950759999999889
0
LINE
8
BLACK
6
CONTINUOUS
10
131.3408689999999979
20
-175.3950759999999889
11
131.1503930000000082
21
-175.1093609999999785
0
LINE
8
BLACK
6
CONTINUOUS
10
131.1503930000000082
20
-175.1093609999999785
11
131.055154999999985
21
-175.0141229999999837
  0
ENDSEC
  0
EOF
